b,n,n_sim,model_b,model_p,model_sig,null_b,null_p,null_sig
5,40,1,5.410408230312079,0.11207095422800643,0,-0.9353092262175932,0.7725506454812155,0
5,40,2,3.370297477967234,0.38976482017529357,0,-1.9933583964757688,0.4859911196505371,0
5,40,3,6.126840309015753,0.0746897692431573,0,5.940038758104639,0.05687965171803835,0
5,40,4,4.25027253550942,0.250537886851853,0,4.042206612168865,0.1632712707244775,0
5,40,5,2.487735080087733,0.38632981175991954,0,-3.6261318077015847,0.19058374296499603,0
5,40,6,2.412830326810147,0.4438666885063467,0,1.8038103066499431,0.5493672406480481,0
5,40,7,3.3654323652625733,0.25641902302509295,0,-1.4557388905662683,0.6614343771380906,0
5,40,8,7.203625296293021,0.03179208933050545,1,-4.582549069698816,0.20403071722357144,0
5,40,9,8.05079846715754,0.013276121986812045,1,0.3940932982010235,0.8908537677492572,0
5,40,10,3.2334867627328907,0.27863816072732006,0,-2.56536490118715,0.449744833391582,0
5,40,11,3.1529351932783087,0.2725866657711049,0,-3.5208155292681877,0.18210130323315973,0
5,40,12,4.676999684211303,0.13397861239204414,0,-0.5464857414537975,0.8612114516193091,0
5,40,13,3.1531110052089835,0.3579047385509476,0,6.828144777293963,0.041841505727202646,1
5,40,14,5.343990989376326,0.13071599704351172,0,-2.0448688828207864,0.51692495072527,0
5,40,15,2.36314910442341,0.42550746300432607,0,6.436031598531298,0.07984683689471667,0
5,40,16,4.250021089793438,0.09665682989886476,0,-8.87680356720801,0.0036198667933965284,1
5,40,17,7.290582805480031,0.046225384388724575,1,3.5356811351645856,0.2656044199089099,0
5,40,18,3.8811056447354413,0.3124143932882599,0,-2.4548743875367394,0.44536928860405856,0
5,40,19,6.170484115825829,0.08449413522685273,0,-0.209124646645873,0.949831283860294,0
5,40,20,6.152232723451381,0.03191874548396048,1,-2.8001807620499948,0.38984227521648507,0
5,40,21,4.946189396161905,0.10824286310433759,0,-0.8693984568968189,0.7838475672175269,0
5,40,22,7.8410915779186565,0.018027016750482336,1,4.574853976809634,0.20313981347814686,0
5,40,23,0.212349986946863,0.9402667440305972,0,4.497828043080813,0.18008476553750774,0
5,40,24,7.877549827048407,0.006264676159581079,1,-4.092944562547348,0.1184407828489171,0
5,40,25,-0.12720127119266753,0.9655386378075796,0,0.09746520997096686,0.9730450510507287,0
5,40,26,-2.978465099331479,0.2759478995585081,0,-3.798792788079579,0.20648690096772412,0
5,40,27,-2.5460891067236884,0.38444597172082273,0,4.565171154308962,0.16492057626845438,0
5,40,28,5.312391504799671,0.12984939369498785,0,2.0986664854115773,0.47562559710022845,0
5,40,29,11.598762476191613,0.0010283982931868381,1,5.227221511482594,0.12876114424147153,0
5,40,30,4.1793028684865154,0.17190655169912497,0,7.067263515747007,0.05204830561599304,0
5,40,31,5.18080727230687,0.09933198239304888,0,0.2069329758411338,0.9461446718130067,0
5,40,32,10.968825237728595,3.923397638182222e-4,1,-0.918383601259107,0.7655591825383135,0
5,40,33,0.652680839458133,0.8700490535039105,0,0.9233104542946662,0.7616257954452763,0
5,40,34,7.773425213662288,0.00329070023094214,1,-4.6571916254311585,0.13414475397153322,0
5,40,35,5.781814332012183,0.08139194288242864,0,-5.994156842460817,0.0452264231428996,1
5,40,36,1.7131076531823022,0.6216940291072544,0,-4.880153272176113,0.10241918845401897,0
5,40,37,9.685590265539998,0.0028656734253252993,1,1.7804758623787669,0.6285838421986463,0
5,40,38,3.6173550547506044,0.293689540893157,0,-2.8131186992670916,0.3297836350527006,0
5,40,39,9.945669654948935,0.0021030223317537594,1,4.137202512403209,0.24570344077381878,0
5,40,40,4.5548575157700135,0.20518325320021696,0,-4.187511756084301,0.220508865025204,0
5,40,41,6.779939257019154,0.013288348261577057,1,-0.33774848647391986,0.9160705982146035,0
5,40,42,5.7044656422864,0.10417877016892661,0,1.2603386286342344,0.724354361804818,0
5,40,43,1.834217458539362,0.6182338666357451,0,-4.369354719093279,0.06890449999695508,0
5,40,44,8.3290179529256,0.0016521221023885436,1,1.9568538002952498,0.49022942781799883,0
5,40,45,3.8021088892075348,0.33505926453663193,0,-0.2909447571937875,0.9349617550633977,0
5,40,46,2.1100618286455552,0.4791102740925286,0,-1.5043764557819312,0.6911034811085053,0
5,40,47,6.918368128998166,0.02866681429431423,1,1.9481741942685424,0.5030298955339125,0
5,40,48,2.682418508035616,0.4548532670374493,0,-1.8864136349880272,0.6075633142908298,0
5,40,49,4.61348002129793,0.20792434988586272,0,-3.4452965994569555,0.27330818971195464,0
5,40,50,3.3714311870233025,0.20014767964600025,0,-2.4034683059824826,0.5195448686959622,0
5,40,51,3.0345060911381756,0.35304376908718216,0,-0.8150180483698324,0.7777298152099863,0
5,40,52,6.580344810887032,0.043481285562065,1,4.632806736038757,0.1288177110933074,0
5,40,53,3.891634690560532,0.22184245122775478,0,-1.8062916315940771,0.5876412739156104,0
5,40,54,7.3481941149083845,0.025740935964276238,1,-0.15602450485067526,0.9633013476773755,0
5,40,55,9.886021625768295,0.0028363937451325915,1,0.11489720973205464,0.9747434350458565,0
5,40,56,4.591302017594839,0.16238299629585976,0,-0.0400851437745315,0.9887537860972619,0
5,40,57,4.920591529275115,0.1453103258294384,0,-0.9194550248995612,0.7462504779950465,0
5,40,58,2.80047540820594,0.3367701741884592,0,2.0950699761987654,0.4829241143999101,0
5,40,59,5.590214960377609,0.05560030347298907,0,-3.3260144073801383,0.32082120249411594,0
5,40,60,7.365006835250055,0.007263887714503484,1,-1.7276059906458126,0.48151130451557833,0
5,40,61,1.6605063665779043,0.5950768143555976,0,-0.45771310817039934,0.890169465396677,0
5,40,62,4.253295401250288,0.1537841955531761,0,0.38288668491283134,0.8906479982810417,0
5,40,63,7.569475117283543,0.003458059403807821,1,-0.19976076629334386,0.9515667479986301,0
5,40,64,7.616780504027575,0.005543240587281337,1,0.5204465415154695,0.8808568323045878,0
5,40,65,7.648740289306177,0.0390448420071717,1,0.600764275794009,0.8238274409808529,0
5,40,66,7.246788464914897,0.024198692538296932,1,-2.2188211485710196,0.5027578612742503,0
5,40,67,6.001378563764556,0.043896770674075165,1,5.917752421199987,0.09030714997084928,0
5,40,68,5.128401565653449,0.09485379198098287,0,-3.867196129926471,0.18048546276246885,0
5,40,69,6.727748277666327,0.02467078987896465,1,-6.024219714213615,0.03010179550082079,1
5,40,70,6.3854866656027545,0.03821900933690332,1,2.829230497416798,0.38174735346369193,0
5,40,71,7.167542984322932,0.01845924895871946,1,0.560406070357692,0.8625543983978035,0
5,40,72,2.85633485683793,0.3872282481051238,0,2.4525004955714427,0.4386976352732235,0
5,40,73,7.768368336324203,0.024305756788283256,1,-4.608654280400457,0.16078955275458973,0
5,40,74,5.944423934968891,0.07183479698258771,0,-0.27633973230182984,0.9356508002990198,0
5,40,75,13.293490887257514,3.155589005079152e-5,1,-0.985002809367016,0.7122628462788976,0
5,40,76,1.0937722850209242,0.6987724215693634,0,-2.322956767031849,0.41090749855781195,0
5,40,77,0.43447285367912003,0.8662494776863807,0,1.5602878251025132,0.6006640026074419,0
5,40,78,8.408177730866212,0.016253318904264374,1,-1.2424149717869273,0.6761001990613782,0
5,40,79,1.1257886247096385,0.7434331149383635,0,-0.5803356495798622,0.876853345775439,0
5,40,80,-0.5282921954377374,0.8720147335593877,0,2.257414662030278,0.4955193701657876,0
5,40,81,5.370907768866363,0.10012729154550046,0,0.0401351404629962,0.9900290801033986,0
5,40,82,-0.7595775259892361,0.7907202531753955,0,1.4715366813722661,0.6652873294066923,0
5,40,83,1.9973142829292052,0.5178195084208366,0,0.5919114435716454,0.8730578589675226,0
5,40,84,5.2014508997172495,0.03643257831270482,1,1.6975810581567607,0.5866970523244724,0
5,40,85,2.7742007601355727,0.3168197324923948,0,3.4640625677153674,0.25958455017866866,0
5,40,86,4.465406747400903,0.1293701994497421,0,-5.276534575329985,0.05719702985485786,0
5,40,87,3.96850274340624,0.20170787438094712,0,2.2794081226576735,0.3666405277192386,0
5,40,88,2.4940738738788144,0.40129800941717,0,-5.875988868537456,0.0567793473352054,0
5,40,89,7.227074611329514,0.022386792485353964,1,0.3616531757901026,0.9049743814723263,0
5,40,90,8.989692474143286,0.001105845620765991,1,-1.5327390889737864,0.6392549064611683,0
5,40,91,3.053392126000282,0.4122724363020146,0,-1.0202300711481198,0.7307374964940834,0
5,40,92,4.464042309910507,0.2013580550044599,0,4.471805379135023,0.20796629567149735,0
5,40,93,8.316697584582156,0.010108775158830382,1,4.770164624656493,0.16187564509957802,0
5,40,94,0.10929254487159258,0.9708833344149637,0,2.8479352933479958,0.377153938870621,0
5,40,95,7.362139856322571,0.022182635588495994,1,-1.1613985068430004,0.6531136996150142,0
5,40,96,1.1711310623443076,0.6949814624201078,0,-0.7203657097993494,0.7940645994591595,0
5,40,97,3.924533561170386,0.19530515842996954,0,-3.1827522551483196,0.3820278338911507,0
5,40,98,3.9668062130193253,0.23137631846111054,0,-2.3244158419491736,0.4429854923563352,0
5,40,99,3.937211654024625,0.1257031514270366,0,-2.8390007667060737,0.4287260559164372,0
5,40,100,-0.42488341100310545,0.885658720181205,0,3.6063873446715466,0.2707004510053035,0
5,40,101,6.55887791331692,0.049870911446184836,1,2.0786581792863967,0.56636483919262115,0
5,40,102,3.090744381340442,0.3936790184363981,0,-1.338031575472014,0.701513690108913,0
5,40,103,7.427738208697028,0.021391587327375183,1,-0.9060505197519874,0.7728742114056726,0
5,40,104,6.680975311585794,0.011903802974967697,1,-3.157416790638122,0.19978097111542217,0
5,40,105,2.7506813551675977,0.42251869810449827,0,4.575993662951721,0.1293949657869142,0
5,40,106,4.384429406791228,0.13743888905244692,0,-0.425149996142634,0.8837336207160484,0
5,40,107,3.751313370694244,0.31069778742346366,0,2.3048613914508804,0.46761295967580996,0
5,40,108,3.2848775769188485,0.2508448571041484,0,2.2142852735876892,0.5207512712020679,0
5,40,109,7.7932762921831715,0.027895763173977333,1,4.4349152645336805,0.08280399946571025,0
5,40,110,7.859179329871249,0.004232945835973769,1,3.945259546996214,0.20690466003317293,0
5,40,111,3.3316509058164265,0.320782036246611,0,0.04561143012372659,0.9879481585336157,0
5,40,112,3.24244319633857,0.38666063084757196,0,1.613501260855334,0.6668454366289153,0
5,40,113,0.28392340984670256,0.9295411827008582,0,-5.73213176547566,0.018829038868860136,1
5,40,114,6.512836605086368,0.112782195966053,0,3.7280506932553323,0.24219309129134833,0
5,40,115,3.7415314073776362,0.3222471112434895,0,1.263057536967368,0.7005254910255272,0
5,40,116,5.227882612886519,0.17645654497496033,0,1.138595556168206,0.6354536905710697,0
5,40,117,2.8062955346914094,0.3908330374612561,0,-2.3070208551899323,0.3993488867378622,0
5,40,118,7.217624297186524,0.0112692135114925,1,4.402939057102473,0.14928512541847339,0
5,40,119,6.710779232768166,0.025979878886664556,1,4.255580166763712,0.17647304445398554,0
5,40,120,7.859895951408697,0.012983954286245384,1,-3.610790369350004,0.20076256217449379,0
5,40,121,6.621772729859057,0.09800922681580093,0,-0.5853382999248901,0.8732120759552288,0
5,40,122,6.157535749487452,0.035299038429188884,1,-0.4549992203407908,0.8731681974450641,0
5,40,123,5.7156325070471725,0.10612825245341842,0,-0.8986630727785102,0.7905150327120707,0
5,40,124,-2.987484470192932,0.3132578275187465,0,-1.1303224908315865,0.7186882355005387,0
5,40,125,3.0704859582952375,0.2842324331949155,0,1.2276557279600688,0.7466897568592998,0
5,40,126,9.075837621708617,0.003412560470418154,1,-0.8044279817543333,0.8334443858514592,0
5,40,127,4.667778975003207,0.08456618953757751,0,-1.508735699925583,0.6306467344106548,0
5,40,128,3.9097385172994694,0.2906454756293261,0,2.991672273866207,0.3626237823397438,0
5,40,129,9.471364051991419,0.0036619645546436814,1,-3.0249533591984537,0.3954104310643891,0
5,40,130,-1.0213207978099954,0.7562817543476898,0,-2.839203152085613,0.34909258175915436,0
5,40,131,4.66414206600806,0.11282316613456446,0,-0.9867477453181739,0.699094219584466,0
5,40,132,3.6818844725455557,0.24884930485498594,0,3.9310006615967166,0.22504269710080174,0
5,40,133,-1.5523367854583805,0.6200466573722021,0,-2.4222048101292497,0.43530609877749826,0
5,40,134,5.6783277662225915,0.10792702599653183,0,-2.549012365080601,0.4407518910360486,0
5,40,135,-0.19511223636274724,0.9461838082880396,0,-3.319763138842833,0.20920016965765198,0
5,40,136,2.9308278526892293,0.3176598104714137,0,1.6159077739505145,0.6449992883154517,0
5,40,137,7.864803569762691,0.041892844493976546,1,-4.001575112804856,0.2853518020888729,0
5,40,138,5.730615167062758,0.08379315384023726,0,7.241239078987309,0.009542980531035231,1
5,40,139,6.321737832211224,0.02840975211102208,1,5.419094484561589,0.16116978610083316,0
5,40,140,7.195644142338571,0.021402981164843966,1,-8.180926884853276,0.008461104663696772,1
5,40,141,1.2824201637452588,0.7012660250634092,0,-0.6439668585517224,0.8095644948182258,0
5,40,142,-0.646921209970422,0.8506692956090423,0,-3.0518807168986006,0.2608805549062116,0
5,40,143,5.03443181337363,0.12542911601717643,0,2.921006754551433,0.3347546991768302,0
5,40,144,3.0817048444757456,0.2838148994890326,0,0.10497301880952808,0.9756368447494006,0
5,40,145,8.821568985091352,0.002910656922309382,1,0.011718457158483865,0.9972078734443881,0
5,40,146,3.4416599955177936,0.3380160956478341,0,-0.8540611108453642,0.746980358026204,0
5,40,147,4.430810823826582,0.2088157505217852,0,-4.246459626154151,0.1718502802048332,0
5,40,148,4.664144597759484,0.1482557851190737,0,-0.9779256757706231,0.7590507283140364,0
5,40,149,7.873331137067268,0.023620052923412682,1,-4.114558982737222,0.1520031928077562,0
5,40,150,8.337648465955592,0.009856000560713887,1,-4.333285335174796,0.1356409466965133,0
5,40,151,0.5548490664028644,0.8475240994214386,0,0.11157511696288425,0.9745927348460381,0
5,40,152,1.527284645205143,0.6428281691272677,0,0.6184390409509254,0.7847388152369162,0
5,40,153,4.153704786651158,0.24203250898814324,0,-5.661457542898851,0.058549695970563434,0
5,40,154,2.1752852854596707,0.4910533438521498,0,0.9969940084646458,0.7568501550946374,0
5,40,155,3.9401202672311793,0.24747519645740226,0,-1.4238212264480798,0.6551572225668311,0
5,40,156,6.756269202693494,0.018229038395761045,1,-1.224386697347541,0.7001922743608837,0
5,40,157,9.900273959759144,0.0029236679594159065,1,2.3317306772699893,0.5279915318933575,0
5,40,158,-0.22151201340632698,0.9478449672085602,0,3.7170446445682086,0.14353169796087703,0
5,40,159,-0.6814492417746941,0.8681658171847568,0,2.4980464674888307,0.4374898035637733,0
5,40,160,10.976638009467068,0.001185681918724819,1,0.6449954499996347,0.8439852791131407,0
5,40,161,11.42747099937658,0.0048484222685452275,1,0.8757447581331813,0.7658837442444084,0
5,40,162,6.112448506036873,0.07701051206154368,0,1.9195755067851266,0.5383224999588107,0
5,40,163,2.495006846370459,0.4645201030803653,0,1.7209708483496033,0.5167137005378059,0
5,40,164,5.75570624715056,0.03482446850654686,1,0.6306662636176671,0.8657100596562441,0
5,40,165,10.093475529664458,0.001238923972222697,1,0.31280918481757103,0.9242279328340062,0
5,40,166,10.199441552806142,0.0011802037938101924,1,-1.3051069164660156,0.7178666340575348,0
5,40,167,2.4136456743524235,0.3607389663819104,0,-3.4659710563236645,0.13992012728034758,0
5,40,168,6.272092970076674,0.055513484114545784,0,0.5281925678388372,0.8937000722013718,0
5,40,169,5.60563423100563,0.10452856290192152,0,-1.5869714784661897,0.5934380228216467,0
5,40,170,8.581760264423771,9.842328358680916e-4,1,-2.45520722188171,0.48077924873656763,0
5,40,171,7.050258583828891,0.0652086253426907,0,1.3778524612448009,0.6799191702972633,0
5,40,172,7.021250562842695,0.0800033868029129,0,1.3601036972363871,0.688462730162622,0
5,40,173,8.93270030205698,0.002949680465484531,1,0.7578005802228618,0.8156632270545594,0
5,40,174,11.532559303738065,0.004074125187091049,1,0.10676415134459587,0.9742369299442456,0
5,40,175,4.499998137827633,0.2036891606156843,0,-0.7070397606386358,0.8181262724433609,0
5,40,176,3.197153174468808,0.2991254171439154,0,6.026675120291224,0.08348900128700684,0
5,40,177,0.6868435942152388,0.8052528641247487,0,1.6953342342932123,0.6422831840122447,0
5,40,178,-0.011869532783599347,0.9964421058303214,0,-7.137347809954395,0.0748007093067581,0
5,40,179,4.067138899826036,0.22250380510121576,0,0.08041942038378638,0.9785869416758448,0
5,40,180,5.284667381356868,0.08640369435125538,0,1.1520225110518068,0.7249028953937791,0
5,40,181,9.885422289889574,0.0038607704411749324,1,1.266909297562046,0.6223394243549766,0
5,40,182,4.910699289840513,0.20933377379972376,0,0.5876730542148841,0.8624788003847009,0
5,40,183,7.2837871160038,0.03460889369630639,1,6.425331482295647,0.0828675939460612,0
5,40,184,2.312554318905274,0.32702777630349233,0,3.2600548806726493,0.23582694088435405,0
5,40,185,6.078790065321759,0.029181679211470735,1,-3.72734779889414,0.28336933361602956,0
5,40,186,7.073955595151469,0.03840854729391855,1,1.3881075611207512,0.7150171797290434,0
5,40,187,7.775041236443403,0.019254041986203757,1,-0.10310926569680151,0.9750635469527487,0
5,40,188,7.21989116037855,0.05386864508548796,0,4.635595000937261,0.1660793559175294,0
5,40,189,3.957166107909926,0.22067259248126572,0,2.6810599393972465,0.439459072649374,0
5,40,190,4.039253341156054,0.18538361199755718,0,4.918117826055211,0.06701020172182579,0
5,40,191,5.692945865432948,0.08134670841721008,0,-6.1295129953026155,0.060200601731539294,0
5,40,192,8.134769356245611,0.004931750893772086,1,3.3718466121481683,0.3147035360486414,0
5,40,193,8.156720955858894,0.00995112658459892,1,-1.7636698457796365,0.5355638453866027,0
5,40,194,4.218587225675766,0.2044007018654061,0,1.3794001538213614,0.6833770145239938,0
5,40,195,4.399285027848206,0.21668777234633335,0,-0.9907367811738663,0.787382476259926,0
5,40,196,6.179106301024345,0.046170810891188435,1,1.8907042052598162,0.5181448019652017,0
5,40,197,7.334230598190975,0.02338123341959867,1,6.748153122707397,0.015421322712926044,1
5,40,198,7.124493181400063,0.029491022920591477,1,0.3685563615771811,0.8999187138496864,0
5,40,199,1.3528602586296008,0.7304320298785141,0,1.7547430139657685,0.6223812568169391,0
5,40,200,4.572247866458751,0.25041391335349356,0,-1.975744593949197,0.391678962623082,0
5,40,201,1.7505208616851684,0.6490772631755672,0,0.5592417958705413,0.8574151397536022,0
5,40,202,7.263575101643335,0.006429099154356865,1,0.4315181895755189,0.89515253571404,0
5,40,203,2.819892122185972,0.4155626588261637,0,1.6558856343018171,0.6533804501634454,0
5,40,204,3.4366392341095033,0.23288879088327347,0,-2.2017368080499464,0.4004864564065165,0
5,40,205,7.682632759926891,0.05776478064694177,0,-1.4417310869512767,0.6503603798493127,0
5,40,206,4.2613819001062065,0.20673362671658285,0,-3.549980472586862,0.2444936967346452,0
5,40,207,-0.10887041403674194,0.9709926293192748,0,0.930020566402432,0.7390454701638951,0
5,40,208,6.952613263554726,0.04412056328517317,1,-4.319335505720753,0.11797996855266056,0
5,40,209,6.892576735662209,0.009043668819547688,1,-3.999842380941497,0.23846747409656094,0
5,40,210,6.850650128840061,0.029720208326800838,1,-4.666149867695531,0.24748827787717625,0
5,40,211,8.267413451905446,0.02298090848508259,1,4.238377176103246,0.15663773070023448,0
5,40,212,-0.5387948369365559,0.8834237860098982,0,-1.223302238586583,0.720447245379235,0
5,40,213,5.647258523836391,0.09992562057725304,0,-3.0605650733526812,0.3808640062495645,0
5,40,214,7.111767156262291,0.022419056302143962,1,-1.2457721459180902,0.7277889701749269,0
5,40,215,-0.399084878083545,0.9107854581693062,0,0.20138850024815302,0.9547496182711509,0
5,40,216,10.689965950823801,0.0023461581009800313,1,-0.7095208893042729,0.8060233655272325,0
5,40,217,4.213468802919474,0.16220172611872866,0,1.1765911790171262,0.7001165922303985,0
5,40,218,5.063646523300245,0.11284438183503472,0,3.7066635064417692,0.24739061487458172,0
5,40,219,6.185180986940555,0.04838274341297297,1,-2.442977496803701,0.4215198241868514,0
5,40,220,3.363527241420746,0.30115435288722847,0,-0.4196024167276296,0.8881692560760877,0
5,40,221,-0.7917269157347785,0.767762820041747,0,-0.799817700778069,0.8350920078965312,0
5,40,222,-0.15127855770399534,0.962120791498244,0,5.242611920639734,0.11148981489441169,0
5,40,223,8.88891728746243,0.01345744528166568,1,-0.061391030981447124,0.9825682105714544,0
5,40,224,4.000089280358173,0.24463862783585044,0,-4.563281744340044,0.09111496383553988,0
5,40,225,10.691069023388021,5.006504947724304e-4,1,-0.18548887438410425,0.9516638179393553,0
5,40,226,7.039777108718204,0.05415107116833081,0,-2.9243738205047687,0.2462054981663828,0
5,40,227,5.249847629513151,0.14320066312853036,0,0.35680961237924563,0.9230664110050455,0
5,40,228,13.463522419932353,3.91719542025524e-5,1,5.134232291203196,0.1614279034192083,0
5,40,229,9.93528326278228,0.00216204416101393,1,0.36942860068491845,0.9154970545470855,0
5,40,230,6.241948977804683,0.054612878577889275,0,0.26555010561157005,0.9277700279582042,0
5,40,231,1.1409185041442262,0.6795733925350083,0,1.764357834915442,0.5253444008614696,0
5,40,232,11.040311415082215,6.950855334033207e-4,1,2.227090567422569,0.4028187640052915,0
5,40,233,8.524234594550338,0.010246699158453897,1,0.8034589426464336,0.8222858821575304,0
5,40,234,0.16552240118829176,0.9590221092468517,0,0.26691861527200733,0.9345442131734146,0
5,40,235,1.0519755544895972,0.7120594293055008,0,-4.384135192956675,0.09866915560860973,0
5,40,236,4.341733636052924,0.1655254758690197,0,0.05477208064459874,0.9872859922229924,0
5,40,237,2.304791360050942,0.5283188878269215,0,0.17288527963593836,0.9600088625472283,0
5,40,238,-0.1908334983052962,0.9590389675353179,0,-4.546007968560892,0.1646290300123236,0
5,40,239,10.986982703967401,3.6720937147539316e-4,1,-0.6677135006588311,0.79642517818502,0
5,40,240,5.719606147547648,0.07591857126427703,0,4.6335414748597135,0.12399378338022962,0
5,40,241,0.47416770907673594,0.8773468273960885,0,-1.5652899122373851,0.6453508852850299,0
5,40,242,11.338159592165399,7.796414082710943e-5,1,-0.1535352529285436,0.9643923289463263,0
5,40,243,5.884368249522887,0.08386064847690818,0,-1.18435851367198,0.6546870187113123,0
5,40,244,2.725321159459291,0.34782623129437407,0,-2.050801985760165,0.5218069388341999,0
5,40,245,2.2729873685987725,0.4795285587742363,0,-5.0613146891664504,0.12772946823402978,0
5,40,246,7.427794817805797,0.005318303556226805,1,-6.10456252042907,0.06728926258236734,0
5,40,247,6.324121722502997,0.07608440412008417,0,-0.9903856259191542,0.7604203953126152,0
5,40,248,-4.053011688930066,0.1949954396851925,0,-2.5777621307445266,0.391535305647848,0
5,40,249,8.028835568482181,0.01868432381947248,1,3.52349757629423,0.2684466516436303,0
5,40,250,7.519018222496882,0.02412910253648492,1,-2.5318425902387673,0.40964429880129527,0
5,40,251,7.22034866371306,0.009417367256058339,1,3.157070205304827,0.314199376661739,0
5,40,252,3.103933766353367,0.21466681939565993,0,7.623668074194754,0.02649850363191737,1
5,40,253,6.53204007304228,0.029920044920666144,1,-0.6300607341297219,0.8465056850623794,0
5,40,254,9.810090794454627,0.0013507443832892498,1,-1.1890853486097734,0.7105798409189061,0
5,40,255,3.1670186238202582,0.3279011284252764,0,-8.842151758111696,0.008089605821631445,1
5,40,256,4.551183451260582,0.06729948830525953,0,2.565390067803428,0.39004829305593935,0
5,40,257,2.3853800648377614,0.47638653212609416,0,0.8008762616349393,0.8527022182849588,0
5,40,258,9.770319717484854,0.002157680724366753,1,-1.9935125248607037,0.5095561676736823,0
5,40,259,3.709729589212965,0.30641793477171425,0,2.286667451129181,0.3691437214807689,0
5,40,260,-2.671329314823772,0.48934768432662457,0,2.8886235024079414,0.3856024022149538,0
5,40,261,5.003095000749264,0.1644412199115543,0,-2.8180041720681848,0.3194263258773155,0
5,40,262,3.894432597446629,0.19505838132601516,0,2.924948797185018,0.3501087710903583,0
5,40,263,4.309738909034579,0.13245978073786088,0,-4.887861609518675,0.11932324521122648,0
5,40,264,0.7751697340984446,0.8691108511591464,0,3.0745231015103696,0.36810904898252816,0
5,40,265,3.679140815840758,0.23256888852599322,0,5.6034090755409,0.10365276663798495,0
5,40,266,8.124540289618386,0.008837832267868648,1,-2.183417465870762,0.56085549260623635,0
5,40,267,6.371768636943047,0.030602915794810594,1,-5.715560103128815,0.03759393574593081,1
5,40,268,6.8538835925863335,0.05975626185873833,0,-1.6541655661100245,0.6397468854221053,0
5,40,269,9.027609970785932,0.00280521974657,1,4.659266827832581,0.17825292320545985,0
5,40,270,6.5245795246640075,0.03924380792828439,1,-8.206743114825862,0.02414352978980826,1
5,40,271,2.0690395311488903,0.4728494034410542,0,0.36056209693310926,0.9003414913078257,0
5,40,272,2.6516681104673405,0.38992550986065677,0,-1.088480796896519,0.7151961409803618,0
5,40,273,7.53466959253348,0.008990661746453561,1,3.2784749241676874,0.22626900011967727,0
5,40,274,7.826220848914831,0.003519091133364917,1,2.286197239619799,0.48106371655309754,0
5,40,275,2.9802927971918898,0.4374641695837145,0,-1.672499379584978,0.40919506514741466,0
5,40,276,1.9658688452430801,0.5265235014125229,0,0.10629568118485108,0.9655144142139453,0
5,40,277,2.511572974670231,0.46383628010045097,0,-1.4432786708187268,0.634683546807128,0
5,40,278,0.30329451067185476,0.9181051741347972,0,0.7586984560649082,0.8266277912691445,0
5,40,279,3.2578350793805235,0.31269174148311013,0,-2.4214290358596697,0.5370431913586274,0
5,40,280,8.642343426036158,0.00254865492928329,1,0.7684315840522773,0.8118253875412123,0
5,40,281,7.344398027838331,0.030276142917618896,1,-4.135749388975182,0.18691104840411163,0
5,40,282,3.7946172689672,0.136992912371767,0,-4.286193733206194,0.20429114274378157,0
5,40,283,6.830282545205701,0.012617583885579884,1,0.9651629643212886,0.7397682219609019,0
5,40,284,2.104498591775019,0.39769187132182804,0,-1.0958789293872677,0.7332383414114536,0
5,40,285,6.977849598463919,0.06641265520940465,0,-0.13641632617713037,0.9639265903764693,0
5,40,286,12.212002253585723,1.5045480243438328e-5,1,-0.6886177360775645,0.83965341941538,0
5,40,287,1.102832000628048,0.6870187074394902,0,-7.235823973270941,0.027228139615599566,1
5,40,288,4.7607433185277515,0.1139211043451269,0,2.651484887512207,0.3918916735928134,0
5,40,289,6.3824550067817,0.04552063953772926,1,-1.1708586829314116,0.6566122145110715,0
5,40,290,-0.854015349773252,0.7405863073183852,0,-6.413372428399784,0.05833146614699528,0
5,40,291,7.903118122145539,0.012976001089995267,1,4.046679775735666,0.19714274164200218,0
5,40,292,4.6902266701265924,0.05743515346459654,0,-1.442556504836111,0.6126212961543708,0
5,40,293,0.41815980500854383,0.892600315650941,0,-0.747784063892982,0.8331736280800225,0
5,40,294,5.209861559687429,0.14770358598616634,0,-1.051075396382829,0.7016149275981789,0
5,40,295,7.029373476652549,0.058093588253742605,0,4.116005395868156,0.2671962653824404,0
5,40,296,4.578965232101559,0.10919605840294633,0,3.8101988349910054,0.1074687519209888,0
5,40,297,6.950645983488042,0.015596494490683977,1,-0.6934690904564724,0.8531625067261349,0
5,40,298,9.380445499985775,0.003610519392013453,1,-4.759271358890831,0.1918408888299604,0
5,40,299,1.5930062164628807,0.5596959366647833,0,-0.646990066811035,0.8402066047568845,0
5,40,300,14.644432521272048,3.4213327129784245e-6,1,-1.597424035408354,0.5730043265632627,0
5,40,301,5.366224138262594,0.057829038416132565,0,-2.6587426964342367,0.39427534843678747,0
5,40,302,7.2931338425177,0.04012284088945821,1,-1.7262881710422318,0.5581590697730875,0
5,40,303,3.4529107315288163,0.32566346307314964,0,-3.6867762397849964,0.2713517455797837,0
5,40,304,5.765775815267154,0.05308335871752374,0,3.6390166026717212,0.32722190778237004,0
5,40,305,1.2234538238157373,0.7497802050422188,0,3.376528599782732,0.20966566166318018,0
5,40,306,9.712720154751995,0.0032318097690892536,1,2.6808869452297945,0.3444524194034816,0
5,40,307,3.472485192371447,0.35099842195539444,0,-10.048777178690518,7.858515380154566e-4,1
5,40,308,5.018015522575757,0.11438647312651799,0,2.7509199838880276,0.34262896479826455,0
5,40,309,5.367099996399661,0.10965748622700844,0,2.529009908060618,0.33501457614156693,0
5,40,310,7.39006087084998,0.04402632044833987,1,4.630422141545202,0.20366429349884715,0
5,40,311,5.461203074929729,0.08671084747661326,0,2.4761016497912935,0.32961662425993155,0
5,40,312,3.30938501245701,0.3839490689094599,0,3.9514146448163934,0.27859102438866695,0
5,40,313,8.452829697890843,0.0068542373833452765,1,1.8010071737087314,0.6599198865897642,0
5,40,314,7.596078585808575,0.021415405006929664,1,3.5652784017352572,0.3817621759212604,0
5,40,315,3.5774394626263253,0.3125125543755421,0,-1.8933713168445436,0.5766011371801599,0
5,40,316,4.1213701989101645,0.2390823222637247,0,3.7663629632750277,0.3186744537025299,0
5,40,317,8.086688271958453,0.006400775407194127,1,9.045532644697083,0.006205122218297346,1
5,40,318,4.71722485633823,0.1283870137239387,0,-4.754230846052826,0.16459103814607756,0
5,40,319,2.0809321912481042,0.5755441133233354,0,-0.031990465193433994,0.9930093468463922,0
5,40,320,8.44800986688531,0.005507017293019742,1,-3.4614761867911383,0.24895803271380335,0
5,40,321,3.1935034412756385,0.27820667271303345,0,-0.6989424252554063,0.8256063514123855,0
5,40,322,-0.10999066669590792,0.9677599595725239,0,-0.6897984628346913,0.8607835692264462,0
5,40,323,7.755506871332573,0.0033559260350219775,1,3.315208858956614,0.33042015121814494,0
5,40,324,2.6401965188361483,0.4730478492625456,0,-2.490375199434843,0.41765449575342983,0
5,40,325,1.6009231809819118,0.58879316438212,0,-1.5269639791975493,0.6573956553588082,0
5,40,326,2.8531320395023885,0.4448397175675848,0,-1.4192778774181685,0.6066610549249202,0
5,40,327,7.17425017133679,0.014330001840800745,1,-2.329231404433856,0.44144403482621175,0
5,40,328,4.394071278168818,0.1498183163520977,0,0.250464361426018,0.9301002766250603,0
5,40,329,1.8073066033164704,0.5917482187873192,0,-0.5361440333369216,0.8748299727796295,0
5,40,330,5.766909036191153,0.07312201826298817,0,0.8353029156050951,0.8046855208267745,0
5,40,331,3.1531584987104964,0.32004046224594257,0,2.7119064105742337,0.46439698335346735,0
5,40,332,0.29536229375817047,0.9261446884564881,0,-0.022410113749425246,0.9933116352105342,0
5,40,333,-0.0520908418735645,0.9893701891385867,0,-3.938254130836037,0.17151433820243153,0
5,40,334,4.227132899584439,0.1661164407781279,0,-1.6000513629369626,0.5379292199760373,0
5,40,335,5.492272579459223,0.12796561990781177,0,-5.663089321125778,0.09995574934144132,0
5,40,336,4.133886048621374,0.0952731510103129,0,-4.3603448283138375,0.12694243769000235,0
5,40,337,10.854470048416973,5.480797316856382e-4,1,-1.4413130445387936,0.6423196836541375,0
5,40,338,8.239972929185324,0.032941874469160436,1,-4.427317204108166,0.22387794813818332,0
5,40,339,5.425571227750232,0.14374893706699762,0,6.543859270391466,0.05353579236928963,0
5,40,340,9.337633921893215,0.0122107256614608,1,-0.8358597657483644,0.8293547392537357,0
5,40,341,7.863885607027617,0.017038412652083425,1,0.765690030581411,0.8389626384840317,0
5,40,342,4.864337345262491,0.12404424545674622,0,-4.45623102387409,0.17024459179909446,0
5,40,343,2.6468401166508477,0.37105989774026027,0,1.6673061506958544,0.6172330134628095,0
5,40,344,3.736152481033145,0.30244844728388237,0,1.7062433799010384,0.6101197675909563,0
5,40,345,3.8893321669522036,0.14170149231578932,0,-5.012133191693407,0.10610450957210127,0
5,40,346,5.3731722340458905,0.07390867404394175,0,3.022203122942225,0.27346565606001344,0
5,40,347,8.435807356744117,0.005151340709451582,1,1.7671510132880017,0.5622034161407565,0
5,40,348,7.66403435456857,0.01549824877017763,1,-0.6715340527660549,0.8083825539060595,0
5,40,349,11.134489198998455,0.0018112164218574847,1,2.9353287089821913,0.30100289124509144,0
5,40,350,-1.9828867862369863,0.5684020366619701,0,-0.7031822932517688,0.8079520553651344,0
5,40,351,9.537050281093466,3.89738316472808e-4,1,0.07450186709953206,0.9813317601547074,0
5,40,352,6.835299076410593,0.07760192395651432,0,0.7005658662772529,0.838409015387147,0
5,40,353,3.8694608885322945,0.2180021733283416,0,-0.4102367595491034,0.8943676994862206,0
5,40,354,11.073301212718961,9.312535047440214e-4,1,-2.941050286882624,0.260336762510378,0
5,40,355,3.952644554954732,0.2451523039218286,0,-0.36346752934041177,0.9036563740879298,0
5,40,356,7.826775318727208,0.02302159184821428,1,1.5501675294963007,0.6034352897938657,0
5,40,357,4.134078888270809,0.18536327311694706,0,-0.9993605859766127,0.7658564701670648,0
5,40,358,6.075011180102526,0.04393795340847368,1,4.241163851971912,0.15707341533920438,0
5,40,359,7.534274082532935,0.02613188810066694,1,0.9440473891388912,0.6976432355548776,0
5,40,360,5.644588271005334,0.048021149545819306,1,-5.649181316977631,0.10978469863044715,0
5,40,361,7.501047872884636,0.025681647164777593,1,-3.1498821185212296,0.3264231102821862,0
5,40,362,6.98249484572376,0.04525781190123757,1,1.5413191234235095,0.6649640528240183,0
5,40,363,2.549911527343146,0.3578122531622693,0,2.527060297070373,0.4608222250081644,0
5,40,364,2.249370798937848,0.48380864758331277,0,1.3984258136521368,0.7204977572969762,0
5,40,365,7.597791257377437,0.006619591252643916,1,-1.1137506323360256,0.7645522418866528,0
5,40,366,5.267521239116831,0.12706278009301383,0,4.590737314410157,0.1440066811845647,0
5,40,367,1.885235529318717,0.5568360563344088,0,-2.0249683148234596,0.49805045251974023,0
5,40,368,4.169171666195493,0.18367446310225477,0,-0.23418700939066822,0.94017070497984,0
5,40,369,9.200472445989666,0.009296648674542387,1,-0.5295544877849161,0.8649125308845577,0
5,40,370,8.12837067932066,0.006102159658339216,1,2.95464230491644,0.29702468370636304,0
5,40,371,6.2924625471954645,0.06426208767841946,0,2.638002829208542,0.2929158331377321,0
5,40,372,0.046118598754724766,0.9881462084826131,0,-2.613937237167615,0.4243561562706264,0
5,40,373,10.06299743752652,0.0039213823611202025,1,-3.8172689998353335,0.2753129086797192,0
5,40,374,9.495127261023724,0.016372051653393276,1,2.3142817744729456,0.5563410125977741,0
5,40,375,1.9615132594454048,0.45425473544585526,0,0.44948439769500215,0.865509740292141,0
5,40,376,4.240876530078326,0.21254312727440375,0,-1.0302214532285368,0.7487484909642845,0
5,40,377,5.234767727356014,0.096934348648029,0,-5.1582640131933255,0.0635769045702917,0
5,40,378,7.452530368789531,0.04401280959245799,1,-0.67056354927226,0.8147830303815147,0
5,40,379,5.804865728707498,0.06076053165274034,0,1.1412035101269762,0.6774027050184916,0
5,40,380,-0.37477147318150206,0.8980392064032743,0,1.105384452800181,0.6311008817430688,0
5,40,381,5.252698148364582,0.06610711535868838,0,0.004803997278385138,0.9986699860998782,0
5,40,382,7.61002194620937,0.016249561141330107,1,0.3051800011196608,0.9169340452185768,0
5,40,383,13.4637966246946,7.462707252205116e-4,1,7.419316382496264,0.04479926482972091,1
5,40,384,8.49308039232297,0.0046728488374683606,1,-1.9069005543098638,0.5896153713600556,0
5,40,385,0.8479549675984718,0.7809552072591253,0,-1.9577687595228623,0.5902559646888859,0
5,40,386,3.4119018179172347,0.33268140079773667,0,-2.2048278144967335,0.5292483732438686,0
5,40,387,5.9916170594109595,0.06108461963629598,0,1.626224357048946,0.6124658219205534,0
5,40,388,0.4440195071052183,0.8777262822383838,0,-3.8900173017448445,0.33912573891615916,0
5,40,389,4.472843938922608,0.21286595336499234,0,0.31908439214910467,0.9115329253469349,0
5,40,390,4.873957751664599,0.11056751992317937,0,-6.150968028752911,0.08454721380012717,0
5,40,391,6.095868669847418,0.013180584294473632,1,-9.371206731394516,6.609032999015038e-4,1
5,40,392,6.930956658642159,0.013911665021370532,1,-1.7840058875416778,0.6497893077054264,0
5,40,393,2.214421593189989,0.4259667300542608,0,-0.5822623743951753,0.8344986609361814,0
5,40,394,-0.9169511698974937,0.7616560466803345,0,-0.7811283966064301,0.8097263997893965,0
5,40,395,13.4959723268182,1.509303401800083e-4,1,5.560504724450273,0.12181727913867382,0
5,40,396,4.851502271201832,0.07783847027644114,0,-5.924594935331943,0.06935613720285308,0
5,40,397,4.332256964335155,0.14691775509279306,0,-1.5586358093286878,0.6669388531042502,0
5,40,398,6.21302802995964,0.06272849723370269,0,-0.34424353196789986,0.8874666037937569,0
5,40,399,0.7476478231097765,0.7939119525474453,0,-5.299840135571938,0.05268698932126372,0
5,40,400,1.9586799581628136,0.5505567606740918,0,0.954292494638166,0.7511851220695827,0
5,40,401,4.064291420025924,0.2188965456511941,0,-1.7056262515283147,0.5736919369390477,0
5,40,402,5.000823001837408,0.08886989467129107,0,2.8409168678891015,0.34649626334953887,0
5,40,403,8.960168452496333,0.009241066700845074,1,-3.440543632271361,0.3155447359284353,0
5,40,404,-0.010312060026661326,0.9977408255646047,0,7.361045235184479,0.025496677982664855,1
5,40,405,5.869883790223799,0.03972787016689073,1,-0.7932698022788695,0.8084671255019105,0
5,40,406,4.315598476255392,0.1829236759354569,0,0.9449581383028601,0.783847328934781,0
5,40,407,3.7192887053143657,0.18834144389551222,0,2.6947309617058655,0.4882965823307698,0
5,40,408,4.899154364144334,0.12939704727163986,0,-0.74897738346810006,0.8045965368297766,0
5,40,409,4.544743434267837,0.23765295610421983,0,5.782037625531648,0.04992749787403128,1
5,40,410,5.31063970390597,0.08043822943551622,0,-0.956646220998482,0.7763869489794553,0
5,40,411,4.4782486520809925,0.13658573499450447,0,2.0517369601165183,0.5670651324319229,0
5,40,412,6.391392502155604,0.03627292029762115,1,-0.7986780156178035,0.7985300528500989,0
5,40,413,8.600832561857294,0.011482749018769904,1,4.774842736959516,0.11100516883749768,0
5,40,414,7.878723769375367,0.018130907115216897,1,-2.565751022531941,0.3053828942094797,0
5,40,415,10.890443167952542,0.003754596963807711,1,3.386760517499627,0.3406086063715311,0
5,40,416,4.768436795422955,0.12083572465981132,0,-0.5366639081544032,0.8749553790299063,0
5,40,417,5.936887358571573,0.11386142671197846,0,-3.961917269951517,0.292923304882457,0
5,40,418,3.772303615734238,0.3125679752893016,0,-2.720949072873845,0.37538088390213165,0
5,40,419,3.790872095654389,0.26779598183810527,0,-3.209223086113978,0.29961383623764837,0
5,40,420,2.5447230210634584,0.4397415164748487,0,-2.5446989460659006,0.3946610521045141,0
5,40,421,2.093102094352463,0.48734632561498326,0,3.8266903072620004,0.18216954099607582,0
5,40,422,2.2005441611011185,0.4365392136591508,0,4.882690184281583,0.17095802923970158,0
5,40,423,5.649474219483365,0.08690316529126779,0,-3.036952139432183,0.30341104401424646,0
5,40,424,-0.811671259850817,0.8073703848511209,0,0.7350731388785281,0.8179155403245661,0
5,40,425,7.453680408040532,0.017722077816626238,1,3.5288357470625833,0.3511550522265269,0
5,40,426,6.5984211305700695,0.019631761247986917,1,-5.07411448942812,0.19549384191617164,0
5,40,427,5.019592866753436,0.11716330847515662,0,-2.543678700573596,0.4414607406733716,0
5,40,428,7.583608839830636,0.012859572141518389,1,3.808935403840166,0.24682168056118658,0
5,40,429,13.366888981726502,2.2833587817370303e-5,1,1.8270935482876012,0.6153953725299678,0
5,40,430,3.682574579397398,0.2881165337529365,0,5.568575057661852,0.15905702850570153,0
5,40,431,7.204129941889672,0.009968864368710166,1,-2.845509327129028,0.23471003194666443,0
5,40,432,6.569807683374236,0.05395236509555218,0,-0.011527299918360007,0.9967345007456099,0
5,40,433,1.9962491719324327,0.5409912723681606,0,-4.674753323627766,0.06397562652779268,0
5,40,434,4.309716061328321,0.20639350683278743,0,0.17571265885820758,0.9585841418582427,0
5,40,435,4.914652453672551,0.11922031687340441,0,0.13182250287115635,0.9639431194975236,0
5,40,436,7.304451849645483,0.02043511676740854,1,1.5283307871093912,0.5807737716160888,0
5,40,437,6.389316488392367,0.050140367332980704,0,-3.6889968648050226,0.26714663893154406,0
5,40,438,-0.5181258815864981,0.8572304505341753,0,0.6731805765988566,0.8342088835370762,0
5,40,439,13.591762513610975,1.4645504629001837e-4,1,-1.6237371978769148,0.5801818269297484,0
5,40,440,5.385270891005322,0.09310172766135645,0,4.04800312420807,0.17325290758627296,0
5,40,441,7.0281811904487,0.047148750008191395,1,1.929263526703998,0.5106480422051911,0
5,40,442,5.867630612219623,0.11867351601453531,0,-4.125762957470352,0.24957282281743715,0
5,40,443,1.2784073518179266,0.7195473338487479,0,-2.14442549360697,0.39415674342415075,0
5,40,444,5.51207252232289,0.08101311125564795,0,-4.910721427031764,0.09490322878252548,0
5,40,445,2.218933579469806,0.5204398277813818,0,-1.9991698154836999,0.47168538263219106,0
5,40,446,10.620723725007856,5.7542785479546e-4,1,2.2266184610489503,0.5319057442092127,0
5,40,447,7.4383155822156946,0.048606039145394464,1,3.450050800065974,0.2648973691575473,0
5,40,448,8.627139549801315,0.0029952716412095168,1,-1.6200856193032807,0.6230838321239334,0
5,40,449,5.899430416092328,0.09738657673518443,0,-3.3512247438505236,0.24830818615010924,0
5,40,450,1.1388808084415007,0.7175006600467215,0,-3.221318306175923,0.2826947056264381,0
5,40,451,5.704861318120811,0.07029337740571781,0,-9.000474492065718,0.012492826884254482,1
5,40,452,4.414772113125148,0.17374467616352507,0,3.309106889179438,0.3320238661620887,0
5,40,453,3.241600077532879,0.2778911438406316,0,3.3554831006609143,0.34478593195728013,0
5,40,454,4.2806100373161895,0.2861459359432096,0,-0.139283212906946,0.9610629133557713,0
5,40,455,5.952346037810421,0.026888296617864436,1,-0.17562976336544028,0.9552039333501743,0
5,40,456,5.905380823998708,0.018865393659496178,1,-0.6841044925223974,0.7906698792703604,0
5,40,457,1.3558534347327889,0.6657260290889133,0,2.922741952168426,0.39223056331483475,0
5,40,458,2.5699285079520977,0.40425271167190513,0,3.3374611587505,0.20387012053333298,0
5,40,459,9.194485325023832,0.0029640919709872297,1,-1.2782732772721999,0.6415880020104341,0
5,40,460,1.7249569321782094,0.6091359829789403,0,-0.14615049978219868,0.9642173098429376,0
5,40,461,8.351286186205355,0.005133019371724059,1,-3.280431141212766,0.282279940121439,0
5,40,462,8.707166794369195,9.446428660041817e-4,1,-2.303044093818946,0.41624170280040174,0
5,40,463,1.066870395356406,0.760908470945156,0,1.4586450723983944,0.6212799845278361,0
5,40,464,7.458465181443702,0.004261951931839995,1,-4.072305888580062,0.14791795747444297,0
5,40,465,1.6609759755094509,0.5898991428628323,0,3.4559790314521117,0.221823947417169,0
5,40,466,4.444509718655348,0.14229771835062074,0,0.20582699074588143,0.9440534996401291,0
5,40,467,11.315380784718307,0.002481934882315499,1,0.08593023080809187,0.9771036416679393,0
5,40,468,8.983053525372194,0.007695251468516806,1,3.461134485300843,0.3758241303074754,0
5,40,469,11.510782972691219,0.0027760818325864027,1,-2.134930075121155,0.5491972460863943,0
5,40,470,6.331674580121034,0.0549684637349286,0,-0.5326816521160554,0.8757070723572042,0
5,40,471,6.265648334080892,0.08934253591569126,0,-7.1683116430484395,0.05899066738735373,0
5,40,472,12.907084831226136,3.062576387394891e-6,1,-0.5575107852378933,0.8646846927304488,0
5,40,473,5.700103738681217,0.07520820221743543,0,3.136006124130997,0.35335557297186027,0
5,40,474,2.9343441650857773,0.3399743495960559,0,3.818397110352473,0.18949100343588002,0
5,40,475,6.086359206339143,0.10819728892107669,0,-2.38025175598611,0.49166574675059804,0
5,40,476,7.3882867945607575,0.0046808383600923775,1,-0.9797740311816858,0.7196988296660382,0
5,40,477,8.064050467902392,0.011142186434894856,1,-1.5665598427997807,0.6373730942022849,0
5,40,478,7.485513348548294,0.037811385756902634,1,-1.2943999349477209,0.6942474563674719,0
5,40,479,7.139222908075923,0.03805557307706314,1,-0.602469207295645,0.8664600610071628,0
5,40,480,9.063072916602252,0.01632950628919706,1,11.171706781716424,0.0014720850950178412,1
5,40,481,3.268878557434372,0.24774214877736717,0,-3.751254417194844,0.274941553310642,0
5,40,482,5.806280847271763,0.07107387657758087,0,1.6384033089155072,0.6342128568537915,0
5,40,483,4.164681491826705,0.21685875373616512,0,3.345944240252641,0.36372771841296103,0
5,40,484,4.293235250281556,0.16521090774618594,0,3.6208725448045938,0.2524666308490207,0
5,40,485,8.073139795127974,0.007974331143763447,1,2.000355899601157,0.4504744724497406,0
5,40,486,4.980245242135325,0.12342604360983522,0,0.18881187095480254,0.9530905496435562,0
5,40,487,11.872266565459906,6.406820882961095e-5,1,2.3688704532758282,0.5100186667137279,0
5,40,488,3.6772499919888726,0.22817978601703065,0,-0.8719749829478856,0.7559536775667438,0
5,40,489,8.349348159621915,0.004961618791798292,1,-0.6004004082301403,0.8581695866703822,0
5,40,490,5.207156291296471,0.11264408510655015,0,2.286897977917456,0.4905023024685835,0
5,40,491,6.9153907076013885,0.006926898444301376,1,2.3190923506440266,0.4569306982909367,0
5,40,492,7.265364958245767,0.009884778135807971,1,-3.6186619342222683,0.2781159066944486,0
5,40,493,5.922780797162925,0.07653655021711177,0,-4.628442914478513,0.14326236724078267,0
5,40,494,7.875259043013209,0.023097617869583472,1,3.7726429522591123,0.23336526297461144,0
5,40,495,6.661416174495385,0.056729594212821505,0,0.46934456533005775,0.8664587586973016,0
5,40,496,-0.20069549337541895,0.9425649193417388,0,-4.8991825338235495,0.1366109220435707,0
5,40,497,3.6622701489636866,0.1922558742321749,0,3.870096281543382,0.29611749122690756,0
5,40,498,7.455515830071405,0.00746371926749166,1,-2.5041169596079254,0.36423521745334164,0
5,40,499,6.50868970674769,0.037196670192741255,1,2.6975438447360434,0.43330873102459,0
5,40,500,6.714787390212852,0.024857574483743206,1,0.9963933214379549,0.7148079918379251,0
5,40,501,3.13712404710872,0.24854490611538682,0,-3.330147922891109,0.30734418739169245,0
5,40,502,0.8337488373102722,0.7814163216817187,0,4.046912664296998,0.13100119199715884,0
5,40,503,6.116802611048185,0.031455026431881306,1,3.8015027270214112,0.2764047895092912,0
5,40,504,6.614940075689241,0.05980182605589821,0,-2.507016939021944,0.44688265472323807,0
5,40,505,4.692910615355741,0.13985691446982004,0,-5.800560615295992,0.05836508925875763,0
5,40,506,7.529950745238399,0.025486982373285907,1,-3.121154132949507,0.20017203233730027,0
5,40,507,0.28946101543240416,0.9314755133756738,0,3.1341624540331514,0.2876295947360551,0
5,40,508,6.744463414107231,0.03407117069953375,1,1.7976310098413508,0.5822766332813853,0
5,40,509,0.19507232586151843,0.945847085951578,0,-2.5319021197294855,0.42890757289411363,0
5,40,510,13.156693843582676,5.880731779668667e-4,1,1.5293182340473013,0.5653483658150025,0
5,40,511,6.484111667365396,0.04841699331572563,1,5.173339701696919,0.06143730954280703,0
5,40,512,5.684385084923175,0.07500021695324134,0,-1.0496869062840013,0.7755183057816197,0
5,40,513,2.701357729028129,0.32525066018807947,0,-2.6766231965488507,0.3674215518998093,0
5,40,514,5.278033500682729,0.04822851098556582,1,3.7998275316546195,0.1896714806414361,0
5,40,515,8.017396909159205,0.010428449120498857,1,1.7956609151062157,0.6132146575535975,0
5,40,516,6.466572620658857,0.01934416508676487,1,-1.552904760543923,0.7019370096550801,0
5,40,517,10.520603765145403,0.0032985502795012446,1,-4.340313072327669,0.2216665693110117,0
5,40,518,-2.86379530587406,0.39140868696707776,0,-0.32818780936849185,0.9169793795108492,0
5,40,519,6.224651369994403,0.032116649282421035,1,-3.933560628170175,0.2600780969102274,0
5,40,520,7.3592932936237325,0.033495658459170956,1,-1.0839866187706029,0.7071154922309748,0
5,40,521,2.823087255362102,0.5103189040234799,0,-4.850964718109605,0.07714012220858742,0
5,40,522,2.3638340820605706,0.42883951113452545,0,-4.983910527133404,0.10207888517148381,0
5,40,523,3.371370457484915,0.3111257431280025,0,0.6064018419668722,0.8474182624361556,0
5,40,524,8.787579214507513,0.015253279559391953,1,-0.7990914368982048,0.8376080985249825,0
5,40,525,6.313169438125684,0.12034171733577126,0,-6.316602156645066,0.10342159429833736,0
5,40,526,2.086637120994461,0.42429124617693603,0,3.0471362651726834,0.32409372222653077,0
5,40,527,7.768899314819493,0.033283259439409386,1,1.8673556555767925,0.5698511691559747,0
5,40,528,7.668694398826674,0.026572323896701156,1,-2.5763028199126037,0.41506663420569934,0
5,40,529,10.270851184958115,0.004770446153601713,1,0.8432331980750523,0.7624000719394002,0
5,40,530,1.663548338938019,0.5945735289624283,0,1.9532339294447432,0.5352056035223154,0
5,40,531,6.948038507038575,0.04271526087756371,1,-4.071654805061293,0.2550564884336641,0
5,40,532,8.622564384344743,0.007515790961609418,1,-3.4990514045978713,0.20121750273912042,0
5,40,533,10.273561680775403,0.013737693199597726,1,3.581789867575651,0.22453824135209707,0
5,40,534,5.561852615258692,0.10060207816727153,0,0.5776064586977134,0.8627332426943928,0
5,40,535,0.4134746670372261,0.8980374953104144,0,-4.889713099636034,0.1310958536938043,0
5,40,536,6.25939865659834,0.03369886028183094,1,0.4681056570424076,0.9006835544044266,0
5,40,537,8.607011178943269,0.00820225840525281,1,1.7870689512031819,0.5200743030872147,0
5,40,538,4.918717712773393,0.09031234926164526,0,1.7013072082819007,0.5964935582216662,0
5,40,539,6.09768644462319,0.07114735701123938,0,2.681822774588479,0.3184912641633965,0
5,40,540,5.271106091487264,0.10860272991720557,0,-5.633686356125878,0.0490013846854241,1
5,40,541,2.10751782396288,0.5209331410648376,0,3.584560970328773,0.20849600027237744,0
5,40,542,8.548510442278031,0.011831769869263499,1,-4.0288230360605555,0.18989046892831757,0
5,40,543,3.8187172489267143,0.2848870501500671,0,-0.5260694314444839,0.8567148964121958,0
5,40,544,7.888382740605188,0.013377531171758203,1,0.6134072921182048,0.8459422017875491,0
5,40,545,5.782065702999335,0.05981014396668112,0,-6.643077614694413,0.023919079128479334,1
5,40,546,4.845956910759307,0.10907057726044907,0,0.6690493506313445,0.8289966265070896,0
5,40,547,6.496168488490839,0.017329186363787705,1,0.9292900061986248,0.7171650320487082,0
5,40,548,6.782179008736672,0.04895805340041328,1,-2.1783080831319843,0.49436830703542667,0
5,40,549,0.568800909263536,0.8722447260725695,0,-0.4508440114085241,0.9016639218230424,0
5,40,550,11.212750883971918,0.0025529794452154664,1,-0.40121086988695775,0.8980358456171529,0
5,40,551,6.675129762546274,0.05102206300587381,0,-2.69334621620944,0.4397618186126675,0
5,40,552,5.016647283868883,0.07306281186067955,0,-0.6641891551639735,0.8338294826930286,0
5,40,553,3.2767236946957694,0.33838137778196276,0,-5.017097493651153,0.07273794038044794,0
5,40,554,7.159478477178504,0.037459257658155186,1,3.453410158715181,0.2686998266197075,0
5,40,555,6.0060172102465685,0.09092915365326848,0,-4.586819941496207,0.10256428938235354,0
5,40,556,8.221412504339977,0.015268322014440954,1,-5.143832150887514,0.14835222815504592,0
5,40,557,4.981085466430068,0.07353580140386431,0,-2.366238518642275,0.4910374018893263,0
5,40,558,1.2574989133946015,0.6773177913102081,0,-6.994106889216161,0.06755923420469911,0
5,40,559,8.582593212688176,0.02930125734315895,1,1.3063759850096175,0.6558785929349111,0
5,40,560,3.739204590304664,0.2300654416804746,0,3.656204193311139,0.18378428433670993,0
5,40,561,1.223596204784127,0.7185276782095035,0,-1.8098010084285294,0.5818130704091146,0
5,40,562,7.644830611765417,0.019909059715649685,1,4.68625985292977,0.16383610834352294,0
5,40,563,5.495247181851353,0.09214358155609449,0,4.249692857636495,0.13305425727736916,0
5,40,564,-1.4615093797864978,0.6040101270202198,0,-6.020999122614533,0.10819404170532926,0
5,40,565,7.881269505426955,0.039796897445559115,1,-9.49271220085672,0.007815655113636516,1
5,40,566,2.190566350113124,0.4475518217551865,0,5.8773993518645655,0.07423125456004559,0
5,40,567,4.786359732912669,0.0965481115176479,0,-1.1656510332457386,0.7267525373434174,0
5,40,568,-3.26185724176995,0.25148883046057935,0,5.071163820384723,0.13451189439244687,0
5,40,569,6.927234962559005,0.024914817254848013,1,7.786168202899915,0.013471193942743893,1
5,40,570,2.931259215293567,0.39078201645333,0,9.975844364038215,0.004541572724062365,1
5,40,571,6.350980202850854,0.055003459252710156,0,1.192720883928137,0.6866093420128573,0
5,40,572,0.896332452703906,0.7640414888758374,0,-2.3269265886024133,0.4899115955760379,0
5,40,573,2.78694115917806,0.3873666356029519,0,-3.151420204440885,0.3504425153007146,0
5,40,574,2.6574009579074507,0.46048112240656813,0,0.23630518170885584,0.9381630740776332,0
5,40,575,0.7212585571039292,0.8361921572025897,0,-1.566499535933217,0.6744749477080133,0
5,40,576,3.8028160065079835,0.26435007785334497,0,5.737779730928786,0.11135390879112428,0
5,40,577,-0.9336190843722465,0.7910366124282133,0,-2.7216170371508124,0.4026698889852661,0
5,40,578,-0.17945381953300205,0.9641630374355186,0,6.329568352543177,0.06189097730507997,0
5,40,579,7.55872830222464,0.0318563645832644,1,1.4538923052740527,0.5901701471077192,0
5,40,580,5.341658141233613,0.14928305058852978,0,1.3625055861260753,0.7018151307369749,0
5,40,581,3.400828052241644,0.2673636507506764,0,-0.1957793449108368,0.9589508586444173,0
5,40,582,4.8720942718275655,0.10267626342199232,0,-2.065243831725136,0.5426782971409383,0
5,40,583,5.8978196581597855,0.015961103765911193,1,-4.2887540525602,0.13368367039188853,0
5,40,584,2.857072047472531,0.4079094838255679,0,1.6876428792284046,0.5878968662805448,0
5,40,585,3.5997389062205882,0.2671562591069409,0,-3.059995778303199,0.37228459936623404,0
5,40,586,3.2064285184342265,0.26600965855680747,0,5.194987423914496,0.07252273231890113,0
5,40,587,5.506397374321906,0.02995892859782073,1,2.625521878959685,0.33537491473214665,0
5,40,588,-0.47311669150502006,0.8885899914507757,0,-2.0776853490284837,0.4867260996864704,0
5,40,589,7.18867524390394,0.05945245367357602,0,3.1999499404965555,0.26803393900341854,0
5,40,590,4.618375892146707,0.19001851932922378,0,-3.109968145985781,0.28720319818772455,0
5,40,591,12.416017876950654,3.167197109231874e-5,1,-1.947850473614519,0.5269469226873065,0
5,40,592,5.499591103234609,0.07385292647951688,0,0.1987297065214098,0.9484503141069314,0
5,40,593,5.487819740156415,0.09434624805018035,0,0.11122681151242744,0.9706370748522043,0
5,40,594,13.122609532416602,1.0617709039303345e-4,1,-0.20994587387920752,0.9352252964486254,0
5,40,595,6.4979053264633535,0.02848546479777857,1,1.1363841956074472,0.7260452857122397,0
5,40,596,7.801190962101224,0.015435084418096313,1,4.827165926004855,0.14648919396987828,0
5,40,597,2.4949939926487636,0.3965712349717684,0,1.3175569903860584,0.6553213553400205,0
5,40,598,4.120020784137889,0.1523328455591488,0,-1.5519821851888462,0.5721931830643447,0
5,40,599,8.675825679909547,0.010314231607906647,1,1.7224967567162086,0.5716683733605616,0
5,40,600,2.1678363064112607,0.5044390627516672,0,-0.6754155216724156,0.8457803762587555,0
5,40,601,9.721634822618062,0.0019022698457721065,1,-2.3923597247012,0.5002701493058077,0
5,40,602,5.313723911881064,0.07221423086373141,0,-1.7064569209718337,0.48881979698443845,0
5,40,603,3.739970341132858,0.22316479591855748,0,-1.321283173322863,0.6451929953840354,0
5,40,604,12.155815835510607,9.039725881837494e-4,1,-2.7900801350924453,0.3769284230500499,0
5,40,605,5.803777770390852,0.10048832518538882,0,3.1975184527363703,0.29657962869278875,0
5,40,606,3.462863045443889,0.23644889051871842,0,0.2244724329110947,0.9453029725402012,0
5,40,607,1.609923602405082,0.5599107748011976,0,-7.601591655148697,0.026376226326112306,1
5,40,608,5.877459966853844,0.08816999937557717,0,1.05670012226316,0.7132119786220672,0
5,40,609,2.4221876933665287,0.49426265892516874,0,-5.137967695421743,0.0824251726286336,0
5,40,610,-1.4957883914103,0.6923436272639412,0,-3.784928830040288,0.2940908923875434,0
5,40,611,5.520226507227698,0.1522750644662217,0,0.8924195027911553,0.7280485358412246,0
5,40,612,7.748488150408767,0.054726527996493676,0,0.906513381079836,0.7425777784704881,0
5,40,613,-2.4988364018518627,0.4615971279877138,0,0.0619980416860833,0.9864548561163369,0
5,40,614,1.8167249126534337,0.6482917147028886,0,-7.130753392568413,0.028126066482183507,1
5,40,615,1.9266258866501529,0.5152144966344636,0,0.5152176187974498,0.8838577688487071,0
5,40,616,0.3080824574534526,0.9065975665828956,0,-3.1201277478374134,0.3928906886155359,0
5,40,617,6.510857249754916,0.038557830140010074,1,-0.03088392384699865,0.9922743870071937,0
5,40,618,4.78616929262855,0.09643659706986663,0,-1.9173607446897019,0.5186206721409283,0
5,40,619,4.534348048033726,0.22738066420126082,0,-0.3359917417787383,0.9050413929475635,0
5,40,620,6.354231853338928,0.07936909411483423,0,5.276727912928226,0.15330991997298474,0
5,40,621,5.427585572732943,0.08553865471482605,0,0.9238482950464791,0.7155764325375764,0
5,40,622,2.320779626684956,0.4993989729916696,0,-4.65362268679216,0.1997244290062146,0
5,40,623,9.131628080926909,0.009687621723714792,1,-0.9794915092249504,0.7152534586767373,0
5,40,624,6.0210348849778486,0.06542477920994615,0,-4.596631306661298,0.13195261298756925,0
5,40,625,4.907902338928028,0.0747000968486332,0,1.3236060614742426,0.6360264694781197,0
5,40,626,10.802212047183788,0.0021679646761322336,1,-1.7281522903146083,0.6267723922030248,0
5,40,627,10.704771242447624,0.00142821662504015,1,1.0339063312646184,0.7624486444205345,0
5,40,628,2.3675362446800947,0.5383043453751849,0,-1.3513506051058282,0.5936455453255371,0
5,40,629,5.311067269529158,0.05778332993401802,0,-1.8720832881420357,0.5597195039153011,0
5,40,630,9.928425701479764,0.004624458334060811,1,2.566604419843502,0.4680244296115027,0
5,40,631,7.523767489567379,0.033474051225086045,1,2.6615300904530224,0.420539302005128,0
5,40,632,2.988452749414202,0.2133688814351167,0,2.5451084182285784,0.5460631485891703,0
5,40,633,6.181595598659474,0.09459040855970414,0,1.8715458630896877,0.5339549191813058,0
5,40,634,-1.6112023543634941,0.6196604161111923,0,-2.4471520002224634,0.53336269674611,0
5,40,635,4.702576266550642,0.031791957961384065,1,1.2736739283238765,0.6794155955804606,0
5,40,636,2.9188073572279536,0.3626984071157887,0,1.8352507627322028,0.5732641849217861,0
5,40,637,3.695226882379505,0.1920999403569244,0,8.921168266207594,0.005808673695509681,1
5,40,638,4.564231670253784,0.14117897015478617,0,0.6545372823792458,0.8382996340010018,0
5,40,639,2.0090771877517692,0.5062570141357348,0,1.3424209429774343,0.671425924127341,0
5,40,640,3.6809460624637014,0.23410514753518982,0,-4.790427679962389,0.1487298057148752,0
5,40,641,3.7492464810978245,0.30091420854379736,0,-0.19303701446611896,0.9443221730516427,0
5,40,642,3.73534562980533,0.27844598774586055,0,-1.8802211765577224,0.607563141455825,0
5,40,643,8.621265236785279,0.015239316884852933,1,-4.4056909036458975,0.20071014363575423,0
5,40,644,2.6544990523714973,0.3716446321455037,0,-2.0414975272064884,0.3977414420838895,0
5,40,645,9.747695272094173,9.961499560010138e-4,1,-0.267201818119116,0.9401000733647502,0
5,40,646,6.3433592094991225,0.048065297244177116,1,1.5463011887110798,0.641085695778423,0
5,40,647,6.0983860148395275,0.018522630432866928,1,-1.2393681603191031,0.6405027872081133,0
5,40,648,1.2655667591349689,0.7060895766288096,0,-0.831118752009937,0.7755148749956864,0
5,40,649,6.625580816663204,0.03943765206927868,1,1.1515774929929685,0.7029691512415952,0
5,40,650,3.350052837950609,0.33117880550483614,0,-1.8071539075123608,0.5572145365299435,0
5,40,651,1.9328335850323544,0.5163704587831195,0,-0.5334740652347525,0.872133928152934,0
5,40,652,2.1326161340092327,0.5002506947602738,0,2.057841877896064,0.4530554495489971,0
5,40,653,5.513468325840231,0.0702357878133244,0,2.119758116414896,0.42111220262514837,0
5,40,654,3.8056040865530427,0.1594333728735746,0,0.9382878373259701,0.7777998786254535,0
5,40,655,3.026911245501477,0.30633006168367016,0,3.192985011166147,0.3729091118927601,0
5,40,656,2.689584571263981,0.4790040413350892,0,1.3937251368415615,0.6900369272953468,0
5,40,657,2.3879036615305687,0.503513135309671,0,-2.6223157752605872,0.37967928942339546,0
5,40,658,0.5549798887903957,0.8532696198066125,0,2.5834895456843574,0.4206505870438567,0
5,40,659,7.511308152976301,0.023957837951281494,1,-4.522421952220517,0.17222633769469428,0
5,40,660,7.576178687550635,0.03764509726794622,1,-3.5732041636956597,0.2189281516661845,0
5,40,661,4.1488493456807625,0.16536010269809068,0,4.908968488688501,0.09108300801550993,0
5,40,662,0.5051766802137847,0.8864722894440715,0,1.6449619112103597,0.6026041212313347,0
5,40,663,5.409343824968598,0.13215380589332304,0,1.5246776129891662,0.6084475154625035,0
5,40,664,7.473533082822047,0.026482657032550122,1,1.3856880670300291,0.6330996009562235,0
5,40,665,6.505166144240886,0.07962394525650303,0,-1.9118478064415634,0.5936149593179785,0
5,40,666,3.807842891069959,0.08362457886080915,0,2.923443850678584,0.37471313280409424,0
5,40,667,2.2468645551336093,0.441554549194326,0,-1.8282632271524804,0.5826378616464727,0
5,40,668,7.024230664563835,0.022799459592380333,1,1.9686890692916266,0.5110669044003971,0
5,40,669,8.08760716347422,0.010321609695573084,1,2.6606152611416887,0.3505602524126342,0
5,40,670,3.3029137292537576,0.30483439956097674,0,-6.0363345364382655,0.08233162536590344,0
5,40,671,3.9180143117758974,0.17538363460557027,0,-2.4174192848264013,0.39712092992556114,0
5,40,672,5.561476641111666,0.09815212384464157,0,-3.3101985197312684,0.3225082458766291,0
5,40,673,5.079958649721404,0.12021416612227234,0,1.0252803952554819,0.7299596642679693,0
5,40,674,9.429857632121411,0.005289879491917887,1,0.2973822076776068,0.9312711574021435,0
5,40,675,-0.025282637534433675,0.9936588437637897,0,2.927488783334093,0.3376102519096347,0
5,40,676,3.392669170433615,0.26063726951655686,0,3.312900909333421,0.2721104847015487,0
5,40,677,4.893556046658635,0.09015261837552588,0,-1.1955098055637272,0.7386199919299639,0
5,40,678,8.177977122784625,0.007618625921588164,1,-0.03572026874786443,0.9911049224386949,0
5,40,679,7.114780496472936,0.046983034704278545,1,3.100454788364707,0.3249009209711228,0
5,40,680,5.215373293210763,0.0725802711427328,0,-4.199076473969106,0.1454636951549495,0
5,40,681,3.719902097061121,0.26703469119074796,0,4.004830672260672,0.2552356565745045,0
5,40,682,2.8917073031077987,0.31717970104466314,0,0.28018035585324663,0.9290515068314309,0
5,40,683,5.88689704965748,0.11410060396149442,0,1.4720497025289754,0.6752511956625113,0
5,40,684,4.6003261940177405,0.1282803296786355,0,-4.550152427450481,0.14764922039374326,0
5,40,685,4.441689555677491,0.15593740058077227,0,-0.028181369935427813,0.9922491334682787,0
5,40,686,3.104188821092347,0.3900319869774157,0,5.448471517912426,0.14680676752225091,0
5,40,687,4.272124324029058,0.24322937120783059,0,4.19893376574648,0.2138489682400284,0
5,40,688,1.7674002316931223,0.5171500228239688,0,0.4368009549720041,0.8655594779707623,0
5,40,689,4.415807315562769,0.13989071858590565,0,-3.579901691042912,0.11682336370691693,0
5,40,690,4.062537461261486,0.22958577177812628,0,-3.2787410309575065,0.3337233391171822,0
5,40,691,6.031634504196561,0.1616939131972133,0,-6.264983343372407,0.04123965767623659,1
5,40,692,8.394773499185755,0.015753564820275293,1,-1.1919490661133905,0.688272125926569,0
5,40,693,11.307557474605847,0.004688546040356372,1,0.8879402996013813,0.7862022438717899,0
5,40,694,6.675933008451053,0.031296490535164645,1,-3.24493057956866,0.3649748173245959,0
5,40,695,4.733062757780693,0.11456082578810568,0,-1.688638264770801,0.5922326585162714,0
5,40,696,2.1720594446437906,0.4875026727430082,0,-5.443556817368302,0.09474052473533129,0
5,40,697,3.4874689276257347,0.28945842002794364,0,3.3428467908726174,0.2813642363149061,0
5,40,698,6.259231810702912,0.036150816489163344,1,3.3417547807149157,0.24846109168603048,0
5,40,699,8.712671785268746,0.019814883806068856,1,-2.5127033310178093,0.42641939514120875,0
5,40,700,6.975824335530969,0.025280573991036705,1,-3.1129919054790367,0.3187108171751092,0
5,40,701,2.4891486686230953,0.43115367615369826,0,-1.9371853522643607,0.5000693044077289,0
5,40,702,0.843878048937113,0.7911728742586231,0,4.907440996982531,0.08362929064337406,0
5,40,703,2.8217810605442852,0.31821173705713063,0,1.293272201995712,0.6872192532567458,0
5,40,704,6.531628640183171,0.01317344375274566,1,-2.1886327578518525,0.5948862465651994,0
5,40,705,8.218008505106772,0.011072421836949918,1,-3.7550332626438974,0.23564921667329206,0
5,40,706,3.001951506626277,0.3861565230205867,0,1.9391884955687224,0.5144102309578849,0
5,40,707,1.8696042944295617,0.5554834968639625,0,-6.786308849598239,0.0537105921645493,0
5,40,708,5.531263745335107,0.10544222057660484,0,-2.280395121192444,0.36487105410372955,0
5,40,709,-0.5421470311367503,0.8891186668017839,0,-4.479219737441391,0.24778416536521708,0
5,40,710,4.469139759674481,0.1692644641884602,0,-5.770625630964071,0.09190100763915642,0
5,40,711,5.504005799807282,0.06278911483796694,0,2.966775789503853,0.3629495987083493,0
5,40,712,8.470719675749232,0.0020380255767110966,1,1.8334834495489645,0.6245372440559684,0
5,40,713,0.9794915001653675,0.7369583754231535,0,-4.665018209158638,0.17030024369709204,0
5,40,714,5.583658137562786,0.07583777027442455,0,-1.1125800539119475,0.693201899542443,0
5,40,715,9.189406440553464,0.0021433791261876185,1,0.3357261257006372,0.9213998706277884,0
5,40,716,6.959443251851734,0.049680126496898784,1,-4.3006833641793705,0.13527660130457148,0
5,40,717,-0.09312817334778542,0.975669423265672,0,2.988971641586734,0.2467777154985277,0
5,40,718,3.215908701600264,0.40588776017583106,0,1.9816450104209429,0.5176502289981728,0
5,40,719,11.954746817970467,5.566215154259028e-4,1,4.590502515105977,0.06690447357876599,0
5,40,720,1.5011718012390076,0.5825170986909416,0,-1.5230826011312102,0.6005554811917735,0
5,40,721,-1.4582018795918166,0.605554653311948,0,1.564688337905757,0.6000942957924107,0
5,40,722,8.456853271674376,0.012608062577332324,1,-0.020716367639155985,0.9934913425988015,0
5,40,723,6.507554248602744,0.02637407909940563,1,-4.9751537373747174,0.11024448161178466,0
5,40,724,5.641228279867022,0.14840064827403096,0,8.163398125691975,0.029497541701112795,1
5,40,725,7.5122675294361025,0.02492293163984678,1,-0.17071603051738873,0.9512817947331074,0
5,40,726,2.6936610124541036,0.3920832346264974,0,-5.162327829961828,0.07506317264095223,0
5,40,727,6.082829818600271,0.05914042510985218,0,2.9897107097163795,0.2961693578873967,0
5,40,728,5.706298141291698,0.07100963835958322,0,1.691415776382676,0.5356138455647861,0
5,40,729,7.075550774563224,0.07207913902734726,0,-1.244098164041616,0.6798325938571151,0
5,40,730,2.047008522295929,0.5582706146343053,0,-1.162768808198724,0.7353560825593072,0
5,40,731,7.375729803160305,0.008218350268904048,1,2.365204860856434,0.383605369490701,0
5,40,732,0.3012307147519694,0.9259774222415924,0,-6.46870291507439,0.0703657171508274,0
5,40,733,2.829082810144769,0.4154025015624093,0,-0.0503380978402312,0.9878267284479675,0
5,40,734,7.8522416887820405,0.012414366504817738,1,2.9482054487257914,0.4116937075078023,0
5,40,735,4.360188349448154,0.18962281395784236,0,0.4383943041488912,0.8661073341360037,0
5,40,736,9.532615269030522,1.4103403173602877e-4,1,1.9592881797365527,0.4904241776086673,0
5,40,737,7.503950985845915,0.014289975061318214,1,-0.3230887332566302,0.9077346614113995,0
5,40,738,3.145022825169947,0.2514530675419114,0,6.016875447822801,0.041820795294664176,1
5,40,739,0.9672419428091524,0.770882628305075,0,-2.81184054019043,0.4274406916315897,0
5,40,740,4.287341595521019,0.21304037230413228,0,-2.747908215161144,0.28761720779438604,0
5,40,741,4.280871334357066,0.18915421225155227,0,3.4721055843868696,0.22109043135731965,0
5,40,742,1.8578453701250524,0.55324290199403,0,-0.4556115570931646,0.9004911109241879,0
5,40,743,5.6577790522242655,0.1166627700503459,0,-1.3951393549744746,0.6222143279339623,0
5,40,744,0.8506010461092897,0.7762888864068564,0,-0.38559507343233396,0.9065870636842639,0
5,40,745,4.246171156468033,0.1260790202377164,0,-3.8864637502837414,0.17314290512584893,0
5,40,746,5.792132226377194,0.05874718930889897,0,-1.3713678422680307,0.6021439257453808,0
5,40,747,6.725697972193791,0.0479921097228406,1,2.264042783890712,0.45922987022845096,0
5,40,748,7.655510962515843,0.009522331958694109,1,-4.11908813419051,0.23825369720025846,0
5,40,749,3.008597279479573,0.3107026523886428,0,3.179681032266386,0.26762584660503835,0
5,40,750,2.2672322386859483,0.47170777761435156,0,-0.058344602490405906,0.9863128252194541,0
5,40,751,4.630692412429613,0.1745515061141287,0,-0.9866190958567702,0.7507360680128523,0
5,40,752,6.6859750448918245,0.021520263288481403,1,-1.8283726714889805,0.6479904252073541,0
5,40,753,2.3212370177835555,0.5035162150682513,0,-1.8392168950633765,0.5496944501782481,0
5,40,754,1.6355954430259882,0.5571388961916379,0,-2.9492880885635024,0.363130985010906,0
5,40,755,2.276349886189951,0.4638039401736509,0,2.9799129157307953,0.22965926097166392,0
5,40,756,2.192779493877125,0.4367311581252916,0,1.7698725889352322,0.5180708893472782,0
5,40,757,3.3397670223180387,0.34632242191325757,0,-5.100817445733785,0.10754167220733099,0
5,40,758,2.227366446171309,0.5219502939379846,0,6.498340171690297,0.0206137051798785,1
5,40,759,4.41077269616606,0.10102975879216235,0,3.338206204011692,0.30830863181218265,0
5,40,760,5.3251579436844,0.06379606562478696,0,6.88358544525928,0.04190876234366644,1
5,40,761,3.271993154505804,0.1961848448391962,0,-2.030792921365526,0.449030818243662,0
5,40,762,4.76420154124871,0.1864538848297379,0,-3.89077458878328,0.23444762495854835,0
5,40,763,6.820369704595635,0.009909022315684335,1,5.034434048079372,0.08809436964325983,0
5,40,764,5.495103865087339,0.08976561167140601,0,0.5921752219555857,0.8296998687521887,0
5,40,765,1.1343980918780268,0.7457570083412484,0,-3.549915011828573,0.188284259237364,0
5,40,766,7.297683706642408,0.023682411868298427,1,-0.05236302135620799,0.9874447405512694,0
5,40,767,5.829793551402234,0.0650638725934165,0,4.08247848950468,0.15318847051291182,0
5,40,768,9.075851692630728,0.012035880641567532,1,4.597015661853044,0.19227913961348012,0
5,40,769,8.70158099374772,0.006057872817310847,1,-3.7566497451655083,0.25444197272408364,0
5,40,770,2.6245483444270783,0.4008871131170114,0,-5.139370344019785,0.12579513734709574,0
5,40,771,2.6811935911707825,0.3271798489271426,0,-5.073245189645434,0.11295588521885547,0
5,40,772,8.641139481203366,0.004585695592251309,1,-2.99518129680601,0.3451340925544283,0
5,40,773,-0.7024420676401711,0.7753841031173686,0,2.0144032246993033,0.5405545435576331,0
5,40,774,3.5619656442983594,0.23792572132998532,0,-2.694884057410183,0.3617735720271177,0
5,40,775,5.555854780247323,0.07522060171877591,0,-2.477313080638553,0.4000604570379873,0
5,40,776,7.570214740749974,0.011519832955556036,1,-2.075051544002083,0.5223080705660152,0
5,40,777,2.9476323694895736,0.36030576650883805,0,-3.5433726216674186,0.30154867910668626,0
5,40,778,6.383191840474391,0.04221705119472051,1,4.011354465993459,0.13784289300620095,0
5,40,779,10.37204177486983,0.003796950218972898,1,-3.271036708484107,0.3348835320704542,0
5,40,780,1.3981473192554599,0.678716582655194,0,1.8526718471120187,0.5969828992030248,0
5,40,781,5.206018704081004,0.10781096650035174,0,-0.20564983457864747,0.9464433486762229,0
5,40,782,0.3815611364774559,0.9017718410313158,0,-1.661993615134097,0.6786330570827157,0
5,40,783,5.581703310923262,0.06638811683948469,0,1.1299343266881854,0.6883684340926446,0
5,40,784,10.23941906386337,8.197893382820431e-4,1,0.5115916135538684,0.8685941382933295,0
5,40,785,8.386459956776777,0.005197032956264379,1,1.9604632463799208,0.5689626751749872,0
5,40,786,3.5305405542814423,0.2152379067622658,0,2.9729304808287553,0.23981865279786474,0
5,40,787,8.674700400532116,0.0028855664117477383,1,4.474007357557234,0.21516745294536704,0
5,40,788,6.710484961214387,0.05473851438249504,0,-1.5641140841003227,0.6057639601197924,0
5,40,789,1.4449506525824074,0.6162517558925716,0,0.5625580637496003,0.8715024293260035,0
5,40,790,0.15409762921141693,0.9615117111539828,0,1.056812387411213,0.7127657005026666,0
5,40,791,3.647118092035866,0.24722578850003907,0,-2.322819708175067,0.45430565467165307,0
5,40,792,7.4935646133197125,0.021790671822127294,1,-0.3281799148411067,0.9196886790293124,0
5,40,793,3.4789847766140714,0.2660501033867837,0,1.5107839039451383,0.6399609627668239,0
5,40,794,0.8381740894591284,0.7994854356145924,0,-0.5048115821487151,0.8529778388511744,0
5,40,795,6.954649468034345,0.023863873213741643,1,-4.489386749894883,0.18493179850713184,0
5,40,796,3.675973821445859,0.17264849361666343,0,-3.3080579042642175,0.39511893185487523,0
5,40,797,12.837073505787238,7.855153414708111e-5,1,-2.2351890095742326,0.4934189984355146,0
5,40,798,7.21140414103993,0.06510924965557484,0,-0.1436518237869558,0.9602996745687543,0
5,40,799,1.2726042095643926,0.7332055598179035,0,3.097897130820603,0.3133544683632769,0
5,40,800,7.89999488715915,0.026464869129705075,1,-1.0896064270080086,0.7572186704887587,0
5,40,801,8.376846529471939,0.013478119102537862,1,-1.1830009512105146,0.6787754613898558,0
5,40,802,4.50147261147365,0.10650187436115614,0,-2.9466115092331475,0.3861021538501569,0
5,40,803,1.150036612365001,0.6901722665508921,0,-1.997759189290107,0.4618787886200396,0
5,40,804,-0.17303897511597394,0.9521734365388795,0,3.360280317225344,0.2508201314732807,0
5,40,805,4.466937065438748,0.1550445215376572,0,0.8575208370988823,0.8128845567937067,0
5,40,806,3.51237916371062,0.2550809434152041,0,10.097674690250885,4.0766362120355366e-4,1
5,40,807,7.448630863324934,0.011995834353405841,1,-2.8107626216646744,0.3503874721844673,0
5,40,808,11.751184757852455,0.001168567176395859,1,3.4999508688516965,0.29953959263111823,0
5,40,809,4.870509639670266,0.11442387661848462,0,-1.8945068849652325,0.5795969310011412,0
5,40,810,9.595466234085388,0.0035182559594469556,1,2.9157053707412812,0.38411765266536757,0
5,40,811,6.071346871282564,0.05963452025138003,0,4.003818571821861,0.18169420487196494,0
5,40,812,1.9953837037742121,0.5122257519602755,0,-5.50709261832805,0.1354817650007737,0
5,40,813,2.1609846913012256,0.4854163352313219,0,0.3504739353393306,0.9172941741073364,0
5,40,814,2.1568225030206976,0.4488535886414464,0,0.013198880009919034,0.9962398270171374,0
5,40,815,6.699741824149833,0.018552266278271487,1,1.0327058226464647,0.7806105301648028,0
5,40,816,4.483407922188685,0.057273846317370376,0,6.663934568367074,0.013212997346922283,1
5,40,817,4.312943396428021,0.2424136755820224,0,2.1014200976415327,0.47497141738380233,0
5,40,818,2.994853779225216,0.42281812918942097,0,-0.16506161646727274,0.9610160944164716,0
5,40,819,1.5022940553043211,0.51638263945381,0,-4.184890014546724,0.14037547089513247,0
5,40,820,5.669163661385964,0.03938271014714659,1,-1.652883358671828,0.5620716918028834,0
5,40,821,9.1082146970379,0.005593615078164714,1,0.3619040419388188,0.9160979481581293,0
5,40,822,8.203540439175436,0.02415187429209175,1,0.4321925813870347,0.8880111932908055,0
5,40,823,4.521747484995596,0.20647074924401557,0,-0.39155899218399726,0.9045166749560221,0
5,40,824,5.04222907098721,0.12063008285658137,0,0.3230862969730071,0.9038091725958277,0
5,40,825,4.637871139690129,0.1297094001445409,0,3.021631115715384,0.3097864732983278,0
5,40,826,2.511074695607887,0.3624344947856678,0,-1.5872148017811105,0.6017054355541092,0
5,40,827,4.635301035509347,0.1560215311059061,0,-0.06972469008080377,0.9835175214607443,0
5,40,828,4.660386602439365,0.09381827962728553,0,1.9682391698214654,0.5649977990112234,0
5,40,829,5.37879877993434,0.10865178759883179,0,2.3205432740734167,0.34787364841446755,0
5,40,830,5.038374732811221,0.08473583526484021,0,-0.6017603810038203,0.8768574835882765,0
5,40,831,3.515384687056332,0.19363939058763555,0,-0.2565228368451628,0.9299833471168453,0
5,40,832,4.807293637372399,0.12023600489492708,0,-1.0690784018538078,0.6986871501604714,0
5,40,833,4.005068542542085,0.2656539107991563,0,1.441110066050838,0.591903434276747,0
5,40,834,6.154359674987996,0.04397765620975607,1,6.083057006210609,0.09126701080202247,0
5,40,835,2.524398142065063,0.40843079378643754,0,-3.2374430224485584,0.4039154913658609,0
5,40,836,9.279573417485208,0.0013280463631426332,1,-2.2031516401284303,0.37967226902996365,0
5,40,837,1.6025334691847133,0.626515311605738,0,3.422494312129517,0.3347636753432508,0
5,40,838,-0.2820708607906419,0.9128577655716607,0,-2.0512516458015515,0.47264104273989826,0
5,40,839,4.528955923425673,0.17011183768612592,0,-2.2529629239800593,0.5474293481601444,0
5,40,840,5.774182290873706,0.06949330522812791,0,-3.237025059184529,0.30123690095194594,0
5,40,841,2.3715915165814923,0.4585710314776208,0,4.524504899260674,0.0667153303106135,0
5,40,842,12.267637326608273,2.288754172795329e-4,1,-3.7502688792731322,0.27625105071579953,0
5,40,843,8.748674515591237,0.007848241584275318,1,-0.03244897175317619,0.9917785456439974,0
5,40,844,2.5338997476150773,0.5056179004040624,0,4.082054053120575,0.132511194399895,0
5,40,845,5.283216138864002,0.1276125096863454,0,6.007279777659484,0.052635673034057785,0
5,40,846,9.243364159178672,0.014443723494765,1,0.2408529299774614,0.9309415540002017,0
5,40,847,2.502844671129216,0.43575405473242435,0,3.577980255592622,0.29080152470606363,0
5,40,848,6.137648613872295,0.03504678781082085,1,-0.18939343564666147,0.9530186028206282,0
5,40,849,9.266724448248938,0.007992163460637242,1,0.4041342206326968,0.8911481263561951,0
5,40,850,9.997364125964927,4.5609594866924684e-4,1,1.8606725687145498,0.4224833557483927,0
5,40,851,8.64871585589618,0.005069555102113479,1,-1.0864392182357847,0.7197020505507973,0
5,40,852,1.5138547803872622,0.645036661912614,0,-3.3358344488799725,0.2508610414197589,0
5,40,853,7.028330037945548,0.023883997071845277,1,-4.263889473411179,0.1649200143428423,0
5,40,854,7.779765681608284,0.0030236414543719993,1,3.610339114687241,0.25662978225746935,0
5,40,855,8.982549946791567,0.003702439750353246,1,-0.4964003444068401,0.8471068924074778,0
5,40,856,7.759049896707834,0.02253676650705426,1,2.7335798889462337,0.3947247204075196,0
5,40,857,6.1208622176092495,0.08561348098874273,0,-1.2854750916202815,0.6792124622155677,0
5,40,858,5.989787039168476,0.04525865850079303,1,2.9175430849525177,0.40341707359419476,0
5,40,859,9.275954780484788,0.0067793827983725725,1,-1.0912400923650665,0.732552789730806,0
5,40,860,2.7237100688899,0.30105907786260605,0,4.764867401486284,0.1842864367424105,0
5,40,861,1.738287883761058,0.6275827104893872,0,1.3086986707457182,0.6936949557897985,0
5,40,862,6.897898506749665,0.0652286890936188,0,3.1088646843008276,0.35359461572422446,0
5,40,863,4.7749730259981815,0.1800184211869102,0,3.6091099014764363,0.17319100934739867,0
5,40,864,8.832941741634336,0.006352660136728923,1,-0.671064325320459,0.817119526693295,0
5,40,865,1.9680124381730553,0.5503315253566047,0,2.0931079534897052,0.4744480970852869,0
5,40,866,5.044188028361121,0.06969514786118898,0,-0.7707840155182019,0.781915140428826,0
5,40,867,2.5267951205560055,0.39731777215268615,0,-1.1176425623675097,0.7166917958031815,0
5,40,868,1.366763820590135,0.6803454001991704,0,8.651755252192325,0.014924435990784338,1
5,40,869,12.832698598800357,1.3362588822675182e-4,1,2.1091160622623657,0.4624922508992908,0
5,40,870,5.347928731275867,0.12247868577418752,0,-5.8786438375387835,0.0333183973828397,1
5,40,871,9.84777043173469,0.007817051445677249,1,2.183261236828209,0.4997189498075656,0
5,40,872,8.676586934001715,0.01902833015307458,1,0.4961987685734274,0.8804958553324537,0
5,40,873,7.4674635130019995,0.01434796190735664,1,1.1261327373857095,0.6946511721164492,0
5,40,874,7.875940883279167,0.007542807118676796,1,-3.5986620693135767,0.23837468761661326,0
5,40,875,6.987494667086486,0.06325146373703842,0,1.4594982556106983,0.6680704381905751,0
5,40,876,5.563761318580016,0.14305550526472655,0,-1.414378899971704,0.679169506704837,0
5,40,877,4.521545356883888,0.09924976019163333,0,1.6990022224605466,0.5832301417698129,0
5,40,878,6.590223664574159,0.030986092809456828,1,6.688659068169139,0.03770239776528525,1
5,40,879,5.701669425062818,0.10648574567976497,0,-2.02516235650957,0.5399024113725711,0
5,40,880,-2.390995986532994,0.4749159687606792,0,3.6133925850745703,0.23439289879930947,0
5,40,881,5.783806200112615,0.05563658393440292,0,-0.20665414098257592,0.9475567367558089,0
5,40,882,9.201116888097687,0.008303540877083541,1,2.0987307749136153,0.47104193976567676,0
5,40,883,8.222549428288811,0.046837266378904584,1,-1.172130557023384,0.6768542531144652,0
5,40,884,2.163811008621695,0.5375952264061196,0,-3.420493750801006,0.3317064681063926,0
5,40,885,3.035129984162163,0.4085975616557036,0,3.106766876987814,0.3171460531778853,0
5,40,886,0.5199831446385265,0.8713045864899271,0,-1.732220083497707,0.5778446080482841,0
5,40,887,0.9611330595750073,0.7723428748282324,0,-0.1329927958339944,0.9655781444120779,0
5,40,888,9.11408879870451,0.0027533499277449442,1,0.40883702406742345,0.8968338082700563,0
5,40,889,5.1827651529960415,0.15429132312671617,0,0.10218446741525912,0.972986243562655,0
5,40,890,4.768926821391857,0.17153067575341197,0,-3.0902772936183487,0.3295167555144999,0
5,40,891,4.908680552370453,0.05764881477335997,0,2.707723156940209,0.3620808393324413,0
5,40,892,5.961629444039626,0.04891926224714892,1,-5.395466695032147,0.09389996406635433,0
5,40,893,4.529413177202087,0.1769416164726452,0,0.3255129868548638,0.9252568326783808,0
5,40,894,4.575536738053424,0.20117533150683511,0,2.500118808447004,0.47224279047439355,0
5,40,895,3.635560044845891,0.3621862821540923,0,5.756897473310696,0.11417779532737686,0
5,40,896,5.981111098950259,0.0737368799294549,0,1.6507870057324259,0.627538181648384,0
5,40,897,5.008031914327155,0.15720989443526498,0,-4.199641250050653,0.18103687615335784,0
5,40,898,10.80983280778335,0.0047098897839579655,1,0.24636479798196997,0.9384555543001117,0
5,40,899,0.5441633963377648,0.8631738427383395,0,-3.292481210809922,0.2978802661286277,0
5,40,900,3.4181655299805946,0.29306125175535847,0,1.8842630187080691,0.5593105935732823,0
5,40,901,-1.87919614894833,0.5148512274017268,0,-2.207934120615141,0.5033081223371232,0
5,40,902,10.069528212171726,0.002009346824668428,1,-0.45788949597783485,0.8818576712856349,0
5,40,903,3.2929866771861382,0.2747769898135917,0,0.8627141323295997,0.7892009884282276,0
5,40,904,3.065332693521158,0.36915028139654626,0,0.9441743338720318,0.7575283031940026,0
5,40,905,1.046228917607196,0.7573322306750553,0,-2.695453082975285,0.3306576824458778,0
5,40,906,2.2119652745896365,0.5156038487955978,0,-4.9979484783529715,0.15644996825090537,0
5,40,907,8.428269057835438,0.00944323546240224,1,-1.7871268447220239,0.5979919912604826,0
5,40,908,7.67900352583841,0.025977274534025166,1,5.165160523788112,0.11037059730410845,0
5,40,909,6.1154141210092865,0.10022820814435875,0,-2.27615248203941,0.47873275790463166,0
5,40,910,1.901150546011582,0.5068577222533988,0,-0.8492847919439673,0.7967994717369167,0
5,40,911,9.411609502329558,0.002429797029129939,1,4.4152209486182565,0.174329896708489,0
5,40,912,6.304842037324314,0.0839197311994336,0,5.354461039873015,0.0913966492052655,0
5,40,913,-0.3669249452498466,0.9096349578211214,0,-1.3927572774831594,0.7099451680117628,0
5,40,914,10.77367186009238,7.063386154614195e-4,1,1.5703821556000288,0.5879795587228629,0
5,40,915,6.538971140607864,0.05996665455955975,0,2.2524335767599246,0.39540911735539785,0
5,40,916,10.854212467797042,0.00051630534407626715,1,1.7001899364129334,0.5550660725773225,0
5,40,917,3.2414557117227654,0.2493581295518453,0,-3.1835005694650578,0.3418344967521565,0
5,40,918,-0.06669027382503522,0.9836156365802385,0,2.4092898329378167,0.5151676473555065,0
5,40,919,1.49819068335609,0.6144996789756705,0,-3.903015329648482,0.14259774561411112,0
5,40,920,6.312154006671151,0.031527453050218195,1,-0.33392596431621263,0.9207373020934331,0
5,40,921,9.75720941263936,0.006334448403003778,1,1.0998998086534986,0.7497966483239897,0
5,40,922,1.9979618248837507,0.46289809001366855,0,0.7437281737576106,0.8359099718282441,0
5,40,923,11.634978232875808,0.0010856572151790218,1,-1.4962580437006425,0.6363493513151407,0
5,40,924,11.225357933551381,0.0019229511903814363,1,2.0065327073979864,0.49780548276233194,0
5,40,925,9.799710772456189,0.002634280844097318,1,1.3924262359566535,0.6091297361535349,0
5,40,926,6.193814583883029,0.06340515534408532,0,4.033804837593851,0.0980289960814722,0
5,40,927,0.25606360793822003,0.9331529661639687,0,3.461418625720675,0.2336021643556279,0
5,40,928,2.330033648240423,0.4725441703811234,0,-1.2956921094963667,0.7589143058851517,0
5,40,929,7.535947939340383,0.0013582094228390075,1,-1.9662303853943475,0.5812352439197992,0
5,40,930,5.4131125205154476,0.10927213523353412,0,-4.976315384799805,0.12511359280489193,0
5,40,931,0.16358222800037964,0.9623936538723223,0,3.114554776863566,0.4311916432595396,0
5,40,932,5.024338151995839,0.19228875418042743,0,2.896682817915338,0.4410420025428645,0
5,40,933,5.541274097386022,0.09588625173391653,0,-3.784580610834273,0.20233978636382471,0
5,40,934,8.29895962564095,0.023588633094569874,1,5.567078981249213,0.1269809115447422,0
5,40,935,5.2732529714296055,0.11755002004581531,0,3.2108753958069327,0.3235775688657484,0
5,40,936,9.880226273529859,0.0016728234836446186,1,-4.448359746071879,0.08099750727008954,0
5,40,937,4.08150921839986,0.24253848689276464,0,4.70544836714799,0.09502848627332597,0
5,40,938,3.978623946746812,0.225049277016122,0,-1.3736907101467073,0.6794505051447206,0
5,40,939,8.450339871033231,0.017703285749790378,1,-0.6863582002501879,0.812201933783803,0
5,40,940,1.1727002643850761,0.7492205450157672,0,-0.8391209120118522,0.7786237159594726,0
5,40,941,10.271134073335675,0.002277926599150054,1,2.0625481916058037,0.5284004371211213,0
5,40,942,4.798659429278131,0.09785531425124429,0,-4.701158518588888,0.13738116886667628,0
5,40,943,8.42740286917621,0.001438358179865463,1,0.21694155655689842,0.9483244408422897,0
5,40,944,6.588809768225759,0.02130466944285591,1,-1.4164961605002508,0.6340446307076361,0
5,40,945,5.216632554600476,0.10187607958420265,0,2.559029299073448,0.4356197790994115,0
5,40,946,4.928437738092025,0.169945338738252,0,2.522094959280282,0.35739484649812003,0
5,40,947,1.928711740693435,0.4649567191322198,0,2.91770086298955,0.41501875489626494,0
5,40,948,8.648172530440645,0.004128503591870447,1,-1.360164578236151,0.6869989800285218,0
5,40,949,7.579761894650285,0.018870726476047543,1,3.834303032145473,0.19972683293320848,0
5,40,950,9.99325487215326,9.814384588296393e-4,1,-2.608604364564719,0.3017974142981897,0
5,40,951,4.617750664761175,0.08548436216997982,0,-2.8343853189202766,0.3547700850374461,0
5,40,952,3.6565409768265615,0.24520315510584073,0,0.7805537210349152,0.793705790242543,0
5,40,953,16.28386580937006,9.184629361410109e-5,1,0.4688889769095137,0.8890534033723365,0
5,40,954,7.5197295211238355,0.00860923131436226,1,0.805529820603145,0.7986207956309451,0
5,40,955,1.7519529816517225,0.46082401451860955,0,2.459937440028466,0.494084872201229,0
5,40,956,8.06179119685753,0.008613679067145429,1,4.014507078561009,0.2556547775788882,0
5,40,957,3.512036380789476,0.23070495159947121,0,-0.4211577290835049,0.8864339455205036,0
5,40,958,8.185072183348952,0.004537075612951364,1,-2.9205171568335877,0.3891424981746161,0
5,40,959,3.2148452913912333,0.3886445297882357,0,-0.21526899589775952,0.9477452988067613,0
5,40,960,6.391724565437855,0.05719621559700907,0,-0.6017949221704629,0.8357434838918493,0
5,40,961,-1.9038564165390002,0.6040955830065186,0,2.2112401044279424,0.5206735997487855,0
5,40,962,3.9283864737922505,0.14372685351624595,0,1.986502071312271,0.5808313216377046,0
5,40,963,7.156292574410251,0.008867008290836595,1,0.806024547965842,0.8025966964728914,0
5,40,964,11.230022224571545,0.0010745505306297475,1,-8.502703956235857,0.007100670750889739,1
5,40,965,2.163132056223378,0.43662291694328637,0,-4.062309301476274,0.212106643533043,0
5,40,966,3.082951353105801,0.30896748536382473,0,-2.1461239327336172,0.4542543792987481,0
5,40,967,11.897862988423094,0.001361769385421327,1,2.8574669522125355,0.40287971025622715,0
5,40,968,9.504851036453445,0.0020863173991961096,1,-1.2281398359753275,0.612796983022645,0
5,40,969,4.215359539344434,0.20500319854385915,0,3.6547149566720103,0.22168734031779533,0
5,40,970,0.7871068219125169,0.819833030386462,0,-1.597767483932387,0.622820044147464,0
5,40,971,11.56859541883131,7.2956623339357e-4,1,4.401106434089488,0.10577343581574336,0
5,40,972,9.050119329053695,0.005749371128770378,1,-0.7103292762086033,0.8382245713691806,0
5,40,973,1.9056676381197095,0.4719755170382951,0,1.8904553468825258,0.5120653887920907,0
5,40,974,2.280461329477695,0.47557235903363815,0,-3.618826755531549,0.357975903604439,0
5,40,975,4.81898388372327,0.08644284893965093,0,1.4082738270684985,0.6550552165117023,0
5,40,976,10.292528482717785,0.0027557243173775645,1,-2.584887867735851,0.4055514175555044,0
5,40,977,4.044727584438631,0.19668778136164727,0,0.876050089042508,0.7768985192493378,0
5,40,978,3.097845147490457,0.3267077483957358,0,3.508887395823432,0.2962474013262113,0
5,40,979,9.705303051082325,0.0022237195223462685,1,-3.317247364810021,0.2954949670887824,0
5,40,980,5.317382829636552,0.11047899347349195,0,0.8695396973166694,0.7756551104425073,0
5,40,981,6.232832137726218,0.04875157214514376,1,3.3167396281766353,0.2684609700731883,0
5,40,982,-1.3652822894021954,0.6250698510671817,0,-2.5482828937893705,0.3679042863869719,0
5,40,983,4.906186256034213,0.16194693734158333,0,-0.6592172906113437,0.8326553914159671,0
5,40,984,2.1103341959902973,0.49659402713820744,0,-0.8862649149076642,0.7308999316017688,0
5,40,985,-0.915014449668425,0.7783139975482037,0,-4.140464050365838,0.2315962868930577,0
5,40,986,6.026669340981877,0.026583406456369203,1,3.306827230124651,0.36488814229899413,0
5,40,987,5.2169558465744705,0.14988001161235792,0,-3.2158311922994813,0.3598792071367445,0
5,40,988,5.550408815242993,0.09664531663748763,0,-0.47150623464781316,0.8831214009663192,0
5,40,989,4.995507232485908,0.15790265186094654,0,-5.78244408412233,0.08567344972717213,0
5,40,990,5.013848542101226,0.17323633602932492,0,4.207734402103159,0.14338582228818322,0
5,40,991,3.037950499510473,0.31220569930170433,0,-1.8722127491880343,0.4278654339282385,0
5,40,992,2.6234890543147644,0.40893666579763166,0,-3.090386799354848,0.21510807015953687,0
5,40,993,3.7370671592581854,0.17929282760530307,0,-0.030004271412150597,0.991639532025161,0
5,40,994,5.152399940245714,0.07214700584870995,0,1.4019604690372571,0.5996160988426115,0
5,40,995,0.7014068025090626,0.7998341269612173,0,-2.1253698742322156,0.524026517182318,0
5,40,996,1.1455336734935586,0.6891385366627387,0,3.295219825887428,0.23082022861577126,0
5,40,997,7.560046350270549,0.0088115398537767,1,0.1646295641350196,0.9629401566971465,0
5,40,998,11.652136645019683,2.211038380543388e-4,1,3.8472853636008435,0.25782611686706086,0
5,40,999,3.1298170936491645,0.3666114118718422,0,-4.078491730483959,0.2565980663070423,0
5,40,1000,3.031765202447668,0.30514053326170615,0,0.3491553617660594,0.9152827514107863,0
5,80,1,5.503847588177582,0.014092341714891743,1,0.6785668244987444,0.7726765717042609,0
5,80,2,4.910152004175647,0.03174941725445604,1,1.1078554302102548,0.62599625368181,0
5,80,3,2.4799484409705648,0.3095924205237964,0,3.5824142701097133,0.13115844896424106,0
5,80,4,3.3296654837090838,0.16674075734933802,0,-2.71915652752249,0.2530721030926379,0
5,80,5,4.495081518070563,0.046825065545328115,1,-5.327955210611766,0.012122414914717994,1
5,80,6,6.835861651898421,0.008929962506442022,1,1.4088129093198907,0.5795364266380508,0
5,80,7,4.0905461454080845,0.06591575239413372,0,-2.0173122662327776,0.3921025774783732,0
5,80,8,7.195190751548544,0.0011776926795983513,1,-1.032475534061907,0.6507295123218261,0
5,80,9,10.240062725616578,4.082408675897134e-5,1,-0.3508199200564239,0.8608722816183014,0
5,80,10,5.831600164414901,0.007631130568167457,1,-2.059557721866323,0.3366213083180086,0
5,80,11,7.605921439687369,0.0016515407786836206,1,2.5787010440646383,0.24261177020946803,0
5,80,12,8.557291099323585,7.694986549198253e-4,1,-3.056797996617156,0.19742658926966164,0
5,80,13,4.943249666188808,0.01561109081583015,1,-0.5652371375024032,0.7940932056201588,0
5,80,14,4.546062401547093,0.03310970394861749,1,3.549187910914804,0.057991873147978296,0
5,80,15,6.840007257068312,0.0012865248234994382,1,0.6271672820432923,0.7541661589799109,0
5,80,16,5.200494255696582,0.024795267785142697,1,0.08854239438032702,0.9718357709335927,0
5,80,17,3.6909412103230483,0.05333932895421381,0,0.16046191809832494,0.9384703915679128,0
5,80,18,7.235557640417896,0.0012668889094165578,1,0.8995694931332929,0.6767090401541846,0
5,80,19,2.6777069710338726,0.20414072989779516,0,1.126725461008791,0.6285413000911115,0
5,80,20,6.443152403454711,0.009775003274305253,1,2.495800584847275,0.24592214957814024,0
5,80,21,3.882388412894493,0.1095363801643079,0,-2.3372321878230893,0.28615850504180845,0
5,80,22,4.135208310545218,0.06115064060247957,0,2.890186933967731,0.2636134183872865,0
5,80,23,5.300428102206329,0.015618963340734088,1,2.1350452531424593,0.340685854857284,0
5,80,24,8.069717985488259,0.002352322608762772,1,6.030746057483795,0.013589693734008389,1
5,80,25,8.06590812053056,0.0014218708510974586,1,-2.667716518036155,0.21490177861137819,0
5,80,26,8.718044345305685,8.384115079130407e-5,1,1.9120850667419518,0.42353000640827243,0
5,80,27,7.065671969114722,0.0037806146510227746,1,-2.8960617523601884,0.2171259112564094,0
5,80,28,5.753569425647678,0.022361599491821763,1,-0.39364400037426794,0.8525821790208998,0
5,80,29,9.34640795266953,6.048594305864019e-5,1,0.4098458805337131,0.8705788467078047,0
5,80,30,6.87617112111688,0.0025861507682322865,1,1.89459024507435,0.44227124487571035,0
5,80,31,2.9478071307680658,0.25581935709937037,0,3.673368369000358,0.09050840540428817,0
5,80,32,9.128587872323385,1.671231948841427e-5,1,-0.8015616124092774,0.7246140916316748,0
5,80,33,2.4539817193207107,0.3198538696888341,0,-0.7505620689049425,0.6597187521046624,0
5,80,34,5.784691406616651,0.009649275392601192,1,-2.6255931038259073,0.2489965175927644,0
5,80,35,6.707219354871501,0.004013278420907399,1,-2.1074693680130667,0.29997713880198024,0
5,80,36,3.2497554704126674,0.15569587168700008,0,-2.010162508400751,0.3550313333778139,0
5,80,37,2.457514589408254,0.2610060396956911,0,-0.45018102327979476,0.8398950952875998,0
5,80,38,4.526611991467131,0.05313735466683171,0,1.875225716638504,0.38060286592091186,0
5,80,39,5.252541540826105,0.016109518383917526,1,4.775337998268083,0.03337178760600137,1
5,80,40,4.042993970423121,0.11911470220995746,0,-1.9733587880031864,0.41628169305388396,0
5,80,41,4.727757926481089,0.029761605972719696,1,-3.1315077274181586,0.11616053090819049,0
5,80,42,7.511673491534834,8.497311919684275e-4,1,0.7913730368769855,0.7124496795456972,0
5,80,43,4.430795723976329,0.08056567030656724,0,0.47218776475708985,0.8272010408275394,0
5,80,44,1.7813059467453756,0.43418163409265675,0,2.4915494933879847,0.21853364385837482,0
5,80,45,7.619209392730036,5.767818815964581e-4,1,-5.406458273856083,0.00890853245461002,1
5,80,46,7.923407470913198,0.0014983344698090337,1,-1.162987437435176,0.6137196034621701,0
5,80,47,3.3988230395233057,0.11952727200803281,0,-0.1622131180222634,0.9426608143443302,0
5,80,48,3.6895418946597425,0.12571330949274898,0,2.8705202629382907,0.16505388493060977,0
5,80,49,5.689931162194186,0.007207100575604988,1,1.5266457962907698,0.5379280803566038,0
5,80,50,6.169143244053075,0.007516198386428271,1,3.1318960059652157,0.20187702550095676,0
5,80,51,6.344232023554483,0.007315731623521539,1,1.0920534704244709,0.6528730821121282,0
5,80,52,4.757112130520848,0.04771893602410128,1,1.6573949256594163,0.4042260397659768,0
5,80,53,8.586119508644824,7.196435458652868e-5,1,4.277435577768655,0.09578104917641037,0
5,80,54,-0.22594553718029822,0.9180040514807228,0,-0.12614362851027977,0.9478029458164252,0
5,80,55,6.071451510745183,0.00846400631455092,1,2.818387995743905,0.2692834833566768,0
5,80,56,5.0562689283845135,0.01078583263835435,1,3.296174520061105,0.11711366435733771,0
5,80,57,6.660423125899861,0.001329580538675142,1,-1.3977067676715218,0.5171804929774244,0
5,80,58,2.701187681943525,0.27377748331660606,0,1.3629875053959863,0.539328388414424,0
5,80,59,2.1533352227650036,0.3675269954712094,0,-4.878419658210208,0.014502283048387906,1
5,80,60,5.172566774876102,0.056953204843633524,0,-1.2937823995793987,0.5715291036276058,0
5,80,61,3.4311595088643068,0.13829765814561326,0,-2.792255509151644,0.2291440020839858,0
5,80,62,1.1250395820367076,0.5851862208342361,0,-5.247650725192652,0.021403524536667017,1
5,80,63,4.095660412288631,0.09373045041565323,0,-0.21872094240657305,0.9271727083376298,0
5,80,64,4.987688613347047,0.03295835079484873,1,1.5786245722998509,0.49559242924024327,0
5,80,65,2.2614365630847124,0.21822283600496936,0,-1.5182744155990293,0.43926096024367656,0
5,80,66,5.341479184621973,0.013399171746765429,1,1.0601327156928115,0.5798545335122094,0
5,80,67,2.848110223142354,0.17093471838758317,0,1.1433555880956552,0.6008790890009432,0
5,80,68,9.781381363406183,3.8863776455234144e-5,1,-0.6251349187550747,0.723168136612574,0
5,80,69,1.9311126028593955,0.3750298461650915,0,-1.0944035551536793,0.5941239542636167,0
5,80,70,3.015664521025411,0.18900426531997255,0,-2.131799592367491,0.3518719547437149,0
5,80,71,6.890467249783724,0.0010457068234423293,1,-0.10002438951530715,0.9650866697563893,0
5,80,72,4.764643646155865,0.03299922242203511,1,-2.7715193047212097,0.19754686082518622,0
5,80,73,4.145603856990874,0.14064572063480577,0,0.8434266409918578,0.663624818266564,0
5,80,74,6.908009835381899,0.003726978440675666,1,1.0026797178883766,0.6862463955579314,0
5,80,75,3.7058403498344354,0.11826272831492986,0,0.11647833312440321,0.9619756063726022,0
5,80,76,8.322267023167507,3.5460739407577435e-4,1,0.05898557094512328,0.9769278229259011,0
5,80,77,7.090872730057397,0.004791812925779919,1,-1.9390426446818663,0.3718060653389087,0
5,80,78,4.114274098337393,0.09777236884167971,0,-0.9894503076337731,0.6371044591927636,0
5,80,79,1.3183022792842416,0.5733124771484595,0,-2.9317365232225394,0.17163130469871057,0
5,80,80,7.691666116279035,0.001612243575470022,1,1.319499606129409,0.5678665694221108,0
5,80,81,5.3975969530268815,0.008984965991326165,1,1.7520463503867398,0.49614985455927074,0
5,80,82,1.388355115266469,0.5204858175002205,0,-0.5174077854358432,0.7884462387654654,0
5,80,83,-0.14265961736375346,0.9489243455886075,0,3.3913422308158636,0.1750295985520292,0
5,80,84,8.444796990181441,1.1553696016594621e-4,1,-0.45942652519318355,0.8389926413079392,0
5,80,85,4.524091422225306,0.021504075515722924,1,1.2576069911913086,0.6071406638646717,0
5,80,86,5.292509506299295,0.012814999500892975,1,1.4372900955751822,0.5541689580644014,0
5,80,87,2.2599585574497683,0.3226883499892016,0,3.3324038469391355,0.18714685573036152,0
5,80,88,4.183601406332416,0.08869971584836414,0,-3.327895813711852,0.09432060294276871,0
5,80,89,6.316138281783549,0.009169406177017525,1,-2.302423252757408,0.29986921743425204,0
5,80,90,6.4110479927300466,0.00807401541954942,1,1.2879355569946644,0.5677195917532827,0
5,80,91,2.245661733618106,0.26821514000706176,0,3.148926102061747,0.13560008719931496,0
5,80,92,5.611841007521889,0.027346343134568643,1,2.7530815966695954,0.22576501209723512,0
5,80,93,4.042678570309764,0.031220769788871627,1,0.828027903760934,0.7143247640392769,0
5,80,94,5.584751979281202,0.010281687911996806,1,-0.743987239499478,0.7507157855961132,0
5,80,95,4.7725024882486204,0.04837091829146323,1,-2.9370172493634796,0.1871753283243705,0
5,80,96,2.3024814761017516,0.2665165350789616,0,2.869601662661816,0.22114015826653355,0
5,80,97,6.223518627906678,0.0037104948517620324,1,0.5004624709062866,0.8446462751106864,0
5,80,98,11.805232232795984,4.4620888446973925e-6,1,-0.6369717468997619,0.7795868019279766,0
5,80,99,4.903685158055154,0.04568320788723601,1,-1.2433297813002753,0.5491389335364703,0
5,80,100,6.485416578687898,0.005179418974108728,1,0.061122216065702596,0.9802425733652024,0
5,80,101,9.779552943610451,2.0476666793298072e-5,1,4.780803030622366,0.03937927265402219,1
5,80,102,7.112756439184437,0.0017448221192397772,1,-1.1481614064805516,0.6266861060881157,0
5,80,103,0.8987209793594053,0.6927402070075497,0,-1.259973461258516,0.5753464440475515,0
5,80,104,2.9695052806248157,0.18781015718076552,0,0.8557430880949125,0.6832378658033673,0
5,80,105,6.2528089349013545,0.006706401221637598,1,-2.234598611200055,0.2947122039209126,0
5,80,106,2.4061908627721986,0.30009413439248195,0,2.861651827463067,0.18097560723247946,0
5,80,107,1.9200911118595205,0.41248669723024867,0,1.1614449139066207,0.6012120535540806,0
5,80,108,7.635668679210587,0.0010151243521210058,1,-0.3857776464664782,0.8486758676333575,0
5,80,109,1.069178651729691,0.6683553120043599,0,1.1727074366313348,0.5944855620641645,0
5,80,110,3.5411282091236234,0.12382673623578799,0,-3.56929893606581,0.14001183282901136,0
5,80,111,5.696569823506437,0.011848782549861927,1,5.299604209250619,0.014282278966252468,1
5,80,112,4.941618253784468,0.01933584866615886,1,-0.3420913230298289,0.8790938248876923,0
5,80,113,7.336224767394826,4.3043972984684086e-4,1,3.0242513097045873,0.18494497132831658,0
5,80,114,6.54203245570499,0.008997736861521768,1,0.34452034472207815,0.8771180708956458,0
5,80,115,1.6553252037885349,0.4134470233399773,0,1.4157521902193382,0.5138005253967473,0
5,80,116,3.161935339135171,0.12209858062539618,0,5.602285765461336,0.012241113616068541,1
5,80,117,6.628600033792341,9.595895950834626e-4,1,3.803523791977443,0.09552797258512358,0
5,80,118,2.9734707171560983,0.2307260304919907,0,-1.8167079870411873,0.3704492932018093,0
5,80,119,8.376770805283948,7.714060646564269e-4,1,-0.08140987223711797,0.9684430008163671,0
5,80,120,5.76885527578514,0.027600517155080672,1,0.5480278339241562,0.8046262867844147,0
5,80,121,10.989104088243618,8.717205124375094e-5,1,3.7128953547798345,0.09054752878913483,0
5,80,122,0.6034347328062523,0.7841631559396144,0,-0.3778615810901498,0.8587754678510117,0
5,80,123,5.792578442489549,0.010062357982111655,1,1.8794281281692993,0.3384811196067783,0
5,80,124,1.858192713255816,0.3914064563760905,0,-0.08269324869439551,0.968048655750311,0
5,80,125,6.140423811102514,0.01634446721627512,1,3.4440304009890683,0.12429796253858144,0
5,80,126,6.363127862052147,4.7761761877854143e-4,1,-0.34627838775801295,0.8657696914167633,0
5,80,127,4.103297655798822,0.06956338686866456,0,1.4475139979348282,0.5662287754702188,0
5,80,128,4.296307797190205,0.04666510468372884,1,-3.6049447836321895,0.14783452594247126,0
5,80,129,-1.6673771783483151,0.4750650616049157,0,2.9667240074790664,0.18710496941345128,0
5,80,130,2.390928021641583,0.3077272926043556,0,1.6641129364207907,0.4212639340925073,0
5,80,131,0.3786630898330535,0.8717465514793022,0,-1.1980850484100267,0.6236981196388268,0
5,80,132,6.530444824466242,0.00978835060583836,1,-2.3378333198466335,0.3237212322563061,0
5,80,133,6.555709499538896,0.00973531126783479,1,-0.13271668616280122,0.9452234048694566,0
5,80,134,7.301581605787985,0.0019019735815242551,1,-2.9902218800265543,0.1941617227864322,0
5,80,135,6.0240653163434486,0.006660774428747089,1,-0.30484806138935344,0.9043877466974428,0
5,80,136,4.983115660283294,0.018793162371582146,1,0.5942042344074479,0.791739269803947,0
5,80,137,4.816146882465008,0.02931991569158122,1,0.7096339917494634,0.7080008316170678,0
5,80,138,8.97347298164003,1.155055226201625e-4,1,-4.623018241796659,0.0633741784762995,0
5,80,139,4.919167767145862,0.014744785477933744,1,3.0858374614007644,0.19443191787702443,0
5,80,140,5.589900212369289,0.00570938966432042,1,-1.1203490442236794,0.6143719383400992,0
5,80,141,2.883261520619184,0.24755018616343136,0,-1.3702017112286078,0.5625322360266103,0
5,80,142,5.321993060566477,0.0028140288674346216,1,-3.8050011374272064,0.11464254643561766,0
5,80,143,5.287912605086943,0.024395967260223247,1,0.4141763906335796,0.8567144309179453,0
5,80,144,6.905317752523089,0.004179617341799469,1,0.7703614228393497,0.7559251790017953,0
5,80,145,-1.5762881501584327,0.49326086413524683,0,0.8486065367720643,0.7130999694159659,0
5,80,146,3.764678855423745,0.13593373799161604,0,1.2184184824228734,0.5505819939830361,0
5,80,147,5.116224570165735,0.0344458553915003,1,-0.3203768700752069,0.8787407702663985,0
5,80,148,6.046177423660844,0.012404098015425597,1,-2.3701175454231906,0.2700014367858,0
5,80,149,8.719638711565826,1.3366195448668476e-4,1,0.8532373023779654,0.7341859339567041,0
5,80,150,8.782228004097785,8.359226535054115e-5,1,1.5977098993187064,0.43723962563892704,0
5,80,151,6.626580994262103,0.005376922158030695,1,1.5154586224185307,0.47124636546729803,0
5,80,152,5.4658049482792945,0.019524924132965506,1,5.313350285369799,0.01679097479337099,1
5,80,153,5.037639081365369,0.012708116073880664,1,-1.5874083693753156,0.43696518959676534,0
5,80,154,5.145063218592278,0.02207561906309721,1,2.397023824603661,0.3101537707752769,0
5,80,155,7.078405784483814,0.00376321259879273,1,2.9278658948424026,0.2426737325822445,0
5,80,156,1.8707323968535552,0.386289179672479,0,-4.9686701216724964,0.04695192088559555,1
5,80,157,3.5398556453944434,0.11095029204668513,0,2.3555274925346543,0.21699776926282494,0
5,80,158,-0.7733276622889762,0.7391009628605767,0,1.0238317663968508,0.6612286138995793,0
5,80,159,3.454930425140904,0.14919312804086304,0,0.9149712011221796,0.6956505030872255,0
5,80,160,4.015975622164712,0.07160242997819458,0,-1.3519555645444938,0.5647066967576531,0
5,80,161,6.069297112797007,0.005753531529332369,1,0.18061975020941817,0.940062858545807,0
5,80,162,6.5210642074379175,0.005573174719648807,1,1.5788862111330169,0.47555865228864325,0
5,80,163,5.632321458514966,0.008125454754975019,1,-0.9787322602349898,0.6603615856079106,0
5,80,164,3.028087955085371,0.2331463514210269,0,3.55587056189103,0.12263218010019386,0
5,80,165,6.978873014023512,0.0041985384738057446,1,-1.1129104787036306,0.600955652973697,0
5,80,166,8.430647418950782,4.481166537088692e-5,1,1.7026503157928743,0.4793632574574809,0
5,80,167,4.29692531820654,0.03908285157281349,1,-0.10136972807915949,0.9652464586947636,0
5,80,168,6.405934322384791,0.0034690976157389832,1,0.3646716363355802,0.861051623517255,0
5,80,169,3.309342774777186,0.11676815741403633,0,3.5916716756686413,0.04640430836758589,1
5,80,170,5.78388555453488,0.014112542906354724,1,-0.6558591204987033,0.7894102179495949,0
5,80,171,6.670197283179117,3.3004436212054946e-4,1,-1.3655508259662297,0.574425565286761,0
5,80,172,1.2725265249841233,0.6179803621509798,0,-2.1386761124705527,0.3048042316628961,0
5,80,173,8.929432137001934,3.7796419077667294e-6,1,0.38774147993328895,0.8654527766027404,0
5,80,174,4.7487400945166005,0.04957601081080828,1,-0.30783183785369517,0.8993173517367975,0
5,80,175,5.696821667564834,0.01273403974245745,1,3.123616320448906,0.15072944758842513,0
5,80,176,10.536351043635417,7.899276056731617e-7,1,0.3768155149057221,0.8778806004144539,0
5,80,177,2.3282503058053865,0.32311889708127195,0,-0.533491160653829,0.7966691512980776,0
5,80,178,5.90410446635098,0.012196242755384085,1,2.110874537081727,0.3595118647657457,0
5,80,179,5.511395869053461,0.03365108887521604,1,-2.006303655238214,0.21172697271899119,0
5,80,180,5.509608716921797,0.02655593043891306,1,-3.7223029820458,0.08843097876545426,0
5,80,181,2.5256226827362367,0.3401162305967478,0,-1.8256655548748244,0.4177694726850548,0
5,80,182,6.7154576561640305,0.001163375722760273,1,0.09248276461708023,0.9693182875675119,0
5,80,183,3.741276456074247,0.12098835021025858,0,-0.6849195562500118,0.7627383187603454,0
5,80,184,7.67541330641251,3.6645059916649294e-4,1,-1.3528826618445595,0.5831952061939232,0
5,80,185,1.3845174919255014,0.5065202867244075,0,-2.857387650540966,0.14137133644558592,0
5,80,186,5.776527536340538,0.004067626153572599,1,-1.4261429223681674,0.518800529338099,0
5,80,187,5.692029769906547,0.010364449742948647,1,1.4599974876896993,0.49887541791372947,0
5,80,188,7.691364708789554,0.003051956391522737,1,-1.667319214430182,0.4701299740501711,0
5,80,189,4.070837768405277,0.06537764489234539,0,-0.22174788361350078,0.9149929659011434,0
5,80,190,4.391187302261197,0.04558153652298749,1,2.61451114046291,0.2768213259259206,0
5,80,191,10.512240199833087,2.6933670588730196e-5,1,0.35600841886350815,0.8621278679724245,0
5,80,192,6.3110101908055,0.008175329223933304,1,0.6137603262355431,0.7754610195455822,0
5,80,193,4.400774553796335,0.028326846190793814,1,-3.941190001352525,0.10601973668055802,0
5,80,194,4.647715438817475,0.043336440535383894,1,-0.3891638230958993,0.855331092796662,0
5,80,195,2.3269509044542045,0.3267734931411118,0,0.7195845598295171,0.7472609574019868,0
5,80,196,7.845210547350038,0.0031939686050268335,1,1.4708929326850304,0.5471981034151103,0
5,80,197,4.7491196242995954,0.04986307060992847,1,0.5681030884238271,0.809729250078191,0
5,80,198,6.941092318140032,5.79819030900956e-4,1,0.36889965376078854,0.8719833596484345,0
5,80,199,1.4656117050570456,0.5419299890649318,0,-0.6354823938112337,0.790807077151336,0
5,80,200,6.401047188849005,0.004793030179972355,1,-0.5868183986695942,0.8040204343883719,0
5,80,201,1.462035980106939,0.4735683499639548,0,1.9998860656284376,0.34433648483821555,0
5,80,202,5.140829429386487,0.03263697631874884,1,-0.40793698495620856,0.8706281846643579,0
5,80,203,4.0407776644313005,0.06874311309799741,0,2.573142241190387,0.29131633730593026,0
5,80,204,1.8534789425565668,0.45381814401770004,0,4.644841800397232,0.048530431104490054,1
5,80,205,6.190380733126518,0.00959639804150305,1,0.2628212872801516,0.9157797222663909,0
5,80,206,4.572751268421119,0.049418151857272614,1,-1.0246253225324238,0.6475725278633471,0
5,80,207,7.678318374087932,8.153836683499554e-4,1,2.168981544623365,0.31831388611158634,0
5,80,208,1.7504474211379415,0.4894529070964688,0,-4.63683185362039,0.048488534009868633,1
5,80,209,5.375039943443906,0.01765869450561356,1,2.0905201881287456,0.3504645740367387,0
5,80,210,2.878158512325112,0.1999851622149641,0,2.54583762557115,0.30638203778159057,0
5,80,211,8.228964192511217,6.773003095908223e-4,1,1.273268743242532,0.5491941140551205,0
5,80,212,6.638270125572069,0.003989477230891683,1,1.013759939283993,0.6334392875898267,0
5,80,213,4.511539622894418,0.059951512617191526,0,5.078246236432941,0.013052023516304379,1
5,80,214,3.178925879577424,0.17902035325742324,0,0.2489430545891244,0.8999326294514047,0
5,80,215,0.5674287096100057,0.7746629358785231,0,1.0181793926826954,0.6469383944834861,0
5,80,216,6.279879105852903,0.009471391712105856,1,-3.20408506985611,0.1767960975657093,0
5,80,217,5.702632362743168,0.018162706597592216,1,-0.6950837092480857,0.7898525738554041,0
5,80,218,3.991925244070099,0.09668752680278699,0,2.2083299480396894,0.34966178718843133,0
5,80,219,5.423306346059413,0.008321850739626891,1,-1.4343342738887406,0.5198665859647422,0
5,80,220,3.046047034711364,0.1364082693648549,0,-1.3400034561768257,0.4889038323887275,0
5,80,221,4.226469288673476,0.03176119181818248,1,-4.923161358309622,0.023083774815136307,1
5,80,222,5.345031994326149,0.006576231230596952,1,-1.480021325420827,0.469303418941857,0
5,80,223,4.973721925070653,0.011603017333932196,1,1.743909600015796,0.4464784020226338,0
5,80,224,6.049899179323795,0.006288601572194606,1,0.12058772855223582,0.95953187758604,0
5,80,225,-1.3055684708889679,0.5660939336255548,0,-0.6889790884788237,0.7563388897772265,0
5,80,226,6.4808676257030315,0.002868731901118252,1,3.3535665091835947,0.07162965823548258,0
5,80,227,5.390257471406166,0.013326580518712725,1,-0.8588738600548762,0.6899956268930256,0
5,80,228,5.385295969012566,0.016922851743105333,1,2.3963202110639354,0.2604146599734683,0
5,80,229,2.2166556102557635,0.27214191268621957,0,0.8342680613898052,0.7134994347920909,0
5,80,230,3.293111869884235,0.10982033104726925,0,0.9055948699838402,0.6416436583566429,0
5,80,231,8.203053395165943,1.2642085140876188e-4,1,2.2149449673452395,0.32599566921956236,0
5,80,232,5.570174709074671,0.03368065054099172,1,-0.2623460207772804,0.9108737758969009,0
5,80,233,4.711760331248423,0.030191433039134102,1,-1.1068589927040091,0.6077655605449488,0
5,80,234,3.497250620587171,0.12017278164272435,0,0.6612158721069529,0.7250277569027945,0
5,80,235,4.331899960945125,0.04300457890623269,1,-1.046375068406331,0.6184149888835623,0
5,80,236,6.409832567464108,0.0022542530156899948,1,-1.4325547257553173,0.537679682578126,0
5,80,237,8.244677240577301,2.3504779835495594e-5,1,-1.2474883874520502,0.5077655103766977,0
5,80,238,1.6296998482397458,0.48289275296779866,0,2.8011148901219833,0.3116635366361542,0
5,80,239,1.942853923472688,0.29157641305563303,0,-3.695033155746902,0.0621990122359109,0
5,80,240,2.9018784128899937,0.17432847223583767,0,0.09766233718951998,0.9664294410169992,0
5,80,241,3.946170453374507,0.05845270892787822,0,-3.5784658336373587,0.1359940741913046,0
5,80,242,3.9705338159382566,0.07030515629364122,0,-0.49444396527522366,0.8258554479360017,0
5,80,243,3.8647969127093056,0.08716021159239397,0,4.028846757117786,0.06848912430503079,0
5,80,244,4.7582548955583155,0.0350809628186986,1,0.6451501394265949,0.7954817769381822,0
5,80,245,6.434296078271259,0.003907810205174394,1,0.8676668888331477,0.707557517150009,0
5,80,246,2.587207670125983,0.2581457568312387,0,-0.35814985055779,0.8714413770311012,0
5,80,247,6.457610790628533,0.0034303810019388798,1,-3.619808933563533,0.10465846445118036,0
5,80,248,7.367392382825659,0.001560169630186449,1,-3.8955991021564884,0.10270237095898642,0
5,80,249,5.192231309528129,0.03966517356504711,1,-2.4732023450492187,0.2789671777574453,0
5,80,250,5.43015172084564,0.013147307966452464,1,-1.121302394485876,0.6167339540013322,0
5,80,251,4.955778718105757,0.048773238345024755,1,-0.07130356234125018,0.9731896000355442,0
5,80,252,1.3495707554094547,0.5471315665527348,0,3.2889136791567295,0.16132080751925534,0
5,80,253,6.316756356932264,0.005214525679827698,1,2.8944061615758323,0.18528394379807006,0
5,80,254,1.9268319074764981,0.4027264067482653,0,-0.41714264936813394,0.8555253102481336,0
5,80,255,2.6350207380317254,0.19895353717252937,0,-2.146826341684928,0.32279160652911076,0
5,80,256,3.7725164218155016,0.0876554045332334,0,6.508308018671258,0.009849505961822203,1
5,80,257,1.3997743561008755,0.4684463042416612,0,-1.6284209049573752,0.4647245661621905,0
5,80,258,5.360617891445388,0.014016335495291448,1,-2.6665447770014477,0.20229544209230224,0
5,80,259,7.221798883115789,0.004054150776406809,1,0.7988206614867147,0.6968586189006185,0
5,80,260,4.385453732668679,0.059852260754767087,0,2.080995361066961,0.3504711958612923,0
5,80,261,3.24329600467959,0.17047897022471908,0,-0.3644752022531792,0.8520961052109596,0
5,80,262,4.307517294363376,0.03399289094822567,1,1.1468592891865164,0.5731188457962857,0
5,80,263,7.974097455589594,6.980180730421022e-4,1,2.3799683838461076,0.26958174670768453,0
5,80,264,4.1974172563227174,0.10058823994737935,0,-1.2513718662228863,0.5499909707092568,0
5,80,265,7.9697722998855784,0.0019135869269370118,1,0.25912711680469613,0.9175055589725748,0
5,80,266,7.013385138054074,0.0027570691600950197,1,-0.7461821618569184,0.7413832394166525,0
5,80,267,5.356856022772082,0.01217758946833839,1,-0.3963113200044565,0.8751090565256701,0
5,80,268,4.892936406009396,0.061889487996701985,0,0.9422851688055359,0.6673877045943727,0
5,80,269,6.170189559031029,0.005027382083133421,1,2.4901980797975987,0.3279664211314399,0
5,80,270,2.3287136195230103,0.28712652239865905,0,0.9390788179862297,0.6605583282680695,0
5,80,271,6.358889851217092,0.004134096771388286,1,-1.1592099652852343,0.6270235032900935,0
5,80,272,8.961936689121867,1.5052022644361434e-4,1,-3.2937861198351266,0.15591895777312118,0
5,80,273,8.248211670706109,2.806762331311003e-4,1,-0.7493553592757713,0.7610889987666756,0
5,80,274,2.1787105308933077,0.316285961026992,0,2.8997291280687736,0.2476268381437858,0
5,80,275,5.160637839065763,0.044504425495149366,1,1.7239833688627026,0.47339717352786836,0
5,80,276,3.6171655853685585,0.10190930938006201,0,-2.6619578450642565,0.20723443600505728,0
5,80,277,3.1263729866844003,0.16860729319237697,0,-1.5160761566864813,0.537161269775798,0
5,80,278,6.495713808820458,8.165392225961229e-4,1,4.082086528853491,0.08033149358822614,0
5,80,279,5.947797042440145,0.020857616206355387,1,-1.2902097820557923,0.5565197137446363,0
5,80,280,8.43799603116337,3.0760117281216995e-5,1,-0.29561302884894614,0.8961598632451316,0
5,80,281,6.395716842801321,0.005694991533214452,1,-0.22361303251973266,0.9172123076572996,0
5,80,282,6.869647005205128,0.0029261265252019213,1,-2.3119758634125454,0.2984434826061928,0
5,80,283,5.793550611254999,0.019146433025177028,1,-0.48071038475526445,0.8299706748427844,0
5,80,284,5.463914333301207,0.0028879415161405845,1,3.304908945799269,0.184269208998743,0
5,80,285,6.04457024080626,0.01258085810590315,1,0.44789470393913816,0.8401869427570141,0
5,80,286,8.002772717852253,3.694098719598231e-4,1,-1.1951043702502195,0.5914381896276981,0
5,80,287,5.7700877107380455,0.0067743602257647395,1,1.29085255900876,0.5949929806718577,0
5,80,288,9.423406092485239,2.30511497981457e-5,1,-2.4759549209615375,0.22842517269967277,0
5,80,289,2.8290318559787018,0.21843835873405965,0,2.181079221852656,0.31220215498118564,0
5,80,290,7.8883644374551665,5.5348777074214e-4,1,-0.8150717066106504,0.7026266352334611,0
5,80,291,6.108288425119538,0.007772662658682054,1,1.9356404238726923,0.3601481393164859,0
5,80,292,4.852989316705489,0.04990061403041366,1,2.786384994529022,0.2401131665106064,0
5,80,293,3.372058507139148,0.16101844341922988,0,2.217794015202993,0.3119202021439919,0
5,80,294,7.652104937268607,0.0014894915278571687,1,-2.133551476336973,0.36788331916251193,0
5,80,295,1.6624529985613743,0.40514097385070713,0,2.335148542465029,0.3238419260264732,0
5,80,296,6.78729345250521,0.003348449829047314,1,-1.6095741969230377,0.49696463524913015,0
5,80,297,3.4882890636431845,0.11763946224684214,0,0.08621960328038591,0.9687810799423029,0
5,80,298,3.714035709139023,0.17284794116549637,0,3.476001876209759,0.1276004563695403,0
5,80,299,8.230533585002926,2.1516842333939006e-4,1,1.5477550539528777,0.46809336005887225,0
5,80,300,7.974335107862437,0.00435896235345333,1,2.809978204788824,0.25061871780839906,0
5,80,301,3.2333098786813643,0.17054338997103807,0,-1.9311488219397397,0.34464788192051543,0
5,80,302,4.390922214263638,0.03512108101904303,1,-3.584028187069804,0.16056432528624998,0
5,80,303,-0.40489034970079063,0.8366386854874742,0,-0.07347594946378544,0.9753656740827779,0
5,80,304,0.4632632093381387,0.8292257256009683,0,2.3417123534932887,0.3353905089199338,0
5,80,305,7.883747060475571,0.004516574067325607,1,-3.817091690881503,0.11981486495699128,0
5,80,306,6.957782486744711,0.0013569879716920283,1,2.3215351719406736,0.3257928397314106,0
5,80,307,5.895840672122029,0.017870139674612772,1,-1.0141859429841176,0.678629625177497,0
5,80,308,3.3761974272470625,0.14548174451749543,0,1.0139026595900065,0.6444808033106901,0
5,80,309,4.0106028081306855,0.06021079015712056,0,-0.984060640140828,0.6570593726266027,0
5,80,310,6.802380966231585,0.0055178113261458595,1,-4.854747058661579,0.034631899769273736,1
5,80,311,5.524324716727988,0.019730521898019753,1,-2.0836079454425263,0.3484059518062773,0
5,80,312,5.768766948215664,0.006375751743964649,1,1.203868054092401,0.5346710282915947,0
5,80,313,9.300197665210538,1.1490460379031886e-5,1,-0.8183708878622334,0.7545476333534179,0
5,80,314,6.032459091384466,0.004640509802745009,1,6.697046936233643,0.0035698271971514304,1
5,80,315,6.731997890803202,0.004476910573754362,1,-0.942510245615823,0.6813928329256325,0
5,80,316,8.784889705579888,2.0127909479905888e-4,1,-0.9518864541657389,0.682715673343187,0
5,80,317,3.4921923808424014,0.11581133088299378,0,-0.651787572024148,0.7389626574216717,0
5,80,318,6.144506268122872,0.008789163767908713,1,0.32145730454177684,0.8973556085640734,0
5,80,319,6.453450883678792,0.005150679390649078,1,-1.6769557325629096,0.42726783715675276,0
5,80,320,4.752237660684353,0.04472237138946706,1,-0.30554591883494714,0.8913900888689774,0
5,80,321,2.063551873099918,0.3458363724640432,0,0.6227971973808584,0.7938482491164867,0
5,80,322,1.8224415839486001,0.3983537533155479,0,-0.00875437382094503,0.9967147068206517,0
5,80,323,6.249131097920898,0.003131756629376002,1,0.2733532388897446,0.91106740067794445,0
5,80,324,5.5250031620057705,0.010633310797226743,1,-1.7432554743735216,0.4775825117860568,0
5,80,325,2.2696305619168,0.347643835476971,0,1.0219449472702744,0.685068527405,0
5,80,326,6.276464473926324,0.002467929262369899,1,0.5375635358333158,0.8109486818585003,0
5,80,327,5.527694130407019,0.03796384107653731,1,0.10987228917237815,0.9547807928643539,0
5,80,328,3.176042180034706,0.14182522012500878,0,1.4536421766040004,0.5185685651357432,0
5,80,329,4.021716925690471,0.08665608077542461,0,4.417590983041498,0.07700372891367277,0
5,80,330,6.008450609607099,0.009613086070337866,1,-4.170146006184319,0.07952671878373023,0
5,80,331,6.881881418100477,0.0027926673552323765,1,2.464067557415568,0.26530256101511773,0
5,80,332,5.779252866677014,0.005491294765135409,1,3.9597607454470936,0.092970911061973055,0
5,80,333,6.329399722114272,0.006664874903227342,1,1.4675246926286418,0.5032942100305133,0
5,80,334,1.683932299956779,0.46687150015939216,0,1.8941101544713923,0.41079649080530556,0
5,80,335,4.857115982566864,0.04538540939923751,1,1.1622195145271572,0.5681194737245524,0
5,80,336,4.280244393272166,0.08784070727629249,0,-0.9515037161018077,0.7032887574320137,0
5,80,337,3.4709369881249845,0.15368023470488124,0,4.547362107276348,0.023619657514240833,1
5,80,338,3.396228794719346,0.18890454163569786,0,1.3805413951910543,0.5172285481979639,0
5,80,339,6.034198290359558,0.008244149380327602,1,-1.3442839156672577,0.6121597545297426,0
5,80,340,4.462079509404083,0.026767390709169055,1,1.5385018324147048,0.5150568348547688,0
5,80,341,2.9330078275399867,0.20349179255011404,0,-2.0349578579681205,0.3844632958003559,0
5,80,342,4.106270098713167,0.12120622397364517,0,-0.6442100612167555,0.7923705149357292,0
5,80,343,5.71767426517707,0.010465983132661465,1,4.189605476041061,0.07359227393054409,0
5,80,344,4.815886178353979,0.02530738282739805,1,2.2485541014162993,0.2743988746673592,0
5,80,345,5.806484723957026,0.013396324451182377,1,-2.9862905322035,0.23958226967127216,0
5,80,346,6.531853267640588,0.0037699740649002876,1,2.94276567230252,0.194379554299759,0
5,80,347,6.179133063650412,0.004269173625617783,1,1.3373375658384112,0.5737069063006149,0
5,80,348,8.978318329321963,3.5578539825768116e-5,1,1.6607723411610091,0.47866115704681667,0
5,80,349,4.038190642464071,0.06645711629767154,0,0.3786493136944141,0.8572022739908289,0
5,80,350,6.0203211473888425,0.01636078991701174,1,2.247008717053324,0.26591731741195335,0
5,80,351,4.816934667209494,0.023346268994528855,1,0.010354057334639824,0.9963647919356975,0
5,80,352,4.42544278679305,0.057119756835585726,0,0.04316133433878445,0.985623176526989,0
5,80,353,3.295821719679331,0.08473328151347011,0,1.2096301803900409,0.5819945638667003,0
5,80,354,3.675429604084427,0.08525566886500088,0,-4.612820808164002,0.04003577027838645,1
5,80,355,5.462510520747055,0.01500388313137369,1,-0.46642687450530546,0.8288936281756056,0
5,80,356,7.727407344942153,3.125873531653247e-4,1,1.3821134229875274,0.5640085614199759,0
5,80,357,7.097083351262999,6.96365307646663e-4,1,-2.4322231137098886,0.25734181389507343,0
5,80,358,5.267101021857331,0.019165828957199694,1,-0.7197285734948564,0.7454033501742493,0
5,80,359,4.634165173298825,0.03423780290630304,1,0.8030617113880496,0.7124812832600402,0
5,80,360,2.9512256183834826,0.1800523052161493,0,-1.224968408460464,0.6025811487404735,0
5,80,361,0.4390906984034964,0.8416166010536195,0,-0.6762147348220817,0.772979691460754,0
5,80,362,4.218261867247065,0.07179186339017049,0,1.9716949876117547,0.4034675894377866,0
5,80,363,6.596998635922627,0.001768294638130781,1,1.5414415003726119,0.4897136404238729,0
5,80,364,3.497453957512525,0.09485731909680903,0,-2.2002374511681966,0.2986423195023551,0
5,80,365,5.686605344285425,0.010438760336334176,1,-2.2459582197935295,0.33794475109121713,0
5,80,366,5.021343803218808,0.049185109500045295,1,-0.06993097606146269,0.9749615502115795,0
5,80,367,5.566880103748243,0.007350934894375388,1,0.6546455585162628,0.77972071582305,0
5,80,368,4.812020945657319,0.03038846228962807,1,-1.4806860250829434,0.5082239159989543,0
5,80,369,4.843729306444472,0.05592376317742753,0,5.065886185430074,0.021433311947860002,1
5,80,370,3.1092394878078524,0.1649079124957997,0,2.2562978922234733,0.3548642751264959,0
5,80,371,7.997025334307117,4.8595538203043777e-4,1,0.7180114949449361,0.7494866163678566,0
5,80,372,8.467210209244515,7.262202162000601e-5,1,1.6955372671146602,0.43418359047743627,0
5,80,373,3.5567919057727586,0.09431236640782176,0,1.3148779391011922,0.5133374872986515,0
5,80,374,5.051276519428621,0.03047561805295176,1,2.1949983881777824,0.40482144900523176,0
5,80,375,5.628676970454526,0.016880402374631055,1,-1.2294353579848847,0.5533618862962753,0
5,80,376,6.4918428176771785,0.008291757767005244,1,-0.7329421235178425,0.7520987481049013,0
5,80,377,6.414802207923787,0.0025934139035363873,1,-2.3598548427814072,0.25255047589298324,0
5,80,378,7.103094250782241,0.0018133677627771875,1,3.850965736272985,0.08406973288185808,0
5,80,379,5.1941645719521565,0.02808469986151119,1,-3.14547485049094,0.16835070781029526,0
5,80,380,1.6077851299369093,0.5179222999420552,0,2.3750438456283907,0.32027435354870193,0
5,80,381,2.3454205412705305,0.28298898135086464,0,-0.15031831449472635,0.9430502468588557,0
5,80,382,4.225310723691821,0.04951366223885057,1,-2.4105004092216404,0.264895220548398,0
5,80,383,3.056409863215095,0.16544873150609088,0,3.344577435201705,0.106794999839035,0
5,80,384,3.2864352902589253,0.08364066699889801,0,-0.659121696183417,0.7267337376120899,0
5,80,385,5.541572161335993,0.00846512712612122,1,0.9195182171855192,0.701787913979558,0
5,80,386,1.9026351115625924,0.4332367771761082,0,1.3104238552964067,0.5612306691128849,0
5,80,387,9.7462321686439,6.9831050190819485e-6,1,-3.164570260155536,0.1863836891186868,0
5,80,388,6.883050741917767,0.005020413412071239,1,3.2225091896904337,0.14792724333082577,0
5,80,389,3.966066637970918,0.06135886725982944,0,0.919633029336791,0.7030762698854294,0
5,80,390,3.2473398020032156,0.11774355026826573,0,0.4998235260488982,0.8312062166512332,0
5,80,391,4.798016926444329,0.03983715110509743,1,0.41485769075885104,0.8391741559177779,0
5,80,392,6.375849533614579,0.0012966972767432098,1,4.1756441588890345,0.08350406929753303,0
5,80,393,5.824684120872135,0.004826139989361482,1,1.248658060928087,0.557543511426424,0
5,80,394,3.7658313013710245,0.07404626762908484,0,0.51797841280134,0.7868318498900331,0
5,80,395,7.176771862050418,9.876979863697728e-4,1,-1.1468701451531755,0.6258685060824081,0
5,80,396,7.011404528099153,0.003362871555763385,1,-0.26121159897393614,0.9070724703034673,0
5,80,397,2.195756523618474,0.3596650827667336,0,1.8550929365563942,0.3723182956144061,0
5,80,398,4.88562138376715,0.053625870479918916,0,2.069735781841604,0.3577924314323042,0
5,80,399,3.477244861524499,0.08813443373496303,0,-0.3916961873768124,0.8511907684136342,0
5,80,400,3.489059928030743,0.11774506127859724,0,0.06457398316593028,0.9766389010167704,0
5,80,401,6.754064587022516,0.0027529826091649457,1,1.7001890102996988,0.49983366505210447,0
5,80,402,5.103570692080816,0.04125645525896665,1,2.2653782379346183,0.30917396538266323,0
5,80,403,1.3010223647543981,0.5295147455156521,0,-2.223616910583314,0.37185955692136996,0
5,80,404,5.466152008613983,0.003251824673291465,1,-0.03912727146820004,0.9863512626343395,0
5,80,405,3.888755246829135,0.10814082030745206,0,1.0655720380833573,0.6346596669717086,0
5,80,406,3.280525165303127,0.15873391054814942,0,-1.4460394693696341,0.565307310909664,0
5,80,407,4.752896391694638,0.03151916857463338,1,4.3500548904477165,0.045269567186501304,1
5,80,408,4.574464718898905,0.06069019863761358,0,-1.0978497491427017,0.5888171197067756,0
5,80,409,4.922502609484247,0.043199802223937434,1,1.8318362601635112,0.3888784978558373,0
5,80,410,5.994448505786706,0.006099027729459536,1,2.0736884467333967,0.38298086689968824,0
5,80,411,2.890903642050414,0.22031876360064306,0,-0.1649019841684339,0.9310625073511594,0
5,80,412,6.029177491095366,0.010743342368516227,1,1.2193599271015634,0.5518895788370839,0
5,80,413,3.6684058204824987,0.12577859969719327,0,0.9747886883397916,0.6460260276320839,0
5,80,414,7.412021846120333,0.0015884252341842558,1,-0.3119925162529329,0.8997768516245261,0
5,80,415,0.8669738269261702,0.7025263020411754,0,2.0453443688763047,0.31453395428935993,0
5,80,416,5.62973579323933,0.010209263906571344,1,0.25069533848873177,0.9030965494923634,0
5,80,417,3.815413862742814,0.11437860428311729,0,3.0655370591617475,0.16844814575989753,0
5,80,418,2.5614186296402917,0.2586552029109044,0,-2.1864865295021865,0.3311811645968995,0
5,80,419,7.136135612608494,0.0010906824823186693,1,4.105847494410285,0.03898044848004061,1
5,80,420,5.047258446531904,0.028993416693573828,1,2.9035973837496605,0.24293101791622343,0
5,80,421,3.102579151463225,0.17162201263513704,0,-4.262241392923659,0.030519854342705974,1
5,80,422,4.831043809839034,0.02567168330408725,1,1.475701778226879,0.5120974020445714,0
5,80,423,4.142238541193528,0.05422600037327024,0,-0.24453351734397274,0.88489909434487235,0
5,80,424,4.692686041277573,0.039054886190190215,1,-1.8324867176934907,0.41416241109025576,0
5,80,425,5.822384354694991,0.02024986456578055,1,-2.4576387538046283,0.2747107306933259,0
5,80,426,6.009295849382438,0.0073236200164783416,1,2.5808921249015353,0.22745323937657197,0
5,80,427,5.533542510766155,0.00856674881542282,1,-0.8507188303241949,0.7200355083466908,0
5,80,428,2.98313215377071,0.11917201822376135,0,0.6161896018577938,0.8027551102949417,0
5,80,429,11.277181277339425,1.1893102513581232e-6,1,1.6326145736813502,0.5187214521680548,0
5,80,430,8.149460926466661,0.001038321399155406,1,-1.890246145862664,0.3972337951808014,0
5,80,431,9.200899455456513,2.0475084519531485e-4,1,-2.4993528820145046,0.20672186399079057,0
5,80,432,8.192286579767032,3.701029976125927e-4,1,2.1164213350912835,0.28832389367476785,0
5,80,433,6.203580370754273,0.012171548514828448,1,1.5417911037270675,0.5025406137727133,0
5,80,434,8.028671399320652,0.0015109546673193407,1,-0.4701037249981459,0.8472390188678671,0
5,80,435,2.1850225037402433,0.3829060604875344,0,-1.9255884287337282,0.4040598452440557,0
5,80,436,2.781354521915267,0.26642741590239616,0,-0.3885614212654217,0.8410165345714591,0
5,80,437,4.952839043781799,0.04087186863406572,1,0.9001808461240387,0.6574307247565152,0
5,80,438,2.9199973732190267,0.2123215525513294,0,-3.1113048983126057,0.1681197019274618,0
5,80,439,2.6655701512061403,0.32986878191031765,0,-1.702547590989906,0.489793726543413,0
5,80,440,5.8487695399227775,0.009962370607346439,1,0.5600468161291718,0.789954627758435,0
5,80,441,5.732946008899762,0.016816579611972138,1,0.007901735167086558,0.9974147677947829,0
5,80,442,10.375167155477701,9.776243092831967e-6,1,-1.0689221954168349,0.611352999997175,0
5,80,443,6.441946435684194,0.003367325572248167,1,-1.703511054390441,0.39417622806313724,0
5,80,444,4.859801546343416,0.03279165197231921,1,-0.9103668910872426,0.699538104188867,0
5,80,445,5.28721323174645,0.027972266721953284,1,2.8039636550966818,0.22287288340541614,0
5,80,446,5.157058558195716,0.019862820941063727,1,-5.126400213395122,0.03438428681972097,1
5,80,447,4.328483195888699,0.06284679012214571,0,0.0018205919907819392,0.9993746243452029,0
5,80,448,8.469292045561396,2.5127077615135494e-4,1,-4.392407827849625,0.11906740480768067,0
5,80,449,-1.4375092917141676,0.5795721692824809,0,3.2005496437742957,0.17455687380114354,0
5,80,450,4.135241722436839,0.07085681344816969,0,-4.638024278696777,0.07878910888930664,0
5,80,451,7.976139841233898,2.5081190544186263e-4,1,3.205857571329314,0.1852533831357045,0
5,80,452,3.691384955008182,0.05865376665219863,0,3.0486385451063267,0.1769605063107467,0
5,80,453,7.188139815866755,0.0019632117606461475,1,-0.905556699508308,0.6804652460233396,0
5,80,454,8.411850164499556,1.5966534567990934e-4,1,2.590541458123517,0.23698678378397886,0
5,80,455,5.616355172361992,0.01530053306772736,1,-0.022111577672371676,0.9926966193441509,0
5,80,456,9.545881136308024,5.913848942044346e-4,1,0.59941181857827,0.7824016921572889,0
5,80,457,6.431929874020046,0.003154507337316415,1,-1.264821454246062,0.5662321075630542,0
5,80,458,3.885835624508792,0.0825194334011806,0,1.8322513216228933,0.4008620249254846,0
5,80,459,3.346208078618524,0.16362393244871368,0,2.5549253813878776,0.3048543163009071,0
5,80,460,3.7271331097102918,0.12147037917321786,0,-0.6111056432852134,0.76888554439188594,0
5,80,461,7.72836568385721,0.0011985924299736852,1,-0.8156926387882655,0.7184333816433301,0
5,80,462,5.585653391193544,0.01036721254232962,1,1.7211022897729047,0.4823345404564875,0
5,80,463,3.0326721895374344,0.15260165498655487,0,-4.829623325302446,0.012072075396262089,1
5,80,464,4.042267922005251,0.09629085427917537,0,-0.4376910618533347,0.8251310630443681,0
5,80,465,6.911027873879284,0.005250211252305423,1,1.3554620170656837,0.5303215666228349,0
5,80,466,8.031365642777503,1.9902754179527987e-4,1,-0.8076796550551687,0.6827525225542015,0
5,80,467,4.145521254833966,0.08184265511783353,0,4.491729706559369,0.052485725506198795,0
5,80,468,4.674911375916869,0.040089876836548397,1,0.9915420981830007,0.6959050276461185,0
5,80,469,4.057508310758875,0.09129769162127882,0,0.161469675030302,0.9504518751369301,0
5,80,470,5.460798377015145,0.022063302357811905,1,0.30823467687325534,0.902109994706337,0
5,80,471,1.236396502536435,0.5494692702090475,0,-0.5736359059558931,0.799655734562914,0
5,80,472,5.907797458496878,0.005725217778160308,1,0.8601924348829517,0.6857281890586167,0
5,80,473,4.20878441962841,0.04260489970446085,1,-0.22264153245432627,0.9211227392535275,0
5,80,474,3.456771523519812,0.12678097363780746,0,1.0079089855407786,0.6202716398750998,0
5,80,475,3.744787205335885,0.12435649475834959,0,1.1940263813585952,0.5755974810496297,0
5,80,476,5.592032586409143,0.02197383447282006,1,2.1825767389923314,0.28854016522655107,0
5,80,477,4.428513764594599,0.029452761028540435,1,0.6506599609084021,0.7789984827047378,0
5,80,478,5.898848162998867,0.007956838325663108,1,1.2868176345012243,0.5465545269639851,0
5,80,479,6.240688799335618,0.00327239450120455,1,0.038864802308758654,0.9866942438243438,0
5,80,480,9.06963171530046,3.928024778841105e-4,1,-0.4346281225503599,0.8384148920714488,0
5,80,481,4.555338708598209,0.1086565484337787,0,-3.914078620787047,0.083166974367785,0
5,80,482,8.115075375105786,7.790078691632196e-5,1,-2.9492380526959026,0.20817505440850456,0
5,80,483,7.503239714216964,0.003390772178725783,1,0.08802354968589406,0.9734823870962592,0
5,80,484,7.1163119022310495,5.447821358766381e-4,1,2.181798302240477,0.34566292864222303,0
5,80,485,5.442869800013884,0.012211165119635428,1,2.9159556043470154,0.14669852421635712,0
5,80,486,2.803728681812332,0.17197136440449265,0,0.45295468599870214,0.8393390900241671,0
5,80,487,5.492318198140527,0.030186987437981667,1,0.07526052897729138,0.9739008238318905,0
5,80,488,3.096595012699823,0.22037263864875287,0,0.2261476920152726,0.912508346582572,0
5,80,489,7.194518297001925,0.002128499389279752,1,4.074970849371172,0.06869223532115432,0
5,80,490,3.6410519235394494,0.10970426798181428,0,-3.655618290341578,0.10376454733135894,0
5,80,491,8.269551476396503,8.038223783571953e-4,1,-0.6395213466730916,0.7582429145331862,0
5,80,492,4.7020215831553145,0.03503776056296143,1,-1.6663718182654614,0.4810655108429297,0
5,80,493,3.9619480317012865,0.0870288926569424,0,3.9944051841873685,0.0558038133215618,0
5,80,494,3.059432240284595,0.13400559745302063,0,3.944779790061143,0.06975489754872063,0
5,80,495,6.624612492386509,0.002278462736830392,1,-1.613977175060745,0.43399386377626825,0
5,80,496,11.706196631909444,7.355584301045296e-7,1,0.2756506451919817,0.8965817549659851,0
5,80,497,6.173902848540264,0.01617686047062335,1,1.0630368149205622,0.6410881778323221,0
5,80,498,3.5294424000241804,0.10130484458778946,0,-3.547959332943496,0.11332794448004921,0
5,80,499,3.444120714493376,0.15489035524141131,0,-1.9933877582101356,0.3156409078369325,0
5,80,500,3.09678127007031,0.17291925878461922,0,1.7035989352024945,0.4198099348780385,0
5,80,501,1.7094443194437217,0.46619074809725425,0,-1.0949188767530762,0.679356994500018,0
5,80,502,5.176192970511344,0.01875047668552538,1,4.408621756204065,0.06763193447037802,0
5,80,503,4.300126368341998,0.05335112045155475,0,1.4771579869504334,0.538713933461739,0
5,80,504,10.336218826961579,3.1179686190407454e-5,1,-2.7966306627721167,0.20103965161793888,0
5,80,505,6.730488295936585,0.002737404213284891,1,-2.253826922216365,0.35464013721999055,0
5,80,506,2.785491670692829,0.2443870674633831,0,2.4184671006714074,0.2609459963553533,0
5,80,507,8.12245973541709,2.775004472256458e-4,1,-1.5429102916456126,0.47873985953781617,0
5,80,508,4.090852419607368,0.07813529073793919,0,-1.3870791994198481,0.5502008619515861,0
5,80,509,4.460889751544344,0.10330727887963884,0,-0.037918563975990194,0.987136672466147,0
5,80,510,1.370791471943269,0.5815940671526951,0,1.2718542770969414,0.5116903133557336,0
5,80,511,3.759935056315173,0.12225559637653144,0,-2.0944203717286216,0.2667624443882396,0
5,80,512,6.11520941402599,0.004221893715403351,1,-0.1300651043602427,0.9598962560521594,0
5,80,513,6.728529031437017,0.0052630878908074856,1,-4.388683741969964,0.03830184589529317,1
5,80,514,3.7101204735507385,0.10714157391958631,0,2.3456857823265684,0.31278670884558735,0
5,80,515,6.671796025698175,0.00252186943674522,1,-2.8560546480349345,0.19555657758567943,0
5,80,516,2.652294847268367,0.20714062381323795,0,0.36152957068053315,0.8727123473740285,0
5,80,517,5.760277884369607,0.02166582706351572,1,1.2606395490053581,0.5542195035949715,0
5,80,518,2.330429917784689,0.3233317143182436,0,-0.450410327312873,0.8563753703756765,0
5,80,519,9.060728157300648,3.6647871583827575e-4,1,-3.1483723001569004,0.1442708284544166,0
5,80,520,0.4219344401964221,0.8624425181062072,0,0.18685753798434268,0.9327390891033709,0
5,80,521,7.41306021726822,0.002518320896080801,1,-2.8613804596316874,0.22091078682396104,0
5,80,522,4.994122097407048,0.031029770230039656,1,-0.19759498390987382,0.9245924204548159,0
5,80,523,2.4923744494393993,0.19569299235329385,0,1.2185201863015358,0.5638859270466668,0
5,80,524,2.4689708699638038,0.2729523016036281,0,-0.7794591847242456,0.7036969056316338,0
5,80,525,2.194794713547389,0.37044624400941994,0,1.4024110450959342,0.5686931423785573,0
5,80,526,3.045951295701959,0.15120927002223428,0,-0.025323285595074452,0.9913105375979255,0
5,80,527,6.261212009943541,0.009348101264360417,1,1.246399651343532,0.5358955655397906,0
5,80,528,3.6338597363301584,0.11396713860828976,0,-1.484511051348195,0.4983168389174901,0
5,80,529,3.4200883346726236,0.06506356866500648,0,0.9479035774640391,0.6408383577641699,0
5,80,530,2.0326885043400256,0.3643760012537838,0,3.445869118303082,0.09129829746684824,0
5,80,531,4.388252516732753,0.05356441248893982,0,3.1306283866968863,0.1717889424304824,0
5,80,532,4.963123423050397,0.043658853471230843,1,-1.5057503706065933,0.5364116456876213,0
5,80,533,7.064037665720857,4.3969021380431113e-4,1,-2.3491062346720204,0.2336306269437412,0
5,80,534,3.766973316362763,0.07292923729773616,0,-0.552966233160108,0.7940450208785529,0
5,80,535,3.2229133006819533,0.18690385758378475,0,-1.294669462231998,0.5012351445180354,0
5,80,536,6.1761898132424085,0.003878030927946189,1,3.164481901807649,0.07622755652942535,0
5,80,537,7.932685265717969,0.0011555977291980856,1,3.091018877919495,0.19312417289192776,0
5,80,538,4.3650101081658885,0.05158139192626943,0,0.615025210281256,0.7858035570692414,0
5,80,539,6.092030974812745,0.00798865506138832,1,-2.49343314201441,0.27711093250620855,0
5,80,540,4.773733896920126,0.019162741189035503,1,-1.3946684899656288,0.5160501788747986,0
5,80,541,4.680494916546746,0.034854938419677496,1,0.4163183259313068,0.8449410508149132,0
5,80,542,3.2465794085021096,0.15116091197414336,0,-1.7190980976160215,0.4712303442050877,0
5,80,543,2.8781613250114537,0.20109799873687528,0,-0.42597324252773394,0.8482915836228103,0
5,80,544,6.469627433521218,0.0045248885465838445,1,-3.772471884057062,0.10054680926845436,0
5,80,545,8.331134450992373,2.9439349949546766e-4,1,-2.233554581487807,0.2572644806815696,0
5,80,546,7.739966217054119,0.001012370570502225,1,2.0398152365342757,0.34087888332361016,0
5,80,547,0.5116607847953178,0.841189458064356,0,-1.4357169918499468,0.49644156837938624,0
5,80,548,6.4294517722115385,0.0048616298714670965,1,-3.3026805535459927,0.13019632933801475,0
5,80,549,6.561012827372271,0.0030970423438246657,1,0.3874930780220785,0.8625984776571616,0
5,80,550,4.359626052842928,0.0559991816201141,0,-2.13761428221097,0.4458132974042016,0
5,80,551,4.230014566779231,0.04506385035870075,1,-1.632647452276658,0.43621856812903037,0
5,80,552,8.265440839645509,0.0027815495938596085,1,-1.3007286240634668,0.5575582278667786,0
5,80,553,4.041527896279592,0.08354640700718867,0,-1.7256455124367023,0.41821929339018715,0
5,80,554,6.939696780735356,0.0014411549568538523,1,3.194177146010814,0.18400381924227904,0
5,80,555,4.645104941012054,0.015918931201675934,1,1.737162700090845,0.41920795464795324,0
5,80,556,5.064944321680344,0.022240151128804203,1,0.13028869202558002,0.955395193211289,0
5,80,557,6.580467924347135,0.0039352901795725315,1,1.763262063830816,0.45140911353795854,0
5,80,558,7.613073479621277,0.0041687162478606125,1,0.30088617892596725,0.8999123242156387,0
5,80,559,3.3522100948759155,0.14262054688034437,0,5.3233069185465665,0.027084307683354097,1
5,80,560,6.520889380552275,0.015594578823580311,1,-2.73682448746799,0.28538791317855255,0
5,80,561,6.868456552587762,0.004912674034031595,1,-1.2643014111295492,0.5577379271282312,0
5,80,562,5.619193901418786,0.02366093232947093,1,2.3213102454840064,0.3329033499987446,0
5,80,563,7.725735414594408,0.0019433013961402926,1,-1.3437060539773524,0.5351740040537739,0
5,80,564,8.084255093981145,0.0015276906427142086,1,-3.392029914177175,0.17405109561716625,0
5,80,565,8.77302515348428,2.144633616449298e-5,1,1.8798467227932052,0.37663706113150497,0
5,80,566,2.00082544123832,0.2889492365181832,0,-1.3102678973193176,0.533545686173114,0
5,80,567,6.284652023425571,0.0036190473016611026,1,-1.075042226018148,0.6775564736401034,0
5,80,568,3.6366423705812965,0.07023767082966784,0,1.4068380140787475,0.5779568486971891,0
5,80,569,6.383695044836105,0.010462434298004772,1,-3.9216764651845724,0.07572105278930243,0
5,80,570,6.0321838852745175,0.009152011598854306,1,2.330031539645105,0.2516193861226147,0
5,80,571,6.651066733039416,0.0027374745047866467,1,-0.6566867773987823,0.7619686772387393,0
5,80,572,4.415879194670479,0.06349215515402648,0,-2.5950284442762848,0.21545313167823607,0
5,80,573,1.9588478290379168,0.389201188386491,0,0.8074396710239584,0.7314941969518229,0
5,80,574,2.6711577639327917,0.27571322972927564,0,-1.1974512616785193,0.5127732008195447,0
5,80,575,2.760848368456912,0.21971259128694887,0,3.2591733836278385,0.12652039994296246,0
5,80,576,7.14771787333459,7.752465032830685e-4,1,1.3549219806184134,0.5169891574301755,0
5,80,577,4.222345012750336,0.04663674880494478,1,-0.05325275856312506,0.9827269226568798,0
5,80,578,7.23710654666477,0.0011298928686174037,1,-0.40699084445702516,0.8506158284945464,0
5,80,579,4.420538624953709,0.037094405116379875,1,1.6990282829517322,0.40033981930006246,0
5,80,580,5.1195866911041215,0.022528723647411274,1,-0.18009192458672837,0.9301118832742266,0
5,80,581,4.797184497437944,0.033021597191846955,1,0.41825610076140524,0.8472964739518251,0
5,80,582,3.566966329902767,0.08326628418940164,0,-2.794441445038369,0.2066785610197786,0
5,80,583,7.124466167879495,0.0029472096149654177,1,-1.3257606178142778,0.5545544105289972,0
5,80,584,2.6953765662410545,0.27307298415516507,0,-1.1120764727818537,0.5866497714012342,0
5,80,585,4.746818974443453,0.03521933493468016,1,1.6819847319922872,0.40878394089902104,0
5,80,586,5.762051951963719,0.01746876874719101,1,-0.20762091922009698,0.9209466355856984,0
5,80,587,7.907901227716268,8.986803021866508e-4,1,-2.315666240731724,0.27808216611393366,0
5,80,588,2.216745117024744,0.3656383443247131,0,1.2198437292075441,0.49315920507974176,0
5,80,589,7.521553642834308,2.5214424624029697e-4,1,-1.5668089407159689,0.49414800226460187,0
5,80,590,3.783445349523838,0.08349395414467083,0,-2.323755278557538,0.24248404435706947,0
5,80,591,1.3695864328643184,0.5400444941240639,0,-1.7320169087874884,0.4971427576796392,0
5,80,592,0.27708382437254186,0.9074022971631222,0,-1.689654496920025,0.4877314179938199,0
5,80,593,4.570696823243014,0.0602153087437339,0,-2.98276089903902,0.18690209067094096,0
5,80,594,10.157216276834776,4.2944281776651214e-5,1,-0.7742700016357157,0.7601302342328347,0
5,80,595,0.7887191870753497,0.7173312474862482,0,1.9393014542377045,0.43037301336652956,0
5,80,596,2.187812310009871,0.3134965112300205,0,-2.024126248726545,0.3521035175186392,0
5,80,597,7.246722849188937,0.001558536874032411,1,-0.442893737411884,0.8351328117495918,0
5,80,598,3.7262111912906106,0.07947754858191056,0,2.013774021315185,0.41096594854808366,0
5,80,599,4.097060459890283,0.12221084903062449,0,1.5886581184172204,0.4732132015176238,0
5,80,600,5.684922842435873,0.009171332037061214,1,0.37491905380118196,0.8732115553843172,0
5,80,601,3.902062815055452,0.15024131782472921,0,-2.5515209431693755,0.21176098258451523,0
5,80,602,4.506372085109235,0.06248184548745877,0,0.11905005974695322,0.9605137490081719,0
5,80,603,4.123721532981508,0.07558670643334454,0,-0.223397774613127,0.9233605137845204,0
5,80,604,2.7494138428348713,0.23133594620839676,0,0.8674045787502496,0.6893443080964224,0
5,80,605,1.6273361754048477,0.47841230739818486,0,-0.8748019237262972,0.6917784414676622,0
5,80,606,2.662296248647432,0.21384462698858184,0,-2.678786356443058,0.2400783060487015,0
5,80,607,7.31292813941352,8.506048876779432e-4,1,-1.5042568944619348,0.5198836316699987,0
5,80,608,5.712195585616586,0.035628833240745617,1,1.5801933401353176,0.4886781325146661,0
5,80,609,4.72030952429118,0.02639173304896532,1,2.9296585159716297,0.08702345270316683,0
5,80,610,5.800089010394026,0.023138687277771387,1,-0.5010400411926331,0.8281780881820536,0
5,80,611,3.8637325909711007,0.11224525263874456,0,-4.450810235107734,0.045686411734564975,1
5,80,612,8.097576254785592,1.2706305465375682e-4,1,1.260383774718585,0.5892322539304367,0
5,80,613,4.379626662354375,0.05003300767664695,0,-1.9790019342138194,0.37207133159525496,0
5,80,614,6.73353681682797,0.003087191252174001,1,5.521868762137103,0.00798582701816136,1
5,80,615,5.07798822728563,0.03994247054054066,1,-0.6156431842562573,0.7831907176738307,0
5,80,616,4.868076014827127,0.03497065537950502,1,-0.5192968312097729,0.848294309067788,0
5,80,617,7.785902347214609,0.0010387595752232488,1,1.8113334270169343,0.3497634832068959,0
5,80,618,5.963663578354314,0.009964518079275692,1,0.5338447059694305,0.8315231466660427,0
5,80,619,4.811936075440035,0.04130376473463296,1,-3.0449454731391423,0.1212976897839919,0
5,80,620,3.1590910266323595,0.20446250537711233,0,-1.121219029496878,0.6104250741574628,0
5,80,621,2.2247212973384345,0.33363029915274756,0,2.4652553607548815,0.25205830932806766,0
5,80,622,0.9657073853459804,0.6586079731171856,0,1.4480161274960819,0.4866416694279535,0
5,80,623,8.788359273216706,5.227995171073069e-5,1,-0.3860842576108307,0.864627489356425,0
5,80,624,3.635406629516769,0.09522674194170304,0,-0.6145517223948533,0.7698074395823407,0
5,80,625,11.314267028458351,5.609027421632931e-6,1,0.8896377381771825,0.6435088021947704,0
5,80,626,7.736314692195224,0.0017632806365624895,1,1.9182607550064783,0.3507741635404217,0
5,80,627,6.0105359565686625,0.005603715288907112,1,-2.480246049862939,0.23671210134392173,0
5,80,628,0.6887954069758677,0.7320613642323602,0,-3.0829101933926215,0.1389946107275073,0
5,80,629,4.785374193694158,0.050045196580228435,0,0.21536836369199833,0.9295339156408851,0
5,80,630,4.957458564614024,0.014694403658794276,1,-1.8008012548788428,0.30576721173231486,0
5,80,631,4.538241213113525,0.04477236846143157,1,-0.911661702863413,0.6549540445380335,0
5,80,632,6.273572723411351,0.014901266611212364,1,-0.9262160457838935,0.6911090501167921,0
5,80,633,7.115762634315143,0.0032943882956178003,1,-0.8397884103981705,0.7177618370759216,0
5,80,634,4.8513108316261935,0.03061579543274797,1,3.7474155550770627,0.07660642991698213,0
5,80,635,5.420537242342592,0.015201597950819809,1,4.55214653414626,0.04844951683770118,1
5,80,636,5.7027982070606775,0.016955958106945813,1,-2.388572176615546,0.27042457472298626,0
5,80,637,6.169917115023867,0.0032332050774905073,1,-1.3376200303199153,0.5103003201873444,0
5,80,638,2.1406757351843337,0.2886042566800578,0,2.911692362132411,0.14568228212213885,0
5,80,639,2.6253899552869515,0.2847764657634348,0,-3.4221303482317396,0.12892034430851862,0
5,80,640,8.276344849469524,0.0015407092530050216,1,0.7889462703607715,0.7332576084131543,0
5,80,641,3.075377922777958,0.22920725085960816,0,2.6832268284704908,0.2467855105920763,0
5,80,642,6.374372232225573,0.011076561423024898,1,-1.020173333502665,0.6401539822069222,0
5,80,643,0.3604458936689527,0.8830117268138306,0,-1.4742678719095466,0.4557649064391408,0
5,80,644,2.2738179175758635,0.3410701507513739,0,1.5448632843804269,0.4763135237227133,0
5,80,645,4.147559011985729,0.10542575550010018,0,0.33976201587678756,0.8857562952882545,0
5,80,646,-2.0146414409366367,0.2980091824215239,0,-2.343150374688688,0.30251943022853633,0
5,80,647,3.9811564472994396,0.0677559964285208,0,2.9185849621371425,0.2093165971145406,0
5,80,648,8.00977208450771,9.831547164495219e-5,1,-2.332801866389704,0.31286271081954803,0
5,80,649,2.4609055702994396,0.3290603378281305,0,-1.3098987292575004,0.5669842630305424,0
5,80,650,8.970321697494652,1.2178931593430969e-4,1,3.579227873080739,0.049408998504460275,1
5,80,651,6.395540358590889,0.007662091940792045,1,-0.754109945290757,0.7255246835314231,0
5,80,652,4.555079921704662,0.06658506680619788,0,0.13002954608749492,0.9530309343271374,0
5,80,653,8.3335054555618715,2.3846723884155007e-4,1,-1.6137538574866288,0.46296552748248365,0
5,80,654,7.2531249511081315,0.002810002638060038,1,-0.3230577665680748,0.8920433908473816,0
5,80,655,4.894916956154547,0.039931408462174196,1,2.265471815286199,0.2916853698672154,0
5,80,656,6.281994397589219,0.005715494548033493,1,-1.20384497226871,0.5590678649961525,0
5,80,657,2.676829949082943,0.2831104860674505,0,1.0083845082416536,0.6536401405833634,0
5,80,658,5.875689849243743,0.0031095205521089802,1,0.5923286481546978,0.7914661335771351,0
5,80,659,-2.4917687941253175,0.276617332912726,0,1.4997769962970655,0.5477535787924139,0
5,80,660,4.47115975071083,0.03185424301529842,1,3.174139162400013,0.09412767824865696,0
5,80,661,7.5445094359518725,0.0016740568657167272,1,-1.7293273531391313,0.45476712871834013,0
5,80,662,6.31568600594755,0.0020748763620600757,1,3.3355346644720654,0.14701002570679705,0
5,80,663,4.789761830189523,0.01782742547696442,1,1.8972342716291142,0.42970593005925073,0
5,80,664,9.094009750863872,7.556667363426594e-5,1,-3.1314788270409744,0.14409475896237922,0
5,80,665,4.19901102675734,0.08057625968538985,0,-0.7895596370622294,0.6927984147363593,0
5,80,666,6.6585871094623865,0.00741248787439291,1,-4.965136137524242,0.027568907608626615,1
5,80,667,4.038020784582712,0.04406122696749838,1,2.419174439880398,0.2420335079862835,0
5,80,668,5.045201152466262,0.033399745827028905,1,2.3197286063602136,0.2002134129255228,0
5,80,669,3.670744825713072,0.14388255372280465,0,-3.32293759547793,0.2081934424807965,0
5,80,670,2.288086419751298,0.333031157620973,0,0.09284732429801135,0.9649798155236244,0
5,80,671,4.28127541484303,0.04583366012875257,1,3.0155903711300884,0.1529568054492515,0
5,80,672,7.838990426109074,7.812290955372906e-4,1,-1.518565282042407,0.5214418117049001,0
5,80,673,4.829073711973756,0.03550805765157237,1,-0.41056426219912,0.85523044558788,0
5,80,674,5.448536234082923,0.02936266782914267,1,0.15314371060637336,0.9389354169968783,0
5,80,675,3.3271914456056506,0.12386077284977931,0,-0.04165518658165321,0.9850247102422587,0
5,80,676,3.5168748758978063,0.11016498157426852,0,0.4377374029250642,0.8450297804370368,0
5,80,677,3.317311860284678,0.14165226877475218,0,0.6997481126575625,0.7448366530363049,0
5,80,678,6.957230364416609,0.003123102400497321,1,-0.7338303773058107,0.7377724146619602,0
5,80,679,11.167474131899377,2.8292317495655136e-5,1,-2.938494670429587,0.2103719177839009,0
5,80,680,3.094339733661939,0.17445855480118413,0,0.331267239265765,0.8828741546505863,0
5,80,681,4.1034493929955405,0.05359068396946707,0,-0.5220013828786358,0.8182367936097603,0
5,80,682,7.87189549732953,0.001006666442578906,1,-4.360378803526554,0.0811318309101405,0
5,80,683,8.741154814935106,6.0699861659113834e-5,1,-5.236432170415246,0.02129568196531483,1
5,80,684,0.5582792491141472,0.8146130354904142,0,1.058755193457265,0.6482211775659616,0
5,80,685,6.108069463114668,0.009941478886911492,1,-0.3646645373081357,0.8581510520533162,0
5,80,686,2.1567208271540887,0.3207778946507189,0,2.768331139573759,0.2123507747280226,0
5,80,687,2.4993294919568125,0.27805716847807294,0,-0.2534036283619144,0.9027504232647086,0
5,80,688,9.552304187144504,2.0763674584074325e-5,1,-0.05402283845805266,0.9799920770137662,0
5,80,689,2.2509848784602102,0.32484105852647605,0,1.1459368881117287,0.5335135459274085,0
5,80,690,5.963959021348487,0.011980060422268833,1,1.6832307240263875,0.4328568822606934,0
5,80,691,2.8471359664163782,0.17859125365427908,0,-2.8400437065900235,0.20224679354559147,0
5,80,692,7.139774132538048,0.002404674852129998,1,-0.8651574037139418,0.7235958861012202,0
5,80,693,4.919019310367824,0.03296248200888035,1,-1.522065164185906,0.5305413544561015,0
5,80,694,5.379149846014806,0.03286667300755985,1,1.6989804304634075,0.5053069594710766,0
5,80,695,7.199409902540979,9.99558246272373e-4,1,-1.4872196655635006,0.46738054031122,0
5,80,696,3.9991800212709436,0.09676440011836075,0,-0.5810472161486108,0.8183801839042594,0
5,80,697,5.24389731720481,0.009649647600477155,1,-1.8015946516715433,0.4182997069890271,0
5,80,698,7.777390181517036,7.946001363963334e-4,1,0.6276847944809631,0.7877497265550215,0
5,80,699,6.529853669586466,0.010158780682962595,1,2.2925216837599938,0.3217828886691006,0
5,80,700,8.34669616735787,5.39794014277163e-4,1,0.9132316902923545,0.6560447421200398,0
5,80,701,6.677382866659225,0.00571853606097388,1,-0.7011583731478981,0.7667201885877711,0
5,80,702,2.5976229716355803,0.21998521275624539,0,-0.40786495941368145,0.8548201205087921,0
5,80,703,4.190847496737606,0.0785545864405112,0,-0.6092252880625514,0.7906648879959426,0
5,80,704,4.423914727128012,0.050123976263832914,0,-1.7822211210616,0.4090276962160474,0
5,80,705,6.109167943915336,9.431888983486045e-4,1,-0.18205868869311706,0.9308430045223883,0
5,80,706,8.129020137791214,2.0945116577893817e-4,1,4.300273374870629,0.027911291936660546,1
5,80,707,5.577973211709673,0.015312716718860461,1,-0.7913950093927696,0.7578557114939135,0
5,80,708,2.972263650894798,0.1742819172473324,0,-0.931996054446976,0.6611820945158566,0
5,80,709,3.2345088415209444,0.17854947303882854,0,-1.656671347072015,0.4526450017848791,0
5,80,710,10.274600104835226,6.3292728489387966e-6,1,-1.7220002813712607,0.41339460516096294,0
5,80,711,10.5019153638756,1.4944213820458513e-6,1,3.163836878846056,0.15813311938643793,0
5,80,712,7.579879617274916,6.503908258874304e-4,1,2.1334660118609357,0.38695215861246157,0
5,80,713,7.865079901880139,0.0015204136841884459,1,-3.1589746937573335,0.24113481268902892,0
5,80,714,3.697374570335963,0.12440080790705653,0,1.6387120276059441,0.43831786470509937,0
5,80,715,-0.1756210039451299,0.9401985099094906,0,-0.36290250999082263,0.859762476873309,0
5,80,716,7.366662332348964,0.0012404108861204946,1,0.4085000980202214,0.8573465702440475,0
5,80,717,3.5491747353546343,0.10299742218105812,0,3.791861653737086,0.07536093209520273,0
5,80,718,6.202254260590663,0.004477706355086191,1,-0.051585373878050615,0.9818285723633116,0
5,80,719,7.77566953149498,0.0021735618054855993,1,-1.416340759765176,0.47263025597891506,0
5,80,720,3.112330259324229,0.1290002412493505,0,4.440133246983142,0.03765066296192223,1
5,80,721,5.355952356925161,0.02587996644522689,1,-1.990332349453286,0.30271575678632795,0
5,80,722,2.0531077294358084,0.35539585600742785,0,-0.19059872690445723,0.9297509474160833,0
5,80,723,2.427111635104312,0.22994629285089255,0,-0.5167792376092696,0.79493213445061,0
5,80,724,7.506849100502484,0.001350104212069028,1,-2.8356457484682904,0.21639954246556933,0
5,80,725,5.872718235718957,0.004535215959233705,1,3.400125896180139,0.10267728661553709,0
5,80,726,7.059100901286612,0.00277849173673839,1,2.6166188518665434,0.23229875410222772,0
5,80,727,7.803834155081704,4.270583166664569e-4,1,0.8181462562140042,0.7229323437044046,0
5,80,728,4.932602596507251,0.02295639862752823,1,-1.6421132021402942,0.4818363911896725,0
5,80,729,0.653581376039175,0.7756409585035413,0,-1.8985825118208233,0.3804440987814286,0
5,80,730,6.340749920463274,0.0025080974476270907,1,-3.4759522929554367,0.11856200739116558,0
5,80,731,7.461387909949517,0.001981731595298005,1,-2.781418840290249,0.16874668542625681,0
5,80,732,5.882481503910797,0.020528050295372306,1,2.8851878379147897,0.18927972421593864,0
5,80,733,3.8061819791412375,0.08137322538860302,0,2.433078403223224,0.3085437710697653,0
5,80,734,9.677592842068487,8.022948245703332e-5,1,-1.7615082510544535,0.4408969914838212,0
5,80,735,6.844772331587945,0.0034243902183129678,1,0.36952302989315516,0.8585050965533363,0
5,80,736,4.858490274834118,0.05238184178491936,0,-1.5378481143812455,0.44892888607060366,0
5,80,737,6.061486087909252,0.015586667464181653,1,2.7299221227592003,0.19368167296751052,0
5,80,738,4.458101951028594,0.05772430993349339,0,-2.3511124958122918,0.27163555709550974,0
5,80,739,5.215215712147027,0.01806773021613498,1,1.3707216594668419,0.5492094946951572,0
5,80,740,9.209196184070942,3.7072946355692644e-4,1,-0.34402539812163,0.8897472970336243,0
5,80,741,6.494357264321145,0.008930384107137536,1,-2.8716648683282804,0.16145571571615627,0
5,80,742,3.3487407240010114,0.12200264880380277,0,-1.5500833919938177,0.48679085717466575,0
5,80,743,2.214807218940162,0.28709318817005225,0,3.6384753708257103,0.06892630864253947,0
5,80,744,4.640617931848274,0.027673897443886902,1,1.467045195099779,0.5494352430939022,0
5,80,745,5.871879153225168,0.021847095668563864,1,-1.219206989788715,0.5760831814534046,0
5,80,746,3.6230696647142717,0.14412986112594356,0,1.675776524659654,0.4405691601583197,0
5,80,747,3.5631469019574142,0.0955300282967728,0,-1.3340927818600081,0.5569296656481328,0
5,80,748,5.472915621286916,0.01888313393993239,1,-0.8970717845032089,0.7215412925382831,0
5,80,749,2.624099011517786,0.2379597959842213,0,-2.2779910862153465,0.30531914998652965,0
5,80,750,0.6781541349825387,0.7630625854279005,0,-0.8239914682990065,0.7312546580666746,0
5,80,751,5.178895948343211,0.033805313619772175,1,-0.8075709263235669,0.6916794980517361,0
5,80,752,8.14567641066322,2.984710242777157e-4,1,4.882923837408012,0.05928548097235228,0
5,80,753,8.625040532487374,5.2433295574521e-4,1,-1.0827203972844022,0.6266842185797704,0
5,80,754,4.57839287580816,0.01998651191959486,1,2.69069780964237,0.20823162672681345,0
5,80,755,9.533339226197922,8.034148839586208e-5,1,1.6700014422082714,0.4632426323603668,0
5,80,756,5.640525754319315,0.003867791258346725,1,-1.7161863583302976,0.3910572081121124,0
5,80,757,6.786709120908955,0.012853509153419497,1,-0.5831368916979522,0.8069469390735673,0
5,80,758,4.484480944494225,0.025707403140819016,1,5.542659578677438,0.0057366528451626665,1
5,80,759,8.679568751174541,1.5125789978953012e-4,1,-0.7816393472695896,0.6917219869333335,0
5,80,760,3.1703744963390696,0.1568586662187145,0,-1.4118764609935486,0.5378455489219569,0
5,80,761,3.939028307427804,0.0948517533981004,0,4.761782512789583,0.04733339264794424,1
5,80,762,6.722860187711707,0.004452948494273295,1,-3.7625052355922923,0.11852735615893063,0
5,80,763,1.8651945666599186,0.4186806067471849,0,4.485885315093024,0.03976399871445991,1
5,80,764,1.5189054350268192,0.5016828921882259,0,2.478154774584802,0.33705500260623755,0
5,80,765,1.4037748386307882,0.520632667099882,0,-2.1266786958274277,0.2782993965456341,0
5,80,766,8.512396428415638,4.343821194682727e-4,1,4.53084610335656,0.024811043224478607,1
5,80,767,6.164803561865153,0.00277315994989391,1,0.33215734463664875,0.8730984824393111,0
5,80,768,6.0046290717623965,0.028383967339853225,1,4.975559639432773,0.02392487766281684,1
5,80,769,7.106405125634584,0.0023553926017754207,1,2.766549545533114,0.23085730560724682,0
5,80,770,9.28858979009761,4.7976551189559655e-5,1,1.2315820288281456,0.5828233212947256,0
5,80,771,7.134558757798643,0.002057883298599174,1,2.4332658918946755,0.2461654060445554,0
5,80,772,4.940742041287732,0.04609034047533609,1,4.209662111836594,0.058617240503802494,0
5,80,773,4.2274521559800045,0.03181821704782594,1,-1.6707997605050435,0.48233381061646785,0
5,80,774,8.105433974381347,0.0011318222093993336,1,-3.6875427231710196,0.16649650369624314,0
5,80,775,3.793630973002736,0.11078315783919102,0,-4.799649010717089,0.025644967714830744,1
5,80,776,3.990794018552086,0.05472614287093957,0,-0.06640988596290288,0.9744907355134713,0
5,80,777,1.8137251965081704,0.42736268784963705,0,-0.8043906715478046,0.7244003276311004,0
5,80,778,8.9154648146659,4.17088993902466e-5,1,-2.269909523587524,0.298977108426988,0
5,80,779,2.058717867455506,0.33044243983697963,0,-1.9699378513346562,0.3411602340944486,0
5,80,780,5.608956757851108,0.01735997120804344,1,-0.29620989037164575,0.895910440373757,0
5,80,781,6.580252326381409,0.005498375955987288,1,-4.216517291544382,0.0498099659779982,1
5,80,782,4.407957849412957,0.05284975188247083,0,1.0992428626348585,0.6338464670328682,0
5,80,783,4.2722870351640445,0.066336217274129,0,-1.5899973015074202,0.4701334929870813,0
5,80,784,3.351223041064516,0.11992990625383812,0,2.2833770467001684,0.3043637890144941,0
5,80,785,0.1572534437167066,0.9448801974042023,0,3.40928689705245,0.09881050619644317,0
5,80,786,3.52704597856879,0.12690711173107339,0,3.1692377355016244,0.13811620719881296,0
5,80,787,4.81240918089671,0.012316337204683678,1,3.1675408046810603,0.1967359693313637,0
5,80,788,1.1001657021910303,0.631877982395233,0,-0.9141526786391025,0.7212883444273115,0
5,80,789,8.313987973644826,5.012789892355658e-4,1,-1.7716119078744805,0.4135690416862743,0
5,80,790,5.7121387201423905,0.014151263593407916,1,2.11122941514879,0.30429280039313034,0
5,80,791,5.5308302164840635,0.022679729894089975,1,1.2120129973257694,0.5359719255527478,0
5,80,792,4.002069163237946,0.0808560658567392,0,3.9232945837059243,0.10671041200501477,0
5,80,793,6.95169063106507,0.0018295266103793277,1,-2.182797289001471,0.3306525430314058,0
5,80,794,3.8935931810493547,0.05287059034361413,0,-2.7076083460871505,0.1343487027223295,0
5,80,795,6.508085735749322,0.009172072906423667,1,0.41103506562789605,0.8336056336714613,0
5,80,796,3.331655752408746,0.1417850166821696,0,1.2199618138401482,0.5577346947317734,0
5,80,797,5.154969100314715,0.015460174526584564,1,-2.6631328764574485,0.2540968365548348,0
5,80,798,3.857538299990353,0.09587181966742271,0,1.7483090912668262,0.46995121216651814,0
5,80,799,5.670066925519264,0.014805305673267436,1,-3.942045122694545,0.1185060571373436,0
5,80,800,5.268352276194304,0.019865377366293988,1,2.8967245346574595,0.1345052915179955,0
5,80,801,4.527656309136569,0.012447543104348535,1,0.10675334332674333,0.961919701911442,0
5,80,802,3.7303937145660107,0.1048902516225424,0,4.186203761995074,0.03747125100945931,1
5,80,803,10.082906422813194,9.504898108620799e-6,1,0.5282585675094322,0.8191969425774116,0
5,80,804,1.3914386637723684,0.5898910569494085,0,-2.29484554256408,0.31300595929865715,0
5,80,805,2.5919129850756386,0.23673619111986843,0,1.9166300622858532,0.3982163392984265,0
5,80,806,6.401894379975565,0.008650588923903009,1,1.7140339961301936,0.39603344620761083,0
5,80,807,6.396638863179479,0.007169895587386995,1,-0.4798468842886571,0.8451457845752385,0
5,80,808,0.16699967335465168,0.9312593188782881,0,2.257659973074411,0.34141150928311526,0
5,80,809,3.193966394968238,0.19848538305607968,0,1.0132671619174332,0.6562218294589502,0
5,80,810,5.64841078461375,0.03303453720184183,1,0.9422467806930859,0.7114305158522418,0
5,80,811,7.410131233767986,0.0023269063004019417,1,4.771408958666834,0.04524271916437971,1
5,80,812,6.67904623831336,0.013230260091250568,1,1.8606385287687457,0.45151695922394797,0
5,80,813,3.183984339025465,0.12626091485713475,0,4.261806350523062,0.04648893979246145,1
5,80,814,6.554579893107309,0.007518974519613944,1,0.016856139442601132,0.9939554344562231,0
5,80,815,3.1166705452051,0.18602108552562843,0,1.3234251626165385,0.5591753275857232,0
5,80,816,5.566672401095503,0.023553600850993863,1,0.8554335036230631,0.7048293201577974,0
5,80,817,3.572277698304622,0.06385509911623453,0,-1.2242389069945538,0.6130104979747779,0
5,80,818,6.073718137795645,0.00778042408055207,1,-1.048295276074726,0.648531743022992,0
5,80,819,4.946508615671954,0.05065484777661675,0,0.4378225805066768,0.8610414186709223,0
5,80,820,3.5545689489951933,0.13420049685169544,0,4.785681039162612,0.04138813127471333,1
5,80,821,5.1263606261821435,0.011722133422434292,1,-1.0769999336361236,0.6368934564964283,0
5,80,822,5.952317037366438,0.0060301312320707725,1,-0.8895219281448857,0.6726382232065755,0
5,80,823,4.283917709180497,0.050208195230664,0,6.683887816218131,0.003020340763332191,1
5,80,824,2.765310590041363,0.19268473764392147,0,-0.935716693570736,0.6853474047058591,0
5,80,825,4.755215531244339,0.034205218812063835,1,4.090244174878717,0.05661751761782723,0
5,80,826,6.324426452540897,0.007038683468423938,1,-0.6720597889678503,0.7767345235548944,0
5,80,827,2.837301953108387,0.23629608339903138,0,-1.9059262263495333,0.3407188567089561,0
5,80,828,6.3417230653417995,6.66190614434873e-4,1,0.15168581433076664,0.9477522382904413,0
5,80,829,4.086866600699978,0.055909424289406186,0,0.4093188243159754,0.8613801688045061,0
5,80,830,4.226211412078336,0.06036053746042374,0,-1.3571712775907854,0.543856412344967,0
5,80,831,8.743190786674418,7.888974447493443e-5,1,-2.234222277626462,0.37441156248491847,0
5,80,832,7.6313457418068325,0.0030698846937190377,1,2.8093312496736766,0.21975834931278232,0
5,80,833,5.64021411929363,0.00788169569080105,1,2.6810522612532224,0.27057867656076573,0
5,80,834,3.9848334941256875,0.039912547877571806,1,1.20454794828145,0.5313221507542168,0
5,80,835,7.537944662757842,7.024680521712969e-4,1,-4.549347929652396,0.03199802364798578,1
5,80,836,5.085842439360839,0.029347021088386948,1,0.04487481156503276,0.9832666512398007,0
5,80,837,2.799632010913966,0.1919164354424856,0,-0.19331957114894557,0.9298082017972312,0
5,80,838,1.4708145849924597,0.5170095667173156,0,-0.16377488350795377,0.9407098014750542,0
5,80,839,8.305412786643666,5.896642767709084e-4,1,-2.282008028816415,0.3437222623106987,0
5,80,840,2.235011119539453,0.3208736522502662,0,-2.3466092291164076,0.27747045544260024,0
5,80,841,5.123845778522256,0.015631945774325872,1,-1.355382084858615,0.5887252082139836,0
5,80,842,0.42315582594488343,0.8335153799882226,0,-0.637178967893956,0.7550514378423903,0
5,80,843,6.034853235647755,0.003740808694791177,1,-3.394092190452482,0.07197280376170997,0
5,80,844,2.4380224453060118,0.23634354612413644,0,-3.7739574580085535,0.11010301309155868,0
5,80,845,3.34945334176432,0.13827288292163242,0,2.1028316923811867,0.3422785001434727,0
5,80,846,5.698849753587208,0.016494325683066142,1,2.503237910390175,0.2435273847715759,0
5,80,847,4.3461514599606135,0.08603918060894716,0,-0.8034060100245586,0.6983675074079756,0
5,80,848,5.376089767802525,0.03257448115955232,1,1.2344120225007644,0.5489009096892232,0
5,80,849,6.734751871638167,0.0025015474568182,1,-2.0755736894224546,0.41252896802218375,0
5,80,850,2.9272292105365203,0.2021530936605194,0,2.443359754609621,0.23506765322333495,0
5,80,851,5.048191180913658,0.014919228198265388,1,-0.0889244586482639,0.9679567760462711,0
5,80,852,8.08665822771748,1.318908725291198e-4,1,-4.15602589520707,0.057151382203005294,0
5,80,853,7.13243974767777,0.004951594362436124,1,2.0670042997111557,0.35724587730877366,0
5,80,854,5.574280800557169,0.037289964925665456,1,0.7355516168648132,0.7485337839553601,0
5,80,855,7.086820962328851,1.571839484389467e-5,1,-0.30739696428924335,0.8785300733543586,0
5,80,856,6.588148497490149,0.004011591241681873,1,0.9449407543862159,0.6956410768934431,0
5,80,857,4.46006568662072,0.028844063813915823,1,-1.9832433664618434,0.36433174958502856,0
5,80,858,7.268174707789992,7.122493313717185e-4,1,-2.216000488146665,0.38996130456106703,0
5,80,859,5.679074103836857,0.010167980490131984,1,1.4599336907450942,0.535442444440097,0
5,80,860,2.8471980111344863,0.24113640436154568,0,-2.5913795544324567,0.15457107839859963,0
5,80,861,4.18262389154061,0.06031167468291432,0,-1.3367934991012216,0.5037809794889556,0
5,80,862,5.98298382895667,0.006905488233736012,1,0.8974918961198561,0.7200999669817972,0
5,80,863,7.358283869790098,0.006748132889808556,1,-1.2240912411097276,0.5016187726962653,0
5,80,864,2.537986919928947,0.2157663030930323,0,-0.38746343613625395,0.8500743152823815,0
5,80,865,6.031637584303982,0.005028213426657807,1,-1.7515656126236854,0.540642860104788,0
5,80,866,6.077844178257703,0.0023797657601461073,1,0.7292380047641345,0.748641942451868,0
5,80,867,5.422650909103097,0.007435510579991901,1,5.307177418286946,0.02062834680299602,1
5,80,868,2.9464422642424544,0.21130745965380454,0,-2.857182465261481,0.15455547093755295,0
5,80,869,3.2259119037474524,0.20487425189641978,0,-3.1050306750730545,0.13423742055311352,0
5,80,870,8.536190656519414,5.411766992454328e-4,1,-4.3914848994305284,0.03254914931032396,1
5,80,871,3.7090408785733615,0.09339068278177345,0,3.0307516833078947,0.21741435704619996,0
5,80,872,9.571835250449187,3.074412636141689e-7,1,4.273615052056914,0.032942244664421944,1
5,80,873,7.232005203928094,0.006237046067548016,1,-0.9642786851876147,0.6198587377865976,0
5,80,874,4.032269526803162,0.04365047247438669,1,-1.6001494913593792,0.4856999167866929,0
5,80,875,8.024036530351367,2.140627045691562e-4,1,1.534565875742341,0.47147060370515725,0
5,80,876,8.313345884258261,3.4295560667744953e-4,1,1.2287394833690697,0.5673970845503541,0
5,80,877,1.5998694729123306,0.5060468131927689,0,-1.0108277676736055,0.6118328976092795,0
5,80,878,5.6591002085058095,0.00518601937416609,1,-2.7040144516818807,0.3013732242637316,0
5,80,879,3.869103711636489,0.049422279862380264,1,1.2562219561118966,0.5440555505283924,0
5,80,880,3.44262904770124,0.21640405170516183,0,0.5899009767577015,0.7833018050743561,0
5,80,881,6.06377583739614,0.013169425073839601,1,-0.9511828102274642,0.7166668711876342,0
5,80,882,10.076170854136143,5.336686594671915e-5,1,-0.05099167803747537,0.9813886718718217,0
5,80,883,2.695238704585366,0.18598937699711346,0,2.2689752293652785,0.30015033285761583,0
5,80,884,2.8549396337327537,0.1888663237497326,0,1.061007925806602,0.6223174580779922,0
5,80,885,6.078359648344936,0.00994694889927896,1,-2.6877574923902996,0.24566580604773117,0
5,80,886,2.1801098836574435,0.29928025933643065,0,-0.2646778743052923,0.9057598750302254,0
5,80,887,2.8053577944121337,0.17519890292913962,0,3.1308732143119964,0.23195510005518505,0
5,80,888,7.219964811939055,7.988001653480084e-4,1,-0.1457058257486913,0.9520031828096505,0
5,80,889,4.185215467309597,0.06178071279579758,0,-2.075522736973932,0.37324596546614786,0
5,80,890,6.206845040786241,0.013116250697116819,1,0.27869560053676706,0.8894403043031482,0
5,80,891,2.441945964789571,0.30654752149252906,0,-1.2632917639644992,0.6134277224140648,0
5,80,892,4.253656665863451,0.06980612982443732,0,2.873031891524372,0.22854920861074407,0
5,80,893,3.0851923760680093,0.14420594613170545,0,1.0641676376853046,0.6444060053742375,0
5,80,894,4.124809044272987,0.06624371489095082,0,-1.746505085588413,0.35100072979225094,0
5,80,895,1.8428702731877697,0.4060602117804595,0,-1.125823819227558,0.6100083670806159,0
5,80,896,3.0308946832308745,0.24135310535870233,0,-3.575308394893295,0.05320561268274422,0
5,80,897,9.932227956996257,1.0305198819244752e-4,1,0.26295473109834766,0.9046077879235602,0
5,80,898,7.6651460788230015,2.3595201617974653e-4,1,0.7871570113103752,0.7436613571711184,0
5,80,899,6.968940760095695,0.0012849622900698808,1,2.272597629095087,0.2956568412668825,0
5,80,900,2.0680025236752124,0.3825016881029317,0,-0.5483188109412693,0.8116624504480077,0
5,80,901,4.88341642581156,0.035197495642109104,1,0.3594376751813636,0.8576598025748069,0
5,80,902,3.4946686894818835,0.14552612019176506,0,0.43046115890213965,0.8500943093294927,0
5,80,903,2.840261826058453,0.2208557577544055,0,2.234333621179211,0.3137615474058397,0
5,80,904,7.38642561818231,5.664583783329e-4,1,3.4648821339242635,0.09284441463233016,0
5,80,905,4.748542992102773,0.05540123028789456,0,-0.8383120016630086,0.7187473746677687,0
5,80,906,2.5037421908269613,0.2795556760881861,0,-0.010438255548534487,0.9960187978384967,0
5,80,907,8.168663728678126,1.4373332672270981e-4,1,-2.154252580962291,0.31675947162517853,0
5,80,908,7.092884826233541,0.001172096219246616,1,-4.218057201203233,0.09159870237552467,0
5,80,909,2.315480249946687,0.3041182307810646,0,1.8034209459853965,0.38916851381470696,0
5,80,910,3.759052977344266,0.11267806773022636,0,0.6173232436572398,0.7810338866278161,0
5,80,911,1.7719676722318007,0.3777581616784119,0,0.8439128152770673,0.697748842870328,0
5,80,912,7.89860697651955,2.7728662761219503e-4,1,2.0478160649421016,0.39542352550529736,0
5,80,913,2.4570659385001568,0.34869010310109416,0,-0.16012607070285578,0.9412570285418759,0
5,80,914,6.516052028926301,0.0017754785020393123,1,7.12527518715987,0.006326758139607724,1
5,80,915,4.443999852960226,0.026793159839454732,1,-0.26222552277822025,0.9068421064827611,0
5,80,916,2.574309253631194,0.2712633647441143,0,2.7275267733945507,0.21139390461061142,0
5,80,917,4.247512023134145,0.026410769926523435,1,-1.184405177250478,0.537046097066744,0
5,80,918,4.129946497429376,0.05865329911839587,0,2.3694975875269115,0.3096016441101855,0
5,80,919,6.6666812670932964,0.004612111835760451,1,-1.2758140618486933,0.5376248138376396,0
5,80,920,7.3470579153075795,0.0018214020115972184,1,0.9270015473051547,0.6647682114398372,0
5,80,921,1.8855895298304388,0.3785636616731899,0,-0.23861241009039968,0.9206534126550087,0
5,80,922,1.4943719860420763,0.5070413760013124,0,-1.97224537311549,0.3628211352041232,0
5,80,923,5.100659740506715,0.018783253060153066,1,-0.12337850946076911,0.9601844208731855,0
5,80,924,9.343059459122799,1.887303296807628e-4,1,-1.080176964962319,0.5738133899710367,0
5,80,925,7.325156962002714,0.0019453114936392119,1,5.348177000671443,0.013293322834730687,1
5,80,926,5.988121921003314,0.011923543950453861,1,-1.2094964394791317,0.6084341034876345,0
5,80,927,2.6049974967787346,0.2084692830014247,0,4.777511783555373,0.05500529480907087,0
5,80,928,4.572890700680656,0.04707716131866687,1,-2.6788139397364037,0.2308900912549015,0
5,80,929,2.1359141234573147,0.30226077619142144,0,-1.8764066540635689,0.3710239088798054,0
5,80,930,6.94989355146386,0.001034120275550776,1,-0.5660389809556083,0.7911076065985263,0
5,80,931,3.1350702165447113,0.19467799362562588,0,0.8815099311151248,0.6770412393903212,0
5,80,932,2.3636821239127745,0.2944270977472713,0,-1.4745946178187619,0.5184600527011316,0
5,80,933,4.252867851168262,0.046175080859257735,1,-2.5594724510124403,0.2891148681770906,0
5,80,934,4.262348074854476,0.09939636356810945,0,0.6692977224486442,0.7438920061060561,0
5,80,935,8.54603294485096,7.531451023461293e-5,1,-1.577963274863998,0.5067919115388768,0
5,80,936,1.7562805588247135,0.44278415425894957,0,4.185861276995549,0.036965697919634236,1
5,80,937,3.408317575408024,0.1425670860198455,0,3.181445307403408,0.11106249204672743,0
5,80,938,3.217181489093588,0.15834194201860177,0,-2.108753659135154,0.36920167818777094,0
5,80,939,5.893902993523441,0.007417112696055279,1,1.1355953684764166,0.6410560629869284,0
5,80,940,7.82709687429124,0.001834966108168315,1,-0.2596892931028678,0.91580376574058,0
5,80,941,2.5816432160943936,0.19851015091767743,0,2.107531309636015,0.3495992130432438,0
5,80,942,4.055120847256306,0.05552599488751663,0,1.7998650241785752,0.4315433235013555,0
5,80,943,2.498191559580984,0.26049646340946875,0,0.8162252888616112,0.7287207660345145,0
5,80,944,6.512561898346683,0.00420878703311264,1,-1.1682653582176743,0.6081323380072419,0
5,80,945,8.182529713846815,3.062011302090748e-4,1,0.9958546815152756,0.6676700029152474,0
5,80,946,4.740163417848266,0.059541771724839286,0,-1.2058139633922762,0.5855067850730684,0
5,80,947,0.12646822909323754,0.9520841026626765,0,-0.24333336031363378,0.9099769879538184,0
5,80,948,6.89239767694874,0.0012412161994321902,1,0.5235978388378333,0.80653363975004,0
5,80,949,5.705452628468239,0.01928887739861239,1,-0.13091198919018102,0.955473139769637,0
5,80,950,4.940010473434229,0.0402331813697805,1,-3.236079811107276,0.20252318094810057,0
5,80,951,6.1498836355093855,0.011816977292226475,1,0.3126148939205716,0.8654312381035327,0
5,80,952,7.811229813026739,0.001485437535371549,1,-1.901325830677969,0.3516855805724216,0
5,80,953,3.744501216178618,0.07053226713414658,0,-0.22705922534749629,0.9334976146629863,0
5,80,954,8.533932164283183,1.796115585053493e-4,1,-2.200203823397242,0.3372259907991785,0
5,80,955,2.772238386673981,0.2816827615238466,0,-0.24540437764013714,0.8921569502285385,0
5,80,956,2.8919107100996198,0.20034785755542095,0,-3.121803727417379,0.18176264411406887,0
5,80,957,5.9260351085415675,0.010391054554096921,1,-1.886628035071003,0.3342045751676994,0
5,80,958,6.194079180205683,0.0037555828348801415,1,0.07569427487032987,0.9735973302195858,0
5,80,959,3.7971485502145335,0.10771813166151994,0,-0.03971056344946613,0.9829860709450899,0
5,80,960,7.412897732574513,6.647698203582486e-4,1,-0.48351933506319783,0.8307818493676594,0
5,80,961,4.097974689918505,0.08801427449927823,0,-0.37509919015553095,0.8815411981763588,0
5,80,962,4.6305141793773,0.021592710368561724,1,-0.24329159179855128,0.912706281878024,0
5,80,963,4.507280851306122,0.023410657013242447,1,1.5789506553892148,0.49253553778129566,0
5,80,964,4.0543039454993135,0.08672010861211037,0,1.6699506772166572,0.451226705652344,0
5,80,965,6.058557027936931,0.0021720688511169587,1,0.756726365432951,0.7517152054416985,0
5,80,966,0.5720560969627548,0.8026608075963101,0,1.9558809774208366,0.31743811727929633,0
5,80,967,6.5161525112835665,5.457089932599815e-4,1,0.43232411371300883,0.8481720764701015,0
5,80,968,6.668612784413452,0.010872371173233924,1,4.09628109031266,0.054721308569492894,0
5,80,969,9.431182036612606,3.1648868029153336e-4,1,3.614425885517676,0.09625761783458481,0
5,80,970,5.279864722196137,0.017261873359645883,1,0.3828097398299716,0.869169687109616,0
5,80,971,4.879289824497088,0.025644540480400636,1,-0.6801472903599676,0.7736816680609504,0
5,80,972,4.888937789353751,0.03692456766092032,1,1.7115156134849807,0.42661406946284575,0
5,80,973,3.877419260392452,0.08910896792916927,0,-1.5502241847025582,0.4477407080737059,0
5,80,974,9.061638747054806,1.3397790078668954e-4,1,1.369645467487936,0.5698102978739588,0
5,80,975,0.04628551307071292,0.9827639860923971,0,1.3971251518831438,0.5815412673393676,0
5,80,976,8.588288499321264,2.518878387184002e-4,1,-0.48055900178420774,0.834699481469165,0
5,80,977,2.8169194814899754,0.19784742165736352,0,-1.7082002982101572,0.45116817957817146,0
5,80,978,7.766952229597862,1.1127849794428676e-4,1,1.2487572249747023,0.5816268326476978,0
5,80,979,5.614637795896232,0.024790338389492503,1,-2.9035339247617586,0.19384465594265665,0
5,80,980,4.42004015997763,0.04592800523379955,1,-0.38714131492632164,0.8443244637522952,0
5,80,981,4.380554393924183,0.055643493940150356,0,3.492152630540749,0.10492133423026992,0
5,80,982,4.410256933183286,0.05514250322910935,0,-0.9956590443045096,0.6790532413000818,0
5,80,983,5.33392527847361,0.014314839816600873,1,3.2877561600306637,0.20378594418105136,0
5,80,984,0.3900895436542283,0.8857579077242042,0,3.0483254445975616,0.16266674610680873,0
5,80,985,6.71893599157381,7.266567101326341e-4,1,0.5627490220376998,0.7661093359918052,0
5,80,986,7.831430150943161,6.627913822123644e-4,1,2.7286032276618037,0.22196629167151494,0
5,80,987,7.774590510014562,2.3241439248385365e-5,1,-1.7125121509321584,0.4329625290036411,0
5,80,988,1.9202811304039404,0.40265808394626346,0,1.5284419142553118,0.45405781469274686,0
5,80,989,7.515025592917691,0.0010208291429398251,1,-0.43582599482711637,0.8496540886249069,0
5,80,990,2.5360274954560613,0.19167892651946652,0,-0.5835090450833081,0.7847666309637421,0
5,80,991,3.733321420570469,0.07442340384957524,0,0.6574007068317622,0.7636534563743228,0
5,80,992,6.866134895541378,0.0015434419678766332,1,2.6685329788407954,0.25337307930642433,0
5,80,993,4.089791671857367,0.10017144536959659,0,-4.064560406437995,0.08331539498300464,0
5,80,994,1.0527267136480956,0.6131612623564768,0,-1.6653770731972206,0.4726644508417309,0
5,80,995,2.727538430839856,0.21135330349864442,0,1.5487914525902553,0.43355016629622267,0
5,80,996,5.2210926657871,0.020391019975126372,1,-0.633883212802208,0.7821750930819044,0
5,80,997,3.1347440738439536,0.15115118787140328,0,-0.11452168452721867,0.9559677636946012,0
5,80,998,3.7278089354977038,0.11139187640855927,0,2.3445709802909764,0.25357984593542915,0
5,80,999,6.045948412467139,0.0025215807367137784,1,0.8558717828469425,0.6255476316635212,0
5,80,1000,2.0293507443827754,0.3884470745963541,0,-4.702270359967577,0.05195871723028354,0
5,120,1,9.199636643850727,4.4477740341967485e-7,1,2.770576324650362,0.15810764466584842,0
5,120,2,6.4233182244381135,8.745769535894829e-4,1,0.15347789468397643,0.9345402911539713,0
5,120,3,3.26686998702893,0.06726229526329401,0,-0.03620870875621268,0.9836480700697849,0
5,120,4,6.081924429235264,4.3059709351438657e-4,1,-1.5341636359494795,0.38304561857614927,0
5,120,5,7.957389145814589,2.33682576139e-5,1,1.5130973897323847,0.43768737408308944,0
5,120,6,5.064340890610209,0.0026526378720246706,1,3.1225881916127167,0.12208420842837818,0
5,120,7,4.564207836620095,0.016410291776233397,1,2.0770714509999944,0.24938186445515997,0
5,120,8,6.417025911559099,3.860964255350534e-4,1,-0.8434474510283018,0.6370135769013896,0
5,120,9,2.6913354727742482,0.12574256095091213,0,1.065151943254408,0.5875710683052766,0
5,120,10,3.6100947728432398,0.05083564363287108,0,0.6337521152652408,0.7509793742317371,0
5,120,11,5.755668498330526,2.4085065822927447e-4,1,2.6790158475031878,0.14443832063251086,0
5,120,12,6.36645684133533,0.0011921006539593612,1,-1.2944709163842805,0.4945940837798254,0
5,120,13,7.281854328586087,1.0369065922803292e-5,1,0.595835571997183,0.7345146627066006,0
5,120,14,6.252828141166806,0.0018830034165338025,1,0.6989078066163787,0.6952721604685508,0
5,120,15,2.0320832256584915,0.2458269267118381,0,-2.1236560610855997,0.23902946541689732,0
5,120,16,4.084206202108421,0.02038518230342436,1,-1.66099303647948,0.41469349033804703,0
5,120,17,5.8015343689743295,7.246362585031296e-4,1,2.954333885822208,0.13803128216459531,0
5,120,18,5.13054497127877,0.008689986808118812,1,-1.3209806110238538,0.44595871626900896,0
5,120,19,3.0990654723914934,0.10159397821288361,0,0.9130012438250144,0.6097693720470778,0
5,120,20,8.437864651323666,1.8547543784910613e-6,1,0.4083331943038513,0.8270472167587439,0
5,120,21,4.227649644974563,0.027996038968283985,1,-0.3303970989091461,0.8475625640676898,0
5,120,22,7.752203467027061,1.608704613103092e-4,1,-0.17683965626370632,0.9247724177733019,0
5,120,23,3.4461294601609254,0.07438112949391128,0,1.2056288319860986,0.5188519767586791,0
5,120,24,3.2808003269846555,0.06442726985542108,0,1.2416905736625976,0.5046956143946473,0
5,120,25,3.082343780453463,0.09203611643351366,0,-1.151131452732961,0.5226513025985363,0
5,120,26,4.58153810532237,0.011966651815113631,1,-0.9786120342688881,0.5747766593401249,0
5,120,27,8.89050201435877,4.0548773258263515e-6,1,0.2943073116743938,0.8833842477636278,0
5,120,28,3.9749282427622723,0.03859910149882778,1,-0.6213175898760742,0.7449923652973414,0
5,120,29,8.024628060229004,2.9018554970618586e-5,1,0.016205050290797114,0.9921341870958047,0
5,120,30,9.483855734932435,2.141688605279011e-6,1,-2.1933644940930628,0.24478806652162297,0
5,120,31,2.5518250344135365,0.13696629271223068,0,1.1404331893333635,0.5425946867821978,0
5,120,32,1.5122194261698207,0.3776774347321402,0,-0.1305766323165613,0.9457998444227518,0
5,120,33,4.772379291718669,0.0074912833945713206,1,1.2689354033198332,0.4838209583584937,0
5,120,34,5.701112260765017,0.0022616700095470284,1,-2.2815726194737858,0.25603935789106785,0
5,120,35,1.9934188366062353,0.23604420267219256,0,-1.1600031106601536,0.49683119677014365,0
5,120,36,6.253755478045587,6.763846264283942e-4,1,-0.431045726260888,0.8277561062421819,0
5,120,37,5.152301823731611,0.004805565798943709,1,-1.631981850933399,0.33204839400462627,0
5,120,38,5.53887296964157,0.0022671506997969213,1,-2.838102332462876,0.13272205808081425,0
5,120,39,4.561260973494106,0.010344488526778193,1,-1.23321940720483,0.5385261533876331,0
5,120,40,7.235012537466351,8.477957291042469e-5,1,-1.7238169915130148,0.3142392551840667,0
5,120,41,4.418995764937278,0.01821780201245409,1,2.2118966083665113,0.2653599517109033,0
5,120,42,4.901466772291742,0.007660074010268332,1,0.9647667458434226,0.5915672276099271,0
5,120,43,2.8127672527253886,0.17053075365849185,0,-2.2927444935032852,0.1892788699933976,0
5,120,44,6.954227502147901,5.904545327256182e-4,1,0.5997480838581563,0.7526391981657233,0
5,120,45,5.892974400343995,0.0033926722033168055,1,-1.5328373441609433,0.4256823333773976,0
5,120,46,5.968675791312575,0.0032786662456666797,1,-0.14994777774202608,0.9447309756675714,0
5,120,47,6.531872852544387,0.0012320567262150068,1,0.012452744951752857,0.9947720481189242,0
5,120,48,5.836561641442203,7.165789514913932e-4,1,3.406659928419583,0.04646785132118333,1
5,120,49,7.2984223675958955,2.4349361649184467e-4,1,1.4789524797772042,0.4021102067242399,0
5,120,50,4.394823675713341,0.016615594174509057,1,0.6592868749717083,0.7040003935132495,0
5,120,51,5.442231872815927,0.005356502316913282,1,3.17922825079451,0.04273056161307287,1
5,120,52,6.1492142198446595,0.0032394377084244254,1,0.7182823095975442,0.6715171611652346,0
5,120,53,4.197841293093838,0.01856230057054379,1,-3.009366827315242,0.06816605689877876,0
5,120,54,3.9087137961952654,0.05041912161510722,0,-2.015817819324163,0.2672464813789421,0
5,120,55,5.136449697993712,0.009479545526770038,1,-1.517721053062799,0.41721918244858347,0
5,120,56,3.3867925241463834,0.08364326060114857,0,-0.40034060650579556,0.8194077073762662,0
5,120,57,5.2408727891295,0.002005520599360714,1,-1.709322590828481,0.3435357431333723,0
5,120,58,5.084925420139285,0.013149670500789665,1,0.28529399384550475,0.8815596774458982,0
5,120,59,2.6875974559468134,0.12696687436554122,0,-3.575612896011829,0.05315508105937074,0
5,120,60,8.786565227770485,2.2570824352492275e-6,1,-0.04024697072494311,0.9829739685244808,0
5,120,61,3.681300791528727,0.03554498094770628,1,-0.4463658080196792,0.8046511873081652,0
5,120,62,5.114902846368179,0.004067937564591437,1,-2.9014684464831997,0.14147843333731194,0
5,120,63,1.7725462527001905,0.2984274453233974,0,0.15289136497730024,0.9353209210421141,0
5,120,64,2.8058210214419756,0.15688232904609492,0,2.166956206929522,0.2308833101031978,0
5,120,65,8.019616643560619,3.401498428205562e-5,1,2.6430711822664623,0.12457666281348188,0
5,120,66,6.407277734187834,2.597361428734233e-4,1,0.009658330050056485,0.9957330530689467,0
5,120,67,2.5515322508989833,0.23058123892981797,0,-0.23509642808167125,0.8945388759068948,0
5,120,68,2.35357691538399,0.1747073681177856,0,-2.5800005027181543,0.14938436661649923,0
5,120,69,5.159620979430185,0.0024969462194500526,1,0.0661491051773249,0.9713920773764135,0
5,120,70,5.094705982871598,0.005764069325650467,1,4.325745823613858,0.04869604824984227,1
5,120,71,4.820656749739337,0.010698648039216779,1,-1.2127948908137465,0.45365065361017187,0
5,120,72,4.599351317920718,0.012614423758971958,1,0.789554618707942,0.667500422958385,0
5,120,73,5.950236150231838,4.8733487727033317e-4,1,0.3297450966393679,0.8520751371463823,0
5,120,74,4.451556294702219,0.013509380053325262,1,-0.8876691436567943,0.6408175506859786,0
5,120,75,5.27995976866148,0.00897133279336489,1,-1.427036763235873,0.4225419373435909,0
5,120,76,5.829331401896594,9.707202263144162e-4,1,-0.5269228119286479,0.7984482837359208,0
5,120,77,7.565818071483621,8.694716575628093e-5,1,0.47003090525688696,0.789513430830158,0
5,120,78,6.870602742439298,6.52712062654348e-4,1,3.8646262700274745,0.05706642713693271,0
5,120,79,5.320237623828551,0.012455952286877745,1,-2.7838033032372893,0.16402326707973833,0
5,120,80,6.368943267983039,0.002904203538583238,1,-2.5513732891591827,0.17631510313720766,0
5,120,81,5.811216741840342,8.504179177621517e-4,1,3.8613345299256188,0.029502221637061548,1
5,120,82,5.269188435649045,0.004279329644614164,1,-1.9017067314553764,0.2588886359235829,0
5,120,83,3.461354225457148,0.039009960047973864,1,-1.169858824069178,0.48981947590621644,0
5,120,84,5.502155439665812,0.0016514198329900941,1,-2.347773593119161,0.2056131248386197,0
5,120,85,6.265186973874863,7.516256897051848e-4,1,0.24297955357987472,0.8929460528557646,0
5,120,86,5.1658170946740505,0.002269953083082981,1,-0.2598486653223981,0.8752153109508382,0
5,120,87,6.3263216280645915,0.0013232703745326827,1,0.20856849965648216,0.9096787634438657,0
5,120,88,5.6875546882125665,8.615185984044896e-4,1,1.1724639875737812,0.5391331267376986,0
5,120,89,4.629125878220928,0.010102819606803468,1,2.8339545495827454,0.13792879929921711,0
5,120,90,5.394654188152605,0.003200888353882155,1,1.7616714325378822,0.3729416430418495,0
5,120,91,6.524331126761701,3.857521777769881e-4,1,0.19731283292179458,0.9141250366284696,0
5,120,92,5.831223083846569,0.002404904183617835,1,1.3273145941239786,0.4451407108917351,0
5,120,93,5.997344791499486,6.406538011288264e-4,1,0.08221905013751006,0.9624457065584365,0
5,120,94,2.8241590939928556,0.14143069822231596,0,-0.2650155995757074,0.8731171398785282,0
5,120,95,7.33743265728895,4.0725105946138945e-4,1,-0.2370100810382734,0.8882444984928284,0
5,120,96,6.2368855922297355,5.864376105660964e-4,1,-0.40056739162275956,0.7989549098912023,0
5,120,97,3.323054086039231,0.0579676637905651,0,1.2808151752001475,0.48079906720592136,0
5,120,98,1.048231454951636,0.528827230040372,0,-1.6730676431295646,0.35075104042167005,0
5,120,99,6.213633491870225,0.001484204339283143,1,0.7247926278095095,0.7260837475900787,0
5,120,100,4.70955997766979,0.009822995342308044,1,-2.172646980048009,0.21753646108944386,0
5,120,101,2.8786281789682784,0.13084336977226907,0,-0.6340862203356079,0.7209817055622312,0
5,120,102,1.0023952565104013,0.5929462932132881,0,-0.7972513298775444,0.6737419582571613,0
5,120,103,9.18286822584331,1.819597802951274e-6,1,-4.042570492061127,0.02539634023871625,1
5,120,104,5.547054649930469,0.0029190212810265475,1,1.7009954033739547,0.3199569999723348,0
5,120,105,5.863030681064925,0.0014074223908106512,1,3.614700949506437,0.06549880049759865,0
5,120,106,3.141477356897794,0.09099861145987709,0,-1.6599744852399834,0.32301563658110455,0
5,120,107,6.4766869319375635,8.769534645556475e-4,1,-1.87790844150014,0.30339405800393493,0
5,120,108,4.07291683784417,0.03328211677355134,1,1.5961672062138135,0.3525396613174201,0
5,120,109,3.2670849722001605,0.05468768717045009,0,-2.601488081118691,0.13339268893937867,0
5,120,110,3.3514929615894826,0.0488168316514217,1,-1.013866866717341,0.542045142309155,0
5,120,111,5.935494866136648,4.689640860410884e-4,1,-3.456922525136408,0.06074338993674586,0
5,120,112,5.021975984834893,0.006229940725603302,1,-3.061979096101826,0.08457143729411934,0
5,120,113,3.5904702325967106,0.05949496080031944,0,1.8556318970831904,0.2978444247536443,0
5,120,114,6.340432647212055,0.0012833709101920015,1,0.010317765134612182,0.9955947597026158,0
5,120,115,6.258061647411095,1.7048101746944174e-4,1,-0.8478397049731484,0.6175303712013778,0
5,120,116,8.290862516752272,5.407757556518264e-5,1,-2.5002667029537187,0.20348985230771588,0
5,120,117,5.510852165636452,0.004790595936972388,1,-2.176344335381872,0.2609863669143218,0
5,120,118,5.244273356287843,0.002517443723360522,1,1.3446558758251774,0.4525436155503947,0
5,120,119,2.099841021557434,0.29215455705174,0,0.6974746549440832,0.7316225237985581,0
5,120,120,6.061157418822265,0.0022995774836057493,1,0.9770061152291462,0.5727157825074156,0
5,120,121,4.264795984861425,0.029819401391424902,1,4.558208554007771,0.025618803381454728,1
5,120,122,6.815528910339881,4.6518581652714306e-5,1,0.2463022479647488,0.884504091058986,0
5,120,123,4.510780061654797,0.015915649898180766,1,-0.04817616953656806,0.9793051608983417,0
5,120,124,1.7394824073886634,0.31014234270083174,0,-0.033960659216296284,0.9841966415127641,0
5,120,125,3.981850570746697,0.02447144945559917,1,-0.9822182391278157,0.5896424871754465,0
5,120,126,6.317834429590554,0.0020990992428054395,1,0.1733802514108743,0.9254275615725973,0
5,120,127,6.8671986715345925,8.800825527346646e-4,1,0.48786491068300897,0.8141253020712624,0
5,120,128,4.01630177211324,0.01829395818342848,1,2.0509674763857206,0.2282830444422411,0
5,120,129,1.9455491973825148,0.319203979696324,0,-1.8602802253605255,0.2123985943801588,0
5,120,130,6.495095985235587,1.3115488641549572e-4,1,4.125812063857185,0.04073333221306129,1
5,120,131,6.060582565806055,0.0016135589138522512,1,-2.8214109724342276,0.1070129940767706,0
5,120,132,3.5988324360303467,0.042246342861296554,1,2.088438309895768,0.25663032958191023,0
5,120,133,7.005506628163553,6.1001298518671995e-5,1,-0.1839143946120481,0.9199707962378021,0
5,120,134,5.208590195698131,0.00771528905950912,1,-1.913001619656034,0.2713856484863702,0
5,120,135,5.583526350255415,0.002327341455690097,1,-0.6898363886738098,0.6965804563903432,0
5,120,136,4.84277755028585,0.007421661664486656,1,-3.440473736454733,0.0634977048409189,0
5,120,137,3.013428104144859,0.1181648062317737,0,-0.6520690330253048,0.7278627839433506,0
5,120,138,2.7788468058648124,0.11434704180161559,0,-1.0456289743512068,0.5685100415846154,0
5,120,139,5.038483673255373,0.011534199366428625,1,3.7347071098916103,0.031365613115609974,1
5,120,140,4.171838031389374,0.027104804141104295,1,1.3900665433327244,0.4635374514342774,0
5,120,141,3.524160825554742,0.05875165690254319,0,-1.0806871654773182,0.5991465303865195,0
5,120,142,3.487180501481601,0.05611333608102736,0,0.7336856107682252,0.6975627555008033,0
5,120,143,4.172206564268183,0.03471765438746565,1,-1.4358335772337694,0.38090488774097453,0
5,120,144,4.688693280584982,0.00947748594831042,1,2.088288145962198,0.22921025296930628,0
5,120,145,3.811632612051547,0.05695988201264065,0,1.4483472766263716,0.44196723354475065,0
5,120,146,4.696174018513123,0.014735317736527243,1,1.7041153446408142,0.34136461043536714,0
5,120,147,1.4358708863917147,0.3806481702109583,0,-0.5869309103976468,0.7526962666841444,0
5,120,148,5.7537975153068155,0.001548930244157357,1,0.8318166576419405,0.6610555330141825,0
5,120,149,3.5156473494642193,0.06106901751272984,0,-2.2382153293333733,0.19838364079618195,0
5,120,150,3.33299345791785,0.06559931245104997,0,-0.8473005706768227,0.6596171161642773,0
5,120,151,3.4327392685384983,0.0775455523395348,0,2.123169971045251,0.2801071007619824,0
5,120,152,4.279080269918738,0.021033152511889718,1,0.03489230230784078,0.9861796140148955,0
5,120,153,4.419907336690275,0.01946746212201594,1,-2.2626538059528447,0.2001815294297149,0
5,120,154,3.8804990592783764,0.038565641530510425,1,-1.6851162709027026,0.3659023681058162,0
5,120,155,8.811874699416698,3.776060443850928e-6,1,-3.7755484297121704,0.06416956706990648,0
5,120,156,4.236300591301063,0.03201175711036061,1,2.324218052912528,0.14964403426612305,0
5,120,157,5.432684990385645,0.0018721133889081632,1,-1.4029483072367235,0.40284812975221695,0
5,120,158,3.2570333636868516,0.07145469869919198,0,0.4584772054235074,0.7901348200538145,0
5,120,159,4.482217310621319,0.01856856971922395,1,-5.015108106101939,0.007061096321011614,1
5,120,160,2.892892786589417,0.1024222122909239,0,0.465956783130813,0.7955638948448702,0
5,120,161,5.119668276131062,0.014978603869552937,1,0.6268194025947876,0.7124488766559953,0
5,120,162,5.068761073587691,0.017141498332562715,1,0.9118062002420453,0.631444630537626,0
5,120,163,4.024797162138168,0.01733263311891243,1,-0.4736429669824501,0.8109173279669302,0
5,120,164,5.325895818899151,0.0037390809101190505,1,0.5334558986851515,0.778681420354006,0
5,120,165,6.120189036106219,0.0014531149474659028,1,2.8754744497767586,0.11889298657615947,0
5,120,166,3.611775785496087,0.06790330176197694,0,-1.2310350161658978,0.5026499078205814,0
5,120,167,4.452180106216837,0.012536433954761225,1,-2.130117681762461,0.24477750547475385,0
5,120,168,6.137170165012346,0.0035676425213328074,1,-1.0355587370647052,0.5738838449816805,0
5,120,169,2.9639123352151384,0.13713501308387574,0,-0.39569110632105226,0.8337969668244342,0
5,120,170,5.703024665364185,0.0023830723257018387,1,-0.3228683544410328,0.870058736107676,0
5,120,171,5.682567323551519,0.005379115020218205,1,1.4949910267311604,0.47965771172636396,0
5,120,172,6.736703495379786,7.134350063514714e-4,1,1.2699968516609461,0.45952363816493147,0
5,120,173,4.339118454743258,0.03519167845191702,1,1.1244439457047422,0.5401918096124978,0
5,120,174,4.837912463973874,0.010192333856115256,1,2.6789875905876968,0.16158471585500775,0
5,120,175,3.9486114932464353,0.027055762917925157,1,1.0480282525891023,0.5961895969576698,0
5,120,176,7.385739291501871,1.1101310417606932e-4,1,0.13110262389148444,0.9422099809487474,0
5,120,177,3.799064080379522,0.05260169627216128,0,1.406632933845168,0.4057955847971024,0
5,120,178,5.78208406499945,0.0033221248452288167,1,0.4414214570795477,0.8140312242666744,0
5,120,179,6.6780710238691725,8.060914740325911e-5,1,-0.04799664218789972,0.9795783865005615,0
5,120,180,5.035840749955509,0.0041591960395498785,1,-0.553618007894245,0.7504415659540813,0
5,120,181,3.631552106429907,0.06297614395818557,0,-1.8677178662879537,0.2693293674074711,0
5,120,182,1.3982176367102472,0.4651022893171447,0,-1.8559648711567005,0.305844739087115,0
5,120,183,2.065078576558406,0.2803526838164889,0,1.475391853249182,0.40813777767361625,0
5,120,184,6.102945204420022,3.0897163793333843e-4,1,-0.6677095412901453,0.6932064538140112,0
5,120,185,5.3482991091011876,9.632258000257322e-4,1,-1.3896319713926386,0.4686783203016255,0
5,120,186,4.526126962507489,0.00920857101567966,1,0.5925170787222263,0.7538134806029471,0
5,120,187,5.360816764563506,0.0026402401699111714,1,0.12501464033310622,0.9502589845861236,0
5,120,188,7.352882730258834,1.306505794270692e-4,1,-1.9858633382833741,0.28120725569632543,0
5,120,189,3.0300451396938044,0.13918770809971795,0,0.9404132642840081,0.6075347019777573,0
5,120,190,0.1398060120440599,0.9424981406946306,0,-0.2301432344356601,0.9077510022669946,0
5,120,191,3.5846424167979203,0.0634914682364597,0,2.1586447542099645,0.22141019299407572,0
5,120,192,4.757780169052787,0.012732953997713724,1,-1.3081701435372948,0.46070705098167464,0
5,120,193,2.921017827518232,0.08337074011914655,0,-2.327858174641732,0.23792631937799688,0
5,120,194,4.608105369911557,0.007702573404404429,1,-0.24979004050155776,0.8752157641095099,0
5,120,195,2.6202833707778885,0.16999001850181306,0,-0.06890613311606782,0.9727659200349352,0
5,120,196,4.1047570208235005,0.021606191502578795,1,0.23171206822542062,0.9061593863867607,0
5,120,197,0.3056105827697201,0.8713320946469644,0,-1.2352990270256912,0.4854494129830249,0
5,120,198,4.875762259929871,0.008987186186144292,1,2.580248448044966,0.1510187980155215,0
5,120,199,2.6176628681543845,0.19034825206363953,0,0.5474420228039966,0.7663726629684007,0
5,120,200,4.045941803682695,0.03209605031379612,1,-2.13082170355858,0.243933183398627,0
5,120,201,5.210920530166076,0.0060540028739426285,1,2.557546375158232,0.1513125511390275,0
5,120,202,5.541689421651503,0.0033024274617180255,1,-2.2114508141113514,0.26341391480983906,0
5,120,203,5.671054518117186,0.0019391072523227365,1,0.8684309877400715,0.6346004895240265,0
5,120,204,6.950117612563009,3.137235603515523e-4,1,-0.4877516307405103,0.7987646315732264,0
5,120,205,6.706997608950423,0.0013657944890430626,1,2.0448321788686634,0.29628194522478174,0
5,120,206,5.979994557510412,0.0016571813391980537,1,0.22059830069234593,0.9078902302606958,0
5,120,207,5.684979093325213,0.0016530263162833458,1,1.51179488689458,0.39182452027719605,0
5,120,208,1.945835224573273,0.2773355435499333,0,1.185038683518319,0.5255059797577152,0
5,120,209,4.081338885472768,0.030328189258325037,1,1.6687133889751606,0.3600249063809846,0
5,120,210,6.797428378816503,4.5166106143277603e-4,1,-2.0885268143468716,0.3354851454755766,0
5,120,211,4.963465199970748,0.013061070604748504,1,-2.414588997155231,0.1539026965527845,0
5,120,212,3.2380007875389234,0.06050826342254677,0,1.6985100663701633,0.3934965022445468,0
5,120,213,3.1753105985812926,0.0726316351854825,0,0.21654430188248455,0.9092372575393167,0
5,120,214,1.944412094226699,0.25866303922693584,0,-1.3157477101837975,0.47459472310970474,0
5,120,215,7.821572937581619,2.13177418083731e-5,1,1.0470915395232834,0.5425917542835414,0
5,120,216,4.828200090239282,0.004453807234614722,1,-1.822452004735588,0.33136400143703904,0
5,120,217,8.570732588229903,7.138818247865161e-6,1,2.1049092873979776,0.2297442629066014,0
5,120,218,1.8751028573159854,0.3131986371783112,0,0.6831518488026797,0.7118855036765369,0
5,120,219,5.644145256776457,0.003533626892857369,1,0.5346918644765892,0.7580113752056759,0
5,120,220,5.816591184518425,0.0018043118832908804,1,-1.6683146480003588,0.3473511708842988,0
5,120,221,4.899799051927258,0.0038235801349341056,1,0.5041221355517467,0.7791943888404086,0
5,120,222,7.977501436510022,2.7875966275582514e-5,1,1.1084008770503906,0.5261761365849015,0
5,120,223,3.6663802886389014,0.046739144765770006,1,-2.4391555883255203,0.18452561419653793,0
5,120,224,6.848175026492506,4.034688546921675e-4,1,3.925649723758248,0.02482783388814927,1
5,120,225,5.807537857599921,9.523247318080047e-4,1,-0.24180583727440527,0.886400557678418,0
5,120,226,5.791945250221537,0.001664172573969634,1,-1.9268077816362572,0.3530365336217067,0
5,120,227,4.133263340636069,0.027595058694499016,1,0.9835048130444951,0.5889432309213767,0
5,120,228,5.220787771181053,0.0059713399065851646,1,-0.6255498564688347,0.7439775901884295,0
5,120,229,6.139816005166184,0.0021282609581419272,1,1.2055829226962007,0.5354392025923778,0
5,120,230,5.53925097105416,0.0015541534405852891,1,0.9910292542382373,0.5752726191676167,0
5,120,231,3.1155570316862535,0.09549497654738023,0,0.16819709938341457,0.9239898982131444,0
5,120,232,7.561777824166715,7.719273431921525e-5,1,-0.33031243928308024,0.8591601465783731,0
5,120,233,5.113202939374991,0.003813492472449851,1,-1.1141523832952418,0.5089320157672095,0
5,120,234,2.759845318461824,0.09930303254377149,0,1.4158202346559177,0.44898239471100554,0
5,120,235,6.129215581935087,4.8439545517529143e-4,1,0.5736063149131978,0.7288761257416205,0
5,120,236,3.803968404988089,0.033540233190543084,1,-0.6486029700530426,0.7236100592085013,0
5,120,237,3.3640216181140623,0.04609920277018818,1,2.7866057231805215,0.1718803359591094,0
5,120,238,5.255081158103444,0.0069499443483248356,1,3.1720274726898996,0.08448122637305532,0
5,120,239,3.113521471941492,0.10434866663625565,0,-0.8202231758125684,0.6455675649683505,0
5,120,240,8.22746436699651,4.607103136342124e-6,1,-0.39930213593139335,0.840036361605776,0
5,120,241,5.275958330091022,0.0011587900530683865,1,0.27413509163219374,0.8866985821725228,0
5,120,242,1.1849338724282157,0.5444488711753671,0,-2.5564705346479846,0.1520337224850697,0
5,120,243,6.3729684622302445,0.0011706858990661378,1,3.0218157108705097,0.08400424017276974,0
5,120,244,5.248681719896142,0.009966367517129591,1,-0.4016209471635512,0.8374684989548051,0
5,120,245,5.437344994169323,0.0035529632648880435,1,0.6677215081233168,0.7137441455644856,0
5,120,246,4.228242478016744,0.03085417520285433,1,-6.185493702096234,4.686293969794868e-4,1
5,120,247,4.421347141998817,0.015493975183877165,1,1.5878944043751744,0.4361288833570597,0
5,120,248,9.391011184108741,3.3532611179783777e-6,1,-0.5475192501414895,0.7473567585639851,0
5,120,249,5.746398417560032,0.0013024074905620632,1,-4.107933014172459,0.03771063429973377,1
5,120,250,5.764825462086256,0.003669044437981254,1,-0.1692531460958377,0.9297643839446146,0
5,120,251,5.281640770934381,0.005886145626406683,1,0.05855467340671271,0.9727586572321082,0
5,120,252,8.584983371918204,1.2280962989591715e-7,1,-0.2121897138966751,0.9028159155094901,0
5,120,253,4.609086425215257,0.013544550036689857,1,0.5237792227150552,0.7694611396544488,0
5,120,254,3.3595315041935225,0.09570718108054123,0,-0.17065505962612154,0.9305794091270994,0
5,120,255,1.4015532743931232,0.43361414792785247,0,-1.6395125485841144,0.32402064060616276,0
5,120,256,2.545219147620101,0.1422372778389896,0,-0.27921193879608563,0.8738956057992748,0
5,120,257,4.4094385301122525,0.014738493629355781,1,-1.672504943295272,0.35566920806640645,0
5,120,258,3.083539617216692,0.10177547888769546,0,1.0294379971387462,0.6015302540401837,0
5,120,259,4.078068454640765,0.024654527085365436,1,0.14405133046737376,0.937409849946967,0
5,120,260,3.2332064997737033,0.06551327528829055,0,-0.5056531218551558,0.8044219471438264,0
5,120,261,6.023689021687589,6.602843752571548e-4,1,-0.8378215853905121,0.6685780967896965,0
5,120,262,5.111880613339942,0.0063559230422998905,1,-0.2560028554229693,0.8842120562928774,0
5,120,263,4.942099911735469,0.013550190290949986,1,-0.3091665947141896,0.8687020398480944,0
5,120,264,0.2098908910857624,0.9150738401445866,0,2.83519590503114,0.09238034666458522,0
5,120,265,3.40942351690227,0.07356307982840905,0,-2.1296729729603423,0.26908985384629175,0
5,120,266,5.10571283949482,0.0041676946392930625,1,3.565315296744619,0.04739202660835765,1
5,120,267,4.908637003865026,0.010449957978581953,1,-0.7386514610873384,0.7158054563416969,0
5,120,268,2.806879562087469,0.07870608481536041,0,-0.27238617831886697,0.8855058063385248,0
5,120,269,5.9935498094932225,5.75309344283163e-4,1,0.42503552406191225,0.816590756983059,0
5,120,270,3.0541194297142513,0.0944731525066721,0,0.9510225067535688,0.5837052324889904,0
5,120,271,5.1246414201924795,0.0014650379704531152,1,0.4727145361282791,0.7875482153060324,0
5,120,272,6.289961407418796,7.223794281258596e-4,1,-1.461291170580539,0.3840548525282106,0
5,120,273,7.805139319721229,3.1466427298132695e-5,1,-0.040060188682588836,0.9804903480198593,0
5,120,274,3.1081806399708416,0.09391912560100316,0,-0.6460856341740518,0.7273470948566665,0
5,120,275,6.806056415625611,6.338154159859117e-4,1,-1.7561757888651317,0.3472586964989287,0
5,120,276,7.867373455309851,1.9543540561515544e-4,1,-2.966309015303098,0.13596138360434748,0
5,120,277,4.525934764733142,0.009864652561941002,1,3.0099808445959235,0.13119334635788293,0
5,120,278,7.881095868552301,6.955715565022543e-5,1,-1.2902806243527591,0.46063052683511074,0
5,120,279,3.9265965817184805,0.04680962230112078,1,3.171934409146291,0.0626543912142412,0
5,120,280,4.590033841810534,0.004125112825334904,1,1.1162403409576305,0.5728868718435127,0
5,120,281,5.9360386725443615,0.001319866962977157,1,-0.28452792936698185,0.8740111307005675,0
5,120,282,8.389603096858782,1.9523459695997654e-5,1,-3.206054408279671,0.08033953306288075,0
5,120,283,4.228571058016042,0.02067758052497979,1,-0.876231597416801,0.6445925410612698,0
5,120,284,7.324240859435618,5.597952276038951e-5,1,1.1695140906350132,0.5344277666397783,0
5,120,285,1.9660042676902778,0.25114984115796146,0,-2.21425641986072,0.2374220114302163,0
5,120,286,2.9965257210412553,0.09418838263858272,0,-0.9640172430000858,0.6355409380468198,0
5,120,287,5.667211288214991,0.0034110639917670394,1,-3.558945170273467,0.04313112649533191,1
5,120,288,5.0895057891319135,0.0038495506280132106,1,-0.38536714766766506,0.8264248529282195,0
5,120,289,5.300590395864965,0.005913752755600636,1,-2.6715234216496,0.10145404353161355,0
5,120,290,4.194251082140771,0.023612667294302316,1,3.603317953913132,0.05673365112698974,0
5,120,291,4.017526996829776,0.018408468469195558,1,-2.881720011856235,0.12996201947481303,0
5,120,292,6.349609322923183,4.675209982612799e-4,1,-4.023037034165939,0.03894017825445143,1
5,120,293,6.342596156851296,7.886940296881535e-4,1,-1.7395153033953512,0.32013741105021465,0
5,120,294,4.2760268776094215,0.02109430847692866,1,0.2948627412132968,0.8779662236980845,0
5,120,295,4.931276506813449,0.0050514799894526745,1,-0.8708508668227208,0.6363817640025888,0
5,120,296,1.6671862832854352,0.3768046174763786,0,0.32576838677901054,0.857952573329842,0
5,120,297,4.366582722819347,0.01326320641893541,1,2.789711151388893,0.14224115477215754,0
5,120,298,8.378961952977612,1.1391307571973783e-5,1,2.1478713098324937,0.22648816962165277,0
5,120,299,5.632072054506621,0.00338718594722644,1,0.1580819595047106,0.925095025115678,0
5,120,300,5.300861402239545,0.008312432947386266,1,1.4041634272879684,0.464943241485991,0
5,120,301,6.448692876951632,4.792246211297331e-4,1,-1.0977098371677751,0.5851957213835486,0
5,120,302,5.291858324107108,0.005541951832216582,1,2.251501105641736,0.2023806258645466,0
5,120,303,3.7114462703892097,0.0583501639438846,0,-0.22470555445322005,0.8978967001367729,0
5,120,304,2.9817374962969936,0.057687208681427606,0,1.4476053544973106,0.46829477207532577,0
5,120,305,8.825211635433943,8.116480235863393e-6,1,0.3119648486796731,0.8484215185337065,0
5,120,306,4.754213074050163,0.018961987117606518,1,-1.9889744583321043,0.337860197785828,0
5,120,307,6.559298289496973,7.52712264718357e-4,1,-1.9416318725016155,0.3173487978404091,0
5,120,308,9.433897327769895,3.7988645240790194e-7,1,0.48570269653862086,0.7959372939785379,0
5,120,309,1.6088691681510339,0.3722015128358521,0,0.5163891680010916,0.7614421789014449,0
5,120,310,6.387239522764362,9.163392951667644e-4,1,-1.0648269255595297,0.5270817533208848,0
5,120,311,5.488685271619012,0.0027860491118328746,1,0.34353518979875614,0.8605030773069972,0
5,120,312,6.756481940802278,5.090631857856393e-4,1,1.1132467004656406,0.4953335287750008,0
5,120,313,5.2569456388872,0.0016646118985515336,1,0.10254814657054223,0.9543405186906628,0
5,120,314,6.735929918367765,5.600711601788654e-4,1,-0.5287324238186698,0.7765688735637337,0
5,120,315,0.25575455185659285,0.8814273569319858,0,2.2996235150647357,0.2111801615310704,0
5,120,316,5.577989654752019,8.16976760949431e-4,1,0.0841011164629887,0.9621370248667442,0
5,120,317,4.353650629627023,0.03202519288288167,1,1.7775865445901586,0.3189491041862169,0
5,120,318,3.5066823740197517,0.06863000021860478,0,1.6997340010454332,0.3656915010354552,0
5,120,319,3.7438055780320916,0.04641482783891193,1,-1.6676303994928003,0.33463688942181513,0
5,120,320,3.4687947612837067,0.07226362460841157,0,-1.013095899162719,0.5526336664438338,0
5,120,321,2.3729191871063935,0.190496951880419,0,-0.3123111805911407,0.867572410541778,0
5,120,322,4.968529580329533,0.017085714660563578,1,-1.9219490884559447,0.302475644113577,0
5,120,323,5.417864027302465,0.004217281006243325,1,-1.2505123953153403,0.48974596766690026,0
5,120,324,4.113389228561036,0.025080609248086246,1,1.1545614108480875,0.4853710398378974,0
5,120,325,7.812070980350662,6.82611984514836e-5,1,-1.625068824355851,0.39545720834906817,0
5,120,326,3.1419007860376342,0.08627148481600468,0,-1.6495788686604866,0.36200889977131545,0
5,120,327,2.853167419665702,0.11182790180984906,0,-1.5294282784966684,0.4128981584565772,0
5,120,328,7.36082342222645,1.3917649152139287e-4,1,1.4434250248464815,0.46949756569156953,0
5,120,329,5.16901067379074,0.017524478008978155,1,-0.48360572373339217,0.7797166581673343,0
5,120,330,4.849475813034264,0.003856766683736225,1,0.5636351007562845,0.7722229309828086,0
5,120,331,2.7757695598758594,0.13923822012801612,0,0.9471380259897327,0.6202533027209214,0
5,120,332,4.281552459643255,0.012811301115448964,1,1.5100663974476234,0.40148012423122603,0
5,120,333,4.257408216327763,0.012980599173093141,1,-2.6190269134448627,0.1556653488466884,0
5,120,334,3.853770453230864,0.054363816751496395,0,0.7139754995893983,0.7119352773706625,0
5,120,335,4.649521413582809,0.013551226664915778,1,0.2906624220976019,0.8726007628315966,0
5,120,336,10.762843395697992,1.8872700412947236e-6,1,-3.4689348338973,0.05207008647768388,0
5,120,337,5.661716601704626,0.002634789271973295,1,0.10482703017389451,0.9547512157017044,0
5,120,338,2.777689658884631,0.14508907770593435,0,-3.3052907456695557,0.0712115241538723,0
5,120,339,6.260255410985754,0.0015637287876337739,1,2.3303378476173715,0.19235433328106394,0
5,120,340,4.941847123574731,0.009033349768399543,1,-2.6974773518621094,0.14333481652556002,0
5,120,341,2.754860354576377,0.1786591925168239,0,0.7303742812136295,0.6563230986834052,0
5,120,342,5.36487265321191,0.004707086847307426,1,-0.8973761899093712,0.6147066737559306,0
5,120,343,4.27055374428577,0.014031371141487819,1,0.20802628230460787,0.9168653163194357,0
5,120,344,7.5638349731586025,1.3410443626230034e-4,1,-2.2652859455695955,0.21551903101330508,0
5,120,345,6.942075141801976,8.089092905274307e-4,1,-2.658413181632527,0.17494859013716965,0
5,120,346,5.037907246532911,0.004404916617564947,1,-0.9407120149285974,0.6202198411466542,0
5,120,347,4.344424558434928,0.019898108056183875,1,1.1713987553384564,0.538972721933447,0
5,120,348,4.634097759415186,0.009622836338495,1,0.07714213309657449,0.9662999726291264,0
5,120,349,3.5838683120080668,0.05047071905887708,0,-0.7438872421972483,0.6916429576986113,0
5,120,350,8.866549357065614,1.3207946657564414e-6,1,-4.597783505747021,0.009327961835510053,1
5,120,351,5.414774852366748,0.0030891111767904437,1,-1.2890067165730745,0.4300209058382466,0
5,120,352,4.303108084115466,0.01828348724474963,1,1.9593175063453787,0.22657778150463356,0
5,120,353,4.577363682918319,0.01394340989805434,1,-0.44471074487015727,0.8217264342033692,0
5,120,354,6.174831504291295,6.047068642201114e-4,1,-0.36308431849523753,0.84318707758262,0
5,120,355,5.980398474523173,0.0015762024041956965,1,-0.7765484817103494,0.660584781544019,0
5,120,356,6.01440731978727,8.374569010415485e-4,1,1.7023974168956502,0.31305307559147605,0
5,120,357,5.48952271256206,0.006235090717450969,1,-1.1778465707719912,0.503044427712035,0
5,120,358,6.926536166315491,1.4967464863951838e-4,1,-0.7632491949042071,0.6839199138005672,0
5,120,359,6.72526216362543,3.6979283035492563e-4,1,1.8241657528618644,0.3163112143305588,0
5,120,360,2.4880579394555227,0.2041520654053113,0,2.715199148240422,0.13780488491778742,0
5,120,361,4.52391069764383,0.01029680198079324,1,2.9300376871461786,0.09272138960429165,0
5,120,362,2.3179317495307075,0.16247994321262302,0,2.1363639797749903,0.2326027991342854,0
5,120,363,2.676780600911066,0.12003784897052104,0,1.4094036078306877,0.501196811410634,0
5,120,364,5.8373524872438205,7.970445058840137e-4,1,-0.800927691055842,0.6540302455062618,0
5,120,365,5.74794537965533,0.0015445279853941094,1,1.7999868559143757,0.3519746791441344,0
5,120,366,6.693130214152135,2.525737392670952e-4,1,-1.9536304743019264,0.2355536791727884,0
5,120,367,4.372205331231254,0.029832588531417657,1,2.487023287019065,0.1300271957527969,0
5,120,368,5.021770761320391,0.002661163770168651,1,-3.6212303888244897,0.05984075100006907,0
5,120,369,6.572901027346604,8.383073873464693e-4,1,0.028539249366302477,0.9860196916320847,0
5,120,370,7.68098087577044,8.024926074131719e-5,1,-0.9560684157921859,0.59787723070818,0
5,120,371,5.62165987157758,0.0012892163651947888,1,-0.6468274694237846,0.7168478714058137,0
5,120,372,6.000560953774318,4.7147958707498565e-4,1,-0.019169384543455056,0.9917691495413015,0
5,120,373,6.291622992490205,1.3689733394335577e-4,1,1.1438679213542984,0.5637873300316983,0
5,120,374,5.31930240310957,0.0055819754377217255,1,4.7582349608530485,0.006905828599546704,1
5,120,375,4.2557172267580174,0.021409795196229743,1,1.5739700531300669,0.3868019597707032,0
5,120,376,1.8009095145850071,0.3948057028360077,0,-1.5582670919551316,0.3648185334749279,0
5,120,377,4.94551538001521,0.008775181183401126,1,-1.1666013708730611,0.5140814503833184,0
5,120,378,4.901477991987209,0.004503816774254499,1,1.7379872818047253,0.34411425058346434,0
5,120,379,6.817888354707889,0.0010494177906284713,1,2.747251209906315,0.11410977044257092,0
5,120,380,6.623139818689615,0.0010723092986141913,1,1.0247445103398092,0.5696000250599931,0
5,120,381,3.613797517384601,0.04482165569261892,1,-1.3151216537108472,0.4786579918435244,0
5,120,382,3.8863695429802574,0.03598237218840294,1,-2.073531697928072,0.22130190033904557,0
5,120,383,6.658352005180772,0.0011162842133892164,1,-0.35658463589674655,0.8405055744363163,0
5,120,384,1.7073859880579145,0.3832993939915188,0,-0.09200703851718078,0.9624075645728596,0
5,120,385,2.829569545369426,0.13662855388069092,0,1.7717460039997825,0.36529482861209284,0
5,120,386,2.74656607130585,0.11947597688006072,0,-3.014871822992237,0.13640252054621974,0
5,120,387,2.9594531056586626,0.11363088342217613,0,0.5740332836677182,0.7311316216240921,0
5,120,388,6.926621392111041,3.95879972116985e-5,1,-0.36633101929408746,0.8523739021661503,0
5,120,389,6.863371190521233,3.000632503854106e-4,1,-2.308137485137803,0.19965469863165333,0
5,120,390,4.518822091896627,0.012570913642111763,1,-1.2527898043087151,0.4962113450889377,0
5,120,391,4.621201024274271,0.012861552094914864,1,1.7038689006068848,0.4160592342329801,0
5,120,392,5.443634420519132,0.0013511308680191994,1,-2.207618520517696,0.21917785460401565,0
5,120,393,4.0672059311638105,0.013877000319272187,1,-3.4010251847560413,0.09086416196239624,0
5,120,394,5.337759916552791,0.004482970788790998,1,-2.025177165311926,0.27183360721584104,0
5,120,395,7.262072512687693,2.9097038195209114e-4,1,0.4794040161170365,0.8041939122938782,0
5,120,396,3.863620532383088,0.026247464653552904,1,0.8834962642335601,0.6498046965781019,0
5,120,397,7.116530369859991,4.581959192898607e-4,1,-1.5347374133455869,0.3810431784402162,0
5,120,398,3.306253341405716,0.05487646411589193,0,0.977217006701271,0.5825716007720616,0
5,120,399,3.6340037742350484,0.04637930592476795,1,3.1569194267141745,0.11300865619642471,0
5,120,400,4.322806938708442,0.02254843860505168,1,-0.29843506050249974,0.8648237492079286,0
5,120,401,5.900205474471861,0.0025830568429190057,1,0.9478841078997751,0.6197756209613728,0
5,120,402,4.585298452997049,0.015849495104806467,1,0.7879337626280847,0.667243750356217,0
5,120,403,4.871455614423909,0.009009138752513999,1,2.6830155652887053,0.16221185779550976,0
5,120,404,2.2892898803246924,0.19948664072552474,0,-2.0523398180169763,0.28524403463057396,0
5,120,405,5.832546228787751,4.0449408646901205e-4,1,-0.9617033706634163,0.610783974403525,0
5,120,406,7.773881318635998,6.945151316958356e-6,1,0.5701678484088042,0.775278015569775,0
5,120,407,6.786371716597803,7.2986488148399993e-05,1,-0.9905886645206468,0.5868950933073576,0
5,120,408,7.753557210458589,3.2702654839326366e-5,1,0.10796799016259412,0.9552203177559722,0
5,120,409,2.9113346044724744,0.15162263919108074,0,0.5150180713937043,0.7842508060567518,0
5,120,410,9.296776113220957,6.887505724291028e-7,1,-0.31666968940312656,0.8601845247179093,0
5,120,411,2.532183273117141,0.14637708264675467,0,1.1380593887484745,0.555742286321695,0
5,120,412,6.104865009706722,0.002404337330601754,1,-1.5671007917364452,0.3707900245309136,0
5,120,413,4.39819975606762,0.03161712532842404,1,-0.6128865225043554,0.7574508323645603,0
5,120,414,7.3775225641783395,2.5063756328326476e-4,1,-1.5352430409539919,0.41090182344525006,0
5,120,415,6.803468345475857,4.4995222715211205e-4,1,4.197713689027618,0.026201540163510884,1
5,120,416,2.2894333254648846,0.2315473375728449,0,-0.6690008280092321,0.7283902959380876,0
5,120,417,5.8927012675148305,6.619573151834669e-4,1,0.26398580215240297,0.8795328222532763,0
5,120,418,3.8996728522139583,0.03173015734737508,1,-0.2618281172849453,0.8871003251925866,0
5,120,419,5.6873155847447245,0.0030017832257545275,1,2.519469900087278,0.1631180312281516,0
5,120,420,5.9890568367954105,8.303432699480315e-4,1,3.9244398201760866,0.028105953645967838,1
5,120,421,3.542220713576912,0.0532537799312765,0,0.1810116216770839,0.9219356328197046,0
5,120,422,5.848464903668069,6.305656744264828e-4,1,2.883068112499213,0.09885350583994915,0
5,120,423,6.208510491933295,6.278709007185075e-4,1,2.7811330332898896,0.14584137518481305,0
5,120,424,8.180460495811008,5.861059083548925e-6,1,1.060672030646502,0.5599765701566837,0
5,120,425,4.497612877568389,0.0278092646129422,1,1.3745984095746284,0.4349215033379594,0
5,120,426,2.5959502309881963,0.21053671091192167,0,1.5833192593444947,0.39563127389211394,0
5,120,427,4.800076328999476,0.008842604826239088,1,0.6862644832007416,0.6999543322320385,0
5,120,428,5.237866256448521,0.01299689923206389,1,2.5827678753553083,0.12448353635585327,0
5,120,429,5.606497498414003,0.0017519305088857147,1,-0.23017273346491135,0.9005049795814932,0
5,120,430,4.38250837679176,0.01327561055504132,1,1.7184139070758324,0.3142860214669026,0
5,120,431,2.6771275610063845,0.13759563174203782,0,1.3305281989693478,0.4755995038390195,0
5,120,432,7.052912031800544,2.3039471731269088e-4,1,-3.1519746036830427,0.04548165211388133,1
5,120,433,4.845881760279786,0.009330003300901148,1,3.3529251285580752,0.05912651213321752,0
5,120,434,0.2942744770552827,0.8758949531220358,0,-1.4308052532302784,0.40209467218827855,0
5,120,435,2.632732347455547,0.1484760220052033,0,2.743006380036692,0.10762873156318817,0
5,120,436,3.586100781050094,0.04847342192111593,1,-0.17184992840912378,0.9249072118503301,0
5,120,437,3.635906690802739,0.07187471981863419,0,1.7038910937806273,0.3901882895036395,0
5,120,438,4.753720153100498,0.01558291404907579,1,-0.42000266785383306,0.82398075645006,0
5,120,439,4.355010927617746,0.03241552284754614,1,-1.962209692492583,0.2634437295493599,0
5,120,440,5.004631992845876,0.013111448561469704,1,-3.3068105185130596,0.07282059604703028,0
5,120,441,5.190413309763955,0.003279063144247785,1,0.3872305103262902,0.8345391781236435,0
5,120,442,5.291443948381658,0.0021858136858682485,1,1.7763754671489145,0.31562568326871676,0
5,120,443,5.670956748258818,0.004107384917208714,1,2.6230968985135257,0.16570426031376792,0
5,120,444,3.3344457397484506,0.081705717462465,0,-1.2574189322809557,0.5298925076138543,0
5,120,445,6.146939048102237,5.192891832370153e-4,1,1.0955442871009913,0.5451501661405698,0
5,120,446,3.7068143528244963,0.044126713989423035,1,2.6334382722117664,0.17434503031379955,0
5,120,447,9.114768555684543,1.914402125374548e-6,1,-1.7936644764516607,0.22987410817070253,0
5,120,448,6.189038280817278,3.8171241334054054e-4,1,1.032587877115723,0.6030894470016688,0
5,120,449,3.13624075880317,0.09635833560307168,0,-0.31498314542922734,0.8612156563523488,0
5,120,450,7.695575745547356,6.0713059793027544e-5,1,-1.0258941168320348,0.5480757249904068,0
5,120,451,7.495678863546985,2.4026245813929312e-4,1,1.3407316763103803,0.4257832094071563,0
5,120,452,4.730675442527859,0.006798867177303999,1,0.8873640291478353,0.5821551723574118,0
5,120,453,1.6978604335855103,0.34390223774193973,0,1.7614911780205142,0.3851739848784269,0
5,120,454,6.478669469528621,0.0015026813369010837,1,0.6595962948373298,0.7007450040128551,0
5,120,455,5.394300277218153,0.003374006222070197,1,-4.288644703550406,0.03341248243139016,1
5,120,456,4.1500493575042645,0.031065664177570722,1,-1.736066051275848,0.3010068342200063,0
5,120,457,7.322726171812115,2.6970771711019756e-4,1,-0.06596133109044164,0.9721016660404675,0
5,120,458,4.1486362133981105,0.030249149704185165,1,-0.44211611033655007,0.8039609317635297,0
5,120,459,4.733948166368618,0.01250669508978365,1,-1.353010822944184,0.4420358687875193,0
5,120,460,5.624564848427601,0.002225767301543367,1,-1.5898216617862135,0.35182996505261666,0
5,120,461,2.153570096369785,0.2531643182545643,0,1.734323661171278,0.34519718160666335,0
5,120,462,5.476757848675958,0.004629344175810701,1,0.4337634734057739,0.8049420943873169,0
5,120,463,3.1384056547408257,0.06820494542000333,0,3.0312365090373756,0.07546265100633179,0
5,120,464,3.99101162233945,0.03441753006103248,1,1.0647355914963073,0.5661293637978431,0
5,120,465,3.9048288218176768,0.02134129953456445,1,1.229886453875215,0.547154987450957,0
5,120,466,6.778665711193492,2.480968583383731e-4,1,-0.6404255835656923,0.7173594990132246,0
5,120,467,5.332170204946548,0.0036355457546097384,1,-0.02423557823937192,0.9898757304943743,0
5,120,468,4.367340552463004,0.026914315021342325,1,-0.38983005781193586,0.8352782278990368,0
5,120,469,2.652487982757804,0.14245204146445567,0,0.7020784897624669,0.7082472884729665,0
5,120,470,9.61513230727584,1.3122774250734211e-06,1,-2.537932595347542,0.13281774060442877,0
5,120,471,4.420333506989825,0.01671103036863519,1,2.1181413097318322,0.29333652768111984,0
5,120,472,6.722653969615111,8.254890934026759e-4,1,-0.7400863828225768,0.6992247711123709,0
5,120,473,3.8484395997298,0.03385344678680427,1,1.534712292417262,0.40354338027181613,0
5,120,474,3.1635194851951054,0.09400573338264528,0,-1.6656118316132196,0.39359109069328857,0
5,120,475,6.113932486147999,7.37299100135883e-4,1,-0.7707620576916163,0.7106120834599681,0
5,120,476,4.088056371421742,0.018485263454035922,1,0.815312954755125,0.6536454968874386,0
5,120,477,3.2367643899472727,0.06412901774408115,0,2.4695990444368108,0.16574347400754677,0
5,120,478,6.862707284416419,1.8604700184931267e-4,1,1.3214088204218237,0.4454031535783808,0
5,120,479,5.14308767273501,0.010125225176224337,1,1.0154686960585215,0.5515389070317498,0
5,120,480,4.7233315071724284,0.013396936654361096,1,-1.0733696553422647,0.5318479079195684,0
5,120,481,6.180359050137717,3.3712479106267035e-4,1,-1.958823796668914,0.2922439939757838,0
5,120,482,3.5332013413247907,0.0584108315133483,0,-0.4157715270265689,0.8228253488513446,0
5,120,483,5.593053441630139,0.002123330819426107,1,-1.0484385102238079,0.5986723590399909,0
5,120,484,4.193522804961609,0.02069804474472903,1,1.0351134318572737,0.5811567824544828,0
5,120,485,7.341295637664495,1.3010275179065858e-4,1,1.03867986944619,0.5452610540845846,0
5,120,486,7.404779276656208,3.478125483502995e-5,1,-1.8740853193742195,0.27750574353622737,0
5,120,487,5.5375505263014055,0.005871279899616453,1,-2.275024632099975,0.20517034421188593,0
5,120,488,3.1425114506355922,0.08719121730616028,0,-0.3377155278095377,0.8773468939764713,0
5,120,489,1.7401273246921518,0.37577628159577103,0,0.8113533729904124,0.6657754560313258,0
5,120,490,2.1698895610440245,0.1816881448515433,0,-1.5990329959153444,0.3375398747616907,0
5,120,491,6.5098113626239975,2.0839982093051707e-4,1,1.1741502480118595,0.5877567314598722,0
5,120,492,2.1582933857911746,0.25512422653808714,0,-0.4427743643388547,0.8188930298533925,0
5,120,493,3.5960010643655056,0.054808411123150304,0,-4.831188070457457,0.012811893667765936,1
5,120,494,4.443044532754629,0.022971837544291888,1,0.9443576248837494,0.634691078427126,0
5,120,495,8.210182214323853,1.4935240850563879e-5,1,1.9879537919242398,0.32366561825690265,0
5,120,496,6.912080884384959,5.651970469984469e-4,1,1.043671427951322,0.5421592835328484,0
5,120,497,2.7434780651293225,0.11016633186664741,0,3.3419348286859187,0.08253705539765767,0
5,120,498,5.757375902425231,0.0012089556385481304,1,-1.9721179480036992,0.29783108875633013,0
5,120,499,6.539421011986446,3.956435360905135e-4,1,1.8019600380520253,0.3394906015591964,0
5,120,500,2.985371753892032,0.08090950606317782,0,-0.6317453094645535,0.7398654476739748,0
5,120,501,5.500091357090594,0.002557680211511865,1,-0.5250553477191663,0.8075595094699971,0
5,120,502,1.0889192383419088,0.5775844035688498,0,-0.045258532378991204,0.9812656911143525,0
5,120,503,4.8476329765183435,0.01959723368772063,1,-1.015503712449782,0.586767690732763,0
5,120,504,6.051139198364924,4.691961882635823e-4,1,-1.9487635981733502,0.2899949112632438,0
5,120,505,7.852714372246229,3.509123580071816e-5,1,-1.1993792773723335,0.4591148769142117,0
5,120,506,1.8157161636984707,0.21918467009651013,0,-1.1445557246796116,0.5507298852662544,0
5,120,507,4.902658189046263,0.005408648822564557,1,-0.7889943380174359,0.6777486702417403,0
5,120,508,7.50830801453105,1.8984474994532185e-5,1,-0.5918642602763423,0.7493800485591688,0
5,120,509,2.1669550722585176,0.1953835327413397,0,1.0247914407006093,0.5737392513566892,0
5,120,510,5.6861936726927285,0.0013976883194463867,1,0.39966149399137524,0.8167250828475865,0
5,120,511,1.880505098979597,0.3160809732149374,0,-1.1745067705490806,0.5070685599729328,0
5,120,512,9.13295624189901,2.020640045634351e-6,1,1.7047405477865063,0.3019883658048947,0
5,120,513,2.608617439752474,0.17066932695395706,0,1.6304484764904232,0.3618864353097282,0
5,120,514,5.759480621796943,0.0017026947631139393,1,-1.0370597277171953,0.5626958074120902,0
5,120,515,3.397279133744458,0.0490913362514752,1,1.4293515115559885,0.4226330065341659,0
5,120,516,1.653934323402956,0.34649222193808127,0,3.760228742561252,0.03954589296975666,1
5,120,517,5.112562339059104,0.007125986202031147,1,-1.802675915868334,0.2718419206937047,0
5,120,518,3.377947339147671,0.05930289656949532,0,4.098208485285794,0.027560457712906574,1
5,120,519,4.234831689888613,0.012444677424451165,1,-0.16036317159327268,0.9344844455351043,0
5,120,520,6.522879575017076,6.696101799784674e-4,1,2.7581353067491605,0.11264049824197721,0
5,120,521,3.7908727775844673,0.043289898056733084,1,-0.9262753302817704,0.6015359992162261,0
5,120,522,4.65870280077894,0.014773085866154957,1,-0.33725892849016487,0.8471439503472327,0
5,120,523,5.252489474493962,0.006955833416304398,1,-0.5331254433947293,0.7875572663817103,0
5,120,524,3.9391466376747966,0.028563059799910837,1,0.8073910789407698,0.6431409343564629,0
5,120,525,3.697988500543712,0.03826839595901203,1,1.4807178604444495,0.40034439903590846,0
5,120,526,3.412890551335755,0.0743034971252097,0,-1.9302356633673274,0.295854649005624,0
5,120,527,4.38626745017733,0.03184120250232117,1,0.9105035146494209,0.6014598918158585,0
5,120,528,4.131707920335998,0.008634800598753321,1,-0.9901276081117281,0.5289976123295155,0
5,120,529,4.958247508471458,0.006484208116737374,1,-1.8338605419578324,0.306365966297287,0
5,120,530,4.158091485611384,0.03304375352578616,1,-0.3589140806905568,0.8461898204172593,0
5,120,531,6.221212048092794,0.001102907064288887,1,-1.3781955551607246,0.45891111632797243,0
5,120,532,7.075267125704972,1.682536867700757e-4,1,-1.6832003315192618,0.32939651787922,0
5,120,533,7.385160874164113,1.6970006154880582e-4,1,0.86860940976473755,0.6100311204049735,0
5,120,534,7.04178316051658,7.909758848954895e-5,1,1.2700169191873847,0.47608527551361,0
5,120,535,5.351448642071237,0.010944033821314895,1,-0.7845853290002084,0.6467302566828366,0
5,120,536,7.65549624287952,1.8495835017455207e-4,1,2.829787398755108,0.05485046272797482,0
5,120,537,5.5053017172303,0.0047459708068628235,1,-1.6542234147509702,0.34208146600788736,0
5,120,538,1.552905520245704,0.39421612829426156,0,1.4684059980956583,0.3764477544746896,0
5,120,539,4.0130063277454955,0.03788892926536283,1,-1.1296400375939915,0.5452873115705725,0
5,120,540,4.122774195659503,0.02825545969111842,1,1.666047497900136,0.36347031619248527,0
5,120,541,4.966844431863457,0.015695688221337597,1,0.980032749998514,0.5850988685051641,0
5,120,542,7.327670578314998,1.7567652476173715e-4,1,-2.6964013706443652,0.10460234218917368,0
5,120,543,4.0225280105502055,0.05239881469485203,0,-0.344403296786019,0.853210329084332,0
5,120,544,4.494691242192547,0.012242277553439098,1,-0.6495683200662852,0.6883969363381846,0
5,120,545,5.593745888531712,0.004878833604354479,1,1.2958782300017515,0.4718662805060405,0
5,120,546,7.570999181199943,6.181346548082542e-5,1,-0.7343137266838985,0.665234267239756,0
5,120,547,8.778451728464887,2.3827791395390695e-5,1,4.215244590877946,0.015143684723455604,1
5,120,548,5.719727503705231,0.0018184003640228617,1,-1.2352058609158196,0.5210054867035298,0
5,120,549,5.375497420896321,0.007244036123121863,1,0.3147494280403787,0.8603069766520178,0
5,120,550,5.767514579339872,0.002412578431731296,1,-0.9463678513310857,0.5881509299304757,0
5,120,551,3.2334790739838324,0.0923882913559668,0,-0.17604124876709049,0.933085589683218,0
5,120,552,6.523889986008116,0.0017211305171213188,1,-2.5605464348920135,0.1745460836803909,0
5,120,553,7.970319349884477,1.4244843968193784e-5,1,1.0278411996921688,0.5822829367627365,0
5,120,554,6.241674867633662,3.7003613095904273e-4,1,0.34922876115173174,0.853972542029968,0
5,120,555,3.963561604045551,0.04680571028209503,1,-0.7478813225412064,0.6767443585113198,0
5,120,556,6.045636955425145,0.001070512282541232,1,-1.1350207148324565,0.5291271612350171,0
5,120,557,8.013084090916779,4.939437400107826e-5,1,1.4068159462528387,0.43157990078289765,0
5,120,558,7.739299910665598,7.893620868827887e-6,1,0.34535835646234647,0.8247411602987537,0
5,120,559,6.724760878101518,7.678216177813159e-5,1,-2.8943656356569063,0.146321638263786,0
5,120,560,8.434224473644242,4.308675424459226e-6,1,-0.537924582335659,0.7406641281738635,0
5,120,561,2.785034361902618,0.11389920042200549,0,0.9513685679086648,0.6182899316505692,0
5,120,562,7.710231548066875,1.6748671781444799e-6,1,-0.6533108467976759,0.7136660224820399,0
5,120,563,8.400746402367883,9.163368432810788e-6,1,0.6309191661516554,0.7236144377574039,0
5,120,564,6.726321283486653,2.56717137471859e-4,1,-2.9157301065388093,0.10287784901049635,0
5,120,565,7.731104985614393,5.249702751844974e-5,1,-0.4950222590045893,0.7852251860912579,0
5,120,566,6.5079628130381115,4.4846127593495185e-4,1,0.1387882128191732,0.9370881525620703,0
5,120,567,2.1566460326634456,0.24711347046585172,0,-0.7301351825257987,0.6726859626828557,0
5,120,568,5.532108556830138,0.0016522159422032083,1,4.634482250530745,0.0033348374244560643,1
5,120,569,5.119284891112396,0.004555616619968392,1,-1.8205596927306247,0.30135762278152983,0
5,120,570,3.3775601079145177,0.0754830323351444,0,0.7699857993466281,0.6783778345103515,0
5,120,571,4.785071217825039,0.01397198797975103,1,-2.753821533610898,0.11239019235015284,0
5,120,572,3.7620933765357325,0.05218111972906641,0,2.168125969749156,0.22998052600319194,0
5,120,573,3.3662162179125636,0.0782201827538273,0,-0.7135477521563892,0.6618351734981905,0
5,120,574,6.8252651711186445,2.527132568813639e-4,1,-0.7743674912805648,0.6825904159829883,0
5,120,575,5.7999779674884095,0.0020794341233258177,1,-0.6758115097328264,0.7046435844155359,0
5,120,576,7.673401559135863,6.58208380923499e-5,1,-2.1843718221524147,0.2625654710224153,0
5,120,577,6.845679543750787,2.155327187025921e-4,1,2.2471585162140872,0.22705224201413488,0
5,120,578,5.118818331496554,0.0026228153956855556,1,-1.8975322229281781,0.305301797205215,0
5,120,579,5.647415970372647,0.00299643508045619,1,1.8866476569372763,0.2718347772868546,0
5,120,580,8.347050957237139,2.2997131870787717e-5,1,-3.301509530792262,0.08123961455941296,0
5,120,581,5.727982943915808,0.0021940367081190112,1,-0.3872719352231941,0.8344626278920458,0
5,120,582,5.873241889970057,2.7679225690958376e-4,1,-2.4995111939375723,0.1329679432917059,0
5,120,583,5.515890043828234,0.0024026658883557032,1,3.1013332440220425,0.10613998370601238,0
5,120,584,4.86392218081319,0.009648070403042254,1,-1.861126982145128,0.3194889914670787,0
5,120,585,3.733473133442859,0.04838016644477359,1,0.1270673848502554,0.944002719032744,0
5,120,586,5.661083998170021,0.0035834374372633606,1,0.5186380803921468,0.7605003998525431,0
5,120,587,2.8723975774229134,0.14471136558973627,0,-5.5320721467619345,0.0036182733927709776,1
5,120,588,5.257786614900921,0.011579022673695651,1,-0.8748089667632349,0.6021357992457925,0
5,120,589,6.551937664176581,3.852760343837322e-4,1,0.2925894595847745,0.871023063305002,0
5,120,590,4.693407783831179,0.010573538344358634,1,2.501947209092292,0.19922958789571008,0
5,120,591,2.812160517160499,0.12080195273390484,0,-0.5339271535110356,0.8024999605091474,0
5,120,592,1.1418883223934368,0.5474970431074132,0,1.808006446606789,0.3612863636619408,0
5,120,593,5.912905093549696,8.939391994022748e-4,1,-1.0191642020524472,0.5752932187955071,0
5,120,594,5.674230540387188,0.004142235407858783,1,-0.3379445541742062,0.8519940466984055,0
5,120,595,3.7129754889531643,0.05721852738541934,0,-0.7607462706598761,0.6864342550182081,0
5,120,596,6.834904928391827,4.254332169141761e-4,1,-1.9432219903332701,0.26223284936130464,0
5,120,597,5.737420531288172,0.003847073638094444,1,-2.0349390841362016,0.2913748407078206,0
5,120,598,7.399541872168989,4.86967920983622e-5,1,0.6295993433358911,0.7267080377084382,0
5,120,599,4.468508220085589,0.021362387668484032,1,-1.1051156859305022,0.4889842138436945,0
5,120,600,8.771497478011074,1.2350925726206597e-5,1,1.7062561158174308,0.3245287061117039,0
5,120,601,3.2251942393545323,0.07105060541327417,0,0.49209361272386243,0.802555299410908,0
5,120,602,4.239074117885148,0.015963059100485722,1,-1.0717946837429762,0.4983129918855346,0
5,120,603,4.9338559522017205,0.012368393324022292,1,-1.5929964246548494,0.374450362911919,0
5,120,604,5.778500896524742,0.0012711526335198535,1,-0.6050432363394082,0.7144261128753935,0
5,120,605,4.263212554816691,0.023874280477085365,1,-0.4756951947581917,0.7805903571614768,0
5,120,606,1.5671263728929306,0.4624491942597244,0,-1.512644187742169,0.3642576352961451,0
5,120,607,5.052016619010232,0.008843125265256416,1,-0.015130015530009172,0.9932551297240868,0
5,120,608,4.549212428238315,0.012219909961572172,1,-0.8667803718153795,0.6208662840887788,0
5,120,609,4.316186114579023,0.03002947371241693,1,-0.3816676941315626,0.8408313423519624,0
5,120,610,7.643156837530185,2.0639220333046372e-4,1,4.222638096208333,0.009633502491191819,1
5,120,611,3.8598836653059525,0.048255882440219486,1,-0.6107590988761056,0.7461854887176682,0
5,120,612,2.3807712011701163,0.1986289844046436,0,-4.453385764349957,0.013209698810253018,1
5,120,613,7.326334837819032,2.2058011425914063e-5,1,1.4838914604466367,0.3597506048792345,0
5,120,614,4.549787160218021,0.02090647149498808,1,-2.3551623786870803,0.15364113073639174,0
5,120,615,7.026145478819246,4.2356741348396773e-4,1,-0.2406274682451854,0.8844702642385054,0
5,120,616,6.583437024682007,4.029909325194375e-4,1,-0.8285107955176121,0.6433293194026273,0
5,120,617,5.838065795294567,0.002925285986148053,1,-0.6211725951360141,0.703017681559508,0
5,120,618,8.22152324442774,1.2562457139541811e-5,1,-0.5649547108116568,0.741550104629563,0
5,120,619,5.873085979423679,9.567444495576279e-4,1,-0.519267101958287,0.7977169845179626,0
5,120,620,4.540392918659311,0.022176776443895263,1,-3.2934827624569127,0.10204406127680012,0
5,120,621,6.700494085762345,6.124040757832408e-4,1,0.9486659936582186,0.5589659240592924,0
5,120,622,5.3786487996355605,0.0087187344191049,1,-0.1466317469562229,0.9323868983709459,0
5,120,623,4.7233908237447135,0.01774104479170736,1,-0.7380888466126022,0.675265040355034,0
5,120,624,7.157001535532461,5.143146181066041e-5,1,-3.911478589616223,0.03689941935172068,1
5,120,625,5.870318401622131,0.002063255749705912,1,-1.6433671019792144,0.3670183225770851,0
5,120,626,5.504830407484922,0.0020847777972929833,1,1.9731477613166692,0.26135004426566993,0
5,120,627,6.333487929245706,4.286058405575339e-4,1,1.012237902220223,0.6024645668616642,0
5,120,628,2.416354061707024,0.19009280448451624,0,2.3351042494459517,0.21638039776679213,0
5,120,629,4.532930068039805,0.026663061973408397,1,-2.9897803231501614,0.09719139570104175,0
5,120,630,4.810930464803745,0.017796404540020433,1,1.4054924487287208,0.4194286679767393,0
5,120,631,7.056909151561913,3.444901532699616e-4,1,1.8206930545412836,0.32712875410687703,0
5,120,632,3.749599812358801,0.041632283641175154,1,-1.7049938215047298,0.39742185310935274,0
5,120,633,3.6909928717415994,0.04819910692294307,1,-0.45355611816904845,0.787393978203564,0
5,120,634,5.603800976449502,0.00488410608900055,1,-0.5768735326120006,0.7466058246669137,0
5,120,635,8.458020578671741,9.81256786656663e-8,1,-2.6243041907696343,0.18598838454983826,0
5,120,636,6.168496117986418,3.97643182966525e-4,1,0.48257363979489903,0.7955834433975637,0
5,120,637,4.722707578025517,0.00965931468994992,1,-0.45124385088786717,0.809362295196116,0
5,120,638,2.8339937763986245,0.11691105828669768,0,-1.8027118185441595,0.3278171386733584,0
5,120,639,9.341602588416764,1.0531233991934146e-7,1,1.241059464817355,0.49385761664818373,0
5,120,640,5.794160703089014,0.0021245402824494213,1,-0.7408522195773529,0.6713820370671553,0
5,120,641,4.9688231038438895,0.004366473420462289,1,-1.9315768623012077,0.3048060467985443,0
5,120,642,4.481768960828062,0.01605812085292036,1,0.21302733229415083,0.8992183105129226,0
5,120,643,7.832526037274499,1.6049388889379817e-5,1,-0.20419615849076514,0.9037779658508406,0
5,120,644,2.613848899886474,0.14480797346531812,0,-0.3350885928013286,0.8575338509218086,0
5,120,645,2.3375558550545223,0.14209160602066243,0,3.030547539254857,0.15300958039493445,0
5,120,646,6.275964343741988,8.989753460591788e-4,1,0.30810110934793505,0.8745540616735128,0
5,120,647,4.638079402826852,0.02797114620044383,1,0.6985654567162666,0.6903532296981287,0
5,120,648,6.209310241208583,5.019837348157023e-4,1,-0.5709231886148717,0.7715572228005354,0
5,120,649,2.5424877455203334,0.15281927870666143,0,-0.09825550731279839,0.9594663421875885,0
5,120,650,5.595736515195697,0.001647575314471511,1,-3.4904899414201815,0.07259381850961456,0
5,120,651,4.497788567007712,0.023074048520501517,1,-0.04822955070593803,0.9789064729404273,0
5,120,652,5.338599613273793,0.0025721190356611874,1,3.3330781010346078,0.05588387333841401,0
5,120,653,2.5974481084889214,0.14933958964495667,0,2.719943514319562,0.16422723318111995,0
5,120,654,6.160949037387477,1.4903557001275921e-4,1,-1.3086368872702785,0.481230852337049,0
5,120,655,8.536985833652738,1.7909597980683654e-5,1,0.7671456145923593,0.6616246454159412,0
5,120,656,2.9101014389506448,0.10307967995894723,0,0.2647978350712492,0.8841409722667724,0
5,120,657,4.487915317874695,0.019060009512278278,1,-1.190502864884332,0.487578644796149,0
5,120,658,2.5753558373089502,0.19258193472086146,0,0.5663900340715323,0.7446469906627873,0
5,120,659,6.176542321057019,0.0031127015276597374,1,1.5302807329574764,0.41373559027763074,0
5,120,660,6.140062161682009,0.0031847529497273483,1,0.5503874542769244,0.7815518585162522,0
5,120,661,1.4460548081007185,0.41973735553654834,0,-0.7517567329097522,0.6821494197924127,0
5,120,662,6.24713635603339,1.6053151469552621e-4,1,1.789224082154272,0.27247769659911214,0
5,120,663,5.266551714217847,0.004895021919232592,1,4.708764721158606,0.006356165664785814,1
5,120,664,3.3672270952942847,0.059910741059067144,0,-0.49062632827363756,0.7953391158333458,0
5,120,665,4.44096889760706,0.006900323708322485,1,-2.1753678926248523,0.2738150138669064,0
5,120,666,6.0673535840247705,0.0014540942069582047,1,0.18168251745854275,0.9203346071303238,0
5,120,667,6.791920851570472,3.7000767150052814e-4,1,-2.806557217708729,0.11219215627774246,0
5,120,668,6.961050171486228,4.889800556709006e-5,1,-0.9928447899429143,0.5957307039769687,0
5,120,669,4.547346692727407,0.030808957516246554,1,1.3669037001527358,0.4787709991471061,0
5,120,670,1.3751103329827208,0.475566600095087,0,-0.12391970386355765,0.9469524000104863,0
5,120,671,5.636181477530095,0.0012600829871375824,1,0.8382317505003256,0.6402546834062611,0
5,120,672,5.2475893150344985,0.0030355230647330115,1,-0.6916217236287846,0.7111200399630611,0
5,120,673,4.67673548741435,0.004205605714581365,1,0.748687551113314,0.669422448286583,0
5,120,674,4.8466189356704135,0.005253656002149762,1,-0.8607483349180303,0.6432696142330686,0
5,120,675,5.499898181138524,0.0022385424876088644,1,0.05509203637343374,0.9756074819719343,0
5,120,676,5.732455563002847,0.0015330958419096253,1,-1.3762091199937991,0.42351142386067,0
5,120,677,7.994756100091356,6.0560729577551804e-5,1,-2.470666469269202,0.1524251175885511,0
5,120,678,7.282898180802341,1.2269457201620712e-4,1,-0.2875164095806896,0.8738019676426356,0
5,120,679,8.325848160517126,5.998014927745902e-7,1,1.5926991847882863,0.37113938557952963,0
5,120,680,3.566486783245801,0.0768507882559656,0,0.7994936213304098,0.6566349248527885,0
5,120,681,5.048563736936583,0.007412277459076437,1,-0.6348875875234132,0.7256669132832609,0
5,120,682,3.962502054309477,0.036835283640477674,1,0.686683774430679,0.714068550387148,0
5,120,683,6.919677726300624,7.386012116453884e-4,1,-0.6490951962111332,0.7161445425494195,0
5,120,684,3.673322462726416,0.04253698161319585,1,-0.7843238775154623,0.6972782304450258,0
5,120,685,1.5834898420996077,0.3617596491849069,0,0.8885719611874228,0.6145676659626595,0
5,120,686,1.9286304811650372,0.3298929551103247,0,-0.1519485504287295,0.9356876162252588,0
5,120,687,7.020815365475381,1.527468600531664e-4,1,-3.3204739555161544,0.0761493140724857,0
5,120,688,3.843646344593709,0.037260074788303274,1,-0.3614658119136891,0.8438247454838325,0
5,120,689,2.4703861745790068,0.16983138563357245,0,0.832062129252597,0.6731028475747018,0
5,120,690,6.081943985413226,7.787551774990024e-4,1,-0.0845240157562134,0.9613198711191251,0
5,120,691,4.483187119992107,0.0153825057285086,1,0.15142481501745703,0.9328023794770217,0
5,120,692,3.591252348505383,0.05500316974606321,0,0.12179015532214081,0.9472974528048144,0
5,120,693,7.898155841831143,5.055153207384889e-5,1,0.17163972883188963,0.9246014675460831,0
5,120,694,6.275667415480129,0.0012262744587767927,1,-0.871667110667171,0.6450421095794199,0
5,120,695,6.930406863278872,1.7796457691914716e-4,1,1.1897678193963988,0.5216968250756606,0
5,120,696,5.322308126988448,0.008687996314015248,1,0.5201852619891226,0.7902432798961821,0
5,120,697,4.701121316372295,0.015631181440915354,1,-1.1023558988304207,0.49076108997692325,0
5,120,698,4.009429610532661,0.033836804578374,1,2.2646985067133887,0.14311493219497062,0
5,120,699,8.100184232153705,1.4926255132331988e-5,1,-3.2189447793752266,0.06313325189663933,0
5,120,700,4.78796369501314,0.018696344736783912,1,-1.1253107325521396,0.6060317510785558,0
5,120,701,3.0236085896868423,0.07173958745896372,0,4.7972067964254315,0.009551785002203973,1
5,120,702,4.046506263239477,0.02526615929304952,1,-2.4563356542762254,0.21950202449180986,0
5,120,703,5.867483971438823,0.0046034356777471495,1,-2.385406284494371,0.20515858781193796,0
5,120,704,2.4675047906638503,0.17964462398305528,0,-3.9732894319060317,0.031587981422605445,1
5,120,705,4.37600004383497,0.01787218683539847,1,-0.48987860209543965,0.7820023954008051,0
5,120,706,6.804942685868197,1.8128494638239469e-4,1,-0.588922848611441,0.7451575292086708,0
5,120,707,4.23936877740402,0.00807770034367009,1,2.55386423044393,0.21859056712652752,0
5,120,708,8.46423244110341,8.56722999312884e-6,1,1.3863372187826817,0.4590472481957444,0
5,120,709,2.397152732494505,0.15545356214022582,0,-3.027858651654694,0.07926386853301362,0
5,120,710,2.8233545882726916,0.15277985582760117,0,0.9914100666819712,0.5606195901613331,0
5,120,711,4.941762579966871,0.005344343979815863,1,0.05412197368118968,0.9793865518870927,0
5,120,712,4.724959435150535,0.004382227108294597,1,-0.2869175791437803,0.8794976020401983,0
5,120,713,7.4002884321872004,3.275950392598875e-5,1,-0.0891189246432855,0.9600861151816378,0
5,120,714,5.940462898992965,0.001711991673051223,1,-2.698917380266256,0.11892080159708385,0
5,120,715,4.814564090854332,0.004131245457722194,1,-2.2190240750243873,0.23946342868366244,0
5,120,716,3.615795740747837,0.07173535830224086,0,2.303450213944,0.23536028034305875,0
5,120,717,1.2002355594552998,0.5182902815248929,0,0.025200633454330174,0.9892793942879434,0
5,120,718,3.675678806050825,0.059626599024728846,0,-3.1202056772532547,0.10569307586437177,0
5,120,719,2.385567334832705,0.1699033355620994,0,0.6075849330069216,0.7232202759710038,0
5,120,720,3.516285776051621,0.04309814066527115,1,-0.4091423236158426,0.8442238599567526,0
5,120,721,5.795784413966536,0.0022515768613387463,1,2.5875898948346014,0.16481207352922042,0
5,120,722,2.8139831060362384,0.13003870492882852,0,1.3207469070055196,0.47986441384655965,0
5,120,723,6.134526637914563,0.0013414160105755385,1,0.890231236343777,0.6761046388775676,0
5,120,724,4.615692964857555,0.007946446810238254,1,-0.2203742291922938,0.8983881727435445,0
5,120,725,6.5466655316031925,4.0228570975292294e-4,1,1.8362718945989782,0.3037025395211567,0
5,120,726,5.6878723145156815,0.001211827237490554,1,1.2760334986226485,0.4836528015999474,0
5,120,727,9.517017000806065,2.313512416230888e-7,1,-1.3119219481766178,0.43065869033089377,0
5,120,728,4.193561334396046,0.02052400109583558,1,0.5980338918069598,0.7286716801139215,0
5,120,729,1.393619664723706,0.45199579239695153,0,2.6854332631862294,0.14548566448914227,0
5,120,730,6.745205019030039,4.936026276123741e-4,1,-1.0009248278656304,0.5696958052780977,0
5,120,731,3.6370088852183478,0.052340955024511915,0,-0.1612839716706569,0.9294841966093172,0
5,120,732,3.6070623476293,0.0707189994874903,0,1.6707573982962671,0.3436910117461691,0
5,120,733,4.4282630470451485,0.01899876307635383,1,-2.576930279008764,0.15730286995567813,0
5,120,734,5.774437708943558,0.0025324691787136067,1,3.1692442541029506,0.1289597574304463,0
5,120,735,4.671053987056848,0.011000176147949863,1,-2.8881355738816685,0.11603213019559061,0
5,120,736,6.857721898138215,3.2205941148382816e-4,1,4.742215326266209,0.007474943718448977,1
5,120,737,2.8882688026888244,0.08480987267089832,0,0.6711067910105717,0.7138112189254371,0
5,120,738,2.7767651564224707,0.16720157358335624,0,1.9148170972433884,0.3318882337634811,0
5,120,739,4.523646362868248,0.015580273672748066,1,-1.5068980906774807,0.3901283870647898,0
5,120,740,1.690705926224045,0.38485579200377984,0,-0.10826397570651289,0.9469147553863659,0
5,120,741,4.35691217102308,0.023168620475298784,1,1.361846396070329,0.4724500007451864,0
5,120,742,4.964070071220897,0.006460971018892921,1,3.3119644720613355,0.0321126770155651,1
5,120,743,2.779513791096593,0.14840451685630635,0,-2.286432124181064,0.21597124005505244,0
5,120,744,3.9316913259937416,0.030066884032800324,1,0.2567365076608937,0.8902930242021696,0
5,120,745,4.872332927465819,0.011809282733501313,1,-1.3235691722717569,0.41160210388692264,0
5,120,746,7.4059754887182905,1.0882462185271703e-4,1,-3.29021412216259,0.06884129892775692,0
5,120,747,5.24894919119403,0.003640222315910537,1,-0.41916202660237156,0.8168130807271999,0
5,120,748,4.792631561982129,0.005102259953025905,1,0.14484505756859642,0.9303498224412274,0
5,120,749,6.300221540438063,0.0010279287036845262,1,0.5932913495807286,0.7470868078007675,0
5,120,750,5.1743963460663975,0.0024934412809277727,1,2.757995467276715,0.18174988835502426,0
5,120,751,4.9606390786918535,0.00389208201987114,1,2.1392886974608896,0.24512066001453622,0
5,120,752,4.14666056329481,0.025108503954826576,1,-0.5232140344677938,0.762370980504962,0
5,120,753,3.0701530523484872,0.13566600218556446,0,1.2420366948943748,0.5095835480255839,0
5,120,754,8.425951692094621,9.160735167782076e-6,1,-0.17904724959897103,0.9233896230593721,0
5,120,755,3.9907652112932,0.017472329414481583,1,-0.6222284288334927,0.748098579595498,0
5,120,756,7.206117436955427,5.11134611984539e-5,1,-1.936288617404746,0.2929953115984061,0
5,120,757,6.9612516651502006,6.802034469102455e-4,1,1.9563783448714198,0.26374132872255257,0
5,120,758,5.5591924040768985,0.0035952621322014942,1,1.6164496994425404,0.39063252240744795,0
5,120,759,3.939499941255437,0.014699203567727673,1,0.3038505702428145,0.8602444013571846,0
5,120,760,9.3777056004794,7.609694403868025e-7,1,-3.2679387394871013,0.0534431221848182,0
5,120,761,5.143341609274843,0.00518963510483058,1,3.021549200950308,0.08285510121904373,0
5,120,762,4.131920335172664,0.025760881549004314,1,2.0592445024959245,0.2652690750178181,0
5,120,763,4.966971789124768,0.0036882454673498382,1,-2.214195782143533,0.23842300886893686,0
5,120,764,5.743574667934827,0.0024352139282563497,1,-3.5519436361405954,0.0806626526850092,0
5,120,765,8.880977729632137,1.1690578975551614e-5,1,0.4330553076815089,0.8240065450386647,0
5,120,766,2.102233771566687,0.22526716012139084,0,-2.865411476591596,0.09573033017222726,0
5,120,767,4.80953192969284,0.00689284706220029,1,2.624788633743922,0.20275749436893253,0
5,120,768,6.6512175102143525,0.00022499152817996771,1,1.2508734337046956,0.49802011845584915,0
5,120,769,7.707208727319083,1.2529196625059584e-4,1,0.34115939371584725,0.8472778292481571,0
5,120,770,6.1668224997603245,6.033960370900074e-4,1,1.9880426179182502,0.3199097980855512,0
5,120,771,6.784799503774321,9.753153347387137e-5,1,0.11445946536285181,0.9533499834736103,0
5,120,772,5.188395584032566,0.00653540174497248,1,1.613291195223277,0.38365155855939403,0
5,120,773,6.936656886788714,1.7934572569993179e-4,1,-2.3853874591962203,0.2078196542812495,0
5,120,774,5.756513500107369,0.004991062084267064,1,-1.1568993529247968,0.532939227240413,0
5,120,775,4.379412988354508,0.025040403741658883,1,-1.411765588862404,0.40995772147862586,0
5,120,776,4.639290749865989,0.003856752457572529,1,-0.3880051574276854,0.8241093507026584,0
5,120,777,1.6152674830187723,0.32901096811335395,0,1.8279241901698648,0.3126557692646091,0
5,120,778,5.7244985545839775,0.0030158178516295903,1,-1.0278763943610714,0.5670296849974392,0
5,120,779,7.844909682625133,3.778293676699526e-5,1,-1.9435961929690735,0.3047485282962461,0
5,120,780,6.426059339549135,8.07357853469453e-4,1,-0.028272759631229546,0.9886533714660153,0
5,120,781,2.5822805974513594,0.1935213084602703,0,0.8461421305614454,0.6425981188762404,0
5,120,782,6.120416232595182,0.0011421123238907315,1,1.666552315816374,0.37395639279386206,0
5,120,783,3.271825764850736,0.09158921694279461,0,1.3617967327778904,0.49096273127786505,0
5,120,784,7.831199385757113,1.1631952736786712e-5,1,0.13379389129394306,0.9350526326663424,0
5,120,785,1.5902417454818216,0.39035385602425376,0,0.7450800642898596,0.6795343598365879,0
5,120,786,3.7376074476747054,0.05042730410085305,0,-1.7691816775911728,0.3064323819343131,0
5,120,787,3.477799882202609,0.1277204309878818,0,-3.104132271768175,0.08285573435929793,0
5,120,788,5.013668065132868,0.00919742214343168,1,-1.1528314517662284,0.5087605617523543,0
5,120,789,4.406333367559225,0.009287337455875762,1,1.2523098771718937,0.5052449975823037,0
5,120,790,0.7737728136080271,0.6682902348257078,0,0.8291418654333936,0.6002556516869039,0
5,120,791,4.36664072017675,0.03108129939336717,1,-0.8566017361075554,0.6195985061521594,0
5,120,792,5.52057534897929,0.001030633795906968,1,2.6047734363815556,0.15359966278780302,0
5,120,793,2.5049231383376256,0.17500243959578227,0,-0.8380234489526603,0.674011819871277,0
5,120,794,6.396579713751463,3.36279446487955e-4,1,-0.33117311182176806,0.8412158805555005,0
5,120,795,4.663456279892671,0.009438814573203745,1,-0.17554861551374829,0.9310385191489419,0
5,120,796,5.538735482004441,8.860065125106333e-4,1,-0.4927749164539751,0.7602193419789964,0
5,120,797,5.120758867408871,0.013653526102672444,1,-1.2394518637272152,0.49923881778096624,0
5,120,798,6.989385804738711,3.9691615839947976e-4,1,0.05700254913222688,0.9776378005000168,0
5,120,799,7.745570401649041,2.5997285318102144e-5,1,0.01214364306229488,0.9943560167948893,0
5,120,800,3.592899382008507,0.04649072639692082,1,1.8657303717024607,0.36746328556892927,0
5,120,801,5.726127037210844,0.0022209636152109168,1,1.648916484693298,0.36832149596987473,0
5,120,802,3.3523357481837537,0.06974835254175213,0,-3.8421601177742115,0.04718517734151863,1
5,120,803,2.015304498837007,0.31069715530179703,0,2.0027725656662763,0.2915196191705865,0
5,120,804,4.67454166663643,0.010167981373188958,1,-0.009187649861254152,0.9960941884171663,0
5,120,805,3.9596702933492383,0.025306581070642428,1,-0.1557935528809075,0.9292905254986701,0
5,120,806,5.919325024500574,0.0016010051443494226,1,-0.35958990231806326,0.8479098850057585,0
5,120,807,4.881580573234461,0.013682196242572067,1,3.1942013484831597,0.07057226151592329,0
5,120,808,6.824119273127631,2.7096057272718517e-4,1,-1.0990930862361747,0.5373399144243038,0
5,120,809,5.2887728896380475,0.005651390682756617,1,-0.969770068261025,0.562807603894899,0
5,120,810,3.7359709256716105,0.040216514134962564,1,-1.252695964276814,0.5216975402363093,0
5,120,811,6.229728863551845,6.223601728208075e-4,1,0.16689864707160365,0.9237489810429083,0
5,120,812,5.2872308008950375,0.002079817292030253,1,2.0367778882932033,0.30448187575334845,0
5,120,813,4.6333969191980096,0.012341354043091113,1,0.5924542624669035,0.7586192862215566,0
5,120,814,5.356808503706985,0.004327916065885652,1,0.6612053826047174,0.7339757250912315,0
5,120,815,4.683791923715269,0.005955757339877368,1,-1.1877752637023806,0.49141612867786855,0
5,120,816,7.638830907154152,1.4315899100497412e-5,1,3.4828527568030503,0.046973153606197006,1
5,120,817,4.867898239110117,0.011737231885380388,1,-1.3074697272885414,0.48956970151526025,0
5,120,818,4.227634566421455,0.023229384257514116,1,-1.3166526934004323,0.49067880433223965,0
5,120,819,6.392071199019372,8.569615799314e-5,1,0.3506050717354323,0.8244793018405556,0
5,120,820,3.116035903505947,0.10428620567523941,0,-0.9305508423354326,0.6117707975933688,0
5,120,821,6.747260610050992,7.020012414270137e-5,1,0.45922328231789283,0.8112678023841275,0
5,120,822,2.578106458085574,0.17518628944308712,0,0.7844750957689691,0.652731684057617,0
5,120,823,5.077499650026397,0.005159451977363164,1,2.927278936382525,0.07265207321656024,0
5,120,824,6.712979640858196,8.789848124115349e-4,1,-2.3676949453116807,0.2147872736085043,0
5,120,825,6.4861970993531886,1.2430766866528958e-4,1,1.5348021341768514,0.39270301902067684,0
5,120,826,1.4354663182579812,0.4168819703913107,0,-2.1969052459801968,0.20131551972673073,0
5,120,827,4.819463297643765,0.005886377597303823,1,5.074514657205081,0.004818191273706181,1
5,120,828,7.207687499033458,0.0012103433493272555,1,1.5615017736634824,0.355320529945367,0
5,120,829,8.284621241605986,6.758837770895881e-5,1,4.645645412257826,0.007519816858430854,1
5,120,830,3.0941471710301274,0.07213086517168159,0,1.0600456575770392,0.5502793726009951,0
5,120,831,5.803003515335353,0.0014531006539556604,1,1.5333052120270394,0.4120780425337941,0
5,120,832,7.500334175273814,2.3049601419118833e-4,1,-3.3143103678016064,0.058994895179881095,0
5,120,833,4.4031884972449,0.01922174085318152,1,-0.48879032398915206,0.8051718209644225,0
5,120,834,4.004790969119679,0.03872317995261192,1,-1.5323400118543697,0.4338972652192443,0
5,120,835,2.75722916474615,0.14865749088216737,0,-1.0211623143420616,0.6145309827774714,0
5,120,836,6.1908876488245745,0.0015475314459269121,1,-0.3087570203863207,0.8549716553114495,0
5,120,837,4.771692198627038,0.010407298812145149,1,-0.5066607207447432,0.772852978285301,0
5,120,838,4.404185984469924,0.02347844736094244,1,2.752958293652382,0.15196208369191355,0
5,120,839,2.393108776647199,0.19481817268193238,0,-0.2231483039134532,0.9025785581346362,0
5,120,840,6.82364107161393,1.939432244462818e-4,1,1.9004928466036477,0.285051617886477,0
5,120,841,1.2683652884421956,0.4976546172989039,0,-0.5720175657370715,0.7406325005262984,0
5,120,842,5.463248419718194,0.0019419949271906407,1,-2.69874636405345,0.12483498941250167,0
5,120,843,3.6770117802389084,0.04450179608929456,1,-0.7467868156694314,0.7086262486022354,0
5,120,844,8.551678486683006,1.6857682101529724e-6,1,-3.2524507169101753,0.08591280481743815,0
5,120,845,5.801219879034661,8.281154837918316e-4,1,1.8448454620637418,0.2679814099256329,0
5,120,846,6.3444003226634145,0.0011701243082732915,1,1.4035310115976145,0.4507390423303306,0
5,120,847,4.793854767400099,0.009276278690456479,1,-1.0991291452173864,0.5470318088888706,0
5,120,848,7.485907923080749,4.692579142977313e-5,1,-0.9965292304139387,0.5604373197570502,0
5,120,849,2.8197206656353804,0.14543792840866465,0,2.6056751610616913,0.13120058531759168,0
5,120,850,5.733726613030794,0.0037565238307861034,1,-0.7038897062407633,0.6814933531496905,0
5,120,851,4.318024403246441,0.01931936472043865,1,3.764836263225465,0.038195592762882626,1
5,120,852,3.708514612750369,0.07106310190330732,0,3.141279373330684,0.0746067845233381,0
5,120,853,5.378500323788958,0.005663921541592865,1,5.87445579227328,0.0019863334809303856,1
5,120,854,2.729807029418105,0.12698990329436194,0,1.0840641765304047,0.5414168934608179,0
5,120,855,9.172794209470089,6.096519827771733e-6,1,-0.2391009928924733,0.9022091876557086,0
5,120,856,3.5328456486161692,0.06641283202538127,0,0.7937414037441861,0.6570220629791244,0
5,120,857,3.0975286695561777,0.10750901184723603,0,1.7620713201764175,0.326943499746574,0
5,120,858,3.5245152698050703,0.05688935675981148,0,2.9531374650897226,0.06294589321761702,0
5,120,859,5.777439584592938,0.003172158659169066,1,-3.537002581183545,0.06308305878433809,0
5,120,860,3.332694249888925,0.0784562681218626,0,-0.14623722327012628,0.9308065533582577,0
5,120,861,3.408487537526256,0.07022402707430879,0,0.18482401760697031,0.9186191577651566,0
5,120,862,0.12370001355850622,0.9402516550934752,0,1.219722673193173,0.46858657090615663,0
5,120,863,6.33362766089423,1.8722483233726494e-4,1,1.9310875202482123,0.26288125519417854,0
5,120,864,3.8782202139144517,0.01898479185691587,1,-1.9760027131750575,0.26881735640364823,0
5,120,865,6.109928004743985,4.3754980890804213e-4,1,0.05936482881946623,0.9748914908910091,0
5,120,866,5.343217603734393,0.004228984742447491,1,-2.863408366023694,0.12872578991527517,0
5,120,867,2.946355235353466,0.1291231036744424,0,-2.3306179196850434,0.20081027391973114,0
5,120,868,4.842064874578487,0.006086966672548956,1,2.146012469152325,0.2615893814026329,0
5,120,869,6.389751849847568,3.5487193781225774e-4,1,2.5282908469000835,0.1362378172072933,0
5,120,870,5.669648735107624,5.325609476862294e-4,1,1.599454907150635,0.40759022207795637,0
5,120,871,6.888048250368208,1.6787651619760657e-4,1,-2.7924647833577,0.15003163827138755,0
5,120,872,5.758533907524878,0.0022409201115090316,1,1.5214708264478944,0.33695876025528004,0
5,120,873,6.520464118157333,6.110696149495085e-4,1,-0.10546965629943342,0.9495359729298748,0
5,120,874,5.446028816841253,0.0018605633904644422,1,-2.1507167014531823,0.22863106586133922,0
5,120,875,8.074068293021854,1.970609192879211e-5,1,-3.028380690800394,0.10925005885594172,0
5,120,876,3.6342217086483632,0.030821351215904326,1,0.9713493566940472,0.6209011196521105,0
5,120,877,6.260844453558645,4.4639940408709743e-4,1,0.9195412911431275,0.6231702273215737,0
5,120,878,5.445559506847909,0.0035235966021526202,1,-0.15204100794883016,0.93916351051383,0
5,120,879,5.5408060240331976,0.0010519889465542428,1,1.6263061678713182,0.3772411803128364,0
5,120,880,5.680433909579418,0.0014123536396874097,1,2.5397269394254947,0.1375311746079775,0
5,120,881,4.403986725657565,0.025211115403287913,1,0.24400957891660557,0.8968581393076174,0
5,120,882,7.0001834670565675,3.3884912640685676e-5,1,-3.0447371060522554,0.08527671281108647,0
5,120,883,6.018616586746065,0.0020714957571016097,1,0.1664876637046751,0.9310294552144961,0
5,120,884,6.582560072166217,7.793023089617047e-4,1,-3.7986393366144577,0.03969180344882317,1
5,120,885,2.2481106373001545,0.21932935841398932,0,-4.015454364728498,0.03213734384185267,1
5,120,886,2.467881394443484,0.16850022516354585,0,-1.6087263763287947,0.39137550804731425,0
5,120,887,5.476084778286066,0.002521188098755559,1,0.7260125311279279,0.7108865393615493,0
5,120,888,7.123286770496425,4.5036977679878865e-4,1,0.289247290940797,0.8721912392018634,0
5,120,889,6.5418490460559875,1.0661354716907946e-4,1,1.0058772186074199,0.5648853931605097,0
5,120,890,2.3168193346646357,0.18875182727184125,0,1.1474640217099856,0.5466289548264556,0
5,120,891,6.772769989349354,0.0011683609493972162,1,-0.9936287186586349,0.546576372719383,0
5,120,892,6.192672948981886,0.0018559975527390317,1,1.834697248488994,0.33568960945292003,0
5,120,893,3.808310949976793,0.041036346635085784,1,0.23437646138998905,0.8947085589807419,0
5,120,894,3.7611780386957707,0.06949581326449893,0,-2.8237160448362038,0.10183209243257582,0
5,120,895,7.081406600888154,2.135061606725239e-4,1,-2.6827909066289726,0.1327858688155565,0
5,120,896,3.700010849404613,0.03216269682378773,1,-0.022185477237265654,0.9893338212958249,0
5,120,897,2.4361796028617624,0.15762828208650678,0,-1.1508453715521676,0.5439002206119423,0
5,120,898,3.587692411903813,0.016318338500848555,1,-2.074422706832398,0.3001805277490363,0
5,120,899,6.70055394063279,1.9863075813825241e-4,1,2.417224265539382,0.22606309254946894,0
5,120,900,6.970261526809662,3.542555052100246e-4,1,3.5735257134937366,0.047456428978788184,1
5,120,901,5.255008846184389,0.006348662294008431,1,-2.382465858118213,0.1940554321226371,0
5,120,902,3.050743280667611,0.11503335035076939,0,-1.7213184449210597,0.35687239162691065,0
5,120,903,7.136795864306566,8.224626149875662e-5,1,-2.3123708595861117,0.17544619389439603,0
5,120,904,4.521116722813709,0.004564512633816648,1,-2.3484042298194847,0.2081062241809189,0
5,120,905,7.413876894325904,9.867855264331439e-5,1,-0.447490541531917,0.8209183953590484,0
5,120,906,5.262537039141516,0.002972957182768366,1,1.0229906237833346,0.5680799001069949,0
5,120,907,6.347874111998919,6.79268533834102e-4,1,1.426964950720416,0.4275416228682415,0
5,120,908,3.541848505036718,0.09568241961263066,0,3.803865514123497,0.03560375378416163,1
5,120,909,6.884811181773847,5.305657929032796e-5,1,0.845611421979222,0.665405900285067,0
5,120,910,4.209856354012757,0.00990644201716378,1,-2.603676915366629,0.1256295680103167,0
5,120,911,2.905421026345455,0.1233621050812268,0,0.41785538288326907,0.8083696964096423,0
5,120,912,7.282607099278258,4.6611812255110946e-4,1,1.0263906889346974,0.5543953991739665,0
5,120,913,6.368999480591415,9.365236288798113e-4,1,1.4674887764547406,0.44997153039558924,0
5,120,914,7.664019135632219,9.944038950106825e-5,1,1.6386558367407458,0.3574883326193876,0
5,120,915,5.154620933465527,0.0024030282361067667,1,-2.821514393982933,0.08918049262360962,0
5,120,916,7.401156272922915,4.4376088366217237e-4,1,-3.4904821149623073,0.06397987262546652,0
5,120,917,9.644629583651849,8.669473995476385e-7,1,1.4629256449467252,0.4413614124137034,0
5,120,918,2.9360335035098624,0.12203343356276188,0,-0.3641910443380707,0.8341058614051394,0
5,120,919,4.120637993428005,0.016301531078153256,1,-0.2701050017063604,0.8824317431986146,0
5,120,920,5.247815617994364,0.0037891320129962236,1,2.5577352352574754,0.17273576075763117,0
5,120,921,6.850376312082108,0.002421427623859733,1,1.124939821828683,0.5549299428618992,0
5,120,922,5.71561039697389,8.831505128341381e-4,1,-0.586435605961198,0.7625114120476968,0
5,120,923,5.895419898441818,0.0029639042568302505,1,2.7931677451917762,0.1676761050721114,0
5,120,924,5.153861617612595,0.009489378852213372,1,0.550378898249959,0.794709383017826,0
5,120,925,6.627076425355822,1.4728973227038936e-4,1,1.7303993882163866,0.33771546557301824,0
5,120,926,8.392532199185391,1.5296308846887572e-6,1,-0.1441833585029606,0.9351584582267622,0
5,120,927,2.923335831147629,0.07123901054843806,0,-0.6108148583980518,0.7342586595060285,0
5,120,928,5.37615662130408,0.005812752132865314,1,1.2542010148304779,0.4960551290215952,0
5,120,929,6.6463357642706615,0.001126501188449189,1,1.459716958758804,0.39519670006936414,0
5,120,930,2.5033597946347235,0.20218289951466667,0,2.0198716881114263,0.28392471152040605,0
5,120,931,4.471522643499452,0.016975723699308342,1,-1.2739160089602237,0.5215620873964693,0
5,120,932,3.433555763758557,0.07010853148025951,0,-1.804788366535354,0.32352981701156536,0
5,120,933,4.570370970054332,0.0088857384637288,1,-0.6612363188699149,0.7072925612270071,0
5,120,934,6.225943410079507,0.0030314916158453455,1,1.4407311644106375,0.5158410383116834,0
5,120,935,4.683571094882802,0.008433016491201624,1,-2.8795968974245207,0.10934314159391359,0
5,120,936,6.004719476579821,0.0024498594066013468,1,-0.6210104985429509,0.7478401496496915,0
5,120,937,3.981994301326969,0.02889674932237044,1,3.8961689422941834,0.025923902487981678,1
5,120,938,4.131434899744626,0.029086463311276924,1,-1.5804001825891485,0.3851923078505458,0
5,120,939,6.888507238266205,0.0010273852658658528,1,-0.6861006814291604,0.676229579992963,0
5,120,940,4.64480923284199,0.01046671628614943,1,0.9920821170060752,0.5635315136937015,0
5,120,941,2.663961752202208,0.1237006824735519,0,-4.584140466737222,0.012607087789346239,1
5,120,942,6.41286827239258,0.0011333404107054148,1,-3.766187717845277,0.06160987671542397,0
5,120,943,3.916500095786079,0.034521283330152336,1,-1.6650760540107719,0.358962701135366,0
5,120,944,0.9433723808462776,0.6109186230345935,0,0.18319360937821363,0.915050399895132,0
5,120,945,3.3946101985812884,0.08591784033773038,0,-0.2680945890421458,0.887198273747226,0
5,120,946,8.826991537183034,1.3453618461420656e-6,1,-3.880000345672532,0.06269625732857409,0
5,120,947,5.1946621762294765,0.00643694167056691,1,0.10497952665439703,0.958041784955928,0
5,120,948,5.6417938252433135,0.002505811735313466,1,0.04252542230032224,0.9818551967118014,0
5,120,949,6.626253925350379,8.348168542502844e-4,1,2.325434719076116,0.20592392687698985,0
5,120,950,1.607053754261436,0.40067981121057017,0,-0.9054035957006284,0.6266561888688406,0
5,120,951,4.453095229742188,0.010048464376732607,1,-0.9924013386920619,0.54779591815951445,0
5,120,952,5.802064102385756,0.0014817739949150803,1,0.8110956392826506,0.6445652435317266,0
5,120,953,1.8416356563042913,0.3405991738961657,0,0.12861933313198665,0.9472624037937263,0
5,120,954,4.617944791006923,0.017035963761589678,1,-3.3437274186527,0.07530025972573537,0
5,120,955,0.6881136290653899,0.6618929556111018,0,1.0075719220835222,0.5636853287886998,0
5,120,956,4.476427385960935,0.009934813778016437,1,0.9964985966434514,0.5987267697104981,0
5,120,957,6.042770954495093,4.089531226827086e-4,1,0.4823469336166574,0.7851041611139999,0
5,120,958,5.386482970731933,0.005544228033817228,1,1.2958554100252258,0.461020302513789,0
5,120,959,3.2015601964432117,0.07301199572744274,0,-0.7029323335690367,0.7239081823117148,0
5,120,960,3.302189446794209,0.07619494591406137,0,-1.1833765744602396,0.5362373996660981,0
5,120,961,3.129202709355103,0.07952288355653309,0,0.6591925983715515,0.6637969251406715,0
5,120,962,8.449631844040297,4.3867445188641275e-6,1,2.7968663629104715,0.12224374590857942,0
5,120,963,6.070477037330446,0.0017309250847996642,1,1.1494033736333473,0.47284717043947544,0
5,120,964,3.5057525297811587,0.04184111082407167,1,0.8925522123354881,0.658758392196193,0
5,120,965,5.418382828425877,0.0033524540778466284,1,-0.5286978274893334,0.7725894737027128,0
5,120,966,6.868071784856998,6.137656747457118e-4,1,0.3027147182238858,0.8622666241289194,0
5,120,967,6.209901083949027,3.61036018330796e-4,1,0.0728382844512815,0.9685630608077176,0
5,120,968,3.2565744950223494,0.11258961275564446,0,0.1638942606917193,0.9230234236832547,0
5,120,969,4.864729819048595,0.0062879994775085005,1,-1.2909475471904406,0.3682364661734959,0
5,120,970,5.689259785677628,0.005348773401348826,1,-0.4662449232915709,0.7830054156419833,0
5,120,971,4.065674124527548,0.017941595139824584,1,1.3291219014079145,0.4504449201317482,0
5,120,972,5.011770767408756,0.00915835632667104,1,-0.1546081890853921,0.9318599331194473,0
5,120,973,5.425193060658737,0.004016536885051642,1,-0.6989068766420542,0.7217100101039724,0
5,120,974,5.739796851758342,0.003960577585969866,1,-0.41577433581563084,0.8181655802267825,0
5,120,975,3.0013203014811873,0.095679613217333,0,0.5029909587064189,0.795275936010803,0
5,120,976,7.371540627600307,4.088133601920312e-5,1,-1.2650559629058014,0.4518312818154516,0
5,120,977,3.9811809319515423,0.057093484442434256,0,-0.5034585023748801,0.7753887844963067,0
5,120,978,2.360958047793,0.1998440194098769,0,0.4587517854110702,0.7877962653724163,0
5,120,979,7.055054864869849,2.968700366768988e-4,1,1.3670170500665586,0.4357312411161296,0
5,120,980,4.42466883866659,0.02385247977558977,1,0.5041031400392203,0.7824629301946736,0
5,120,981,5.932748622481242,0.0021558047676660656,1,1.8052719368474481,0.3417696801895094,0
5,120,982,2.166787308507251,0.17918644837408992,0,-0.49923457044895125,0.7809766887122879,0
5,120,983,4.426365844577616,0.015744049369441605,1,-3.419692128217614,0.043672227295212925,1
5,120,984,4.1454057299142155,0.03590664851482088,1,1.0498567186030747,0.5843366716785838,0
5,120,985,5.001090325946669,0.019152568558543474,1,1.0271676644684609,0.5884837234677243,0
5,120,986,6.722494639782835,7.911097081135997e-4,1,-0.6677862522896517,0.6866795099137722,0
5,120,987,3.4361473695650604,0.09432754820952408,0,-3.295775901380896,0.0667753587060028,0
5,120,988,9.021501339839624,1.4207409904701971e-6,1,-0.35349333983723735,0.8399401798498626,0
5,120,989,1.865315504728464,0.3188469478158769,0,1.7670454169138654,0.3356309583642161,0
5,120,990,4.605427607889713,0.009263974413307985,1,1.7670850530360604,0.3177068841779747,0
5,120,991,2.0329280169767707,0.2609135970260911,0,-0.6043167365260822,0.7413853795461018,0
5,120,992,6.852186501219342,7.586547410831887e-4,1,-1.6075983526404127,0.3735169579845483,0
5,120,993,6.70546757062719,1.5870870115743287e-4,1,-0.6066694288973337,0.7267538333159094,0
5,120,994,4.116631271666068,0.017630978771641333,1,0.008206260583361607,0.9961914455105998,0
5,120,995,6.5608287001348105,0.0013604761236097143,1,0.5454136076726341,0.7647894648306337,0
5,120,996,6.0291871110784525,3.4523290668401373e-4,1,-3.141127100009172,0.09528142827548246,0
5,120,997,4.333087812672781,0.030629048738751875,1,-2.455142340568606,0.18046840930804997,0
5,120,998,2.8048122538114346,0.11356411577628762,0,-2.270481312261947,0.19030411851573031,0
5,120,999,5.289332987728987,0.0018927526109436621,1,-2.8757946059430832,0.10034417809835139,0
5,120,1000,5.654853966958741,0.001530977822421159,1,1.1417070917538878,0.5206290505154736,0
5,160,1,4.7208039249323,0.0037241740172980825,1,-1.4711340471753658,0.37475571665102325,0
5,160,2,3.8244379635325303,0.022908272699498446,1,-1.4736321067266687,0.34520233187908145,0
5,160,3,2.275713114258728,0.15634523874220857,0,-0.4782433604781157,0.7525700103896412,0
5,160,4,6.290550340291398,6.499212140289164e-5,1,-1.3179133764570308,0.4072806681862512,0
5,160,5,6.522781047288928,4.355791390386767e-5,1,1.5701152890157164,0.363615993179943,0
5,160,6,4.961811701299614,0.003150444645177141,1,-1.5479336360833493,0.3143915113896062,0
5,160,7,5.693034851900352,1.4721792371973002e-4,1,0.05985196291894086,0.9694564349756478,0
5,160,8,3.6222094751112603,0.018517209438826666,1,0.10386257527070848,0.9464952636822357,0
5,160,9,5.200862243295009,0.0018312785147535785,1,-0.8998467157040507,0.5779348837778628,0
5,160,10,2.3582292566643237,0.08599799914514955,0,-2.1184403175367836,0.20497012273163928,0
5,160,11,6.068882486290944,7.008723780267281e-4,1,-0.7299382907174571,0.6377262494613536,0
5,160,12,3.7976981446461937,0.016307634879662396,1,-3.2400853327969683,0.05338355115447945,0
5,160,13,4.079114795058422,0.013258298137317232,1,-0.6869293120011045,0.667742543671042,0
5,160,14,4.938016922793916,0.0017570617489399325,1,-1.6716037293802242,0.23536446644051465,0
5,160,15,7.045192703028924,1.8424005007961028e-5,1,-0.4883157213847039,0.7545152785890343,0
5,160,16,6.670605156332634,1.8439215805025556e-6,1,0.2877740603951959,0.8528097071269307,0
5,160,17,4.8493086158168355,0.0034558242794735143,1,0.14385311244675142,0.9256549829041636,0
5,160,18,2.1950484351940123,0.12597572779465557,0,0.08730373279065835,0.9577420643861385,0
5,160,19,5.5201296730492055,2.7422616813426186e-4,1,-2.560190017847334,0.08148975526658404,0
5,160,20,3.469345688357984,0.013242459455378918,1,1.0082535036469138,0.5378048107504909,0
5,160,21,4.824812010656901,0.001994282801594091,1,0.29743083663616476,0.8598566795847877,0
5,160,22,6.021610496347353,4.375122081506366e-4,1,0.46142217012354864,0.7594074640689978,0
5,160,23,4.179793418288643,0.00936723249620446,1,-1.1431008958181066,0.4517293128627926,0
5,160,24,4.6948374089875085,0.006137992012442569,1,0.7175859172770187,0.6465703427564382,0
5,160,25,4.132472014283177,0.015865094788368953,1,0.6775107799576793,0.6471248072475553,0
5,160,26,3.8144577336330685,0.01441297524296276,1,-2.4903424763084874,0.1427505556705447,0
5,160,27,6.151473546014991,3.8397893930611644e-4,1,-1.4884686438570474,0.3335612630542708,0
5,160,28,3.1215877080629904,0.04285155944842582,1,-0.3380317741224071,0.8245585590688865,0
5,160,29,4.056779661861681,0.00822540826608248,1,-1.9282216105758285,0.2167098690095105,0
5,160,30,4.367835630297021,0.006137797888269799,1,2.231331008187719,0.19258782620217765,0
5,160,31,6.305447410592759,5.562418119002998e-5,1,3.145981664300357,0.07509655871588462,0
5,160,32,4.140186625266611,0.00805236982352495,1,1.9260844105346904,0.19287563825985932,0
5,160,33,4.137224746688717,0.014389543205248306,1,0.045760904267293616,0.9750905315336734,0
5,160,34,4.117895686596346,0.005077515897872429,1,1.0127604173352014,0.5436076327069418,0
5,160,35,4.248466480129319,0.0016174796721366467,1,2.759154559992805,0.089615203862749293,0
5,160,36,7.890607915625891,3.0173840134142936e-6,1,1.9297670344493068,0.2391520445325845,0
5,160,37,6.437870138099115,6.148450933715128e-5,1,0.28810147541963693,0.8603215583365964,0
5,160,38,4.293607583593959,0.008395988419286179,1,1.7935018843898196,0.3082200450460024,0
5,160,39,4.102821862097256,0.008023205530423226,1,-0.42902452419111903,0.7875448576075104,0
5,160,40,6.727834617554383,3.153871234743483e-5,1,-0.8502589428100408,0.6066908747447795,0
5,160,41,3.548257197217477,0.02487951039299218,1,-1.577182494955923,0.31566505596964756,0
5,160,42,2.270879858488239,0.13985684453738284,0,-0.8014526656009,0.6084897707930905,0
5,160,43,5.738534757382245,4.118047595531567e-4,1,0.9459173882613787,0.5680613395084713,0
5,160,44,7.066716405927439,7.755871131355725e-6,1,-2.124516877799294,0.17065634243153852,0
5,160,45,5.945178287909189,2.810586935675698e-4,1,0.7781266938677524,0.6031673205700072,0
5,160,46,4.557277734776384,0.0034190440343570346,1,-0.5619241254415407,0.7229604172914916,0
5,160,47,6.013552521190941,2.6983952497004564e-4,1,-0.6923581232989112,0.6528499212885672,0
5,160,48,3.0626509586852193,0.02097452717723775,1,-0.2280668540985384,0.8824519739941368,0
5,160,49,4.118556149179833,0.007902774954350128,1,0.7791587109048049,0.6228590070413627,0
5,160,50,5.331340026416669,5.678790284308259e-4,1,-0.8091571329451996,0.6079783776044803,0
5,160,51,4.502010469908727,0.004615237163779539,1,-0.11556508173118885,0.9399215248836912,0
5,160,52,3.297631478682452,0.049686916765778834,1,-0.6509847497930078,0.6440996877872454,0
5,160,53,2.5128769144710383,0.07102343195488282,0,-0.5079027023067983,0.7654586503853259,0
5,160,54,5.776282623357206,1.988045224108271e-4,1,-5.907880717095496,3.354851936504728e-4,1
5,160,55,6.042317026645099,1.9220987075076258e-4,1,0.5052519614802639,0.7602270748128954,0
5,160,56,4.500677899803859,0.004489841709211551,1,1.5192469653217349,0.3378382909719536,0
5,160,57,3.9873371428050826,0.009100973686394497,1,-0.0664248106410473,0.9654086801827396,0
5,160,58,3.619541809088601,0.01871179460221795,1,-1.6814854666759753,0.24391875395819915,0
5,160,59,1.2432490705026313,0.44892344260875106,0,1.7235772890270695,0.2576831505422816,0
5,160,60,5.544608630504804,0.0015995727024987905,1,-0.9693136946851656,0.5282798478649473,0
5,160,61,6.905980365979889,3.643179543570958e-5,1,-0.9609313322334874,0.5071537919481885,0
5,160,62,5.920764652569119,3.8000700192324614e-4,1,0.9163109601901042,0.5208606072357139,0
5,160,63,3.632318335286714,0.02388468490489518,1,0.6256565099614929,0.6918321816841522,0
5,160,64,4.628258927011473,0.001327712409153769,1,-0.8578783393576933,0.615367298665165,0
5,160,65,5.604356407958628,6.875264258578935e-4,1,0.7274433555283049,0.6672964387761304,0
5,160,66,1.9070957307537224,0.23435708850706713,0,-0.4050282276965005,0.7985439471450188,0
5,160,67,1.216120474038701,0.46473139083109594,0,1.7633949172366505,0.28327881419631995,0
5,160,68,7.100592949971629,1.6281942750083995e-5,1,1.4834016262348637,0.3796822875380428,0
5,160,69,5.115700036914134,0.002427174802999232,1,0.8337670334172399,0.6071371846385997,0
5,160,70,5.534662399263016,7.508622095150763e-4,1,1.2191388984566167,0.46820619697523,0
5,160,71,4.639850191709107,0.004624949559649173,1,2.50553606840614,0.1347000525147985,0
5,160,72,5.907210237440056,2.624869708275167e-4,1,-1.2364067902101155,0.4228207097747011,0
5,160,73,5.105490483076285,0.001362462234747517,1,-0.7785469018515103,0.6374406929744291,0
5,160,74,4.794827317282979,0.0029897023145825127,1,1.5024407677017404,0.3658518736495805,0
5,160,75,3.6506476150630465,0.018691610996009345,1,-1.8742150951915597,0.2731342953505147,0
5,160,76,4.868207765621025,0.001400034534469116,1,-0.8889104169628491,0.5716509454494118,0
5,160,77,4.181299148473022,0.016360430268259837,1,-0.04368531472030884,0.9772918041934886,0
5,160,78,6.685633682673342,1.5068004497269507e-4,1,0.4250040550199021,0.7982104604985099,0
5,160,79,5.173332850262893,9.3265621437967e-4,1,1.1661468232257832,0.4691967231498939,0
5,160,80,5.976685905559197,2.043526088252681e-4,1,1.571698169412628,0.33766230873158043,0
5,160,81,3.319274958158533,0.029886245658186632,1,-1.3489084253222268,0.4387508222055917,0
5,160,82,6.89268459462044,1.3511924514250395e-5,1,0.8415725888179789,0.5693158948242132,0
5,160,83,6.890093925304606,1.0389258663972557e-5,1,0.9266225162909353,0.546119832660801,0
5,160,84,4.074712045716278,0.006359081195042326,1,-2.0685422911201163,0.18844797973814645,0
5,160,85,6.464158844333793,3.4465927418095705e-5,1,-0.3466269066660556,0.8276660524313738,0
5,160,86,2.904089854416033,0.05348743731659419,0,1.9640671886664995,0.2582887641543389,0
5,160,87,3.5279526246481074,0.029091691090771067,1,-0.12358829205967149,0.9426767696208675,0
5,160,88,6.393558940513635,2.5359365433868186e-5,1,0.777478301325369,0.6112192737062772,0
5,160,89,4.072582159855628,0.008069899848176533,1,1.8143607044776997,0.2875439820777847,0
5,160,90,5.589566592841667,8.399442756817434e-4,1,-0.13390719360029193,0.9303242434412404,0
5,160,91,3.4325062008584633,0.026639421957096857,1,-0.7466994283743633,0.6474946482256039,0
5,160,92,2.983468575673351,0.08564124860750466,0,0.6143205945588525,0.6943587154430857,0
5,160,93,5.12712607814962,9.58150949239564e-4,1,-0.8847257812407984,0.5896627303285393,0
5,160,94,1.9343463341013423,0.21124152025537798,0,-2.5172709522263257,0.11569929052749679,0
5,160,95,5.762513628582511,3.040714963093578e-4,1,-0.06165594794393507,0.9707146963971867,0
5,160,96,6.309453118075927,5.610697330590291e-4,1,1.5268435439921058,0.3463631153184761,0
5,160,97,5.486941963832104,8.753594945108635e-4,1,-1.5447025694063037,0.2901068520523719,0
5,160,98,2.903698029328582,0.0548220244299523,0,-0.3369261903373384,0.8239377542658177,0
5,160,99,2.7158272618465236,0.08407364968027166,0,1.4290693928915408,0.322167817696012,0
5,160,100,5.021300826015433,7.778764372666734e-4,1,2.715733585880515,0.08171715268167878,0
5,160,101,5.224671827911239,0.0021102512644617308,1,0.42166766454392396,0.7646192209476113,0
5,160,102,4.524032051340575,0.008653672371797263,1,-0.12316945874911162,0.9452748908277149,0
5,160,103,4.944393935077205,0.004428695971065651,1,-0.3301063870492758,0.8165183939077679,0
5,160,104,4.689983330225742,0.0035702805155799397,1,0.7259188565985284,0.6504870785928557,0
5,160,105,7.5406802377115705,2.1293919863181964e-5,1,-0.9776726568969769,0.5249594049224087,0
5,160,106,4.955099280098696,0.002033141985176302,1,1.0291649048302391,0.5755421709547481,0
5,160,107,3.684724438027664,0.014535195862742665,1,1.5969553621173047,0.30179341731843873,0
5,160,108,6.491402096069942,5.998536941455142e-5,1,1.9870880921260472,0.24479329028214455,0
5,160,109,8.566085234752313,1.0900932393608776e-6,1,1.7243418434338629,0.26347886522595454,0
5,160,110,4.462625004655131,0.002828023396421234,1,-1.0673437858433215,0.5340646455218558,0
5,160,111,5.423816900538544,0.002172064262709791,1,0.24923877335227235,0.8704996080678027,0
5,160,112,5.334231353197012,5.389194535284762e-4,1,-0.07468789986300677,0.9612984640419108,0
5,160,113,7.0616076845050175,3.341635419399304e-5,1,0.12066631169298082,0.9373210312789608,0
5,160,114,3.964263896847291,0.016855075725503217,1,1.1672779613974837,0.46745902439897613,0
5,160,115,4.17363092246055,0.007122144843858101,1,-3.1833509207749433,0.04026656789096647,1
5,160,116,5.0267569762693345,0.0014520209200760844,1,-0.550660725110173,0.7285774644434824,0
5,160,117,4.972217956990094,0.004327446467219099,1,0.2846424282921658,0.852857456895965,0
5,160,118,2.706802821826239,0.072302388407419,0,1.6131907247384278,0.31933228424101223,0
5,160,119,4.454240630990354,0.0047733929065426626,1,2.9759317557267777,0.055537232716533776,0
5,160,120,5.4361111970734015,0.0010466313734375683,1,-1.102726520942197,0.5016933891074777,0
5,160,121,4.457573288486784,0.009381735330338618,1,-1.195213011507149,0.41954811477713383,0
5,160,122,3.0730222685329434,0.05664624601812746,0,-0.7564445561170328,0.6120589787191166,0
5,160,123,5.663823202264819,9.124898952544998e-4,1,2.2349782976359585,0.17197390636055618,0
5,160,124,3.2644579984918103,0.04299351860287785,1,-1.0577533179082663,0.5041267254262305,0
5,160,125,7.446340738286847,3.1836791999659883e-6,1,-2.4635488696665853,0.09968173578155096,0
5,160,126,5.441837249444589,7.129199283892982e-4,1,1.5432727673193862,0.38455883417381975,0
5,160,127,4.620380012643231,0.0028986530765204746,1,-1.5668376466438787,0.2915249983224857,0
5,160,128,4.854768480156316,0.001839829671943569,1,-0.7427486406685778,0.6513305805111613,0
5,160,129,4.089969591750023,0.01669714219548706,1,1.0351329661135191,0.514673097376392,0
5,160,130,4.7909875528858406,0.0025323843195726873,1,-2.7165909561805415,0.09363635527991863,0
5,160,131,4.838204577630443,0.002582635259476751,1,5.197506684902498,0.0015918639412354654,1
5,160,132,7.729741985680764,7.814150837259222e-7,1,0.32480939498148426,0.850409371885283,0
5,160,133,4.541441330771661,0.004244667577579093,1,-0.7640857476170625,0.6332777631656326,0
5,160,134,8.8025776746343,2.9797496353125235e-8,1,-1.426970635242803,0.3709296868186409,0
5,160,135,3.6540863217065405,0.019301536387745774,1,-0.45888569187119926,0.7596284205839933,0
5,160,136,7.272682470605201,1.3232952994944452e-5,1,-0.4942723539720545,0.7473272818136256,0
5,160,137,5.294510063996746,7.202568238348386e-4,1,0.45210429357256005,0.7759155962897419,0
5,160,138,4.24037702156896,0.00441309757790681,1,-1.176616838518154,0.4304283963359826,0
5,160,139,5.3930700139551995,0.0011718585075179478,1,0.7574210809650258,0.6429763828075492,0
5,160,140,4.9533054363465965,0.0025342174917159965,1,0.42119225606631727,0.7979978892488382,0
5,160,141,2.2711833826347285,0.16353494386635337,0,-0.8324734096458761,0.5997425546261715,0
5,160,142,7.824099424736219,4.668763392271932e-6,1,-0.3220361113102321,0.8307943800160359,0
5,160,143,5.751128139206789,0.0011209654210393631,1,2.6125991447131685,0.08142095580497773,0
5,160,144,2.410748929237995,0.1346970932781496,0,0.618397735163022,0.6953423384953528,0
5,160,145,5.757485359657465,3.6741130941905775e-4,1,0.9913455670891043,0.4829518491639171,0
5,160,146,4.81302861923408,0.005060575497428711,1,0.43569616639942493,0.7868182714915681,0
5,160,147,5.829484255145131,2.802412167752271e-4,1,-2.580483834929252,0.09785152345519463,0
5,160,148,3.6716243993659017,0.02525316555244506,1,1.6014720845486476,0.29328982410243154,0
5,160,149,4.905256744141706,0.002992875122867565,1,-0.9585481299115308,0.5260385081182511,0
5,160,150,6.971353202158882,3.920255012443847e-5,1,-0.08578736034198968,0.954591857889717,0
5,160,151,6.174549999132865,2.1643722123995088e-4,1,1.710110944738228,0.25611961798281196,0
5,160,152,6.344360427966744,4.3901085138878266e-5,1,-3.3501433468152304,0.015529255602200368,1
5,160,153,4.458633861559506,0.005729126835170961,1,0.5778680050376661,0.7186424335017733,0
5,160,154,6.1604830526251035,7.499307188729003e-5,1,0.4947498360812861,0.7478361956224593,0
5,160,155,4.24360318320472,0.005795356889668705,1,-0.033407109951797444,0.9807463163569663,0
5,160,156,8.14451772666655,3.168063484434986e-7,1,1.8641391037590294,0.25203789125685955,0
5,160,157,3.4796490752589975,0.016843500600151957,1,-1.0171166846156587,0.4972502459012924,0
5,160,158,8.019723330770272,4.921286836925226e-7,1,0.15324654349874758,0.9201483812917641,0
5,160,159,5.545816189254096,3.24326130790622e-4,1,-1.4917205110617744,0.28507057857526524,0
5,160,160,5.614317949884488,3.486388916819241e-4,1,-0.4145916623171015,0.7882673248604936,0
5,160,161,5.239967303085339,0.0018308777297146345,1,0.08837777558943254,0.9604566430651309,0
5,160,162,2.5712880209316706,0.09914318392504995,0,2.002357557466943,0.2522798764781807,0
5,160,163,8.41595453295815,3.116602178001886e-8,1,-0.008976895358221347,0.9953499121918872,0
5,160,164,3.6336996218413895,0.020469762970852613,1,3.871109917460918,0.014163771875275205,1
5,160,165,3.3665121950285966,0.04844463738443298,1,0.7199915508268715,0.651633692489228,0
5,160,166,5.522956159904106,8.594185801991042e-4,1,0.33829379400322873,0.8396558791422886,0
5,160,167,4.02217730711851,0.009903221771061729,1,-1.1113366363683435,0.48225534904864986,0
5,160,168,2.861447147419395,0.07646006097333645,0,0.16802118166048244,0.9199706465092006,0
5,160,169,5.910715161057993,6.378572754878429e-4,1,0.6522210286427401,0.6856395614218418,0
5,160,170,7.769759928850564,3.588215074542898e-7,1,2.8913083748408286,0.055635880068647614,0
5,160,171,3.4955473610640735,0.03758959360542739,1,-1.1210305168676935,0.4936910045064521,0
5,160,172,3.011379093282577,0.047436567430313055,1,-0.42633781161402917,0.7850361254176974,0
5,160,173,3.6004304980922095,0.022904663588516855,1,-1.78746360412031,0.2127572725808973,0
5,160,174,2.4020200254774386,0.11204625265278767,0,0.5629758970689278,0.7373935289769034,0
5,160,175,3.492943326183184,0.03247792001800304,1,1.6566923566707812,0.3190929385948571,0
5,160,176,2.0296159606542954,0.22410881141555694,0,-0.7192807059312357,0.6704963659213,0
5,160,177,3.9702703512851363,0.009363095213769766,1,-0.3449174076226964,0.8310509252402306,0
5,160,178,4.452578536545689,0.0058092524614937165,1,-1.482074135618276,0.4216026217479143,0
5,160,179,6.4839142982593,1.1847811096085056e-4,1,-0.7814341605619091,0.5993474680489717,0
5,160,180,5.490559145121453,6.447815343202662e-4,1,-2.1841376180463334,0.1477874235649099,0
5,160,181,4.695159809426976,0.003731972800209886,1,1.9773443100110375,0.1756527634674042,0
5,160,182,4.02272720778398,0.007557892888010009,1,-2.035017609199113,0.22488106971959973,0
5,160,183,2.8962740614957987,0.06095778463466521,0,-1.95021160701045,0.21402844291639728,0
5,160,184,4.960875852927459,0.0020177624140689143,1,-1.049423144681741,0.5196585163178911,0
5,160,185,5.737597427559015,9.148590245759772e-4,1,-1.1646784455764625,0.46431633626556024,0
5,160,186,4.51481044946425,0.0037967299121353113,1,-0.3765466410673738,0.8150752972290556,0
5,160,187,4.548762681337962,0.005732927938380981,1,-2.1572584202997196,0.1944652133960942,0
5,160,188,5.529124284360312,2.417726817901032e-4,1,-1.3738540374963648,0.3878296446980185,0
5,160,189,3.608491546427002,0.02523213275515768,1,0.6556676239191649,0.6599294143887344,0
5,160,190,4.249716133552815,0.010444949914505085,1,0.215751868828137,0.8863239767089104,0
5,160,191,6.028906605619042,2.489305826949703e-4,1,-0.5957679241294517,0.6617216001789605,0
5,160,192,3.17423514624716,0.028048638051745074,1,0.1677272813844107,0.9187841181092551,0
5,160,193,3.1959029090377564,0.024221518960319627,1,1.5596703075668028,0.2663495896039502,0
5,160,194,1.9190176143699493,0.21946827571494903,0,1.4284060350914745,0.42143124578656765,0
5,160,195,7.054529283612546,3.7294318854838216e-5,1,2.1030411216737455,0.1620617072081679,0
5,160,196,3.7273748715760617,0.017628721162428956,1,-0.40575728211928264,0.8038851375482313,0
5,160,197,3.403215637049273,0.029984368516583707,1,-1.0907988478634445,0.46674196755306263,0
5,160,198,2.7791563791936,0.08312740385545611,0,-0.43030672808593096,0.7902023846851145,0
5,160,199,6.81447450766506,4.298689231090049e-5,1,0.5014873639876852,0.7534463058989962,0
5,160,200,3.657737858996652,0.026084549857562395,1,0.7714480570955928,0.6274641441350098,0
5,160,201,4.515500917644199,0.0019746869664352897,1,0.27036576602408013,0.8699871542570482,0
5,160,202,5.274793833792338,7.255981914904901e-4,1,-2.6046751545285374,0.08429051599529613,0
5,160,203,5.899545754371163,3.6246103434768676e-4,1,-0.6446870067462066,0.6557172646359661,0
5,160,204,4.984545591603577,0.0035102740875343017,1,-0.29408681917931667,0.8587629289978169,0
5,160,205,5.388244809219054,3.864358506030577e-4,1,2.360211875564299,0.17508908181885924,0
5,160,206,7.414487639303438,4.95753186242791e-6,1,-1.0894722803732877,0.5199758216868686,0
5,160,207,4.031157704730553,0.004641647763874803,1,-1.260755837515099,0.4472279616135121,0
5,160,208,6.201823347173905,3.1968629746693765e-4,1,-1.2915908608131648,0.42155707419637667,0
5,160,209,5.029193738029538,0.0017627757442118268,1,3.6292840032619615,0.012062217175615848,1
5,160,210,3.6205852526019573,0.019083493673931,1,1.651577201205845,0.2532888059074724,0
5,160,211,7.117929309292911,1.7245336815632807e-5,1,-0.716428213788548,0.6420863604748092,0
5,160,212,2.6501998978860226,0.08536840093086664,0,-2.196707054314834,0.19298244446869603,0
5,160,213,4.06054896460388,0.003794947051194333,1,0.626421388662147,0.7131394191984834,0
5,160,214,4.089774171196348,0.010203373435914504,1,-0.7306826457658974,0.6293258553295227,0
5,160,215,1.8348303629732654,0.20323851291218636,0,4.140161802532864,0.0042106497414491064,1
5,160,216,8.360917013548288,8.310669155543056e-7,1,1.4973858619444755,0.33833202793291584,0
5,160,217,6.099251296425587,2.69936372719271e-4,1,-1.5676451559359352,0.3530572833150306,0
5,160,218,6.851990110531262,1.2509406968390018e-5,1,1.6561004248485527,0.2620492120789676,0
5,160,219,5.096878104483157,0.002058704373664373,1,0.05218874500195526,0.973981171500362,0
5,160,220,3.9032926232678022,0.017153289182334126,1,-1.4744746587672655,0.35188649577185027,0
5,160,221,3.5662925234268172,0.022189214197001615,1,-0.5951532692582331,0.7114469260132853,0
5,160,222,5.83108407948093,1.8479713654952958e-4,1,0.7421206904660727,0.6297836140083852,0
5,160,223,5.425477426811265,0.0011747664357526616,1,0.8267107313882375,0.6233596940288393,0
5,160,224,7.579309207026258,5.758842293135803e-6,1,0.2959458533203163,0.8556905865351782,0
5,160,225,2.3775721458674512,0.13603514315100618,0,0.32368340678292135,0.8292999466438109,0
5,160,226,7.924668288816395,4.467226783463577e-8,1,-0.9520757045459602,0.5285629196757278,0
5,160,227,2.598023924262363,0.0935106549598866,0,1.2427491331112874,0.40201744253378524,0
5,160,228,5.694169221135238,1.6155534325950645e-4,1,0.6088894604194333,0.6987122744198885,0
5,160,229,3.4007515341074126,0.03183909922545016,1,1.4375692265535545,0.3805780688066509,0
5,160,230,2.8658672298500174,0.08757474121270019,0,0.18508533124915996,0.9082998438140827,0
5,160,231,4.592029630782596,0.0027060921533680936,1,-0.051478139014807404,0.9745408046180128,0
5,160,232,5.434092790343754,0.0018800765774695943,1,-2.788284537628255,0.06189421979782278,0
5,160,233,8.163030921652263,2.0991462697498093e-7,1,-1.272768698186558,0.40730480835016203,0
5,160,234,7.075244537908663,2.3670497073269185e-5,1,-0.20486914606303805,0.896873247331037,0
5,160,235,5.990912643396761,4.8046410211574517e-4,1,1.1528666238323202,0.47958057040591695,0
5,160,236,5.524177090144636,8.216927647806356e-4,1,-2.9700587695375495,0.06771789905185498,0
5,160,237,2.6552488123612688,0.08854227982430479,0,1.1605403301905677,0.4605341804362594,0
5,160,238,4.295726017409203,0.006054754846695475,1,-0.2737222231068289,0.8519038659754707,0
5,160,239,3.561162972091861,0.02782771657512142,1,-1.7931266044551433,0.24525711301094308,0
5,160,240,3.5919543061190535,0.02197882120538009,1,-0.8190628791822281,0.6231351357712607,0
5,160,241,3.6032790434683837,0.01380230758044961,1,0.574691369247454,0.7080837328047449,0
5,160,242,4.221149553508732,0.010724741293816639,1,-1.6500965781568373,0.3015885284997883,0
5,160,243,6.637163676641533,9.142292743914613e-6,1,0.013159694196735685,0.9920008122244346,0
5,160,244,5.440960798455369,0.0016995603501354032,1,-0.6800450533028402,0.6573612796221263,0
5,160,245,6.535491929298187,1.4028121380608213e-4,1,-0.22861336918615502,0.8867182668193766,0
5,160,246,2.5320937986571237,0.11236867776186361,0,-0.8859667891321548,0.5740910737548446,0
5,160,247,5.138202672795252,0.0030761862677292366,1,1.1542135355486625,0.4606964684793977,0
5,160,248,5.539219894582122,8.53430347486828e-4,1,-1.6818874723923953,0.3220038364317122,0
5,160,249,6.5614929210213715,3.340857991995226e-5,1,-0.6233117234713658,0.6798821135935033,0
5,160,250,8.163724707313518,5.56136664916523e-7,1,-2.465350846949001,0.08108198167753564,0
5,160,251,5.642463735429045,1.2130848139791956e-4,1,-1.0484074709112237,0.5229980153506724,0
5,160,252,3.33148436904285,0.023076076097259833,1,-1.318523534418777,0.4454781230206972,0
5,160,253,4.330715833752187,0.004105262651932991,1,-0.30125677545662977,0.8461196803254467,0
5,160,254,4.725009262950179,0.0024828398618779073,1,-1.5676280735199377,0.3642637851344678,0
5,160,255,4.268695195540356,0.004674444357386165,1,1.8535149459851876,0.2263625413468619,0
5,160,256,3.5317856495217916,0.03487967761209231,1,-0.016480990369036035,0.9921535767254044,0
5,160,257,4.817127745290468,0.0026690758959351285,1,1.7056222422736016,0.3236555471513888,0
5,160,258,6.8685092305018305,2.8508638316203422e-6,1,-0.13878905156226784,0.9348308984249349,0
5,160,259,4.209943707008532,0.012532786009140965,1,-1.4933888819530174,0.38313140496962617,0
5,160,260,6.963151932918986,2.313169103209903e-6,1,-0.009086118436652359,0.9950350645342045,0
5,160,261,3.432691319758907,0.03110807259194223,1,2.3612339232511337,0.14601836887508024,0
5,160,262,4.046162495760049,0.008428597724558907,1,1.7246344366467254,0.32246793697733156,0
5,160,263,4.400169793658163,0.006840773362816092,1,-1.3529850336531843,0.3814357883804993,0
5,160,264,4.973534357501329,8.240450819170843e-4,1,-0.9692403206972681,0.5345895653485411,0
5,160,265,6.1102864804316175,2.342733623724317e-4,1,0.10701132939477997,0.9443285746934599,0
5,160,266,8.141645064703702,7.169824938358827e-7,1,0.9888270871686032,0.544086655418347,0
5,160,267,4.469345533081417,0.00399115007413524,1,-0.9687685241365198,0.535274550929062,0
5,160,268,6.379611214282936,1.085956930495956e-4,1,0.1067974410333141,0.9454537239944654,0
5,160,269,4.903551888024679,6.992328608350175e-4,1,-1.6556521116021514,0.3048344359909898,0
5,160,270,6.030420175073996,2.162196487034006e-4,1,2.8346278423556317,0.07879345664632155,0
5,160,271,6.412243168974043,1.325525259072945e-4,1,0.49925318369787397,0.7395375359581773,0
5,160,272,8.530984725738968,1.1311912657526059e-7,1,-0.09102688395098565,0.9522189040643952,0
5,160,273,6.956507256006881,1.0839898663859527e-4,1,-0.6681621181496626,0.6596648374810271,0
5,160,274,3.0643171994542113,0.07095079666166547,0,1.4700153417435915,0.3637428295886582,0
5,160,275,5.176768991486957,3.764481948330273e-4,1,0.0661242733052412,0.9646307040782518,0
5,160,276,6.340543628311786,3.595295361912453e-5,1,-0.9406009276802514,0.5564097023196615,0
5,160,277,5.578412416661685,9.292915724609879e-4,1,0.06023299981235817,0.9707483346661756,0
5,160,278,3.874461177953439,0.02028623870953553,1,4.242541531068687,0.007554867921821517,1
5,160,279,2.412358510174215,0.08777948543067053,0,0.023271682441050302,0.9878103206809983,0
5,160,280,4.986789731909066,0.0015150587191949242,1,2.096399252521796,0.1498730792072332,0
5,160,281,5.232744375706866,7.126466532147635e-4,1,0.14585185966498115,0.9250461011078599,0
5,160,282,7.239634138069744,2.1008445494576138e-6,1,-2.347571841367508,0.15085379353762213,0
5,160,283,1.9235338971286087,0.2742753067840501,0,0.20799697405617534,0.8955940010079089,0
5,160,284,5.467126520162271,0.0010518811598009207,1,-0.7201305417837688,0.634449832812407,0
5,160,285,5.557325365473169,4.466195660681294e-4,1,-0.9789240750539762,0.52112486218669,0
5,160,286,5.373224118254149,9.667338601678082e-4,1,-0.9846638356632214,0.5068508276409827,0
5,160,287,3.2342515450196956,0.03826746723940766,1,-0.5452853633518854,0.7389857659498513,0
5,160,288,6.19304403488804,1.4682170502157673e-4,1,-2.822243012857312,0.09467794074443213,0
5,160,289,4.433153039671155,0.003245234891699356,1,-1.863560786208904,0.21777836756700958,0
5,160,290,5.4660421635915535,0.001033736144049095,1,0.5354301285396151,0.7243509280140954,0
5,160,291,6.270008265121013,1.848457542996955e-4,1,-2.4652250167159915,0.16656050350613344,0
5,160,292,4.2195880834164505,0.019543684091782528,1,-0.1485092756579921,0.922813412531365,0
5,160,293,6.944872122900426,4.845267593149426e-5,1,-0.34326892901339107,0.8364780597194604,0
5,160,294,7.751525787339268,3.250444727288017e-7,1,-0.33460243498852144,0.8384610555718313,0
5,160,295,6.0844920973861765,1.355189803237709e-4,1,2.9642743905226934,0.03710339280420454,1
5,160,296,7.244133101591662,5.723557279958447e-6,1,1.243562587626812,0.4128844764088203,0
5,160,297,3.03553531268278,0.055953723491287646,0,-0.613189775183826,0.6887320574657136,0
5,160,298,6.128309576369101,2.856660550676405e-4,1,1.0798076381869368,0.5210298432459449,0
5,160,299,5.631745257513139,8.667756997240685e-4,1,1.0030689346721957,0.5241553967084815,0
5,160,300,5.154348011291876,9.855531123036181e-4,1,-1.150767896758627,0.4554567078426466,0
5,160,301,5.667580197492984,7.585947435653146e-4,1,0.20802907464236092,0.8960544113712862,0
5,160,302,5.785439050003117,1.3292625149416472e-4,1,-0.5164902553688586,0.7457523166655108,0
5,160,303,6.058791794506983,5.46587002868147e-5,1,-0.8127517770989253,0.5701293544815396,0
5,160,304,7.627338728628599,3.944744446481154e-6,1,0.1618816746030309,0.9224341499021121,0
5,160,305,4.885069569217654,0.0026372146147614355,1,0.5076930474019766,0.7599824458206299,0
5,160,306,3.651595709555326,0.023204988458319975,1,-0.8053149091287689,0.6039767276127992,0
5,160,307,8.211783494591106,4.942686595585986e-6,1,-1.7971260418708201,0.27528677113552597,0
5,160,308,4.932196084151572,0.0031552341366426124,1,0.2591222042167659,0.8671610471505762,0
5,160,309,4.536667861221876,0.004589084066734028,1,-0.011953639385735145,0.994191099001161,0
5,160,310,5.821110176672062,5.176235998917005e-4,1,1.0561347728203088,0.4995933929458559,0
5,160,311,6.93560878918478,8.993015122956097e-5,1,-3.7867514882377464,0.0340700315651942,1
5,160,312,7.652384736223291,1.971670985914641e-6,1,1.5924988134808435,0.32190705025637106,0
5,160,313,3.4766902799639943,0.03462776647318122,1,-1.708394438540196,0.31407195078520245,0
5,160,314,4.642969245455787,0.002624251411226299,1,0.030950673115166402,0.984412830366864,0
5,160,315,5.948023692663237,6.07037937804261e-4,1,-1.0578297383942867,0.5260237550919729,0
5,160,316,6.201604844053252,4.280384186465745e-5,1,0.6514560680025068,0.6752017127743521,0
5,160,317,7.552858694329602,2.3259337038388354e-6,1,-0.826348964602123,0.587553749259738,0
5,160,318,6.654238760169699,1.3331220104303602e-4,1,0.9508616617963581,0.5131212406428676,0
5,160,319,7.047079528147613,5.2466058112207194e-5,1,-0.037772984423580055,0.9822548312179296,0
5,160,320,3.8295337314535804,0.014971938880844173,1,-0.6628234540270606,0.6324638071346687,0
5,160,321,7.105860702060793,2.6414872737728763e-5,1,3.0929902551652817,0.043345641436458464,1
5,160,322,5.230825709686418,0.0019872574764088274,1,-1.9759991662886198,0.18387783726859977,0
5,160,323,6.336183727511651,1.2152305404984165e-4,1,-1.3259476460990216,0.3965296667476005,0
5,160,324,4.627936387859068,0.010949289341959111,1,-0.8511706270464015,0.5870755506321466,0
5,160,325,6.5407797705078154,2.229589632481327e-5,1,0.4538383961516843,0.7781555182911956,0
5,160,326,6.079374598547309,1.0120696262978579e-4,1,-1.286668793800495,0.40765563383638215,0
5,160,327,5.038611907713666,4.867682403880389e-4,1,1.7011571437928015,0.2402268661529283,0
5,160,328,0.8203631410523887,0.6146670423567225,0,-0.5889305096906109,0.715189929022367,0
5,160,329,6.001154706409305,1.467782921885228e-4,1,0.7688471409086208,0.6187582164965544,0
5,160,330,5.420077516533715,5.046091665208561e-4,1,-4.319360738468556,0.013158740164156284,1
5,160,331,5.480968586388084,5.067886929950833e-4,1,0.659845267232475,0.6729297160304528,0
5,160,332,5.246714520932952,0.0015938642041243047,1,-1.4767032564359432,0.3262540778122017,0
5,160,333,4.168949844925003,0.006401883675403665,1,-1.0305079547086056,0.5403313449272908,0
5,160,334,4.690108934989726,0.004690163620307066,1,-0.46442093361130804,0.7607113929129575,0
5,160,335,5.220911622990627,6.677041273736142e-4,1,1.9308046775447727,0.2396241224766977,0
5,160,336,4.483203979797464,0.01179851032497377,1,1.1449138047605516,0.4244930661130728,0
5,160,337,3.922881552784698,0.017890722919239033,1,1.0093265504706594,0.5338187892804065,0
5,160,338,4.183656464430322,0.013475684544161337,1,0.8760217420714389,0.5852727714370303,0
5,160,339,3.2240359359223327,0.05501235486485728,0,-0.44669085816679666,0.7729242978131736,0
5,160,340,3.0582812144683857,0.0591310505962984,0,-0.29765263014367166,0.849675524692543,0
5,160,341,0.9656777223806683,0.5500830544766859,0,-0.45386544492872566,0.7637449640276017,0
5,160,342,2.349339797872168,0.12579826112302184,0,-0.5350220618467004,0.729303429759272,0
5,160,343,3.3870746873356214,0.03787862902676148,1,0.8710825856541503,0.5952524815706478,0
5,160,344,6.119995967292881,2.003485957008343e-5,1,-0.5903051109143117,0.7342321519867075,0
5,160,345,6.31691416029717,5.5961325889216114e-5,1,-1.8448354714971764,0.21881115103984664,0
5,160,346,5.4072736486835975,0.0012982665430832337,1,-1.186083590883585,0.47021594069066963,0
5,160,347,6.681167769611097,1.0713875261886948e-5,1,0.3456355188972751,0.8197778987703644,0
5,160,348,7.073203714478789,5.93993379338572e-6,1,0.968625904344298,0.5064683177251169,0
5,160,349,5.513750237425347,1.0452303972364588e-4,1,-0.08305539111131115,0.958568360800092,0
5,160,350,7.104693177060292,4.065382110997602e-6,1,-1.111850595744634,0.4609051322533415,0
5,160,351,5.470155781250906,7.769657860292013e-4,1,0.8936375652549904,0.5491232366720955,0
5,160,352,5.069694586125908,0.0017213815154363658,1,1.8735366371582518,0.2571956827721652,0
5,160,353,2.398319224681858,0.16941857327493262,0,2.178682022587856,0.17666806893289191,0
5,160,354,4.700153256208627,0.0030370027240045924,1,-1.0428283936440592,0.49290339809238304,0
5,160,355,5.743116577662716,1.9889429459546957e-4,1,-0.012593094973581742,0.993783800520414,0
5,160,356,3.5718057293400025,0.04270850950476641,1,2.1264462065537058,0.14558697722482702,0
5,160,357,3.719593127144172,0.00984228824456594,1,-1.1998515385190736,0.44550089081028044,0
5,160,358,6.123680965456167,9.543687271650801e-5,1,-0.36560882872321454,0.8178047741782526,0
5,160,359,2.6034449201596943,0.07732615827649866,0,-1.2475541018210503,0.4394998896793796,0
5,160,360,5.230139982201427,0.002630078050402712,1,-0.5282080346162003,0.7200531910570165,0
5,160,361,5.82787289355905,3.919560282492557e-4,1,-0.19111944410677098,0.905938091849511,0
5,160,362,5.332208078339354,5.018256279947334e-4,1,-2.1479837704707245,0.19966197128469373,0
5,160,363,3.2662619369040726,0.039018363122798105,1,0.7092109514442934,0.6197224811819464,0
5,160,364,7.838410115206023,1.4382973710007127e-5,1,0.8590920212487194,0.5808961096251917,0
5,160,365,4.531436406860276,0.002418090458474986,1,-0.31873233199095163,0.8364297290322926,0
5,160,366,8.022676309600557,2.883562995834252e-7,1,2.275785603561143,0.13794759900981063,0
5,160,367,5.4795588278535545,4.1480791769432066e-4,1,0.806608801527624,0.635419651587007,0
5,160,368,3.815804997878332,0.028541736199557455,1,-2.0554104702632094,0.16529189190306062,0
5,160,369,6.693278555457811,1.7728969527795534e-5,1,-2.4058782320903127,0.128137645201324,0
5,160,370,4.8129425590542105,0.0012770570349160029,1,2.3017803570143527,0.1434288128735332,0
5,160,371,5.186245967383543,0.001974522831988024,1,2.2656192417653616,0.1459768005591442,0
5,160,372,2.0973024478911797,0.2241874678358062,0,-0.14257233163556154,0.9272337206695013,0
5,160,373,4.629710168761213,0.0035643991672671847,1,0.4535456878201836,0.7594166948399144,0
5,160,374,7.099827871753963,2.1623901344613712e-5,1,-1.8430464866423004,0.24271242166921428,0
5,160,375,2.7139365400492914,0.11610321387088565,0,-4.12139804926345,0.01791106005186727,1
5,160,376,6.060963720309509,3.690549766240501e-4,1,-1.0186970081743447,0.5462030734549916,0
5,160,377,4.478002270201173,0.00530051003232918,1,-1.3841057600937356,0.36392128527990286,0
5,160,378,5.664003881730848,9.344616419605429e-4,1,0.3097388298774472,0.8546672903046751,0
5,160,379,6.499288740190257,3.178303096760166e-5,1,1.0134667501759058,0.4840144988488755,0
5,160,380,7.128781924803186,2.8955985842298295e-6,1,-2.0987848304194885,0.2225876995907552,0
5,160,381,5.13062298813848,0.003082476084589465,1,1.6517501468781524,0.26939671248106317,0
5,160,382,5.595170797577306,9.329108092645387e-4,1,2.955445174884214,0.06392132465015168,0
5,160,383,5.349795654488448,3.912052744846315e-4,1,0.5597248583863019,0.7255540063455058,0
5,160,384,7.609922085108189,4.2108889896991e-6,1,1.254848956448719,0.3916361174527977,0
5,160,385,5.366413416717706,4.8192395747175085e-4,1,1.9573520110572955,0.20973541714218302,0
5,160,386,3.7558654400779212,0.018877845730043284,1,2.2070435804194837,0.17539433438407362,0
5,160,387,5.522909267839971,6.248667055512062e-4,1,1.1339329761599781,0.4949392565061722,0
5,160,388,5.817868834690017,0.0013596388965277156,1,-2.5725470460198387,0.08438281467836627,0
5,160,389,3.4818235405702436,0.05337498275270943,0,1.0450031385008134,0.49014954935523114,0
5,160,390,4.292309982440036,0.010956877263796789,1,-0.01116866469402807,0.9951033323531373,0
5,160,391,4.554514970088704,0.005849726781559586,1,-2.0653627114064843,0.1981163049700987,0
5,160,392,5.476547977500274,5.12497496842347e-4,1,-3.1711437198062193,0.04452076575656088,1
5,160,393,5.742111398041805,3.7146919381604793e-4,1,-1.7284591642325549,0.28001692815488305,0
5,160,394,3.16947062472705,0.03391199337839056,1,0.6777372520739647,0.6437956139915811,0
5,160,395,7.626148614254181,7.787971787079931e-7,1,1.1927595857008662,0.4021905743668298,0
5,160,396,10.073922178845436,1.3808792833506437e-9,1,1.1058573942642678,0.5013892078021492,0
5,160,397,5.943764970584506,1.9062042066488345e-4,1,0.1325811369680563,0.925604531469802,0
5,160,398,5.952163921722169,2.582094145606844e-4,1,0.12440678898221365,0.9355389413110509,0
5,160,399,6.917620249809721,2.8526153709452834e-5,1,-0.6782181723596886,0.6615386789153921,0
5,160,400,6.37569500615947,2.9005637807559342e-5,1,1.9076466721448877,0.20313712623844493,0
5,160,401,4.563451206366266,0.00807646138030281,1,0.6543757540333726,0.6882555866311031,0
5,160,402,7.3597860064823735,8.648838651610423e-7,1,3.1928277358509303,0.046742579265846795,1
5,160,403,5.349607039651017,0.0012018456374396477,1,2.855302296396085,0.09758792847131077,0
5,160,404,3.3911824485099467,0.017280966761030542,1,-2.515783428793432,0.12427744518030535,0
5,160,405,4.185270140362142,0.0030934711826980927,1,3.2952170568067283,0.04358635621588002,1
5,160,406,6.2930645355799,9.44721454763652e-5,1,0.935384475049933,0.5850783328262932,0
5,160,407,6.575978636194894,4.4303393474364784e-5,1,-1.2096550555580823,0.3874958208150946,0
5,160,408,6.789533675800458,1.1273493129180059e-5,1,1.011413334779661,0.49794290483807757,0
5,160,409,7.744737077807982,2.1909580931228035e-6,1,2.2519722942071048,0.19373778609195602,0
5,160,410,3.4189355827089902,0.017023416001575104,1,1.6425389759155464,0.3633863169218029,0
5,160,411,4.9235128125228265,0.0032897883417498802,1,-0.01846373203860163,0.9902812309298732,0
5,160,412,4.9692861142534674,0.001395543048149009,1,1.4414435816667452,0.39502686820265553,0
5,160,413,5.290473641729169,9.634009167321028e-4,1,0.07747454171834188,0.9645338120243205,0
5,160,414,7.458398404143234,1.5990925506609906e-5,1,2.328958691436972,0.14961763329027403,0
5,160,415,7.004670232746521,4.362958141873706e-5,1,-1.26606482591242,0.4291724551870447,0
5,160,416,5.831829191987375,6.036391173628927e-4,1,-0.5965388200243692,0.7285419911631072,0
5,160,417,2.9672909745572222,0.07687090637324127,0,-1.9966179996613733,0.2345309553818756,0
5,160,418,4.062145872207047,0.007377954812996516,1,-0.2430625788677707,0.88123385493246,0
5,160,419,8.17374343516609,1.3513230879077415e-8,1,-1.2559396274889811,0.4220123186055633,0
5,160,420,6.1336532765450755,8.311550966922335e-5,1,-0.3135549992435224,0.8521906543060627,0
5,160,421,5.740824540186553,6.503367067467388e-4,1,0.06071597000362395,0.9705887325784934,0
5,160,422,5.689320012128369,4.5600566677252987e-4,1,-0.9701535198245059,0.5533766598288072,0
5,160,423,6.655829567693641,2.4916589127848474e-5,1,-1.686521438910129,0.2839665197054265,0
5,160,424,5.640454860472394,2.0972345400331558e-4,1,0.7072324964196602,0.6636164137938232,0
5,160,425,5.271579259274656,8.69937112381767e-4,1,-0.9359478720394074,0.5621508802055919,0
5,160,426,4.744320211046729,0.005540049402205209,1,0.3864468975628479,0.8171591103251029,0
5,160,427,5.3083814087742205,2.7159097889395883e-4,1,1.4153175738946309,0.3832280375822299,0
5,160,428,3.691849087237544,0.03130010744367803,1,-0.05533558943997891,0.9701233724508225,0
5,160,429,5.368499558533227,3.770565072850703e-4,1,2.2685331116548353,0.15494035659880961,0
5,160,430,6.474684948243523,1.1549280475814386e-4,1,-1.9098000550592924,0.23250671409263846,0
5,160,431,4.635699272185123,0.005576450150800826,1,-0.2278620218424141,0.8965199148618364,0
5,160,432,4.376199316234228,0.009962355217211583,1,-1.1376787590317408,0.4916153244013285,0
5,160,433,3.5533142928796884,0.029308166948534796,1,3.6023546268013518,0.009073275140584924,1
5,160,434,4.80649238443463,0.00310115447825912,1,-2.5566994720299667,0.15040451835396437,0
5,160,435,6.033551162466925,2.665787033747126e-4,1,-0.6334738652428393,0.6969702796467608,0
5,160,436,7.466690844013884,3.63581945213553e-5,1,1.3204106010595813,0.3597453275749374,0
5,160,437,4.5165680699167385,0.004133801333891225,1,-0.06836558281662633,0.9654873877453047,0
5,160,438,6.6964779018442755,6.893754170793745e-5,1,-1.860018139209886,0.22249858282309412,0
5,160,439,5.9364118381800175,5.404237192967408e-4,1,-4.245855352494523,0.006766518714908915,1
5,160,440,4.652327168925009,0.0015981497075397333,1,-0.23709816300212452,0.8871773818863229,0
5,160,441,5.012228730104707,3.9417154640869104e-4,1,-0.6606561151607221,0.6505307604532454,0
5,160,442,6.255851919460332,1.9535379874618795e-4,1,-0.6444037627720826,0.6929418097413179,0
5,160,443,6.1704009670991296,2.1165637943516846e-4,1,-0.5661557841607755,0.7129222479114229,0
5,160,444,6.088139680177904,2.3519705028538873e-4,1,-2.4900014314428076,0.10514185133290542,0
5,160,445,6.922942339754875,5.5308470261514936e-5,1,-1.7897624077025698,0.27885459784787747,0
5,160,446,5.5907650122747405,6.128236243061081e-4,1,-0.2248352252368014,0.8963709335279824,0
5,160,447,5.9218185887020125,4.294798836155528e-4,1,0.6203688020584491,0.7064913050911381,0
5,160,448,3.0672033784465937,0.03905009933727892,1,2.541994439618912,0.11519036214437244,0
5,160,449,7.035964977857299,4.6818940002253085e-6,1,0.11141647671308692,0.9453001378612012,0
5,160,450,7.802692233271056,2.079905909016157e-6,1,-2.815776637162709,0.08674145161158898,0
5,160,451,6.552251044604777,4.384293182463178e-5,1,2.1766311034982313,0.19119618112581405,0
5,160,452,3.4841460228519074,0.040232700217241395,1,0.23069372126227553,0.867093424147323,0
5,160,453,4.111739186229123,0.011641002086430288,1,-1.228715036952144,0.42959748199790293,0
5,160,454,6.373394322240997,2.8936737485107396e-4,1,1.6441579418386059,0.30091750794431305,0
5,160,455,6.963870415162995,3.507066739378985e-5,1,0.013219039805618147,0.9931914787591154,0
5,160,456,2.7537778452755726,0.0952363911662438,0,0.822071624610043,0.6074394946468437,0
5,160,457,6.107062977421237,1.8903594168382678e-4,1,-4.320756458003219,0.004975056171414196,1
5,160,458,5.444110714416864,7.987631341993134e-4,1,0.1990434802276597,0.8980191477920708,0
5,160,459,2.8958956504984057,0.041696047247301415,1,0.003761582963492552,0.9981269366158291,0
5,160,460,2.230066979956715,0.15591309014473126,0,-1.7489862058664019,0.26602186347553597,0
5,160,461,3.8948677353908994,0.01126451451815909,1,1.4379290768454536,0.3888992934595179,0
5,160,462,5.479222348830759,0.001824082384936633,1,-0.39906032236459565,0.7980717596612057,0
5,160,463,5.951696949115358,7.535684755325221e-4,1,2.471250588900945,0.15283924770491608,0
5,160,464,5.187301871259405,0.0015125929581994435,1,0.26686926048427356,0.8670145834200532,0
5,160,465,4.693402039099004,0.004216739073230089,1,0.5875709221509097,0.7143946597189663,0
5,160,466,6.412900669496636,3.865664632831484e-4,1,-0.6168990991230625,0.6909701245766571,0
5,160,467,6.799883882716533,1.6981841639123312e-5,1,1.4609146257362242,0.31781639555653446,0
5,160,468,5.693262488972275,2.2799723084746855e-4,1,-0.6695652096765004,0.6452714436533513,0
5,160,469,5.723320215441359,4.2984691668601004e-4,1,-0.5118318821250305,0.732967220145974,0
5,160,470,6.887407748212685,5.3468782465378674e-5,1,-0.2153049042477619,0.8959502322128947,0
5,160,471,6.000189013684492,7.312416064024605e-5,1,0.48706187281531244,0.7644980757288421,0
5,160,472,3.2645262063221523,0.0422141638109153,1,-0.9114558983203576,0.5911747519528544,0
5,160,473,5.71015134735032,0.0011646871233205304,1,-1.409394048731408,0.3643680093960504,0
5,160,474,7.028130934763019,1.554288753858657e-5,1,1.129789522475649,0.46648915447072725,0
5,160,475,6.619353130203722,8.917143359336902e-5,1,-1.0476380140662997,0.4557631666565829,0
5,160,476,6.486848704773362,7.224238051347371e-5,1,1.438457222058172,0.35177893353744516,0
5,160,477,4.327991525836561,0.00534827159024245,1,-2.9800087416736365,0.06335934178298123,0
5,160,478,3.394122577893953,0.028184748172964808,1,0.49067572729072106,0.7501124947185726,0
5,160,479,5.36888274771865,9.60463289456626e-4,1,0.5040433838057509,0.7391746424326483,0
5,160,480,2.5223597768421424,0.11097490391641898,0,-0.8674260258412949,0.5477795026211141,0
5,160,481,1.1132184752500405,0.4691863658477239,0,1.4210671996848943,0.42013788950024666,0
5,160,482,4.715799633293139,0.005996523794611897,1,0.5319140738954248,0.7121291892387889,0
5,160,483,5.34443152752115,6.669798589606932e-4,1,3.2860716144114046,0.03324041992205761,1
5,160,484,2.855993551032489,0.054922566498551505,0,-0.3723994458379194,0.8012043433918697,0
5,160,485,5.0067288318091405,0.0013298885562410068,1,-1.3657091568294994,0.40178744497152785,0
5,160,486,3.97402252281722,0.006091669059198624,1,0.8899309113268559,0.5699891358493008,0
5,160,487,3.1630553591728905,0.04569910266540927,1,1.6681839675446595,0.3180047462862248,0
5,160,488,4.6732937975200235,0.004167325058941834,1,-0.9009308022387956,0.5466365867127729,0
5,160,489,6.786704314234125,6.604704730708707e-5,1,-3.2909604110194435,0.046936498230349163,1
5,160,490,5.067682626135366,0.002079180100334179,1,-0.6208059780300734,0.7046891257171093,0
5,160,491,4.673037124421972,0.004518536268564698,1,-1.6407619784617387,0.2647849688837681,0
5,160,492,5.587947766859601,7.721667894551276e-4,1,-1.3287666356885264,0.4158805559470624,0
5,160,493,6.527544751032934,4.059317740905329e-5,1,0.7669574091695601,0.6333676087018711,0
5,160,494,8.010245445258185,5.266980725930724e-7,1,-2.201091516179079,0.14826658427886477,0
5,160,495,3.539318845703589,0.022702464191117527,1,-0.31385966475629273,0.8519102840477873,0
5,160,496,3.200597284256886,0.02963712303074415,1,-1.851890144344363,0.2527240771887417,0
5,160,497,4.422010554615593,0.002782976033032422,1,1.7005568110254274,0.2884420819498575,0
5,160,498,5.753943320705445,1.8960853527171624e-4,1,-1.0749518815347519,0.5401043997501476,0
5,160,499,6.982621647698531,2.651839269699707e-5,1,-1.7077150525480405,0.28301447922359024,0
5,160,500,2.5073898541029136,0.10062208108062803,0,1.9498693602933017,0.2274671115383666,0
5,160,501,5.948402331087396,1.7239821426340762e-4,1,-0.17726825901974322,0.9053300373239251,0
5,160,502,4.71396022784076,0.0011267318878179704,1,-0.4339603165661385,0.7645434965450442,0
5,160,503,2.2077156618150244,0.1469554824461201,0,-1.3356486991289889,0.4084511640524715,0
5,160,504,2.763965031476203,0.05936283654035324,0,2.9750269347158835,0.07349982724864226,0
5,160,505,6.239889846238039,3.4412556829499544e-5,1,-1.5354198342817247,0.31977608966917337,0
5,160,506,5.19739628942489,0.0017005072795952837,1,1.7461558911394812,0.27994465505317345,0
5,160,507,5.295049663387758,4.2112492999307576e-4,1,0.05818349651450514,0.971817699954111,0
5,160,508,3.573071147778578,0.02518146857848524,1,0.8186067625124642,0.6036122013819226,0
5,160,509,3.69624796194129,0.02376300514303991,1,1.2436391756752432,0.45057748177099843,0
5,160,510,2.025800852939526,0.19719820927532386,0,0.6809295114274007,0.6456195799773932,0
5,160,511,5.2916242921443715,8.409243677844794e-4,1,-2.6403850583990516,0.07697792716271595,0
5,160,512,8.13569407582902,8.713239614740812e-9,1,1.7958645697547175,0.22162375092174497,0
5,160,513,2.268427017413254,0.1735560157108817,0,-1.7627227336082054,0.2926253198697461,0
5,160,514,5.277893977185831,0.0020113363140881204,1,0.4187778033472175,0.7703643565906024,0
5,160,515,2.90829561060508,0.06882687357182704,0,4.221089672556288,0.012904553730238591,1
5,160,516,2.370927976437256,0.14787348115426424,0,0.7855219632342451,0.633578456746321,0
5,160,517,6.968733095196995,2.0166190246665772e-5,1,-0.07349857619924176,0.9618727236806647,0
5,160,518,5.63087288700737,4.6794761941441166e-4,1,-0.5914336802656271,0.7073793646236681,0
5,160,519,7.519181478320908,1.5916829445166352e-6,1,1.0702366257263956,0.5097167902611156,0
5,160,520,4.240469109728876,0.01231161979608927,1,-3.083566034383571,0.05667636903235117,0
5,160,521,5.0429043023499975,0.0016281611642018693,1,-1.5464871674810898,0.2984239182210524,0
5,160,522,6.459898699200649,9.154868956385916e-5,1,-0.6796040969716817,0.6522880162271898,0
5,160,523,3.455440017412088,0.02757517966002991,1,0.9709538071102183,0.5854179881514288,0
5,160,524,5.437996224839637,3.6714653784841793e-4,1,-1.890202121456493,0.230876051499911,0
5,160,525,5.103818733042396,0.0010544364773847435,1,0.09641498521571501,0.9493426492688459,0
5,160,526,6.015377470526974,7.534875619756844e-4,1,-0.06266568015742047,0.9701268821932993,0
5,160,527,5.883912490260211,6.91390525344498e-4,1,0.6180147022696997,0.6934521514073939,0
5,160,528,4.78280108137204,0.0040567744156142765,1,-2.488854249588928,0.13818381558940687,0
5,160,529,5.334301544112846,0.0013674232033271405,1,0.42617858957542587,0.7873287768169123,0
5,160,530,5.566724654361187,3.0250424249845224e-4,1,-0.8627359320956354,0.5337354982717617,0
5,160,531,6.686716676272834,2.4247297328359224e-4,1,1.208636459316239,0.43195986114940477,0
5,160,532,5.110907219066738,4.989306511988021e-4,1,2.103862438458085,0.1695666402882829,0
5,160,533,6.699926731888928,1.1169093392155216e-5,1,-1.9070258953742922,0.21467851968470622,0
5,160,534,3.688853887010826,0.025769598055343686,1,-0.22461099866531664,0.8851023380047567,0
5,160,535,5.556190340646819,3.038363969349691e-4,1,0.4148359727846902,0.7880648287363926,0
5,160,536,6.894658179319538,2.3310544438233417e-5,1,-1.0751701171178432,0.46342896474258366,0
5,160,537,3.3679270719711725,0.025894657513372672,1,3.085216423346479,0.0678047261162454,0
5,160,538,4.622558280665236,0.004292670827106081,1,0.5751442782626506,0.7143637983537137,0
5,160,539,6.199918565230422,1.0886473932193823e-4,1,-2.092102796375822,0.21279897301303918,0
5,160,540,4.279306066829892,0.004928593048313941,1,0.4688056128405913,0.7788085617842142,0
5,160,541,4.254421368167259,0.012323009957712384,1,-0.29909531086281227,0.8545332740680913,0
5,160,542,6.122479423148634,2.1581027470171082e-4,1,0.5933747653949595,0.7285341192540183,0
5,160,543,4.587024580842884,0.0034862986042589732,1,0.41237907511462957,0.7892362644047275,0
5,160,544,4.437237449050554,0.00560293897078466,1,-0.3470096557894554,0.8145798631419242,0
5,160,545,6.423861750757297,1.8969221958977362e-4,1,-0.8019930313559721,0.6206767082062974,0
5,160,546,6.04079226383181,7.566368771267104e-4,1,-0.12032457641311511,0.939794791393521,0
5,160,547,2.7222642869248403,0.11342235430919802,0,1.3590779678874276,0.4196085853691609,0
5,160,548,1.5982402162253755,0.3540845539458506,0,1.3459565134833875,0.43090354305229084,0
5,160,549,2.9984068089002998,0.05060960186489036,0,-2.342220393652425,0.1317048698745429,0
5,160,550,4.479911057199635,0.010625907550234666,1,0.03897466792284338,0.9793427629059246,0
5,160,551,6.770639982933285,6.1795566639392775e-6,1,0.47712875930241544,0.752438504784563,0
5,160,552,2.28251170092629,0.13217732688583045,0,-4.511412287016214,0.001735055598966703,1
5,160,553,3.742178637749198,0.00983129638840844,1,-0.8712186365973178,0.5701834577644675,0
5,160,554,4.566937058192872,0.008823613844027238,1,0.681319923835396,0.6304434380512738,0
5,160,555,6.584697396493527,6.805157424541499e-5,1,-0.6595721409446359,0.6939842793579535,0
5,160,556,6.0945587530361065,5.779932615251892e-4,1,-0.5043495120501427,0.7500760263879575,0
5,160,557,5.219482597586966,4.710170551921767e-4,1,-0.8851590696264939,0.6151523562462315,0
5,160,558,7.584125359400645,1.8607768157215341e-6,1,-0.0635655793785617,0.9665005324036897,0
5,160,559,5.746025173002876,4.972896125313484e-4,1,1.4582655403698321,0.34813809449079425,0
5,160,560,3.949432450417783,0.012463331997183327,1,-0.18620556052627085,0.9044991307368478,0
5,160,561,5.9987452563742645,1.5323943796541077e-4,1,0.4119615645227413,0.7998721619386957,0
5,160,562,5.8250136554835565,1.2339591467057067e-4,1,0.04225148970890745,0.9771768911710337,0
5,160,563,5.393895849294778,0.0017466184702905434,1,-1.2436038114469206,0.4325265518571214,0
5,160,564,3.3477757623540443,0.04289103409117637,1,0.8895935737821804,0.5957520962502177,0
5,160,565,4.940088136675701,0.00345657722897779,1,0.389266270231316,0.8156881347223089,0
5,160,566,4.914779381961619,0.0015406568157735733,1,3.4687371846592066,0.017243220547237342,1
5,160,567,3.972313686046665,0.009241316455784935,1,1.8628262197511758,0.2571599508636404,0
5,160,568,2.086260839008208,0.16858542171597493,0,1.977133894167874,0.2365192736084618,0
5,160,569,2.6466237927055967,0.14933994085622315,0,-2.0348575614046585,0.21989489995074168,0
5,160,570,5.855048742027085,6.933354180482255e-5,1,-0.28332945814045174,0.8661143113349421,0
5,160,571,3.286777393920584,0.04224062206379236,1,0.9049960683352816,0.5404732764045759,0
5,160,572,5.406662637198154,0.001959999338043753,1,1.844437978577185,0.23780730241211942,0
5,160,573,3.796225948223799,0.01296935345977107,1,0.3239640491311241,0.8336183940005293,0
5,160,574,5.741854217415309,8.2456182383837e-4,1,-1.1848727216431199,0.4854420364636781,0
5,160,575,4.013086300584581,0.015976196999104353,1,-4.367125578873814,0.0045662138935805814,1
5,160,576,4.708815014148355,0.00826319124377923,1,-1.3959033048988483,0.3882342760869595,0
5,160,577,8.08768793457816,1.1948379171477416e-6,1,1.1069127227249094,0.46267423557501597,0
5,160,578,2.789826006326947,0.09017612481718755,0,0.9401335789778814,0.5606133560095294,0
5,160,579,5.686395209394042,0.0011147112558033332,1,0.7369825561810744,0.6216268735924546,0
5,160,580,3.967221012164967,0.008106208897383059,1,1.2041781704515175,0.48569689336163646,0
5,160,581,4.591225036437616,0.002520003210177792,1,-1.896430631338344,0.27115180034095804,0
5,160,582,3.5775804000105254,0.028434555628369405,1,-1.6053119315810742,0.3164288182188605,0
5,160,583,6.428065945438227,1.8434330536565974e-4,1,1.6630066201797589,0.3456931535518696,0
5,160,584,5.109486785286043,0.0019292366056952244,1,1.6589020829888188,0.31033895941030554,0
5,160,585,6.405448505034455,1.1326098366647356e-4,1,0.6449978696096367,0.6844479845824142,0
5,160,586,3.730211185918024,0.012452464082166272,1,0.493997744885018,0.7708974833323404,0
5,160,587,7.890442891468044,1.1364326658200702e-5,1,-1.1183819482571653,0.47041768891531566,0
5,160,588,7.726870422122113,1.93918750198346e-7,1,2.104106161474976,0.1411558210159399,0
5,160,589,3.2107610606656856,0.054477108361596936,0,3.6307998192528914,0.021197786968876014,1
5,160,590,7.987559173962383,6.08464738119389e-6,1,1.1362760044790745,0.4955859847309857,0
5,160,591,5.0545804204889775,0.0027230544682363706,1,-1.2173117697807707,0.427025638183851,0
5,160,592,4.778514402930356,0.004062511246712411,1,1.309183057491272,0.4173653543925092,0
5,160,593,3.0008119422203867,0.09108185609879328,0,1.6235000403619688,0.32444307314466847,0
5,160,594,6.89230164025603,5.707077592233223e-5,1,2.1017899351014,0.19432412830373044,0
5,160,595,5.241285299094048,0.0013013245705376843,1,0.9890561677777977,0.506077181018125,0
5,160,596,6.060043539769477,7.768921354710867e-5,1,-0.41440851275342366,0.7847828044824844,0
5,160,597,5.0410506174960386,0.001410826539972146,1,1.2028462869725836,0.4027067564423995,0
5,160,598,5.907259727602131,2.3138636038782314e-4,1,-1.277775818612726,0.4162166272736817,0
5,160,599,5.948726652297693,9.436389229429117e-4,1,0.7481462928590266,0.6310492475445133,0
5,160,600,4.3943844900829925,0.006014951567335755,1,-1.191305589711371,0.4308204423723714,0
5,160,601,5.478332057061646,9.595423469778779e-4,1,-1.4812590946518442,0.31915153868975904,0
5,160,602,8.1517485941267,3.431126239385269e-6,1,0.7980567903595939,0.6244254452621778,0
5,160,603,6.070395254308274,3.242687841195632e-5,1,-1.2813640917912201,0.44426321285599957,0
5,160,604,4.320506160666665,0.0054633339831213715,1,-2.398165065850612,0.15807291788655486,0
5,160,605,5.552165091595496,5.921073041429402e-4,1,-3.5837888654243253,0.032844502136161274,1
5,160,606,6.650132059247079,3.620060259948943e-5,1,-2.0946417156241655,0.17668876498609543,0
5,160,607,2.844235132068485,0.05976300936440142,0,-1.4556296415537406,0.3421699084684624,0
5,160,608,1.632526551551346,0.2813873056122124,0,2.414414542839103,0.10854014792480204,0
5,160,609,3.60909512902649,0.020954535951590397,1,-0.10428344459931892,0.948699326892992,0
5,160,610,2.204544903833812,0.16343544534356172,0,0.22447462273443522,0.8878367549760906,0
5,160,611,5.1809628011222415,8.593862179506696e-4,1,1.1453378799780782,0.4484539402524138,0
5,160,612,6.700446106930464,4.373518437812675e-5,1,1.7420966985667397,0.2968422424646956,0
5,160,613,4.824880040581349,0.0024334129538588017,1,-1.384954926485198,0.4088667974250152,0
5,160,614,5.277132612596397,6.942243908366901e-4,1,-1.5494611513965462,0.3322749972769705,0
5,160,615,2.2868252169664744,0.15598329213493906,0,2.420044651235267,0.1319354510628068,0
5,160,616,2.7049596595336944,0.07265871774612093,0,-0.15762232617791566,0.9251791022362361,0
5,160,617,7.173885315857154,2.842168734023474e-5,1,0.5794946956379852,0.7208677671733659,0
5,160,618,1.4003404121912553,0.401408675274469,0,1.2547415870336103,0.4537073073824107,0
5,160,619,4.822177190727835,0.002239617534380249,1,0.742688719453437,0.6198383330581413,0
5,160,620,4.808310230534362,0.005282114335530997,1,0.3072767726412346,0.8277366286697524,0
5,160,621,6.105252594181336,1.4600788858786242e-4,1,-1.174353157070376,0.4812149735279916,0
5,160,622,4.148595061721611,0.006384642615238502,1,2.509980250888569,0.11836582212982673,0
5,160,623,6.050561670873997,3.5631969430990494e-4,1,-2.1894983384405386,0.15204597792425353,0
5,160,624,5.813667047495463,0.0010013675976906287,1,3.2377741364603123,0.036206484836426,1
5,160,625,7.976772132710347,3.028625029154339e-6,1,2.095462315188581,0.17823206761403082,0
5,160,626,4.163569935032552,0.011041952117781277,1,0.6873879015149766,0.6450444300481641,0
5,160,627,1.8332520415237763,0.22882689084805852,0,-0.9331625573584339,0.5593254334722022,0
5,160,628,4.682390192026232,0.001617222350096421,1,-0.27463466034818834,0.8644586538828353,0
5,160,629,2.5247126097782515,0.11440708953434886,0,-1.7236042139657959,0.30099128529662866,0
5,160,630,4.766884354569362,0.002240486035288868,1,-1.2135799307068853,0.43601352983120534,0
5,160,631,3.994081187258956,0.019126394835900593,1,0.7498225852146814,0.6650861719265562,0
5,160,632,4.014083513208895,0.013999248608892824,1,0.763717311108061,0.6513951709547677,0
5,160,633,4.867881760324216,0.001872656887728344,1,0.8114411005973031,0.5783912157705686,0
5,160,634,0.9400941600878213,0.5027736489620778,0,0.5497571329014627,0.7240943945444198,0
5,160,635,3.91601096801018,0.026761001340807236,1,1.2611743839283192,0.40745434786196233,0
5,160,636,5.373025678915512,4.298933776488741e-4,1,-0.8816348106040969,0.5890253986499525,0
5,160,637,4.713981162977962,0.002787586036844247,1,1.5733200398364768,0.32295291752279776,0
5,160,638,4.922605608284447,0.0039030002027713225,1,2.0842257305231,0.20735710786907693,0
5,160,639,6.197500506207691,1.4065496703659453e-4,1,1.148453443166581,0.4448431034892436,0
5,160,640,8.029570508113704,6.074930545846507e-6,1,3.1106575587027985,0.06265069627194537,0
5,160,641,3.7176416426001246,0.02591614120984836,1,-0.6926530232786502,0.6509475916862761,0
5,160,642,7.8370132073311645,2.3420121100435933e-6,1,-0.015600023241015807,0.9912460094147356,0
5,160,643,5.945872788460694,6.568447166167472e-4,1,-1.4775759943261326,0.3693910499972902,0
5,160,644,6.415555542727662,1.2611661352493163e-4,1,-1.498491666278776,0.3527967321647172,0
5,160,645,5.065754664857999,0.001789835388511547,1,-2.8079775664850217,0.09269574370477912,0
5,160,646,3.220711165523695,0.04279354291307814,1,0.17422554736724546,0.9063037717570404,0
5,160,647,5.867833566958792,5.386071028226074e-4,1,-2.0585172246573316,0.1773505550036814,0
5,160,648,3.296700778975681,0.040976193032176304,1,-3.3853986657634665,0.03750546122782715,1
5,160,649,5.782562494111488,3.971953023995358e-4,1,3.0690107030694933,0.05955503369896407,0
5,160,650,3.852776759816615,0.009001580309614185,1,-2.3861775913651475,0.11581504230160353,0
5,160,651,9.093501660223831,2.194924259007027e-8,1,2.224163362307287,0.17208615538588337,0
5,160,652,8.974928794476497,8.20558144642055e-8,1,-0.14228345035271237,0.9332397362793007,0
5,160,653,4.858223257830836,0.0019998140496086526,1,-1.2248362378873634,0.47123948222142464,0
5,160,654,6.660779211742555,5.8932747953419405e-05,1,-2.088802327292943,0.22041658871432604,0
5,160,655,7.088764847452178,1.9980156744114e-5,1,0.3075750590301746,0.8522270426669543,0
5,160,656,2.793523686397461,0.0741165698044346,0,0.23676336787687047,0.876379994104659,0
5,160,657,6.616474979362113,3.3162990545769945e-5,1,0.8999673429299395,0.5427798695671178,0
5,160,658,6.756184122698217,3.168373454772225e-5,1,0.9233421931949928,0.5603318179724666,0
5,160,659,5.626703611522023,6.491244326313999e-4,1,-1.269150558163819,0.40078723800977967,0
5,160,660,5.056830792237618,0.0022240927312126217,1,-0.9560613322776829,0.5389871577510217,0
5,160,661,2.963164066867029,0.0388440820912252,1,-1.483230175239786,0.35018765737826474,0
5,160,662,3.8025171668424003,0.025435642094537903,1,1.827548984398462,0.2726231047720764,0
5,160,663,2.4011388876162436,0.08923483019196103,0,1.2986718496190996,0.3908607281174521,0
5,160,664,2.869440366804576,0.07709656981215969,0,-1.2436194436245682,0.39475832787630905,0
5,160,665,6.2899014248925456,2.0640506583132946e-4,1,-2.5577796828828525,0.12213187305996673,0
5,160,666,6.841192773282389,1.0485771128551827e-5,1,-2.8361098745616307,0.09327138570555751,0
5,160,667,4.697532225107551,0.001660242571245789,1,0.6856142935826627,0.6517266982744085,0
5,160,668,3.452697348216389,0.022280422906138384,1,-1.0933314440806468,0.49428366694726045,0
5,160,669,3.989075503851193,0.021625107323588456,1,0.805765301666351,0.6042187719476771,0
5,160,670,5.986844473145367,1.2454604757719485e-4,1,2.0771550248548567,0.19865926224546954,0
5,160,671,0.4287308470618593,0.7862710241705064,0,-0.4884704548013995,0.7440949849156957,0
5,160,672,5.101617311337404,0.0036209217295315385,1,-1.0057140296328517,0.4922478845431153,0
5,160,673,4.408383002815904,0.006118559370191876,1,0.3144251291183983,0.8331065683874117,0
5,160,674,3.603558611350667,0.02236200716633086,1,0.8532129106643291,0.5614958199579909,0
5,160,675,4.224705855056271,0.011582096293978173,1,-1.3010856401240145,0.439612882068552,0
5,160,676,7.712580403964646,9.462605584724259e-6,1,-0.7737103090341106,0.6275891357614045,0
5,160,677,5.1044842540582325,8.017467628474004e-4,1,0.24568258609247087,0.8742763739153494,0
5,160,678,6.036758132469893,2.7999574798309186e-4,1,-2.526912076605999,0.11478999892133956,0
5,160,679,5.231326275371821,7.152238699066046e-4,1,-0.4585748801107997,0.7738206936090711,0
5,160,680,4.31551725196812,0.005666577716742113,1,-2.599792314019202,0.10089193326892934,0
5,160,681,3.5809435689924545,0.03523254229951565,1,1.9982166769859298,0.24059349492464846,0
5,160,682,6.203117486468556,1.4047780562366206e-4,1,1.1393534825733684,0.4758762894860449,0
5,160,683,3.265843873453638,0.06473423133445229,0,0.5315923271916261,0.750331681580623,0
5,160,684,5.160569428632426,0.0017694447046124582,1,1.2121444206547716,0.4309992577670493,0
5,160,685,5.1371210655911685,0.0035211445163217205,1,4.069520902547138,0.014439335182640475,1
5,160,686,3.251956171512301,0.04339572960677005,1,2.120012520120827,0.17693918801204636,0
5,160,687,4.287173416451438,0.005069408427233884,1,-1.639538130819881,0.32229632417376886,0
5,160,688,4.736213536960557,0.006024707115602401,1,1.117812658214751,0.5032502976067914,0
5,160,689,4.1473054391502515,0.008482805169342189,1,-1.4358910550620727,0.42073351979272033,0
5,160,690,3.584145351111172,0.02738540838333495,1,-0.9258965812739974,0.5987604344211783,0
5,160,691,2.374673112881703,0.14126075701536878,0,-1.6505891437544538,0.29537632093188637,0
5,160,692,5.3004846067037885,8.359084344119916e-4,1,1.2357496430676023,0.4005744722547482,0
5,160,693,4.459302891441058,0.0038909115874717374,1,-1.4556141893798613,0.379322381249391,0
5,160,694,4.371623892878072,0.0019895565501946073,1,0.4165920854927164,0.7843949918790476,0
5,160,695,5.042988692267512,0.004698002533163636,1,0.0032996660495416955,0.9983385681415141,0
5,160,696,5.926492083446911,8.17930900354631e-5,1,-2.13269162862969,0.14793038365904673,0
5,160,697,7.911323315915895,2.0030785081231012e-5,1,0.20535028875452177,0.8948412491328,0
5,160,698,2.8434449793236127,0.0793587737150073,0,-1.5720038010086856,0.3315698603748317,0
5,160,699,6.963417657599769,1.6600769431011862e-5,1,1.1168856585111435,0.4586171964569884,0
5,160,700,4.194968772808924,0.007717073371515255,1,0.0031347166134960895,0.9984071646592276,0
5,160,701,5.183626532879696,0.0022250563671581372,1,0.45648783531820675,0.7843604614342948,0
5,160,702,4.518215053760522,0.00399210586966161,1,-2.6265071536545297,0.11939824940112037,0
5,160,703,4.692749816140404,0.0034212338563305283,1,-0.03827303170752262,0.9805580149998554,0
5,160,704,4.248983037822208,0.004554165510368672,1,-3.9299223778815593,0.0065231185526326094,1
5,160,705,3.080117084385262,0.057845624562910515,0,-0.6944351030343322,0.6699582333101366,0
5,160,706,5.012908002538424,0.00444242095643326,1,2.7398221007398416,0.08422335843506884,0
5,160,707,5.832998607640916,2.1234200706250867e-4,1,-0.7580843536362362,0.6223558069957712,0
5,160,708,6.728547563640889,1.027910260954488e-4,1,-0.6933835897502915,0.6586096208113221,0
5,160,709,4.76940161617533,0.003318275146206648,1,0.12982723075663385,0.9352513335494602,0
5,160,710,5.076786139229453,0.0013766463584864593,1,-1.9677603275924447,0.17542259364759982,0
5,160,711,2.9873516708594665,0.06433671545505332,0,1.3873850696598993,0.37679559558554643,0
5,160,712,8.773692493472662,6.250213174635539e-8,1,2.824425841579109,0.08158474135744079,0
5,160,713,3.506100199745663,0.03169173695133912,1,-3.6173783717849255,0.025426991211823756,1
5,160,714,6.616488379876444,2.4998223384352073e-5,1,3.433042134812595,0.026026551595502587,1
5,160,715,5.4637254001765045,0.00061616346766851435,1,0.44140198833201744,0.7807712155303002,0
5,160,716,4.912842925032144,0.0024405426784419536,1,-0.7324250532248344,0.6475500574902517,0
5,160,717,4.574921624304034,0.002361472117879388,1,-0.06973454135638678,0.9638606414222463,0
5,160,718,7.2329817109664845,4.9055646310203485e-6,1,0.3526611763877618,0.8225466399543626,0
5,160,719,6.525655582268155,4.98390185636554e-5,1,-0.3610057009652487,0.8019776221733387,0
5,160,720,3.278250069572662,0.04516217772008784,1,0.390065762186105,0.7949512739397194,0
5,160,721,5.227195564765898,7.926882232307344e-4,1,-4.038625301173229,0.006721225888756281,1
5,160,722,5.343029614979497,4.42801119411227e-4,1,-1.9099234464235935,0.24078986751850323,0
5,160,723,4.118892902528129,0.020777903484356777,1,-3.0850022923365676,0.053717376943972356,0
5,160,724,3.978390845753619,0.013724675946401031,1,-1.489179576464172,0.3912180024456984,0
5,160,725,6.596678934273462,8.190858460248619e-5,1,-0.09397696379599653,0.9539361800715983,0
5,160,726,2.115931016023203,0.20873120445544407,0,0.3913598828347022,0.7908755498722844,0
5,160,727,3.1858381018161297,0.05711982864683877,0,2.399317697446928,0.1307105630043874,0
5,160,728,3.172392788316732,0.035810621387861744,1,-2.0460698019104755,0.1464460290729089,0
5,160,729,4.621946836018995,0.004355239979399421,1,-0.10849670571557081,0.9476015034610823,0
5,160,730,8.90481125533027,2.350347151413943e-8,1,0.2907499991573235,0.8561961466635746,0
5,160,731,2.976552817258145,0.07743476848439848,0,0.7388721843244319,0.6327111184493122,0
5,160,732,3.609411163396572,0.02556041791065463,1,2.198157396420572,0.12984923423847106,0
5,160,733,4.377201055093305,0.006289055406687056,1,-0.7997980836773789,0.5934623016937572,0
5,160,734,6.236410466271905,7.342463244649243e-5,1,-1.6584582980313185,0.23352127494859662,0
5,160,735,5.565575901355564,6.730151035647415e-4,1,1.8318529567957345,0.2035613888955167,0
5,160,736,4.385912377293502,0.005299225707143913,1,1.9215572076616916,0.23327829701288288,0
5,160,737,5.027454091366886,6.149791048620836e-4,1,-0.1864775281774112,0.9024508373603692,0
5,160,738,5.551828280704473,6.524108420736323e-4,1,1.4108472101824785,0.40629075727495756,0
5,160,739,3.3177381309168283,0.04219140758045347,1,-0.8924866370922995,0.5923307376880419,0
5,160,740,3.2732554334923454,0.0673065133401017,0,1.5265880216222396,0.3630985940886313,0
5,160,741,5.183764328155497,5.995375183681388e-4,1,-5.315162859758179,0.001368065972392117,1
5,160,742,6.231954818473457,7.207916347452107e-5,1,0.40001761413505454,0.805611168719537,0
5,160,743,5.537445273774411,0.0010230997553986251,1,0.6276460977564272,0.6650226830612503,0
5,160,744,4.711075134295332,0.0015021052251867415,1,-0.33331616874099534,0.8423652066625039,0
5,160,745,3.3567242316332813,0.03745369602348789,1,-2.58800466064321,0.12111667521743032,0
5,160,746,4.003398985956393,0.019811794772141247,1,1.521034777264056,0.33241802924730124,0
5,160,747,4.372767155994568,0.00411967842728351,1,0.6755728868428229,0.6646955380846795,0
5,160,748,4.182539815725007,0.005100796722096092,1,-0.3315389162179609,0.834343671332315,0
5,160,749,6.418724379745156,4.3463652525491974e-5,1,0.41629412500782037,0.7954942872959203,0
5,160,750,5.759145453806001,4.7872157385573413e-4,1,-0.3570829660444311,0.8369586350149688,0
5,160,751,4.187298487220182,0.01310640498233657,1,1.5961841593516248,0.3282776964863935,0
5,160,752,4.949293855269516,0.003053434199793955,1,-1.6655020435153571,0.3361647438969584,0
5,160,753,6.8239403877037805,2.566571978458788e-5,1,-0.6462311621432847,0.6903096016114159,0
5,160,754,4.626539367301749,0.001269240418500699,1,-0.8662243078868914,0.5788308301507218,0
5,160,755,3.5074188509127113,0.032469481416206446,1,1.1645517399465872,0.47030548169167163,0
5,160,756,6.363145676257571,5.0430715322198024e-5,1,-0.5984337049976224,0.6969257857931491,0
5,160,757,6.184387360788192,1.2531931504419772e-4,1,0.7528659436072436,0.6358716874476984,0
5,160,758,1.7389389688210464,0.2604326927675472,0,-1.9840535972964908,0.19961183094775647,0
5,160,759,4.180030130554537,0.012537472002749281,1,-0.06309149815863863,0.9661700999360532,0
5,160,760,4.180606668711979,0.010390431104465078,1,-0.30945926018920117,0.8494097554354978,0
5,160,761,4.028660917151874,0.009842303872995652,1,-0.9987831753373576,0.4935021983463517,0
5,160,762,4.517477570649396,0.00419722037186469,1,-0.6256900151723375,0.6803434345757043,0
5,160,763,6.418286186285614,9.912081998442925e-5,1,0.4915844853734715,0.7385615366036056,0
5,160,764,4.409133687456942,0.010782746633601133,1,1.7559948477372669,0.2950029580335725,0
5,160,765,4.615643729494064,0.005138058446273059,1,2.507518932228778,0.0748792052086036,0
5,160,766,5.734422770348772,6.663549717057348e-4,1,-0.3816025860951675,0.8203431524675193,0
5,160,767,5.324908400862027,9.726208315415804e-4,1,-2.1333204995526533,0.1513752632653262,0
5,160,768,4.680835041965445,0.005095448670199475,1,0.41307739425192325,0.8019582438701894,0
5,160,769,4.887055573564839,0.0018546959114302338,1,0.36013805640909446,0.8172706469462709,0
5,160,770,6.599058050877754,9.509865107710185e-6,1,2.9981465402625496,0.06409108288423716,0
5,160,771,1.9941264607047657,0.20852624959557017,0,0.2381439078129009,0.8758504725013516,0
5,160,772,7.20930271573987,1.0692114590556689e-5,1,-0.8988655548562783,0.5929559591750646,0
5,160,773,3.5598994732761047,0.0334826898252521,1,-3.190846847397699,0.061070925495840554,0
5,160,774,7.430635571132148,7.680558554598911e-7,1,0.3807608963083024,0.8095134734600927,0
5,160,775,5.777938657684065,1.2833855547990413e-4,1,0.9047944359498115,0.5534122896444815,0
5,160,776,4.884142603390257,0.0016077110385102563,1,2.785628812106882,0.09088527966780648,0
5,160,777,6.137740827905417,9.555312055247216e-5,1,-0.96223330372365,0.5498977206185718,0
5,160,778,6.462425294244747,9.057886051621081e-6,1,1.779571025301378,0.28164266624356066,0
5,160,779,3.346037741925217,0.044652982596550775,1,0.08630053724294047,0.95907974052087,0
5,160,780,3.273620543583104,0.048212055672967324,1,-2.363797292816271,0.10204802498585305,0
5,160,781,3.4960957663141383,0.025477188893056894,1,-1.2035407458807255,0.39456631430723155,0
5,160,782,4.5964043810525785,0.001489070739906692,1,2.4409910045309564,0.15441368020700133,0
5,160,783,7.426288977218943,9.943789405103522e-6,1,2.382884056257776,0.17106494742362177,0
5,160,784,6.851519728262106,1.2469660434912919e-4,1,-1.2334466937748392,0.42839507517072395,0
5,160,785,4.78850288952398,0.0015881194308460566,1,0.3749169019483806,0.8076904434472768,0
5,160,786,7.231946605749895,9.470212327365309e-6,1,1.2347244072425783,0.4632327802211046,0
5,160,787,4.391301234909494,0.005118277123519658,1,-0.3862781090310963,0.7979846852273688,0
5,160,788,3.711194920675478,0.02042970283041469,1,0.10865464020303275,0.9465449882178638,0
5,160,789,8.227310673511793,3.744768050143162e-7,1,1.8236210349289015,0.26348466600605086,0
5,160,790,2.7676857537728154,0.08184957903261873,0,1.288667298851567,0.4426002877256886,0
5,160,791,6.17942271202485,3.9653028622483905e-4,1,3.547124214501418,0.02317241471272722,1
5,160,792,5.127639188266494,6.413059766648513e-4,1,-0.15928157497980652,0.9211951553816639,0
5,160,793,5.074204466557213,0.0013948921755376916,1,0.6678953709386681,0.6962744003431394,0
5,160,794,6.2611467909567935,9.251149775558818e-5,1,-1.713588225593614,0.31046382343913753,0
5,160,795,5.864063494890431,5.684086796767266e-4,1,-1.0046404184259932,0.5184823964855341,0
5,160,796,5.39685322075747,5.061109051099247e-4,1,-3.000867475636706,0.04408435897653392,1
5,160,797,3.309791384565045,0.019772314973109866,1,0.6183711718174626,0.6880452186316255,0
5,160,798,4.788773647897041,0.0024177351346411145,1,0.9732079292963829,0.5275310161258664,0
5,160,799,6.923134800149684,1.5642524851745929e-6,1,-0.19090855545695978,0.9011191391378037,0
5,160,800,5.038339629734368,0.002092032486686305,1,3.191765249589459,0.03718863346156421,1
5,160,801,3.5332603688463973,0.04825135155251828,1,-1.6099472335559455,0.26103277994456225,0
5,160,802,5.074306038872675,0.0011078833407262897,1,-2.0285845259871356,0.2477114887200996,0
5,160,803,6.620559126761678,1.3384040761707514e-4,1,0.6820441178382469,0.6711438130324585,0
5,160,804,3.7747642173282085,0.013275152820822745,1,-0.133799638439318,0.9297363265482055,0
5,160,805,4.5102612353901375,0.00200930988254363,1,-1.7380220256526764,0.3236228264875123,0
5,160,806,6.159308996055735,3.821753320180229e-5,1,2.1936748853233285,0.17212638537617475,0
5,160,807,3.794462546238202,0.013563363457979887,1,0.7994292773470254,0.63150451041619,0
5,160,808,3.7745077020167193,0.011343759286859535,1,0.24986879782654273,0.8782823131560281,0
5,160,809,4.909823191379328,0.0013125548167189178,1,0.002119068469461472,0.9990232214524539,0
5,160,810,1.4504458251095929,0.34828413358550137,0,-0.8416107441262111,0.6243917443793086,0
5,160,811,5.624114570495679,7.536343412213086e-4,1,-1.444870541002847,0.3438004599697603,0
5,160,812,8.09524183839067,1.7725815148579513e-7,1,-3.160646156076616,0.04684609072987443,1
5,160,813,6.51598574795063,3.0379340971145082e-5,1,-1.0854650978164133,0.49807242311371547,0
5,160,814,3.6780423914094462,0.02379094516935065,1,-1.3002804773038914,0.46897081193740575,0
5,160,815,4.635443887570286,0.003167310597443491,1,-1.8346164812996122,0.25529184604024385,0
5,160,816,2.17842554283111,0.16675467923250942,0,-0.2530599897306008,0.8693547492425748,0
5,160,817,4.7627541108930975,0.0016752203151196995,1,-1.2039818109915301,0.43402484747118286,0
5,160,818,3.1320560668894126,0.047583385448726506,1,0.7994149785400224,0.5684685555652995,0
5,160,819,5.125637917744106,0.003645116421363425,1,4.3238786828833025,0.013320064550026066,1
5,160,820,2.3015328726452786,0.110235917491313,0,-0.7080548630518204,0.6616824019496526,0
5,160,821,4.9087892361405165,0.001956855367440629,1,0.8537548037161004,0.6055305558427178,0
5,160,822,4.671972998204783,0.006795516867644347,1,-1.2915948298899704,0.42274967151872866,0
5,160,823,5.383248387662364,0.0012877084026326456,1,-0.7589985195120709,0.6463225442317904,0
5,160,824,5.805698983222502,6.560608958744719e-4,1,0.7176557051275531,0.6451801365419316,0
5,160,825,5.086055412693924,0.00161298835655329,1,-1.0276037777388207,0.5303929793654613,0
5,160,826,6.681433130297676,4.357696734504364e-5,1,-2.2635248520822158,0.1492027630357077,0
5,160,827,5.96131734507475,6.080369188966983e-4,1,-3.2455203980724425,0.029813516809106825,1
5,160,828,6.743175535483099,1.1786578397269856e-4,1,0.4039154244421403,0.7857618183742856,0
5,160,829,6.365988953748932,1.0949130156963786e-4,1,3.616722614051449,0.028660948534475688,1
5,160,830,4.824347419007016,0.002610679713803756,1,0.25826358745010397,0.8583747777538824,0
5,160,831,6.693075323780185,4.203483779860766e-5,1,4.654444749640728,0.0068726458866998,1
5,160,832,4.449656752246202,0.007466330212037084,1,-1.4985465689918633,0.37450760481459844,0
5,160,833,3.9198894650989486,0.005987490220955309,1,-0.7943811078169732,0.5854081775219462,0
5,160,834,5.56382948773047,2.708320849281762e-4,1,2.3610219204827563,0.13649970081168386,0
5,160,835,2.371710454165094,0.1243153491316605,0,-0.11463879262622008,0.9424139474251022,0
5,160,836,4.171560831532422,0.009535841984600418,1,-1.6162241290075485,0.30337286774274097,0
5,160,837,2.2379873470390805,0.14994738133145744,0,-0.16887038648093383,0.9098533398568931,0
5,160,838,6.5187036742021105,2.8779122942831697e-4,1,-1.3680956055251614,0.348945679441785,0
5,160,839,7.015954746739051,3.255787839055368e-5,1,-1.6327448313397586,0.2827835507483457,0
5,160,840,4.747279081194531,0.004273308430047881,1,2.223557931288532,0.16425756257853805,0
5,160,841,4.749294901671882,0.0019953267207087557,1,0.2641185725413884,0.8590706952063719,0
5,160,842,3.9144290959180834,0.00485151396754591,1,2.9584306334954187,0.049723503076805224,1
5,160,843,6.67559779887901,6.246108539338818e-6,1,-0.19287926294616334,0.9016432233259031,0
5,160,844,1.9359070466081096,0.2375219156325435,0,0.24000177159408737,0.8774671393780631,0
5,160,845,3.140264875916791,0.06734298966917192,0,-0.17669692318125962,0.9116601116073638,0
5,160,846,4.561672407073128,0.0034900035146306916,1,-0.3942904417663268,0.798186317603466,0
5,160,847,5.899565401356822,3.3241366327878134e-4,1,0.43440264413872437,0.7886995894236054,0
5,160,848,6.471519401544485,1.491432226660013e-4,1,-1.5157193384149208,0.33186081659653754,0
5,160,849,8.191932562447745,2.2782624380906176e-7,1,0.08407878575554038,0.9572882185184179,0
5,160,850,6.255537323772318,7.53687888953677e-5,1,1.2571857746627368,0.425009819432394,0
5,160,851,6.191537490236444,9.316682866838923e-5,1,3.2123814573405385,0.046307809954900844,1
5,160,852,6.012767954424058,8.461099260594783e-5,1,0.9232369801949989,0.5461961555543701,0
5,160,853,2.6946806774115273,0.0438122229927033,1,-1.965113210383799,0.20248612724712203,0
5,160,854,4.429202424145573,0.004704263223169949,1,-2.9744632286896517,0.04431479024296528,1
5,160,855,5.861275659914077,4.5658163252110647e-4,1,0.4973702618094003,0.7490201135228698,0
5,160,856,3.7747132585375196,0.02937183457808953,1,5.542689282898913,0.0011828526487063437,1
5,160,857,9.076001342571864,3.0019796103512616e-8,1,-0.684104971567907,0.6454587835679714,0
5,160,858,4.979340230592759,0.0027437926005749133,1,0.15214860776042788,0.9221006508400462,0
5,160,859,4.700300174153169,0.006311715341621327,1,-0.6839091929276626,0.666127367252175,0
5,160,860,6.838796800928126,8.178729991018394e-5,1,0.39482259002628767,0.792456907234016,0
5,160,861,3.723645394647772,0.028406188624814012,1,0.46311462272997206,0.7721297358365743,0
5,160,862,4.895059442990274,0.005892873034276875,1,0.27063560153823973,0.8710968617507463,0
5,160,863,5.557770892027203,3.561631715937917e-4,1,-0.5849650928302518,0.7006178275595765,0
5,160,864,4.4783564322017595,0.0063967838108954156,1,0.6098187884642229,0.6996238898609963,0
5,160,865,4.607531303910071,0.010326519482896325,1,-0.9437971358426905,0.5375505780752936,0
5,160,866,3.5636560975126828,0.027321306085967577,1,-1.7284709441699244,0.28116538037360644,0
5,160,867,3.056862767209363,0.0359317306760808,1,-0.36991230010693105,0.834225572976667,0
5,160,868,4.301120816980563,0.005536006760715875,1,1.7905946403190445,0.2777630420326364,0
5,160,869,2.8047165140067336,0.08675400241295654,0,-0.09238971513546279,0.9571180635222957,0
5,160,870,4.949499114344076,0.0019755614805940756,1,1.877865507603856,0.22447927081574143,0
5,160,871,4.308379406639094,0.009025648436988748,1,1.541590446152621,0.2790907453560647,0
5,160,872,3.6528970234201807,0.016112145373359303,1,-1.2329945479784608,0.4395972475028582,0
5,160,873,4.905564379277116,0.002962484687526137,1,0.7518468019849338,0.6288738958529219,0
5,160,874,4.4364585623168225,0.008924138939486547,1,-0.5381008088060952,0.726320751903559,0
5,160,875,5.026306726483724,9.274929707865079e-4,1,1.2337469331068618,0.4454725099700315,0
5,160,876,1.0425414697976687,0.53412923230845,0,-1.915228905694837,0.18397307585204448,0
5,160,877,3.496915698223377,0.025094064788030335,1,2.0547660439823634,0.15645018140148176,0
5,160,878,6.671140814854434,3.2417906954075445e-5,1,2.18583030289215,0.17313319091917545,0
5,160,879,7.4711664556761495,2.7898725268659233e-5,1,0.15449833285850312,0.921790516600614,0
5,160,880,3.5804317730278243,0.015581811586351838,1,0.823500854296626,0.5603914047307353,0
5,160,881,4.19770595575262,0.006846683630961127,1,0.2825707124563637,0.8602889619680749,0
5,160,882,2.6483248964678348,0.09268899680610522,0,0.591024681083751,0.7230453810980075,0
5,160,883,6.625147997476626,5.939386188116342e-5,1,-0.2028729695486328,0.8966713077778217,0
5,160,884,3.7522896106570953,0.02727955272056059,1,1.7337994794585394,0.28287895378348005,0
5,160,885,4.087713703261414,0.0076062115940719426,1,-0.6606060544283814,0.6416682251668127,0
5,160,886,5.470184494649708,6.963928760501703e-4,1,-0.6644557274405913,0.6857631166729039,0
5,160,887,4.9001920141444835,0.00424680135348606,1,0.5517505501968378,0.7306586166824935,0
5,160,888,3.6486329852309054,0.026519036079211772,1,-2.8667044550204457,0.0703762874648675,0
5,160,889,2.3628076811282837,0.1337379748241824,0,-1.5074927134816472,0.34394307314216865,0
5,160,890,5.825344407640918,5.35602817934763e-4,1,-1.3715119649391634,0.38453630707089226,0
5,160,891,5.456261480185288,8.591073738756666e-4,1,0.8161975799871645,0.6060965664971247,0
5,160,892,4.369486380755202,0.015215683023080734,1,0.9329449581211732,0.5369150782995946,0
5,160,893,5.366452177093534,0.002296712624791202,1,0.8857027668213499,0.5838619944634797,0
5,160,894,5.706779315277055,8.976491060766443e-4,1,-1.1030844794450452,0.4896413823153901,0
5,160,895,2.0603999897316987,0.18682681799470027,0,0.2898229291439301,0.8625231108545464,0
5,160,896,3.4044284210112292,0.041810898111862706,1,-1.5911654962187698,0.3141129468615984,0
5,160,897,6.9523810045233825,9.05175302169529e-5,1,0.5060043104669355,0.7614532356723055,0
5,160,898,7.154541157227599,1.659834049013124e-5,1,1.5747234019438332,0.29971424171962174,0
5,160,899,4.037349784253176,0.009918914542886178,1,-0.05713193763095336,0.9702665514056954,0
5,160,900,5.1546438893174615,0.0024351246073467964,1,-1.5966226167148032,0.36062515300595643,0
5,160,901,4.093940812403828,0.010069724960702216,1,0.8643521803629909,0.591216866035816,0
5,160,902,5.953863357000705,4.0411534164791723e-4,1,0.261162078589735,0.8592053192875276,0
5,160,903,7.320807816810921,3.878850935357714e-6,1,-0.0437950944373393,0.979206976742298,0
5,160,904,5.135709063350536,0.0020443934127380658,1,1.6396967558382955,0.336146053526698,0
5,160,905,4.223253519315355,0.013266683522203563,1,-0.10640570919530022,0.9471500380893894,0
5,160,906,6.998323130932357,1.3014146348237749e-5,1,-0.39929479006407576,0.8089966773572868,0
5,160,907,6.381150883433747,1.085817739088008e-4,1,-0.27226898686880535,0.8594989890934641,0
5,160,908,5.735206175389027,0.0011104806706312253,1,0.3796704861524589,0.8097695528075999,0
5,160,909,6.994692232089966,2.5913112037588978e-5,1,-2.1454775100939383,0.17431017542774255,0
5,160,910,4.723503828415952,0.0033908509846286876,1,0.4021345609113319,0.804123333695989,0
5,160,911,3.3380592813753682,0.054176204180321694,0,0.7212529980332882,0.6655321324338043,0
5,160,912,7.0237311451513555,2.8536051277119418e-5,1,-1.1850468213746628,0.40066783831285346,0
5,160,913,6.6050388612390725,1.7093723989724902e-5,1,0.0508998363202972,0.9765922896212287,0
5,160,914,4.849794905927028,0.0017302178022732932,1,1.256534010632411,0.4317978772572948,0
5,160,915,4.427305180322236,0.002565418541258464,1,-1.2966660713466078,0.42618120241939417,0
5,160,916,6.659616967473314,1.8125167676095783e-5,1,0.6508783255839627,0.6716177549591908,0
5,160,917,3.5216643444106577,0.03098711424294512,1,1.0827066871740536,0.5087849490741851,0
5,160,918,4.350914807412025,0.011446840623955228,1,1.1604677705430795,0.4674881452748939,0
5,160,919,5.582270090306102,4.251576154776051e-4,1,-3.4181475231312395,0.03569105569371523,1
5,160,920,6.053105254075711,2.4957933795542844e-4,1,1.4034512507164056,0.40450586912886377,0
5,160,921,6.646475002742391,7.536489063957815e-5,1,-1.8567822789471407,0.25003254022469895,0
5,160,922,5.59883558003766,0.0017569501357585933,1,1.1960465002274214,0.4608736483500956,0
5,160,923,5.540868813624087,0.0019806218912949603,1,-1.4154462730962076,0.3649745897773914,0
5,160,924,4.03177548135719,0.010837305487660214,1,-0.06783800219839328,0.9642021024562373,0
5,160,925,6.374669487751209,1.408627672387265e-4,1,-1.4670697871403486,0.33059489124463626,0
5,160,926,6.4467097212630735,1.0938858698985129e-4,1,-0.7853567543968635,0.6065220180352264,0
5,160,927,5.469316711153222,4.2196019606557326e-4,1,0.29706076970619305,0.8664699348412971,0
5,160,928,5.5860701004418285,4.0434362399885106e-4,1,1.8258788037436482,0.23115376774693697,0
5,160,929,6.40744069641395,1.6859059709899905e-4,1,1.6093333608921054,0.330288399682648,0
5,160,930,5.872762600431822,1.4222528104410279e-4,1,0.06846343475050988,0.9659343571182439,0
5,160,931,7.706459922710794,6.729462824841661e-7,1,-0.46588410250187495,0.755572422461304,0
5,160,932,7.6845500451398,3.55330363931241e-6,1,0.1834352211249513,0.9060301310494019,0
5,160,933,6.716497934785656,3.0009414154350483e-6,1,2.4667502889443615,0.06612701358443968,0
5,160,934,4.165753959203483,0.007367641190353665,1,-0.8447499944327076,0.5795231270574389,0
5,160,935,1.1758029293613244,0.45671554203281417,0,-0.0592856349644186,0.9702906446950811,0
5,160,936,3.401085765867602,0.03432776529371269,1,0.4527638504760238,0.7793976996573013,0
5,160,937,5.865177153692369,3.328163291411128e-4,1,1.047506255562515,0.5210948335704009,0
5,160,938,-0.8515768473675888,0.5799145043820672,0,2.8160023771118743,0.0735121782478696,0
5,160,939,6.033685794103512,2.8692787271821456e-4,1,1.910681332746401,0.17811370478023902,0
5,160,940,5.175603284600596,9.479161714689661e-4,1,-0.6966812921468689,0.6676270112915463,0
5,160,941,4.866596289650191,0.002297984423450509,1,2.0782012687668243,0.17312863734336234,0
5,160,942,3.2244002719629017,0.026885785807811834,1,1.5541311698259284,0.343638859764375,0
5,160,943,3.981209010453519,0.009635202620473435,1,0.44583538235430764,0.7705611798438095,0
5,160,944,4.3286125961947315,0.004545921472801584,1,2.7008043543598688,0.11381207474379083,0
5,160,945,5.696907361497937,4.4172907603472693e-4,1,-0.01213716943483734,0.9939974528081534,0
5,160,946,5.675853397763994,0.0012642000083106914,1,1.3939294793736556,0.3840612458189948,0
5,160,947,4.221754351820869,0.01262521100693037,1,-1.4145757106552985,0.3930982325160357,0
5,160,948,2.2652540144764823,0.16777193722366726,0,3.1410482627240213,0.04080413850359763,1
5,160,949,4.171497078262186,0.014771044344919071,1,-1.4486210348604365,0.32056678306273373,0
5,160,950,5.670891688811142,2.0583442832686216e-4,1,1.111314896615812,0.4432893886010666,0
5,160,951,4.870693048976806,0.0023504715868069423,1,-0.7427891038170611,0.6434597710164486,0
5,160,952,2.9215443901436586,0.06865373669905019,0,-0.46212146711346536,0.7684328009832126,0
5,160,953,6.23324245382692,1.6041937888929868e-4,1,1.2790117448480607,0.42338930590999824,0
5,160,954,6.167742960496825,4.3683655012544917e-4,1,0.4783385544040551,0.7638852134405523,0
5,160,955,2.3482783936062375,0.14927052933183702,0,-1.5767687984277399,0.36121281807765426,0
5,160,956,4.416124498159883,0.010749112231526288,1,0.3899153515913351,0.8138483666936038,0
5,160,957,5.075043925914793,8.68191631733904e-4,1,-0.9695313249152989,0.5533050895463221,0
5,160,958,4.8568093464290785,0.0016652422510360172,1,-0.4914666710107203,0.7365569011784415,0
5,160,959,5.138473263139492,0.0011355604137504205,1,-4.00623683624262,0.012604308253683267,1
5,160,960,8.446640238551923,4.220995263790611e-7,1,-0.6553255075080499,0.6859631472901517,0
5,160,961,6.36424263514632,1.599573942783239e-4,1,-0.7936055228221232,0.6497426873113508,0
5,160,962,4.5677881258960715,0.007481275672081643,1,0.3943776529340564,0.7985557482157164,0
5,160,963,2.814804513901967,0.051367686533538175,0,0.37579751433811825,0.8141706519632705,0
5,160,964,3.539951343520042,0.019884802902429475,1,0.13597911931695933,0.9296753020912119,0
5,160,965,4.353425913361688,0.003980824895031356,1,-0.06605082087337921,0.9660728523119488,0
5,160,966,6.417420593586412,2.312786218772471e-5,1,-0.7257282318047283,0.6120172992571936,0
5,160,967,5.901458893758373,4.953992344873e-4,1,-1.7868350524426617,0.24330217468853463,0
5,160,968,5.923761449197961,3.7949275876822e-4,1,0.9726902833819897,0.5135673207890341,0
5,160,969,0.28614037330946246,0.8615146916825338,0,0.4352910336139702,0.7748291962343244,0
5,160,970,5.613726418047814,1.5418751569615472e-4,1,-0.23120759828719653,0.891504654620238,0
5,160,971,6.9771687001859215,1.4007329385953114e-5,1,0.5238643583493025,0.7464719556768966,0
5,160,972,5.282791824980487,0.0030534312451701473,1,0.2719299628191483,0.8714410318383984,0
5,160,973,5.420526187212716,3.542069458781058e-4,1,1.7218013214564472,0.2884989959027226,0
5,160,974,7.103998275610651,6.029422842203653e-6,1,2.519692625644073,0.09097520587879333,0
5,160,975,2.1857998905425413,0.1944485942784962,0,-2.203920297033174,0.1246102205510348,0
5,160,976,5.624881359590438,4.8590853877607997e-4,1,-0.03858045559771218,0.9802229498800336,0
5,160,977,6.941127916040066,1.570214927907811e-5,1,-1.86363923921167,0.2221631211019248,0
5,160,978,5.4172951135601934,0.0011591761739394631,1,-2.951132417219869,0.0424102808882113,1
5,160,979,5.823220515703829,1.964014946681349e-4,1,2.67249596404922,0.11628106846355551,0
5,160,980,3.8913909919005585,0.013904475777865178,1,-2.1781568649570215,0.14900701770140895,0
5,160,981,3.219879424559563,0.03794164104400368,1,1.6885396621087863,0.2707248167283108,0
5,160,982,8.11519861269079,1.6699539450845631e-6,1,1.9776311583419455,0.2957354403293015,0
5,160,983,4.830025593691983,0.006388516434989109,1,3.133523103797936,0.06612518389956039,0
5,160,984,6.668356774005321,6.553519798239116e-5,1,-0.052073304724090046,0.9728609125790071,0
5,160,985,3.7645961014627622,0.02551593380833699,1,-1.4283542876726063,0.4394796222131483,0
5,160,986,5.175576505817523,9.90889096555621e-4,1,2.6936196482579993,0.07590322656384411,0
5,160,987,5.44137827123666,0.0013113350501802576,1,1.848169483756159,0.2713512717256678,0
5,160,988,6.848508035875298,3.1259537970189385e-5,1,1.4305593025059065,0.3613459344523471,0
5,160,989,6.165663581667001,1.0604526192852152e-4,1,0.5597783928157808,0.722702018223966,0
5,160,990,4.205976938850308,0.00976300567485721,1,-1.9225304873916715,0.21677394787766807,0
5,160,991,3.0648102014319587,0.03944822408564113,1,-1.262545633608825,0.3855102391707663,0
5,160,992,2.276294531868064,0.136221399904146,0,-0.28351046485551906,0.8519950781196061,0
5,160,993,5.133062601673064,7.517712859309887e-4,1,1.117083744130347,0.4649250874321388,0
5,160,994,5.2524481678043315,8.458999250404958e-4,1,0.958090081845768,0.5743606958541148,0
5,160,995,1.819772011509267,0.21117638258221488,0,-3.7406320754572424,0.021951470101838448,1
5,160,996,7.842714545318632,3.2172123431934376e-6,1,0.6473583253516809,0.6813964008392248,0
5,160,997,3.773616143300827,0.018381133265204703,1,-2.6057910882567508,0.10432932497933264,0
5,160,998,4.1452776246263365,0.005713592023883498,1,0.7116347212169125,0.6448023596351234,0
5,160,999,3.0930368759094957,0.05724744052446534,0,-1.2073048649344196,0.43282479538789,0
5,160,1000,5.4748381425980535,0.002306105573054224,1,-0.7849952347559285,0.6160812895768589,0
