b,n,n_sim,model_b,model_p,model_sig,null_b,null_p,null_sig
5,40,1,6.851130618541063,0.09010542144107682,0,-3.183160584823682,0.630271516382374,0
5,40,2,-7.911471661779672,0.2805245998924919,0,-6.431065751252419,0.26015596850408684,0
5,40,3,7.730745135552979,0.1727931823565392,0,-3.2560773068774864,0.4978697423524918,0
5,40,4,-0.2993600800641474,0.9750551979316974,0,0.873293975826769,0.8628313541891449,0
5,40,5,3.44885847868116,0.5790913038451049,0,-2.138460346855794,0.6467795392915141,0
5,40,6,15.072044673008293,0.055148289927742324,0,-2.5239289555235445,0.7752348071365985,0
5,40,7,16.05153295280836,0.007096840786614139,1,16.010918183059417,0.015988440885224595,1
5,40,8,2.0354175450870997,0.6772928992647355,0,-12.473391692635076,0.05553723470227285,0
5,40,9,3.5717690334771675,0.6260771608090769,0,-2.0696751342466513,0.725487776786704,0
5,40,10,8.95179891743706,0.12552410090787203,0,-2.232607646945624,0.7588099995232015,0
5,40,11,1.2554699970860241,0.8872158304757378,0,12.342087852462711,0.11561345921889662,0
5,40,12,10.57329766846,0.25506422440906257,0,1.8632190016717232,0.5880360707474146,0
5,40,13,4.27245894322445,0.5876503306819308,0,-2.364491781643352,0.7581700452330568,0
5,40,14,-1.8358884592320095,0.7235409896646074,0,-0.20588884719251155,0.9818395240968623,0
5,40,15,1.3191183738940992,0.7683347302762046,0,-13.619020618020329,0.017137174816086162,1
5,40,16,7.076734460920491,0.21289843269487482,0,2.7672383224859516,0.6157249597204294,0
5,40,17,8.836665273667478,0.12352099638026667,0,6.792634384982733,0.2983192504508054,0
5,40,18,-4.727181287083766,0.46873439285395935,0,2.824511387974468,0.43206703703827287,0
5,40,19,4.512936461465742,0.3783004231932815,0,-11.603472660704824,0.15177427225629578,0
5,40,20,8.541669083898313,0.3566453522993187,0,10.311064347454476,0.17998118464855103,0
5,40,21,7.80356810976744,0.29071531655686295,0,2.546109437358041,0.6378641939887912,0
5,40,22,11.939933137934588,0.01463617830209996,1,-4.107562856841838,0.6237970219219676,0
5,40,23,-4.1457240227634315,0.5646310039336866,0,-0.8381025212045898,0.9180993408165369,0
5,40,24,9.009613523337208,0.22789957707970013,0,-5.4574533429898935,0.523163348617036,0
5,40,25,-1.6862417472281663,0.768946286747894,0,-2.224473023114868,0.706833287078205,0
5,40,26,-0.820816110766259,0.9138531597305478,0,-11.47863287909017,0.10305093104486512,0
5,40,27,0.9390129566053815,0.9120158171346695,0,5.460648280483241,0.5478696903519875,0
5,40,28,1.9522797650526513,0.7744488204859784,0,-12.932398789164282,0.06312104962570685,0
5,40,29,1.3884321842649712,0.85877290142406,0,-2.519919455861995,0.7304442791479169,0
5,40,30,13.236915313148629,0.009936481137411086,1,-0.10794812196088799,0.979517774723698,0
5,40,31,9.627366133378118,0.2213291219533476,0,4.260380743440848,0.24949872954445465,0
5,40,32,8.285096686858722,0.2524371989878114,0,-4.75042612346401,0.4162118671960686,0
5,40,33,7.007202091956827,0.30372068518452316,0,0.2633589141199053,0.9664454019826854,0
5,40,34,5.29455950221768,0.4960594348148196,0,2.7936377341361407,0.6156168168996032,0
5,40,35,-6.24783731429703,0.4377028734784142,0,0.830564500673276,0.9115875266403723,0
5,40,36,2.7357486885954927,0.6865443685280979,0,-6.022442120410517,0.3021702450020873,0
5,40,37,8.49210581530167,0.13104396512235647,0,-7.020359779756902,0.21517333464661853,0
5,40,38,9.881608947438124,0.1615493302612635,0,2.9355320013845017,0.6049189477395992,0
5,40,39,11.432097204801593,0.09705138992495127,0,-14.136641733618049,0.011088478061586408,1
5,40,40,3.280634843360289,0.6189585852089328,0,1.496245926007262,0.8243307695360087,0
5,40,41,-2.128917654552467,0.7202275324351263,0,1.3479877152418709,0.759023220468057,0
5,40,42,14.316644039421647,0.018795535939525106,1,-4.029564207173735,0.45627685378057725,0
5,40,43,8.617085305074326,0.11251874702736918,0,-3.9233700220614764,0.40502753094098864,0
5,40,44,3.4471916205600763,0.5863813786626244,0,0.42154094400673614,0.9327583545915485,0
5,40,45,5.881659028875561,0.47379220635619657,0,7.4871335408399204,0.2825777553286428,0
5,40,46,10.408276045794992,0.12845651945152325,0,-3.25489244804146,0.5920812446330422,0
5,40,47,21.344293275092298,2.979659671210021e-4,1,0.33203082261356087,0.9589624508902557,0
5,40,48,7.721471504988699,0.30798692798269467,0,-2.735880803312483,0.659036583103694,0
5,40,49,1.2924496968656172,0.791437134907796,0,4.000196589289331,0.5578462027100801,0
5,40,50,-4.643811296395597,0.6348326308464765,0,-12.491996982040504,0.07267653837317364,0
5,40,51,-9.800143061565734,0.13769546073856676,0,-8.076260918610828,0.4234327967632179,0
5,40,52,11.399023504548992,0.10640234952909944,0,-2.4004777307263225,0.647347089875225,0
5,40,53,11.502722749546649,0.024328649008661316,1,-1.2278931546487115,0.8832369045185352,0
5,40,54,0.2304148941196047,0.972892405754356,0,-6.6626467109722824,0.37034796233042044,0
5,40,55,-8.411126399178798,0.1747106494560618,0,-7.891655191759455,0.18405710337157058,0
5,40,56,17.041106156032427,2.755199313643115e-4,1,9.498313308420592,0.3116654474809111,0
5,40,57,5.401104628576789,0.4216885732740717,0,-7.417034663523367,0.17634502865723367,0
5,40,58,5.240634618896834,0.3242007655071768,0,3.7481983406745485,0.6361036984756923,0
5,40,59,8.209835140712983,0.1218118859858077,0,3.9485214397277844,0.56360251144275475,0
5,40,60,-0.38700417126683817,0.9617181465104304,0,-1.0959847034905579,0.8593766896929105,0
5,40,61,6.705834345652292,0.2693639973534821,0,-9.419061358932524,0.09544771347879205,0
5,40,62,8.96139362610181,0.1680495859823462,0,-4.4452472496117394,0.30560617363235004,0
5,40,63,2.4451714858204525,0.7078160713851608,0,-6.4810774734843335,0.14279370940289046,0
5,40,64,0.16247988348861497,0.9764758634375118,0,-5.918935184125303,0.5361764850822794,0
5,40,65,5.1971397494961735,0.31526597248479177,0,5.59418707931971,0.4240924215518298,0
5,40,66,6.05587685111071,0.4388217833625254,0,0.2527487922024392,0.9756886861852363,0
5,40,67,3.1177115310366617,0.5784360132961153,0,-6.262083916074303,0.3900897163636896,0
5,40,68,3.0183096387972483,0.6476965930465274,0,0.08536057905925531,0.9876253196707336,0
5,40,69,15.126029112375036,0.0022017524095163535,1,9.065939107913863,0.21250605219477753,0
5,40,70,3.7933027745744283,0.47491507931611654,0,-6.796197841910143,0.3795181107567802,0
5,40,71,-2.486991825843731,0.7488440505132842,0,2.2353258243140317,0.813016877033762,0
5,40,72,2.9695017468240508,0.6153093674379695,0,3.6882065505964476,0.5675307040572242,0
5,40,73,9.750725025970638,0.11320898232758207,0,-0.4984013819378106,0.936596570998468,0
5,40,74,11.853037039820691,0.12559664315279567,0,0.43997526232600137,0.9405985185606356,0
5,40,75,6.63016745690345,0.21640775027626735,0,3.613639080930227,0.5070707610254938,0
5,40,76,6.431889395843825,0.3868364567942556,0,1.819989944966835,0.7905793594377237,0
5,40,77,1.6146979096018015,0.7863545123373545,0,4.155948880167003,0.28694632790173835,0
5,40,78,13.222346356447545,0.02965280116380375,1,7.697051494016804,0.2767344042135409,0
5,40,79,3.676266419056688,0.5773816463367418,0,4.8039517771380815,0.41338653834708805,0
5,40,80,8.940050488500518,0.13248587110445129,0,-3.861569161946761,0.6222045783795426,0
5,40,81,12.999395710584992,0.07250743772342821,0,-9.628584553568174,0.09211195600690104,0
5,40,82,7.440338756571862,0.25764285754355115,0,2.980881534464345,0.6113034335866181,0
5,40,83,-4.113171348321586,0.5977533354807573,0,4.271760168256762,0.44170338458932523,0
5,40,84,-10.396073923296385,0.19576851702967688,0,0.061769376060041736,0.9940708380728063,0
5,40,85,-0.747160665797054,0.8715184312014632,0,2.810942433221882,0.7047223192773602,0
5,40,86,9.328398408800723,0.2595646212843713,0,-7.044230798225556,0.37199059175121496,0
5,40,87,8.820005682813147,0.2601053902429322,0,-7.211209161217269,0.16783269692636055,0
5,40,88,-2.113907453073324,0.6549091841762374,0,-1.5451751071307456,0.7871831013121258,0
5,40,89,7.863062580940948,0.317437107436396,0,11.591848627078349,0.0770920631656326,0
5,40,90,3.295593326633707,0.5821709387601992,0,8.42929737995216,0.08359270836859878,0
5,40,91,12.497865909913187,0.14718498765000118,0,3.0880690127040964,0.6625474697535412,0
5,40,92,12.201770963691857,0.0743355405486407,0,-0.45166326716305605,0.9490187493247777,0
5,40,93,9.084102761050843,0.060959301807943435,0,5.930348709282583,0.3020084208953463,0
5,40,94,-6.183587374238684,0.2933200741177884,0,-4.7244886093130845,0.5471446971150162,0
5,40,95,11.017507861735993,0.14284019774533105,0,6.50454656308176,0.3849342891213905,0
5,40,96,-9.330738738106362,0.12067813373558778,0,-9.774101444541273,0.20613525093009305,0
5,40,97,6.09473945936449,0.4493601345671928,0,4.270679291379281,0.46014198120062166,0
5,40,98,4.253055307769216,0.44358100660462907,0,-6.119223554665751,0.39481879339678694,0
5,40,99,6.437043227794845,0.3993369463117866,0,0.2483884768226119,0.9718568897321227,0
5,40,100,15.16907500179218,0.031313515966418695,1,-8.909971666119887,0.2497038530766562,0
5,40,101,-2.757404199141149,0.7903439845177493,0,-10.584032027063586,0.07440064547127963,0
5,40,102,11.640072823403187,0.0738990013451533,0,-8.464059075281071,0.2578773126507914,0
5,40,103,0.7721169298107924,0.8629175190366423,0,-7.498451326581943,0.3099789192584692,0
5,40,104,-2.51858252748859,0.6727270649456669,0,1.0040302267931906,0.8652185274704796,0
5,40,105,15.375536342666763,0.02519985367947521,1,-0.7548840662917087,0.9171854981376867,0
5,40,106,-5.799295372227633,0.34521996870257643,0,11.605315564145187,0.09297276258684255,0
5,40,107,19.7376651797739,0.03436176726979193,1,2.023926417234634,0.6447527383067562,0
5,40,108,12.91616688814996,0.060902518945746276,0,-0.18517608918519102,0.9802337189702706,0
5,40,109,-1.7986376325492017,0.7482975612542122,0,3.0485660651605144,0.4852353440463796,0
5,40,110,17.2055961126391,0.011499701074844845,1,-0.07960869832535877,0.9894383646708562,0
5,40,111,7.65867008478773,0.3516551912953989,0,1.9255817032289144,0.747884329317086,0
5,40,112,-0.7192726457031142,0.9048493506834254,0,8.495314966609442,0.1483642401143414,0
5,40,113,4.0480917175339926,0.5393349183987695,0,7.930640809355523,0.23616541038854902,0
5,40,114,4.228324452587017,0.38860264519087395,0,-8.547363544650452,0.2405005532043283,0
5,40,115,5.239096786721603,0.28628819127474214,0,0.7125625451001696,0.9197895661488761,0
5,40,116,5.622722433128885,0.3601380926712141,0,13.91859885755899,0.03630454145585308,1
5,40,117,11.935500533401026,0.03865357149092661,1,-4.049962272242382,0.6099346756893196,0
5,40,118,16.55886568948776,0.002517933975696333,1,-7.788755613952247,0.20917962266392848,0
5,40,119,4.494964843553589,0.49973397353628635,0,-3.1280558593277448,0.7639685410567533,0
5,40,120,0.4522747486745118,0.930438192610348,0,3.3560891828966675,0.6933664919676259,0
5,40,121,7.889317505663939,0.23164929344882318,0,-9.88352181422249,0.03339663916734993,1
5,40,122,12.866942858133697,0.037427922809950706,1,-8.828806810093496,0.23393137370315265,0
5,40,123,1.920836807709449,0.7714218171384809,0,1.842977781912225,0.7693537551282653,0
5,40,124,2.6001534888132056,0.6570280761555269,0,4.287223438929303,0.3098120929715474,0
5,40,125,1.795671919782933,0.8080100341232691,0,-0.9290990112203019,0.9004623624904594,0
5,40,126,3.2901316363245883,0.6966684339317164,0,-8.3694480137748,0.19013209396976474,0
5,40,127,11.246907637032933,0.18412678088512296,0,5.408762753285231,0.4601117650720724,0
5,40,128,8.77111381467732,0.4132654643826096,0,0.21564971366879604,0.9677183273331966,0
5,40,129,-1.0742316315511005,0.8750544138739916,0,5.5851747382301795,0.3757238404668152,0
5,40,130,0.7893754306347205,0.9152256418289649,0,0.42768292002638475,0.965453114688031,0
5,40,131,3.6099578900446687,0.6093033600504975,0,-9.208744016720004,0.1166589910161035,0
5,40,132,11.730293512949089,0.3111973446457204,0,-12.31562628909954,0.04942318716174499,1
5,40,133,-2.4593049031284693,0.6939494923600631,0,3.6650304631856443,0.4580235119142032,0
5,40,134,-0.878813900346259,0.8574837664965247,0,-5.089169290110334,0.4517649283954127,0
5,40,135,1.4824839580904978,0.8373592843030355,0,0.19201816556821427,0.978665859788415,0
5,40,136,-0.8417775341771545,0.8972411209768179,0,0.9833334967283918,0.8955022501567677,0
5,40,137,15.573148979706758,0.07332549596239059,0,4.592276545406875,0.5701237824347747,0
5,40,138,-5.705764931468764,0.3526531372776036,0,-2.1151184663719107,0.6977312892510092,0
5,40,139,22.670178502359846,0.014632326880244918,1,-0.3460919586492395,0.9529235638362012,0
5,40,140,-3.7436229029470525,0.4257599287108923,0,-2.423533407686776,0.6367257568763478,0
5,40,141,8.090210650303405,0.24600835130890739,0,-3.1750204575054397,0.5534011316115148,0
5,40,142,-1.0425671645875383,0.899992927315701,0,2.997960135509146,0.668465702121612,0
5,40,143,7.576670524050812,0.2513844501146236,0,10.88116898284106,0.040607143842347905,1
5,40,144,7.192918462541954,0.3088741242712313,0,1.095236840501343,0.8915718199104735,0
5,40,145,7.854744474026091,0.1824563257667387,0,3.338522713492523,0.6018426973661888,0
5,40,146,14.971658834170668,0.0016234029272439879,1,16.249976970887076,0.051954567307291415,0
5,40,147,12.997255254342832,0.045719991217938905,1,7.3890763200503216,0.3196671566142672,0
5,40,148,10.053663140943598,0.008195519683919383,1,6.26288203116961,0.24645656539833058,0
5,40,149,16.722248920513522,0.06616260423258,0,1.185103062404039,0.8544105610983503,0
5,40,150,12.034010684226743,0.022759900222251613,1,4.023447954243878,0.39952250968444736,0
5,40,151,0.02618430703512331,0.9944764895525744,0,-8.784522074817588,0.2093217165129793,0
5,40,152,8.835614922730258,0.3261460604298504,0,2.41067293007967,0.7123379378348058,0
5,40,153,8.43075614821845,0.3361506736318586,0,4.932216979565666,0.5737827263457547,0
5,40,154,-4.857377942800511,0.4811232695620796,0,-2.781819019139249,0.6597385306116386,0
5,40,155,-2.5967008589513796,0.6342558770357117,0,4.794863875875151,0.49699168891100276,0
5,40,156,0.9794352236059609,0.8350549158905861,0,-0.36048802031025673,0.9523359204005934,0
5,40,157,1.1559309263528519,0.8393255110356388,0,13.733058031590204,0.026182251306543093,1
5,40,158,3.8165862893336424,0.5611520670253215,0,-4.831092302743599,0.38953836609758974,0
5,40,159,15.874622913137685,0.04095840234859396,1,-2.5606295455717714,0.634476120804379,0
5,40,160,9.460756097685945,0.13314630045082626,0,5.181832221322935,0.30061297039738527,0
5,40,161,5.6053497323944015,0.23291234520324136,0,12.917109285579471,0.12883174684321674,0
5,40,162,-2.439497807839828,0.6538917013587571,0,5.589805696423312,0.42837663937314496,0
5,40,163,-3.746369647575719,0.5100894732071349,0,3.621215946796511,0.6003936354393258,0
5,40,164,-1.8578913598852722,0.7908087386548575,0,1.4200417132451122,0.8295115921491767,0
5,40,165,6.249905602744121,0.20643124744601096,0,9.00027218805829,0.09845978596528909,0
5,40,166,10.33454966108161,0.25580437014934043,0,15.686520343839248,0.00654016693721885,1
5,40,167,1.9814823876730685,0.746657341210581,0,-4.211717553203357,0.5001073560860227,0
5,40,168,4.553628036730686,0.4331965141963925,0,-6.980655717052898,0.20518853352819544,0
5,40,169,15.692335271989748,0.004859068358221364,1,-4.815114553429936,0.48620257049179294,0
5,40,170,7.52227008009217,0.08184478337764194,0,-1.380387837075034,0.8155578237843437,0
5,40,171,8.914945436751353,0.2453897182922791,0,2.531593739721501,0.6494533103966433,0
5,40,172,-2.348637148873607,0.7430864411952763,0,12.078367911683088,0.07946102657805945,0
5,40,173,-2.925399806369583,0.692938514739394,0,-11.770891160098373,0.07940965967302194,0
5,40,174,8.181466203508222,0.19908559173057377,0,-10.007569336912212,0.1660626426039591,0
5,40,175,17.58832711117202,0.02641983068307944,1,4.528981281000625,0.4359210265519853,0
5,40,176,5.200724759247777,0.3281890370256686,0,-2.3346307115376703,0.6842633289576913,0
5,40,177,-2.7886468623716354,0.7430864309481038,0,-5.182619504100543,0.4039312264778592,0
5,40,178,0.29621670945972767,0.9670230349039383,0,-2.076455664406126,0.7935382839621163,0
5,40,179,12.99909309603619,0.04862563823968439,1,0.9648760192698376,0.9050462209816056,0
5,40,180,-6.448417630607864,0.22384592789191968,0,-1.5356251076279221,0.765293638090662,0
5,40,181,9.79732105374434,0.1737990446231791,0,-18.31559960209482,0.011813908596112832,1
5,40,182,8.291231798845658,0.12853124011314457,0,4.034950816939755,0.5172646112820911,0
5,40,183,7.70305318252899,0.3117258990843619,0,-4.535218900707449,0.420480986682191,0
5,40,184,1.4114527442645084,0.8933677279001503,0,-2.6262320514232727,0.7333911499591057,0
5,40,185,-1.2406096168996044,0.7940609994298712,0,0.17926669022953945,0.9770860198775938,0
5,40,186,7.318590421293067,0.39812578418177313,0,-4.850496900254498,0.4911574796224709,0
5,40,187,11.522040134136944,0.06795411197784343,0,9.717679080992738,0.2305428968256642,0
5,40,188,0.12422453393213573,0.9859745336968823,0,-9.910613794090509,0.22664424473347763,0
5,40,189,7.554070371901631,0.22388182726127454,0,-1.8184987794699197,0.6652609461024946,0
5,40,190,19.774272269615068,0.008283703864460243,1,3.8941397098779618,0.6310719799156557,0
5,40,191,-5.789241044844701,0.5649310685364972,0,5.758501970985876,0.2649251336534218,0
5,40,192,10.54733097935329,0.21169163023816395,0,6.117675019802974,0.19405708797659027,0
5,40,193,3.3808090667635327,0.5468783483400033,0,-1.968410252051953,0.6553717910454151,0
5,40,194,8.598088411284579,0.23239274841687396,0,3.4383810425851777,0.647149780062658,0
5,40,195,-12.688690990421208,0.036955539806416624,1,-1.4116134330326275,0.8396633435647739,0
5,40,196,7.341610522008253,0.19119729069335556,0,-9.256553972460594,0.17947427282344347,0
5,40,197,0.02009339622449602,0.9968638304349945,0,4.9641718911477,0.5925358145487234,0
5,40,198,8.89209333788412,0.13935525523569642,0,8.920909734721576,0.17422931894154225,0
5,40,199,4.331778838433237,0.5983253571397418,0,-12.565505813163568,0.0706219806800138,0
5,40,200,14.056850794127172,0.08704003020096038,0,2.184391779512211,0.7465411770969623,0
5,40,201,11.153265485628637,0.1108318913824448,0,-3.310515750706273,0.6388458021743033,0
5,40,202,-10.741508654619864,0.0026406855272129094,1,5.364566210259397,0.4789260725229584,0
5,40,203,6.951274568260743,0.3287255828929867,0,-10.962050143583653,0.10088047827248793,0
5,40,204,17.26466766991861,0.07183382259438566,0,-3.000643070380491,0.7367535355352621,0
5,40,205,3.1947113777029017,0.49619209056347635,0,-9.164877418920028,0.2743988906461605,0
5,40,206,12.705153767792737,0.04498659343468173,1,7.646204169562239,0.3344910002277196,0
5,40,207,2.3992344255557327,0.761381490802535,0,-8.701907100731717,0.18206689350769775,0
5,40,208,1.022316724921538,0.8959596546207365,0,-4.530173195485631,0.4905258770434744,0
5,40,209,-5.358918241997955,0.29761131031689203,0,2.3589110130103705,0.6897038279384198,0
5,40,210,10.167610253885499,0.35240606346142445,0,14.415365511463463,0.07331059758566941,0
5,40,211,8.915699483129316,0.073414328868136,0,-3.821421517253853,0.5664614360483206,0
5,40,212,7.742434341405129,0.2897853341234791,0,-1.6187014543892815,0.7136562689781188,0
5,40,213,-9.144252165382895,0.19079527369290256,0,15.303865036274303,0.06520163866134,0
5,40,214,4.9106427943855095,0.4244436902978007,0,5.523737789107528,0.28647848313654073,0
5,40,215,12.068338114943288,0.09393337162153337,0,-1.2374079109985985,0.8663915698616603,0
5,40,216,10.509802791357572,0.12598337562815237,0,-3.8576967282612458,0.5576811186933526,0
5,40,217,3.8479662212612595,0.49062623572283226,0,2.5936874902300957,0.6261196130237838,0
5,40,218,-5.773114791632324,0.4739876548070904,0,-2.436331383369591,0.6429535727245264,0
5,40,219,11.380710224908512,0.055525488769263776,0,0.48842120079818585,0.9480827842121413,0
5,40,220,2.7542175417542722,0.6410430380707042,0,2.563963151573901,0.7751422941885655,0
5,40,221,-4.927783892217889,0.352548926605609,0,-2.581868414775954,0.7188023177571501,0
5,40,222,0.43959143796529077,0.9684213021452326,0,-8.108205532268869,0.21175622469070826,0
5,40,223,-1.499058484830229,0.8572702889933389,0,1.0209298222489593,0.8483829779338388,0
5,40,224,3.505061138257986,0.6814013206685016,0,-1.2227745548886304,0.8580443595188358,0
5,40,225,-2.2847913015827572,0.7205713072136224,0,5.83034537538542,0.46286130221104194,0
5,40,226,1.2075604566091585,0.880860284192577,0,3.197436969633827,0.7487559861125768,0
5,40,227,19.642812798685,0.019505977425098946,1,1.6188472405233796,0.7684651698646277,0
5,40,228,4.123857668949086,0.40649714928820435,0,-4.723504068810485,0.5162457080532495,0
5,40,229,-2.0294686132057365,0.7135505572950069,0,0.368729242546479,0.9515591923383471,0
5,40,230,1.5228956766605393,0.8233298132085969,0,8.23274874831489,0.19050771611346717,0
5,40,231,1.854976439798719,0.7334345446507333,0,-1.7504067846665095,0.8027005080704115,0
5,40,232,3.5570169037395516,0.6724100773108672,0,3.5272719455893053,0.7033324168744342,0
5,40,233,6.453093215822236,0.2042052826968865,0,-2.6604096874528267,0.6945670719948214,0
5,40,234,2.570617847811917,0.5692392339530832,0,-7.46386738609327,0.4243785231097159,0
5,40,235,-0.9441818304281782,0.9014167778856076,0,-10.227235581513554,0.18796211467817875,0
5,40,236,4.397038440538168,0.4992750758038811,0,14.300396598445047,0.11927642556500935,0
5,40,237,14.828613550631488,0.018289954674066678,1,-6.552448687357625,0.3042773900213456,0
5,40,238,7.7669884947155765,0.26851189746724213,0,-1.871435774696053,0.7912623301953625,0
5,40,239,1.4389881473266115,0.7560634141728264,0,8.456801268525595,0.3211530143022788,0
5,40,240,22.848909135655205,7.258431224042102e-4,1,-3.73490641259248,0.4859928744741616,0
5,40,241,8.955597093687587,0.2910965440337477,0,0.26542239313012317,0.964412337053183,0
5,40,242,-0.4326620855315184,0.9538970386434821,0,-7.129326662626653,0.29504003736197,0
5,40,243,11.862051868697648,0.2334788252669014,0,-2.4988414014367777,0.7480355104379928,0
5,40,244,-0.6616729974908111,0.8989584396866483,0,4.667170914466453,0.5198504034125542,0
5,40,245,4.30691586480296,0.3976867463942021,0,-2.356558910423331,0.6736810463721515,0
5,40,246,13.881280888405257,0.1536187780449309,0,-3.0541628914883177,0.5196752121633743,0
5,40,247,12.898102507194437,0.08285156562186011,0,-6.388472048950305,0.34809336553968706,0
5,40,248,-1.639088782458856,0.794575353218868,0,3.770788921107126,0.5144020256964641,0
5,40,249,3.7775427701289317,0.5898658057443786,0,-10.96808939287341,0.07083554306047182,0
5,40,250,-5.104082677364062,0.4240781421813945,0,-2.5959756127638087,0.7110450629900024,0
5,40,251,-1.3184692131827234,0.6967491241447863,0,-12.184103901782436,0.06947448743321134,0
5,40,252,3.2733838229542727,0.6044898741917899,0,1.1726110380544696,0.8040313593429143,0
5,40,253,6.738754323543247,0.09762482448122414,0,-0.6443442237544161,0.8739114952973823,0
5,40,254,15.599006049482057,0.027810687185002066,1,-7.216940961837722,0.30460483357138923,0
5,40,255,17.93562631722257,0.025565325040853886,1,-3.535619300114078,0.5893223845630241,0
5,40,256,11.135154341794788,0.021521903144336385,1,16.04282883154238,8.429246875574723e-4,1
5,40,257,-2.779610735852188,0.7198284798682859,0,-2.0294468293920715,0.538199935004849,0
5,40,258,10.882052981561344,0.2284228728813053,0,0.4042958277609472,0.955486505378006,0
5,40,259,6.139058486585853,0.3973615045310407,0,-13.163308844660165,0.08033034317395206,0
5,40,260,-1.7727677012114356,0.8307273111766128,0,-7.8953775285039,0.21911903632790375,0
5,40,261,9.32038061268561,0.1667863733720134,0,-5.088610802642748,0.4359195257059164,0
5,40,262,8.696357303531045,0.12935283097399175,0,-0.12428270698414678,0.9875924191945582,0
5,40,263,7.63517830571341,0.19668579498193137,0,2.013571443943377,0.6968809112775867,0
5,40,264,-5.792173935864739,0.34488537328888014,0,-7.214089926169692,0.20405441661947346,0
5,40,265,4.9435441994896365,0.5802919853087918,0,0.1525705183384929,0.9754192369123398,0
5,40,266,0.2636302000014439,0.9713067859399067,0,0.8902213486071986,0.8840934625059684,0
5,40,267,-0.364577041137224,0.9563995093314577,0,11.109540919696641,0.0867245888231141,0
5,40,268,4.81028623034193,0.3845281582684795,0,6.523022960432755,0.38172667354955403,0
5,40,269,4.490432748326384,0.40938072873545406,0,-9.321909307042944,0.0975455725088691,0
5,40,270,7.597108458225819,0.2528258546637808,0,2.0280205325093448,0.723124738701695,0
5,40,271,8.3688648361003,0.2856296519306376,0,3.0618250437401286,0.7281294484534455,0
5,40,272,4.2113647809070756,0.41807919181913245,0,4.151296821566191,0.26075778372840164,0
5,40,273,5.633055095455234,0.008975822675212398,1,3.0178549128750234,0.64161371656161,0
5,40,274,8.262447851591745,0.1919708005038401,0,-3.3172238041770328,0.6056480143977849,0
5,40,275,10.927127432937908,0.057771459974277885,0,1.8590111077007663,0.8028901788999335,0
5,40,276,-0.9929047029881275,0.8913732856389608,0,-5.82605568034225,0.3639938246414778,0
5,40,277,0.07695304866905417,0.9906802974261322,0,-4.2149562191256535,0.5227272202358317,0
5,40,278,10.974781697910842,0.15094049129597548,0,-0.28303445618898593,0.9706950213387293,0
5,40,279,18.235657146090432,0.05365977086634104,0,-3.7355601083572907,0.5762284365127466,0
5,40,280,5.26296284406132,0.5691072573992795,0,-11.141415401433349,0.19567322639341292,0
5,40,281,5.11787063358652,0.54699327902289,0,-3.013935866902642,0.6437789310342652,0
5,40,282,0.9842173693832166,0.8723909359786121,0,-5.494209983826082,0.4771533206291625,0
5,40,283,10.861782007344871,0.12193033516452094,0,-10.009281865864523,0.22351814835012043,0
5,40,284,4.444184251669185,0.4979121219761664,0,-1.2942419939540457,0.8196941804051348,0
5,40,285,-8.117979402668155,0.20470668091576738,0,3.3856804169897288,0.6605698443604677,0
5,40,286,2.507383915952289,0.7530847641689713,0,-0.5000171363209489,0.9170011519813356,0
5,40,287,9.538780317630184,0.1854155247650931,0,6.4343988499380345,0.3126407797300489,0
5,40,288,2.7667260169420587,0.5863786790035096,0,0.4126166880227373,0.9302292785882911,0
5,40,289,10.119442002331965,0.13702028129284555,0,10.794879853133878,0.20096552404432705,0
5,40,290,9.246566152738055,0.13736665339850687,0,2.6852681728743875,0.6527086575752139,0
5,40,291,5.875385677831829,0.4124632041278604,0,12.972226874091447,0.09650135304263308,0
5,40,292,9.723009995333157,0.10870043242268568,0,10.032874402901669,0.061937184499194005,0
5,40,293,18.946922773669783,0.01092852467932203,1,-7.288711662734585,0.05780267851161961,0
5,40,294,0.2465639662011796,0.9774728893653606,0,2.5946773999223893,0.7891355338700131,0
5,40,295,14.832277197569624,0.025815131462383227,1,-0.40164326990958443,0.9496704859759182,0
5,40,296,0.1493936868673842,0.9793802678482681,0,1.1668747278172162,0.834687398219663,0
5,40,297,9.201952326036334,0.021263883322101145,1,5.764017619814737,0.1799530542654046,0
5,40,298,-1.49889849950587,0.816293777006253,0,-0.23353514181467006,0.9623711131252777,0
5,40,299,-4.928658000752037,0.3813006372023391,0,10.291521639812075,0.09823211182841483,0
5,40,300,9.63832526166648,0.13737396291314394,0,-14.591690862013664,0.022903132326100667,1
5,40,301,7.686888927523398,0.17351989038783439,0,-4.652872928608147,0.5461588517389244,0
5,40,302,-3.1557316249173226,0.6265595741158769,0,-6.720154948879156,0.239942545743611,0
5,40,303,4.665852973563361,0.571322563185515,0,3.3631398550362803,0.6444334613273486,0
5,40,304,-7.645532071619513,0.25256857602972393,0,-0.21527305634859317,0.9717064771893822,0
5,40,305,15.724058294396983,0.08567849978286647,0,-0.787662256886378,0.8731874694691153,0
5,40,306,0.28781176873381753,0.96439150449705,0,-13.448007265093082,0.09982647430555362,0
5,40,307,10.575117764263183,0.0972490776868929,0,0.3513604417522487,0.9678248422700625,0
5,40,308,4.219006630290167,0.5729315946495217,0,5.726340812419622,0.363864577186929,0
5,40,309,-5.295994780371188,0.43639814205246363,0,8.00743657963956,0.29365263816472403,0
5,40,310,2.988556877900919,0.7538913547181132,0,-0.5736477658086159,0.8920852361238296,0
5,40,311,8.645137008924777,0.12016606015953188,0,-5.209930211509487,0.2970393786330888,0
5,40,312,-7.504415738867365,0.22628454469769116,0,-4.297457613803132,0.5532897114447843,0
5,40,313,2.6035561709449127,0.746441122738063,0,-10.382634515350702,0.07751650679154382,0
5,40,314,7.479380680613815,0.35911012591041536,0,2.517817397136625,0.6640655873231083,0
5,40,315,23.530476671319477,0.005923011558689172,1,13.475557142619792,0.0880512495174228,0
5,40,316,-10.274472420526777,0.13659584654564053,0,8.621319552185199,0.11240853764127577,0
5,40,317,6.205724603856893,0.4286989587807084,0,3.8759496556886006,0.6000703595983268,0
5,40,318,-0.975174895111067,0.8897789404921203,0,-0.2964978947590282,0.9706484462257019,0
5,40,319,3.1356913047676613,0.6950432325740938,0,2.1841391861244546,0.7839010559939493,0
5,40,320,9.411502116070338,0.05314191965161911,0,2.6265546119100094,0.631832005148153,0
5,40,321,7.82223523466233,0.25827339908906605,0,-2.210631394203432,0.7141310315131613,0
5,40,322,3.3777287558097555,0.6369808381721863,0,-0.41423029813066137,0.9581463941205847,0
5,40,323,-1.848633027920613,0.7824568130337867,0,-3.320220458093061,0.4465354413672592,0
5,40,324,-4.4620148837512374,0.4711137048378441,0,-2.8236710504624796,0.7185569809128429,0
5,40,325,4.391836245766598,0.5492681599353211,0,-1.5330391853862153,0.844233432395457,0
5,40,326,7.848719019146287,0.3251923626263652,0,10.074177881580539,0.08324965686159258,0
5,40,327,-12.52386536703176,0.04408896785418152,1,2.200166056071126,0.7167119790366843,0
5,40,328,6.0765741887413185,0.286312824825734,0,-12.482991449758927,0.08335905541047997,0
5,40,329,1.4577504201548095,0.8488773468688057,0,-2.9868996361392988,0.7403991644363264,0
5,40,330,15.318202229252108,0.016112326512919262,1,2.0622916962876303,0.7597531875152019,0
5,40,331,7.090864160412721,0.33686983946466154,0,-5.217627153501766,0.5012089595027259,0
5,40,332,-1.9577938021964911,0.7923338909206687,0,-9.571875771573673,0.15387251406781494,0
5,40,333,15.460968448148833,0.04459736774633057,1,-4.658908785144291,0.48768504884886543,0
5,40,334,-2.0323621540509293,0.773342809695574,0,-6.5179357086240515,0.23764124571629563,0
5,40,335,11.832003309211146,0.0659763725141912,0,-8.186955445028204,0.26433151049158266,0
5,40,336,12.671358646841242,0.049271148076660574,1,-2.6107389664861245,0.6780874469395318,0
5,40,337,2.7788603717979754,0.7208226774804002,0,-0.8754724679184704,0.9045818832622106,0
5,40,338,5.655411087279745,0.37722197583420425,0,-6.789585398492832,0.13423294090032373,0
5,40,339,6.852826069071469,0.41610613895582604,0,4.716891572444226,0.3611698410455212,0
5,40,340,6.105345649967262,0.3003585952557839,0,-2.8578782928780697,0.6676985342242545,0
5,40,341,7.297082428356063,0.11046447400057345,0,-2.0723674208957874,0.7775537678175818,0
5,40,342,6.8604547712145205,0.27045427970801256,0,0.766004485703192,0.8923152066369862,0
5,40,343,-0.7010579008282747,0.9294907901785516,0,11.314847146313795,0.1737461583731029,0
5,40,344,13.431903703139483,0.02010127778260995,1,-4.681081459529437,0.3925828182519906,0
5,40,345,10.186688868338734,0.11031718832687949,0,3.541073299409419,0.6519659833977807,0
5,40,346,6.144999221380189,0.27863089133691155,0,9.366324600400816,0.13549713829335353,0
5,40,347,11.856154719207993,0.06512477868594144,0,-5.790005821471567,0.45212310996684013,0
5,40,348,10.98441465985914,0.15414501791027865,0,5.110192317694839,0.4202762817255734,0
5,40,349,11.982694226738005,0.1178709253593762,0,0.7620224074375415,0.9251834281328869,0
5,40,350,-1.5361635406282375,0.8391140998325294,0,-4.693030902931142,0.45263714614261275,0
5,40,351,2.5502289897761585,0.6429689315395319,0,3.4848799626563647,0.5746085402503592,0
5,40,352,-0.7004942683343103,0.9164571176367411,0,13.35188082617968,0.06089611420724886,0
5,40,353,4.380521698270599,0.5174447209314998,0,-4.191859007291555,0.5210002537133362,0
5,40,354,6.351741844485858,0.2641443009094061,0,2.0821483710183344,0.8142467543295469,0
5,40,355,10.246013963279424,0.14738509012949838,0,-7.547334644157857,0.22295006910771956,0
5,40,356,9.374037151332018,0.25512286660997713,0,-0.7359621323793846,0.894288126823565,0
5,40,357,-4.86646403937597,0.6043287319414836,0,4.0253374789821095,0.5456857990552506,0
5,40,358,5.087060781973108,0.42520519469952545,0,7.69445229356414,0.3063116542688324,0
5,40,359,13.958699082013226,0.007289043166573571,1,-1.667073291404904,0.7542344847954263,0
5,40,360,1.0607920462202856,0.856138151379494,0,7.941093484582083,0.2118979134110847,0
5,40,361,6.1478915251914685,0.2874357672767561,0,-10.946436062912682,0.09511239914250527,0
5,40,362,12.639315201370039,0.13891031523569483,0,-4.752838052178021,0.45231588139766976,0
5,40,363,9.076701372100146,0.0550674492744181,0,11.00000185734541,0.11720664584883253,0
5,40,364,3.59960451577966,0.580932229071523,0,3.878538041565747,0.32125870300739245,0
5,40,365,5.843662992441693,0.30658045547820356,0,4.7978062166271656,0.47885542740078424,0
5,40,366,-1.4978853672970303,0.734829662027784,0,1.8218427594692486,0.703855094792514,0
5,40,367,8.25355037002231,0.3211200828845945,0,-2.550596310002547,0.7737536263268644,0
5,40,368,11.217833996783042,0.1093140803248105,0,-8.144169843843372,0.0602375943489514,0
5,40,369,16.3412607774889,0.025583273686641102,1,9.223752320634617,0.16009048530598394,0
5,40,370,-1.2585809288735277,0.8515253906407281,0,-3.0155287048406905,0.5117595917908657,0
5,40,371,25.149620674191397,0.00704271429652313,1,-3.957976742896463,0.6470633572595366,0
5,40,372,-0.7661616742192763,0.8662839454995247,0,3.452651647330754,0.598361851777671,0
5,40,373,0.4758019867211658,0.9290215636330283,0,4.247934891940048,0.4334675767231142,0
5,40,374,10.576181118167781,0.04428194998744882,1,5.051722810901339,0.49784535611610126,0
5,40,375,13.392124221042721,0.09100176663183948,0,6.109049108073435,0.30570574994662525,0
5,40,376,7.471766623460425,0.3722039824839821,0,4.995372831502493,0.4635735543516819,0
5,40,377,5.923484735835913,0.5028881475247222,0,-1.6242451060526975,0.8550228658983637,0
5,40,378,7.853042610162163,0.2166592155154883,0,-17.54570396797473,0.022384081578602257,1
5,40,379,-0.24695998225132598,0.9758625385769144,0,-2.3899024204227146,0.7258182498215341,0
5,40,380,6.043423525019705,0.27588789089731514,0,-10.19608027026328,0.2010106321544426,0
5,40,381,12.383603410460623,0.08377752414203747,0,8.62274169373444,0.13775796765154324,0
5,40,382,4.0148873397302935,0.5865507068963328,0,-1.5321073186436962,0.8367545848309276,0
5,40,383,-2.4100288274594988,0.684791264636105,0,-1.1568873031885403,0.8430374853049587,0
5,40,384,11.45192623171549,0.1507073630922043,0,14.023772334802956,0.060050061075915,0
5,40,385,2.971652199400225,0.5502180923991797,0,-0.7143080874716929,0.8722472160325772,0
5,40,386,7.593267095591827,0.30289781759769246,0,-12.140058911776336,0.08275857298179021,0
5,40,387,0.35330948708387666,0.9500811893971363,0,14.800276633329105,0.06971553326697123,0
5,40,388,12.073604770132292,0.051668569424675743,0,9.697648019939564,0.05917694144323915,0
5,40,389,4.2564224206286525,0.5292618797940362,0,-9.987509679165655,0.1484408956054878,0
5,40,390,0.35992978285979405,0.9532521764559545,0,4.656439983239409,0.43256214788856606,0
5,40,391,3.076487286372199,0.6352075543650519,0,-1.3263312777223888,0.886236971753839,0
5,40,392,12.75138587572529,0.054450346478536665,0,-7.412863902522531,0.3830428764096042,0
5,40,393,1.8600618092431205,0.6171110348773314,0,-10.582814837312583,0.15910383677406492,0
5,40,394,5.705699243169462,0.35132990335401915,0,-6.028297520029582,0.48124723772517675,0
5,40,395,4.049990046263474,0.5236861203529071,0,0.016784096746874866,0.9976763143473955,0
5,40,396,-6.7799609745168254,0.19696461594699322,0,8.306880359592327,0.29263253799629535,0
5,40,397,3.8496444955375324,0.38368517132589264,0,0.322465938770236,0.957954367720262,0
5,40,398,15.978039814540935,0.02564284482215351,1,-1.135100701116741,0.8853605752847304,0
5,40,399,4.725665942391927,0.5588161792783455,0,2.2642679720396472,0.7761895251448756,0
5,40,400,5.572380027344138,0.4449493599492076,0,2.4347175986423792,0.6522316820061844,0
5,40,401,8.274413912105544,0.2507727198340763,0,-3.6402659305919087,0.5747829061363585,0
5,40,402,-3.045481371067723,0.6493742171455863,0,1.3027920372467463,0.8245971089523391,0
5,40,403,4.577286682511172,0.5649405432964327,0,10.767981330367334,0.13486427275801816,0
5,40,404,8.230094599460742,0.05067863226182011,0,-7.134700278489817,0.2296777464735868,0
5,40,405,-7.5382097651480535,0.0752133311170795,0,-3.5813825745580488,0.6063487806817894,0
5,40,406,10.191271697780778,0.16876386057420362,0,8.151123088810465,0.39673125662454,0
5,40,407,10.819741916286574,0.032338736540361304,1,-6.8075322054147165,0.19726298548671325,0
5,40,408,5.395600777865113,0.13200383700064175,0,4.433866355450803,0.6022150858260096,0
5,40,409,4.926003169580653,0.5330815565846401,0,-7.676584719801383,0.37204364087217934,0
5,40,410,3.4798016239038816,0.6044755103713086,0,4.524625006797677,0.5856351017348446,0
5,40,411,4.50456171691377,0.5014193118691133,0,-2.217182353579517,0.6438532250822901,0
5,40,412,5.0589963489225624,0.4299910198632799,0,6.847482737571738,0.450375756282,0
5,40,413,2.3282178384055356,0.7458452746760972,0,-13.87998170558076,0.16543744455844925,0
5,40,414,9.371180081794932,0.2271774206623066,0,9.80907666739941,0.05487082797643987,0
5,40,415,-6.555105891606402,0.2634219096075428,0,-3.2455529878261586,0.6465258519715843,0
5,40,416,13.69599098357267,0.07087548610773015,0,7.384947045757244,0.21634365671959666,0
5,40,417,5.807699675282009,0.5348321861210431,0,1.8023070951588238,0.6984906146356695,0
5,40,418,8.670313176148909,0.2409611370575226,0,0.7939049234999089,0.9011153350326679,0
5,40,419,0.23130548528818906,0.9742017939995611,0,-12.17454570843968,0.09874588096317095,0
5,40,420,14.698812001094353,0.046376856691183584,1,9.48249657695986,0.150096880745407,0
5,40,421,9.465894194825836,0.1959380400329422,0,1.4121413765104336,0.8042147691512695,0
5,40,422,2.1305716846239733,0.7586253124136354,0,9.31925254105542,0.09111986750913903,0
5,40,423,7.860409038360913,0.1113291232078869,0,-1.2474703473795188,0.8928148002479916,0
5,40,424,-1.093452958550884,0.8973751224931424,0,-3.011843135744371,0.6250456011295377,0
5,40,425,0.8524641370128734,0.8903361792705893,0,-0.28130293540083073,0.9755530950245841,0
5,40,426,17.327247702285376,0.013706537977326608,1,7.365115374619322,0.28469882508496197,0
5,40,427,-2.7406792197976984,0.5056786332071173,0,5.043549879176609,0.3866789336223573,0
5,40,428,-0.5665187804817577,0.9244610326074342,0,6.938036823306078,0.34241555313929284,0
5,40,429,4.424253343417675,0.4998562556002186,0,8.27045034186591,0.07209098742481956,0
5,40,430,1.2548382049641305,0.8414426869402739,0,-4.767567044404956,0.34739191799407176,0
5,40,431,2.7028122408416237,0.6073265420158759,0,3.0605883062208648,0.6978091230245314,0
5,40,432,12.90944191216127,0.06739752513921352,0,-1.3864874729241876,0.8790624743732591,0
5,40,433,-11.347305664382063,0.15674479618487977,0,3.8808838220803636,0.5436671875256802,0
5,40,434,8.530130053552156,0.23310374699251404,0,5.761894026396746,0.3314509800837435,0
5,40,435,-0.15471151908160152,0.9869788144786997,0,12.170684859941872,0.08872190877613366,0
5,40,436,9.892393711884964,0.12038037772699603,0,17.44395632371797,0.05090656410980044,0
5,40,437,2.1373495569882692,0.7533516800867733,0,-5.118633352930146,0.46424868890895354,0
5,40,438,13.083126320460664,0.17765027259377436,0,-5.142576129588932,0.4953184780131664,0
5,40,439,-4.516978085396445,0.45673245404831975,0,6.324517741190306,0.4517533886847843,0
5,40,440,9.357368593918764,0.12548407495206867,0,-5.424092212038531,0.4454616767206059,0
5,40,441,9.599161487072791,0.3263400066127057,0,-5.7218724405440184,0.5416727889332698,0
5,40,442,14.914874068894662,0.06115553633078179,0,-0.40954976511844166,0.9575768740220989,0
5,40,443,2.7001035285135657,0.639753547356899,0,-0.6694162166744633,0.936711178243194,0
5,40,444,15.360828552256962,0.08690905847982687,0,6.583597534720283,0.2646656889626799,0
5,40,445,1.5031670085038087,0.8432475742008789,0,8.569884791366661,0.029908692691475152,1
5,40,446,-1.7021061513569862,0.8428698810965491,0,-4.992521835483359,0.49819408945555543,0
5,40,447,4.2916081390864775,0.6192618160791085,0,5.821001293830065,0.3257826756100839,0
5,40,448,-1.4505139503597206,0.8072563958608765,0,1.1850689956214637,0.8481174921220772,0
5,40,449,-3.32816204903024,0.7349843035821249,0,4.8502201585334035,0.49461291362525484,0
5,40,450,-2.904847589527634,0.6560117322791239,0,3.4944456152011014,0.522127266371514,0
5,40,451,-2.6059857207066415,0.640716021294595,0,1.8296408299685964,0.8234536024817343,0
5,40,452,18.75541611733658,0.00463682201635659,1,7.124371929641413,0.23903330342872842,0
5,40,453,3.096384927460221,0.5156136467241088,0,-4.540767803230892,0.5074471760239794,0
5,40,454,4.673695591026004,0.559901078070344,0,2.3421442235590177,0.7522138490921347,0
5,40,455,21.603799425493946,0.006737986757851275,1,-3.5346246436587307,0.5199099482054713,0
5,40,456,-9.798484493831026,0.058489555423593347,0,-2.9314388533594524,0.6597699919488885,0
5,40,457,6.226976133503811,0.43517202456791493,0,0.5699561992102105,0.9373992409568045,0
5,40,458,5.85674602772248,0.42032105066314907,0,3.117279925111319,0.6469559002822216,0
5,40,459,3.7095763066293728,0.7025705878423019,0,4.588341432021252,0.532677769918707,0
5,40,460,0.996914085546976,0.8685071252838494,0,-1.5154708160425372,0.810423046416177,0
5,40,461,10.101113539287425,0.13102436729598546,0,1.2270525304368078,0.8068891347138308,0
5,40,462,3.861015508760019,0.5166834182667898,0,-4.863378278217198,0.6936249225967213,0
5,40,463,19.55446124308648,0.02241801996932954,1,4.473946939994235,0.5430124225948667,0
5,40,464,-9.723341974156895,0.11486894031831192,0,0.3510965822448924,0.9601257152340845,0
5,40,465,13.328085030819182,0.012977910373395825,1,12.921501309771728,0.22362082912099188,0
5,40,466,-3.0807115441546102,0.7120447251532249,0,-4.248965408617536,0.5084717467392705,0
5,40,467,-0.4637099802271507,0.9126757287572234,0,-1.0643148244656118,0.8392740649167504,0
5,40,468,-1.7418257622819198,0.796012769674967,0,0.7109301821211602,0.9167875129157603,0
5,40,469,2.62289001451623,0.7657093426277548,0,-14.837662203588792,0.05974100885893868,0
5,40,470,3.0225304579740566,0.589331609472215,0,-3.5073341788998107,0.6209415430989342,0
5,40,471,6.802975696591332,0.3160159268481975,0,8.2370850634525965,0.21782836149648263,0
5,40,472,4.9762118329181675,0.3862234378455677,0,16.168381197225415,0.06008505009116762,0
5,40,473,7.503026968193055,0.2516946981709159,0,9.085762766538167,0.19842360661877906,0
5,40,474,12.526000310681908,0.05473489516028441,0,-4.213822635936339,0.48267521254665946,0
5,40,475,-6.469960260170637,0.2556557270016817,0,-7.268026511948932,0.3021154689603392,0
5,40,476,-1.2528686386820453,0.8399222009610307,0,6.177165258416238,0.3698085463481433,0
5,40,477,6.012345312289526,0.19098686736586243,0,2.5719523999658094,0.7139854962440534,0
5,40,478,-0.33052592343565834,0.9525231613761477,0,3.866502511130477,0.531798281357201,0
5,40,479,4.848015576925462,0.6214779252566862,0,2.874641108607193,0.5474792591690919,0
5,40,480,5.699440191597091,0.23083009324078466,0,6.552479126210486,0.33259576922119316,0
5,40,481,15.640458718102451,0.05525991414738732,0,8.375526764427377,0.10331194044005812,0
5,40,482,1.2149276736348895,0.8711184282104605,0,-4.056467093685697,0.5305528961661865,0
5,40,483,5.626695364351178,0.21122199166738978,0,-1.0950799028868374,0.8891237958469711,0
5,40,484,5.160137333467048,0.5161335631207571,0,7.93733898293803,0.2797921399219614,0
5,40,485,13.76266928504809,0.04465518680496578,1,-18.038763293732714,0.016810134616259298,1
5,40,486,5.881832087221952,0.48649574743632507,0,7.975989439743486,0.2975782756369727,0
5,40,487,8.135438422711928,0.17667565156348058,0,1.0093638154102251,0.8337923253348222,0
5,40,488,3.822842392319089,0.43253032273906333,0,2.2401787873047,0.7313470387312068,0
5,40,489,2.907090513200771,0.6865948861644935,0,-1.583911747521654,0.7037931939437652,0
5,40,490,-2.633613333937646,0.7728816079682819,0,-5.171314750451273,0.44794943905972195,0
5,40,491,10.020888973884297,0.19674991943254191,0,-8.12172006180343,0.3082220202630983,0
5,40,492,18.023968439916317,0.05141892599332046,0,-5.651288206644097,0.3639417079368614,0
5,40,493,17.298878316776765,0.09507240458922386,0,1.603598454230223,0.8228333497111094,0
5,40,494,0.7459921129373583,0.910512061129888,0,3.40877723631273,0.5951545503657832,0
5,40,495,6.136626060121117,0.3739387418739484,0,6.378870863043431,0.4274767074403224,0
5,40,496,5.693861304027095,0.3535402902579564,0,6.65442838664768,0.46606370452669943,0
5,40,497,14.82671267982633,0.026370434577104866,1,-8.352968502442508,0.07114190325956683,0
5,40,498,12.875257090725938,0.02168417767245115,1,6.318694682728477,0.36582846113348577,0
5,40,499,7.706429894664353,0.2213933824794352,0,5.951929804846301,0.49310754895060516,0
5,40,500,0.48093230795073794,0.947144877897535,0,3.7337008409966757,0.5306921601228952,0
5,40,501,11.394900713288052,0.08138185375711597,0,-7.056348300650555,0.41871303530226434,0
5,40,502,1.520730506246295,0.7366075943292121,0,5.842836369667708,0.18640687078682364,0
5,40,503,3.7580579816532946,0.5107454484865073,0,6.390308839877278,0.18466124685725233,0
5,40,504,0.6630073389006128,0.9163648830081839,0,-4.651063369328725,0.5031135744062277,0
5,40,505,-0.07091167114924701,0.9900802072225654,0,0.496950175005594,0.957476838144709,0
5,40,506,-2.3823771217936667,0.6998928623860836,0,5.418876358225447,0.3147805003372957,0
5,40,507,12.311137571481481,0.03624265457657397,1,-5.18177046805431,0.3073463678930626,0
5,40,508,6.546556584985467,0.4241299170466286,0,-4.832142567851463,0.5254481808535593,0
5,40,509,0.02377302584787344,0.9982079723623808,0,-10.090975245551164,0.017284015875806573,1
5,40,510,14.58167559252162,0.0021018791747802077,1,-3.9728489310079595,0.6343960836152542,0
5,40,511,-4.209987135134625,0.4888033380894248,0,19.586687691229287,0.05096409228565435,0
5,40,512,3.743312213849322,0.668167492731641,0,15.560606258825956,0.011739377515095895,1
5,40,513,8.071409959939885,0.4147772407292152,0,-1.5062988314934955,0.8065128613229363,0
5,40,514,7.834972906654755,0.115626071584832,0,-2.2588165500256565,0.7882116396441531,0
5,40,515,2.5469690391504827,0.7144064331993047,0,11.87980352492869,0.03403115019718293,1
5,40,516,0.4385738355203017,0.9525464552621437,0,-11.244893590836668,0.03710668994376112,1
5,40,517,2.4546889355470114,0.701625353591346,0,-5.24204024943981,0.17135661957442921,0
5,40,518,1.9378080480801856,0.7982257179730594,0,-9.841505462917638,0.321541988490709,0
5,40,519,8.942500487527141,0.1994044671905912,0,-13.727116223706048,0.040731247728795925,1
5,40,520,-4.796046299793176,0.43406177467048435,0,-0.20007365588786286,0.9830296814270836,0
5,40,521,4.870413904838259,0.5130592996339336,0,1.6890099061274952,0.8110316856635323,0
5,40,522,6.664444188638299,0.2995110852523996,0,-5.288407820200391,0.5063103485081328,0
5,40,523,-2.9175521387873857,0.6392042317746325,0,2.5216515925327627,0.7018476847501709,0
5,40,524,12.099023894029997,0.1336737797342116,0,2.5971313015860176,0.7029699120132178,0
5,40,525,3.5292452877507685,0.49497056541405426,0,-8.41302241333024,0.1709646170492146,0
5,40,526,15.536625075821362,0.037144490009941564,1,-0.735782104253289,0.9069403977669074,0
5,40,527,13.138665269192956,0.17913986415251662,0,3.117510786410392,0.6759304599935647,0
5,40,528,9.085009763329197,0.18227057487201606,0,-3.545328109636017,0.4089573695210852,0
5,40,529,5.693766623295389,0.5086759788627344,0,6.748710586245593,0.16154281511195795,0
5,40,530,6.762923736866426,0.19260216634156643,0,5.25135384008783,0.40454679858539466,0
5,40,531,11.697870788546055,0.0883442611640975,0,-0.27626643252359884,0.9637084336458925,0
5,40,532,-2.271804498382835,0.8166982480383973,0,3.386730920512065,0.592604780948488,0
5,40,533,6.318196062302604,0.2259078030442602,0,6.276882903751513,0.4989252123476331,0
5,40,534,1.102320527835431,0.8135533205256044,0,4.4573944080689785,0.453439581986526,0
5,40,535,16.771333910561253,0.008224326418566482,1,-9.481578411539317,0.12229859246285908,0
5,40,536,8.017566093837388,0.46703431004357654,0,4.336008658190238,0.5383522475824187,0
5,40,537,3.0076761118962168,0.6858886281633539,0,7.067880931201856,0.2954261610346509,0
5,40,538,12.088639998611853,0.06965575551806467,0,2.0088207322211673,0.7752904836607777,0
5,40,539,17.37981896928217,0.02352382956971005,1,-3.9210186896050487,0.6548705816247938,0
5,40,540,0.8435631140320936,0.8161953161054007,0,-1.922606232821721,0.8229834593942789,0
5,40,541,9.466560601755333,0.2861176235661368,0,-13.529735118567359,0.07097699367464239,0
5,40,542,1.504967028734299,0.832487729221812,0,-10.843706426115077,0.13464531692317883,0
5,40,543,-10.163279730472325,0.2047470713449867,0,0.10569303775051253,0.988563576049962,0
5,40,544,2.029976170542426,0.702256348712571,0,7.436766934443071,0.1801577820759349,0
5,40,545,1.2069788896796894,0.8521102556401167,0,-1.7546560508867088,0.7340278247151363,0
5,40,546,6.295715534350904,0.35429969294812635,0,0.11717632063798078,0.9823684340454328,0
5,40,547,-0.8904283074877668,0.9139087532662376,0,-0.44429946601349,0.9306687225176353,0
5,40,548,0.15981751547245437,0.9775165396231272,0,-13.750118227108828,0.06132218609670319,0
5,40,549,17.085618450200045,0.06045289046190284,0,-3.2076492554171097,0.6705547907909253,0
5,40,550,2.9200605418575662,0.6685865046055957,0,-7.781981979731242,0.29541101392962277,0
5,40,551,3.192795042781981,0.5594894118085789,0,8.588063230470468,0.29399060838605195,0
5,40,552,2.708258863408929,0.6474763115811368,0,3.5047039293148146,0.6792591497998705,0
5,40,553,13.884461366587786,0.059938846038570526,0,3.3940131528301265,0.6388283191024334,0
5,40,554,6.350333761689768,0.194941528939663,0,-5.659255326104088,0.3493826924917498,0
5,40,555,-2.0119031301439207,0.7509794110367943,0,3.0565040593744754,0.6862831427911816,0
5,40,556,-2.8064723600174517,0.622089007328258,0,0.8764901559578249,0.8828033232623262,0
5,40,557,5.703908585342759,0.4502577730128965,0,-9.291931491981288,0.1909228715721243,0
5,40,558,10.70069719571984,0.2187203141185522,0,-2.706669023214502,0.7775385475329126,0
5,40,559,8.019736760834235,0.2743430020061314,0,-3.739055119964519,0.5329251548667538,0
5,40,560,10.009619538745582,0.1626596355134871,0,-2.2668759571826627,0.7176754261272098,0
5,40,561,17.0896274044691,0.003428017325743797,1,0.35231898487636215,0.9628923382891166,0
5,40,562,2.6118613348474184,0.7007286841797546,0,1.021565271166864,0.8811313755446422,0
5,40,563,5.652356034978013,0.3414439587637429,0,7.643634777142097,0.4066776298324155,0
5,40,564,2.558004762985135,0.7218366160672041,0,-5.26860253711564,0.38575212279656645,0
5,40,565,-4.2366841071876,0.5966673344250497,0,-4.1195585647494255,0.48665086372144506,0
5,40,566,1.0971490306149576,0.8736167329229754,0,-3.7878428007886527,0.4981190749041944,0
5,40,567,14.078643183753968,0.09750212990053005,0,5.225258838219261,0.36861547940085915,0
5,40,568,9.311261312167517,0.37266872070360024,0,-1.1891693814896342,0.8511414780357898,0
5,40,569,3.5910687473912475,0.31210439288175673,0,8.744869016415578,0.1683318108417846,0
5,40,570,5.321962650442913,0.39997378868081546,0,6.499306730446591,0.21376035738479657,0
5,40,571,-6.993934012864571,0.3029243982922429,0,5.7246385921826715,0.509123294610612,0
5,40,572,4.525643122880396,0.4320294492572121,0,0.5907190899690136,0.9327854908696309,0
5,40,573,15.053716753852896,0.018573428179414493,1,1.4504818514019888,0.750940716294796,0
5,40,574,3.8190578211814312,0.6715664175870665,0,11.006793324317684,0.12426969268780871,0
5,40,575,-1.4774440864191547,0.7956884546654224,0,-15.261162760647238,0.07698555278522974,0
5,40,576,6.203527656118979,0.45126664195930255,0,-0.02642451580003069,0.9966579866686671,0
5,40,577,-2.2819850557940526,0.8000282256471691,0,2.5851320595450034,0.7477041021993686,0
5,40,578,12.778223403510722,0.027340259335016177,1,6.15241523924557,0.31595565974150447,0
5,40,579,6.055100615445468,0.25016978961320857,0,-3.657947088615785,0.580677967868984,0
5,40,580,2.414194434608632,0.7302511181099932,0,-1.7307096819312733,0.7823700028499871,0
5,40,581,1.1072652811419488,0.8533043937359193,0,12.930162000381017,0.10306307776111327,0
5,40,582,-5.791045963870644,0.4633514373712311,0,0.5036018166178309,0.9443807111766898,0
5,40,583,8.199148217179271,0.24564799343260219,0,0.23254748259228109,0.9737675402811986,0
5,40,584,-2.7114863839015726,0.6767728168308058,0,10.733168028331832,0.07892403649292058,0
5,40,585,3.189864072955956,0.5698387743784104,0,6.008111504257229,0.3900077246990209,0
5,40,586,11.348946467152516,0.11239978913040433,0,0.32350798306413253,0.9615795392591718,0
5,40,587,9.155813760821886,0.11943134130060792,0,2.105164927921507,0.7247753316960313,0
5,40,588,-0.607940741767024,0.9453260092953799,0,-11.999753449840895,0.12681023896226856,0
5,40,589,10.210434205621596,0.20701267854510252,0,-4.352405067995164,0.5245841903254305,0
5,40,590,0.5801438420368186,0.941155339451914,0,6.466408742134888,0.2995924769657423,0
5,40,591,1.135844416031759,0.8365590812108236,0,10.099308377078458,0.11236420587845253,0
5,40,592,0.7899698620403086,0.9017032433330134,0,5.267770558099727,0.3216016748070087,0
5,40,593,4.559729714318038,0.5736620984141854,0,4.030220142507886,0.5453553250014482,0
5,40,594,1.4931834070005578,0.7502256738507397,0,5.939021712101734,0.34426275985121746,0
5,40,595,4.444474440210286,0.4660522934840964,0,2.523454482383613,0.6831365488391163,0
5,40,596,4.130710067376199,0.5754270120205394,0,19.2701443018055,0.0029093065745031624,1
5,40,597,4.18681617267336,0.4373085029742222,0,0.8072198819639596,0.9085111683332687,0
5,40,598,5.437415621907434,0.5239181075479515,0,0.5403808034492954,0.9456435578864997,0
5,40,599,10.052955039837542,0.15616326990440627,0,-18.51527635315537,0.03110836525528802,1
5,40,600,-2.6150692655790237,0.6427848066725822,0,4.210817073882993,0.4595986724294535,0
5,40,601,2.501954097254753,0.7473764291557699,0,-0.025207933027630247,0.9972853861610914,0
5,40,602,3.340558278940634,0.5730192125566889,0,-6.179094101467015,0.44276829118163286,0
5,40,603,-2.5736958767316054,0.6990392340545453,0,-9.009508477596171,0.36072579914494063,0
5,40,604,5.500280715273163,0.4104073236743466,0,8.755706915277813,0.1583276254786379,0
5,40,605,8.070438392759158,0.343142852928622,0,0.4350433430898164,0.9492024203908613,0
5,40,606,4.1738279805279745,0.4238404834509375,0,-1.7769418611983525,0.6624127469024377,0
5,40,607,15.455134616447282,0.0016446211903981113,1,-2.0441028658942173,0.7147162091344554,0
5,40,608,6.861055714146104,0.33411379860769974,0,5.71178864286054,0.4559347507838619,0
5,40,609,10.238715845090141,0.2051159506876701,0,7.169560017042755,0.14072634693622332,0
5,40,610,-7.767930246717299,0.317789269239713,0,-1.9924552560855204,0.8077140825640825,0
5,40,611,-6.02652225272017,0.4404802097319843,0,5.545247405127043,0.20822663255206655,0
5,40,612,-1.7754644170995846,0.7808687103500469,0,3.123321373228407,0.7378456094933161,0
5,40,613,3.597574626907786,0.6338381110046619,0,12.30820236746655,0.043242643461904096,1
5,40,614,7.890728734232837,0.3270162944713424,0,-1.9517974040490174,0.7987739748006775,0
5,40,615,8.426695230402487,0.11931765720488985,0,-1.400066620139384,0.8671140736870877,0
5,40,616,9.679365600107445,0.1337578044102334,0,-5.228092088579444,0.357759789137829,0
5,40,617,3.2480492319285332,0.5498440923412216,0,1.447170187394434,0.8333036825021234,0
5,40,618,-10.927780042851495,0.022430877282879128,1,3.509201108003907,0.5635837279132055,0
5,40,619,8.869567474901473,0.08503835569554528,0,4.046958139360271,0.5771028541222358,0
5,40,620,-0.9899767040679421,0.8833947922351446,0,6.561783921390813,0.40256914931511223,0
5,40,621,8.619764637318966,0.18651461232218758,0,-1.0044932280527803,0.9027511687943186,0
5,40,622,7.1180910650630835,0.30480564262541526,0,-7.729383085053371,0.24408723207762098,0
5,40,623,1.8706936804928347,0.7997063569138873,0,1.7544326314195189,0.8589178113589933,0
5,40,624,7.339842962848863,0.2626774922539878,0,2.6037101148543087,0.7307276856250822,0
5,40,625,2.655641339309142,0.6363184407443045,0,-3.2653659882462733,0.7433206162717786,0
5,40,626,9.423221724731746,0.30581991594010566,0,9.48199302280399,0.18567298040233352,0
5,40,627,17.904865051008073,0.011340789132077575,1,-16.78070997345135,0.006167218406956943,1
5,40,628,-0.4928121874870186,0.9427007186288303,0,-3.078589152886593,0.6870088616843854,0
5,40,629,2.166003551209485,0.7901581116726292,0,-1.300835365989542,0.8566612390997941,0
5,40,630,2.1368997724977277,0.5879405760495863,0,4.929508217896824,0.4080691777097417,0
5,40,631,9.919127220684473,0.20056561218943092,0,-7.073087896449238,0.21275019089694214,0
5,40,632,13.577333804112655,0.11641097456104109,0,2.8061488957017815,0.6775837362536001,0
5,40,633,20.442826454352172,0.009324181904980943,1,4.744191612456348,0.28796559791895054,0
5,40,634,9.800261628846414,0.14296071730288223,0,-8.487305908770551,0.25687934612779384,0
5,40,635,7.738374899616815,0.255974464762379,0,-18.29228093373537,0.05393948803101802,0
5,40,636,3.294479253707067,0.5886783367563884,0,0.09028671856350456,0.9900237930306015,0
5,40,637,-7.189265124288497,0.056574421031805995,0,-11.19477469244876,0.050767851997578925,0
5,40,638,1.9622529077742428,0.6982260817984003,0,7.3653635494677445,0.3309901822355912,0
5,40,639,13.325277859469608,0.03932164789048021,1,7.336675669415541,0.23395333392983728,0
5,40,640,-12.772135591606798,0.15847297615673228,0,-0.20389923693559808,0.9756405205421048,0
5,40,641,-1.4955347196081874,0.7070080421687432,0,1.6144771008423646,0.794207932110069,0
5,40,642,7.854881512733073,0.18381067627707895,0,4.409324863779773,0.45094870181718905,0
5,40,643,2.695586283740397,0.8115677079701861,0,9.569589265372372,0.36043460851362064,0
5,40,644,4.64548275358473,0.5524271260496418,0,0.5337350602908373,0.929276668954322,0
5,40,645,5.213842957752277,0.5461809662159384,0,-8.948228111398095,0.2571723211466165,0
5,40,646,6.6880276294569825,0.15325725753937244,0,-8.845398885422597,0.33676281606263336,0
5,40,647,1.3323570013462103,0.849020578602265,0,1.6319584806830107,0.7952610420447541,0
5,40,648,13.617099235484446,0.1595667707490063,0,5.546437048314289,0.36411212059286124,0
5,40,649,2.4009002415208442,0.57064285638068,0,-11.631954532226317,0.06514868540460757,0
5,40,650,10.473937564798632,0.05032727554182415,0,-0.7380037196038529,0.9140145134211093,0
5,40,651,0.026222518979395204,0.9961677045043948,0,-9.020296450366544,0.06580478190792373,0
5,40,652,11.638652272189717,0.05500318229548097,0,-4.812029666523557,0.2772793441030594,0
5,40,653,16.616483366562974,0.055339055703905855,0,1.2565464764392829,0.8567584105246798,0
5,40,654,8.749237056110942,0.10831306790250528,0,-9.973835614566099,0.28798745332773684,0
5,40,655,6.357037100135244,0.2982635130952199,0,-5.781823544783009,0.41855430660625315,0
5,40,656,11.427688091766797,0.2612464250304354,0,3.2637611485467914,0.716181951487388,0
5,40,657,1.4692209469380373,0.8468462502611145,0,9.164923535023789,0.12086103186239087,0
5,40,658,-4.1855680958555155,0.31436380704902495,0,-3.577093054956535,0.6992312076465088,0
5,40,659,-5.120927805358832,0.5627906899059769,0,-7.067062881616096,0.15726977191979752,0
5,40,660,8.078710995866757,0.18750691291732927,0,11.89632732811765,0.1392014630820145,0
5,40,661,-3.4556477874660345,0.5195482340148793,0,6.7891915080881375,0.4194306060916244,0
5,40,662,23.469998129790582,0.004543844461881938,1,-3.9493560382861403,0.6187373655606081,0
5,40,663,-10.614075734768761,0.21595043012269477,0,-4.1711781226811695,0.5753540524587061,0
5,40,664,-0.15054278863230763,0.9793950287962113,0,1.3477570948666795,0.717228404578418,0
5,40,665,-2.8924727175751315,0.651753468192794,0,8.55738785157493,0.19423316447490124,0
5,40,666,-6.241480826390514,0.5158507270876447,0,-10.308801976420042,0.1442372313820165,0
5,40,667,13.625024860168239,0.044682899097856235,1,-9.14852978397947,0.1428280406850425,0
5,40,668,11.433392161146827,0.060240902260003316,0,2.155272793489331,0.7233516122807098,0
5,40,669,-0.9774655460933559,0.881938489149434,0,-4.69831484695473,0.5417539658707514,0
5,40,670,15.364461284026035,0.013769295872927079,1,2.648024942166643,0.7646420877984609,0
5,40,671,3.294598325549913,0.6981572860459593,0,-10.29123851501501,0.07381311066718742,0
5,40,672,7.527769690213063,0.3191744008503361,0,-3.1903456137037125,0.648864604472769,0
5,40,673,11.001540957252232,0.012674952897874153,1,8.952758871420443,0.09302805272533685,0
5,40,674,8.964808178980746,0.10350924784550868,0,-4.414205826347384,0.5706940050406812,0
5,40,675,4.35451633569626,0.5775784976123945,0,1.5989045997931868,0.8498846748001776,0
5,40,676,-0.8937027727816229,0.9032827669426045,0,8.81060267070005,0.0752286487654953,0
5,40,677,3.955636810638424,0.5126691384778066,0,5.231933709772491,0.5345515410801642,0
5,40,678,3.058982215774435,0.6409979821923946,0,-8.642653718143563,0.17456923431591245,0
5,40,679,6.259388026950148,0.4385529053454633,0,-5.00321073569954,0.46237310847497537,0
5,40,680,12.532914838267587,0.08639437697300195,0,-5.5054995141517935,0.4590348275766152,0
5,40,681,-3.656148380218184,0.5169654466481013,0,3.6853440833872497,0.5724384924314083,0
5,40,682,5.189518181042089,0.437989219832007,0,8.36364079473482,0.13584690846472808,0
5,40,683,20.493787346039298,0.0023518775141441483,1,-6.312277339395507,0.3481350737968143,0
5,40,684,4.5411104041816515,0.5186785656724717,0,-7.128900188748233,0.22647382778941305,0
5,40,685,16.404279908352322,0.01089223263160475,1,-0.7982892362966396,0.9274825414725487,0
5,40,686,-2.4877236955609447,0.7014151762637278,0,6.649310640388393,0.21896986598213705,0
5,40,687,0.31618718513270494,0.9691198730700035,0,-13.839815980330584,0.05742427155768,0
5,40,688,3.965904290233979,0.5150227972506809,0,-4.271018172675582,0.5140220545890477,0
5,40,689,1.8542180627660088,0.8228774923605329,0,3.6655082524982845,0.5623679398253402,0
5,40,690,-2.1275998560855385,0.7440297776837588,0,7.683698906630212,0.1940856838399749,0
5,40,691,2.776010246006493,0.5801140689731051,0,3.6601715748262365,0.6659612169766488,0
5,40,692,19.69878985143977,0.021356774415908,1,-7.3938999726109245,0.39938838133257504,0
5,40,693,6.329376678292036,0.3897364530239603,0,-10.885667547710952,0.11369169791894018,0
5,40,694,4.75639676851695,0.5282303963654251,0,-4.2525860886565,0.4944396068146316,0
5,40,695,9.621580592540624,0.16844355612947037,0,10.31161253710603,0.08643028619300164,0
5,40,696,8.932096653944285,0.279582405409053,0,0.9134987350732473,0.8421009389353413,0
5,40,697,8.508968233277102,0.1935759904539407,0,0.048544197631457564,0.9949099791100358,0
5,40,698,-5.453270961407725,0.4817383550609098,0,-4.10869309183056,0.5754627999399021,0
5,40,699,0.7098574996326903,0.9201237980092423,0,5.056276761044529,0.4217763068071837,0
5,40,700,-0.48125649773787416,0.9465128223555032,0,-1.2462459164279238,0.8772387759305004,0
5,40,701,3.1327575233275127,0.5693778945443584,0,-15.067249607952107,0.046603603745040516,1
5,40,702,11.04956806087307,0.08184949311779292,0,-0.6394259180240169,0.9347294507984256,0
5,40,703,-1.167755717041473,0.828232205759536,0,-1.2448231544609456,0.8660331219082441,0
5,40,704,5.634321256241336,0.418148948686519,0,9.445262837783588,0.15135801861268322,0
5,40,705,18.324425900941705,0.034259980479922854,1,-3.952623325407046,0.3233887421223707,0
5,40,706,7.343961036942886,0.19127539994797516,0,0.012170730082956993,0.9987724274107599,0
5,40,707,4.512856969691313,0.43972356844964355,0,-3.8880972455650067,0.5356862821367115,0
5,40,708,4.079146259067784,0.4979707773630835,0,12.432835483049772,0.03180843661059538,1
5,40,709,3.9874829606796283,0.46257049254205085,0,9.69303267101516,0.19747630591504364,0
5,40,710,10.117432789808433,0.074222532372442293,0,-1.1978888772716658,0.8778633086684313,0
5,40,711,7.206672648658838,0.14321375273511153,0,6.97121016201929,0.23781994569737216,0
5,40,712,10.05616600548727,0.14342247397027266,0,3.004964837945778,0.6670869471005612,0
5,40,713,1.2022803495341492,0.8320088881367314,0,0.8924073482018855,0.8780240707662929,0
5,40,714,23.139389889775245,0.008517076016806525,1,7.406101137058087,0.33665831090569576,0
5,40,715,0.7795459794634638,0.8872009118445627,0,16.596063851184354,0.01207354746686536,1
5,40,716,2.0967605975257584,0.7612172848462383,0,-4.704584869541023,0.3678404729467889,0
5,40,717,7.729066387654981,0.2775608999829942,0,11.173599039874532,0.1895915000373522,0
5,40,718,-2.596907415230845,0.6476063382323084,0,1.1055337409476067,0.8675303378095716,0
5,40,719,5.1426411326219466,0.3238516578237196,0,-3.3233887104663182,0.6550785989915142,0
5,40,720,-4.201846986578715,0.5955088400098145,0,7.062694470288136,0.31333452602507345,0
5,40,721,2.613219362455027,0.6681095110662956,0,14.201854486578611,0.0402344414549634,1
5,40,722,0.8479015685684175,0.8922656391069632,0,0.4583409912260805,0.9625258365612134,0
5,40,723,0.9599059998540298,0.8983243836012328,0,1.8655783682689133,0.7942176008372288,0
5,40,724,4.006916394464753,0.6993020339204158,0,-0.6405815076294488,0.8856246349042993,0
5,40,725,3.3683976130863016,0.647353416977032,0,-9.823665099997697,0.1608369375356695,0
5,40,726,-0.4857773022683176,0.9190849080755862,0,-2.531418838739384,0.7403329993954253,0
5,40,727,0.7756245871070746,0.8879982340069021,0,-10.204551026608868,0.042289658392359,1
5,40,728,2.777432225965697,0.7120302526732641,0,4.116316903208215,0.3887013213733095,0
5,40,729,-2.847756785963682,0.652063327485795,0,5.31107792885399,0.47326234203366424,0
5,40,730,4.2765346524552115,0.6123077544531914,0,13.00254826451669,0.09025219643991698,0
5,40,731,7.286151129521926,0.23907736406348093,0,5.367001030760889,0.29618210871199324,0
5,40,732,13.138615268677725,0.07513720391999527,0,9.704353822493644,0.21953903052633486,0
5,40,733,8.788506129576476,0.08643670635334771,0,-1.6351678592559011,0.8383468448971276,0
5,40,734,12.850927711947136,0.08036082095700396,0,-9.018450971214492,0.12452307475815563,0
5,40,735,5.557395497354065,0.3407301101635061,0,-2.1905785299367295,0.7034374402143888,0
5,40,736,19.65271398575551,0.06938716878820497,0,7.884426413366597,0.44152657850854604,0
5,40,737,8.333854998287393,0.14956518847955397,0,-15.078557341784133,0.0018825688614785548,1
5,40,738,-4.458793547601502,0.5696184028393838,0,-3.744138810405218,0.46792022461903515,0
5,40,739,4.220372651926937,0.5400218680252586,0,1.5343980865294782,0.8721835744573292,0
5,40,740,8.789714496135261,0.24336993659990477,0,-3.507393421220371,0.4260763470824791,0
5,40,741,-8.797610275693131,0.15117219411759475,0,7.306625727652303,0.2696000230450759,0
5,40,742,9.400536795861996,0.3481660539361495,0,3.964093699465451,0.7206724185216327,0
5,40,743,4.4458532648748985,0.5381040863750133,0,4.404144748679855,0.26079786966075225,0
5,40,744,13.120042444023454,0.1227498426985554,0,-1.3392306638515947,0.7838612470264239,0
5,40,745,10.704200271408865,0.09847024697993173,0,3.8542800531431567,0.6224290329315415,0
5,40,746,-6.101773659436816,0.5225218105432057,0,10.834707012563882,0.06339341018114904,0
5,40,747,-7.357853453366559,0.19013483602469405,0,-12.546115150797434,0.09908792940961493,0
5,40,748,-0.2072818302256394,0.967978218544526,0,-11.852352651378823,0.10802838617316084,0
5,40,749,3.4323036798967337,0.49137556524009307,0,5.7264904793808,0.28843181698927806,0
5,40,750,2.3288973832040654,0.6561938562854288,0,-13.119710647303677,0.11134983981884516,0
5,40,751,8.174499764038984,0.1688741935140529,0,-4.232904391640531,0.5517647800598031,0
5,40,752,1.7509963949238596,0.8399719867749244,0,-2.168722496699303,0.6838241127190905,0
5,40,753,-2.7881738555216486,0.7042527912785534,0,-12.88969822701182,0.0400931966428289,1
5,40,754,15.961482418682749,0.006377054053663415,1,-9.290922286015046,0.23897245851866483,0
5,40,755,18.23437875756538,0.038096081470977025,1,-2.805313156683823,0.6336754083753611,0
5,40,756,5.963115107984308,0.4175590261021891,0,-2.1647992785363783,0.727671851523224,0
5,40,757,1.9191582979503465,0.728360328202591,0,-9.390335130381857,0.26112837390987875,0
5,40,758,-6.214986123900616,0.2988995885075978,0,12.217668277510498,0.11107560418094851,0
5,40,759,2.9751459406662946,0.5698583000349697,0,-9.980095461094663,0.17983393072394951,0
5,40,760,1.4540624442390566,0.8508885065707444,0,-6.819408348265384,0.14735122016104318,0
5,40,761,1.1637409304183848,0.8621486242743723,0,-2.6908570771965117,0.7355197107456417,0
5,40,762,-1.2059933423851419,0.8812620134747615,0,-1.1308031919203216,0.887306291589187,0
5,40,763,13.559487835500846,0.0560416331749379,0,9.128885980251027,0.1113917579252849,0
5,40,764,1.0805028744862284,0.8763916841058148,0,-17.71442932804743,0.016633155898492156,1
5,40,765,4.43774108091111,0.5099985649425078,0,4.3866526815551055,0.4824510697827499,0
5,40,766,3.3095638816538013,0.6410177543923141,0,4.9300838769028985,0.4520382830173052,0
5,40,767,11.091511031614928,0.24157664332109433,0,2.2983376342203883,0.5595980181538684,0
5,40,768,6.134676067677361,0.25218839539629556,0,-7.607327110435435,0.24549890837292493,0
5,40,769,16.58096998224984,0.05218827053210603,0,-13.872567384662744,0.03126849764530186,1
5,40,770,0.05529899218107914,0.9932326506822746,0,0.6115778316834195,0.9158355716439541,0
5,40,771,-1.4711235471264814,0.8422086800457949,0,1.4168952440460885,0.8221152601655912,0
5,40,772,6.455965860650764,0.3104416092421659,0,-7.712959004180476,0.29835137357752173,0
5,40,773,9.151448951578118,0.15844073752654225,0,-8.506154302222015,0.2970667580078729,0
5,40,774,-4.525149072306192,0.6040388200972744,0,-7.195547114222066,0.2904489102715318,0
5,40,775,9.708317700381173,0.2614468931417127,0,-7.871811454252253,0.3915798274217407,0
5,40,776,-1.0856323976183688,0.8526498196011009,0,0.27773263192368347,0.9690910873260377,0
5,40,777,15.366338761031784,0.01725627260959828,1,1.2043356003514845,0.8854596451772185,0
5,40,778,4.688864715499875,0.5184138288061149,0,-3.54522319499182,0.7021054684409556,0
5,40,779,3.653416634503756,0.5569589468583799,0,-8.070132000070572,0.2136030155031215,0
5,40,780,15.594495407293422,0.10256988172607805,0,-4.2032732897790765,0.5209959828881288,0
5,40,781,3.551462509527795,0.5542490570247383,0,-8.721497791140663,0.13169684717131563,0
5,40,782,9.498608283758855,0.1342479094244102,0,1.0641361277246517,0.8690407001120557,0
5,40,783,2.026662660545611,0.6887633453833187,0,-3.401787945353348,0.5826899891306379,0
5,40,784,-1.0736103323529562,0.8929233567017821,0,0.2535797586696589,0.9616822684345296,0
5,40,785,4.864787356363664,0.5412619595388894,0,0.805667907252456,0.9193410557073829,0
5,40,786,1.4684438877422252,0.8636384568284095,0,1.8510526979881519,0.8248807571266206,0
5,40,787,2.814769499046591,0.5560348681250904,0,-1.6680195195341838,0.8263368001978663,0
5,40,788,3.8865074169547427,0.5428175252740348,0,-9.199217038867573,0.2383199658997137,0
5,40,789,1.0713845879488844,0.8583563591014636,0,9.715082687621631,0.32975962831831285,0
5,40,790,10.571463805923742,0.20284104808721778,0,3.808391382017959,0.6398351618677435,0
5,40,791,-1.5549758286585131,0.8359212426003596,0,-6.00877573225921,0.34930591657951426,0
5,40,792,6.713650610232705,0.2582507158607411,0,2.9028290779934736,0.6068481771404455,0
5,40,793,0.7566194745814272,0.9013493689633939,0,14.312619825096164,0.020314868417899985,1
5,40,794,2.619143775433031,0.7602055012103524,0,11.869129273561569,0.03946039252090464,1
5,40,795,-2.2757941892090088,0.7325948679663186,0,5.020122970487051,0.19774709285940456,0
5,40,796,7.249803750335261,0.14487339131060475,0,-10.821387048441423,0.16870487441572085,0
5,40,797,0.34354281318827873,0.9622111730242715,0,2.304700413907355,0.6467952230486858,0
5,40,798,8.533631366641941,0.23340837284856664,0,-0.5868427347371465,0.9062641843609652,0
5,40,799,2.4561281817616702,0.7445992937418306,0,-7.909004634608237,0.33079562383132344,0
5,40,800,4.1437525608706665,0.5350327710242744,0,-4.262591572115582,0.6011751255027213,0
5,40,801,1.9632450909899006,0.7815651017876527,0,7.44102841943284,0.2700142088446723,0
5,40,802,13.152240836938404,0.004606912336772216,1,-7.846677711593443,0.12404500724572806,0
5,40,803,6.231625225621116,0.3520512305093335,0,4.943451597786861,0.5681882401090409,0
5,40,804,11.987485373931435,0.03792048623773933,1,7.762991674088823,0.24981634895225407,0
5,40,805,2.955221005060878,0.5020347501095307,0,6.047638154607569,0.3327616672387085,0
5,40,806,8.058832534330108,0.13303482525288168,0,5.063508392592425,0.3745312973252921,0
5,40,807,12.064318579477998,0.13007325310697984,0,9.586022068357849,0.23600417647724736,0
5,40,808,0.24373994819050893,0.971491481644079,0,-4.1526357173215445,0.33685746061234023,0
5,40,809,19.443215246324954,0.026757883957200187,1,1.9634059502733123,0.7344719961118262,0
5,40,810,4.9739924968368,0.43658405742789463,0,-0.20441194219002057,0.9758463065427226,0
5,40,811,12.91048573144404,0.03235546016357175,1,4.932014110113826,0.3811655835646627,0
5,40,812,1.9384596955384836,0.7579031615786113,0,7.38670795025169,0.3302283446448775,0
5,40,813,5.293545165940699,0.5028740500755063,0,2.2092735799407137,0.652515853631783,0
5,40,814,11.517395539385518,0.0941146214061997,0,10.808720934987875,0.17101588497954265,0
5,40,815,7.032048215343977,0.30146335374405586,0,6.556038370322867,0.1703750846561821,0
5,40,816,16.369582872577098,0.015392471306261288,1,8.358287828732756,0.12675043514542708,0
5,40,817,-0.6356054561693583,0.9178479751446382,0,-12.570408185541524,0.15172907401012822,0
5,40,818,0.8550525318517259,0.8874158507087447,0,8.591629051385596,0.18815739400419756,0
5,40,819,-1.0416817656300452,0.8695262693910031,0,-5.064875121045077,0.32875259031335735,0
5,40,820,1.2735210648700388,0.8725384051732208,0,-15.973071784698988,0.06642435405108894,0
5,40,821,0.3043916117424743,0.9723764332763543,0,-3.838807295667266,0.5085509615122319,0
5,40,822,-8.112249416344866,0.11523675772628961,0,17.108944137441455,0.033518246082211926,1
5,40,823,7.479622051320675,0.27771809981886625,0,4.4226675158516855,0.5781277653815988,0
5,40,824,6.521730864009157,0.42829744890629373,0,1.0167384808451203,0.8977321681517766,0
5,40,825,2.0967532784132175,0.7025332346969209,0,-5.823426040846115,0.4537231772401157,0
5,40,826,0.6290745032833769,0.9285132817712805,0,7.86797346440234,0.31054519324427515,0
5,40,827,-9.303358388690611,0.21131437489380267,0,-3.016842140703176,0.7318994103017594,0
5,40,828,4.56828238654434,0.4983699437586194,0,1.285480529388181,0.8510316060928993,0
5,40,829,-0.7647080177083723,0.9063041912621248,0,-4.290411915803389,0.46644614911032545,0
5,40,830,10.466942322392697,0.16992110248146772,0,-4.543771294467831,0.5889617989108271,0
5,40,831,9.154804574454062,0.16835733561605892,0,6.6764356404719365,0.32268294076397286,0
5,40,832,4.840221413793429,0.48466844843125745,0,2.900348707790272,0.6428879739796681,0
5,40,833,8.927211195736845,0.13879687680081587,0,-4.807064367336267,0.3676307439480312,0
5,40,834,0.14522778383778245,0.9847900850280495,0,-11.591177717571625,0.05433084621152235,0
5,40,835,-1.715316395216945,0.8212710421404776,0,5.38102278641621,0.15436941904854407,0
5,40,836,-0.49802001238811044,0.9374072091768347,0,-4.882641979754425,0.4349964568014545,0
5,40,837,12.78065338650076,0.03930447715227838,1,-6.641522435077206,0.47156443315909957,0
5,40,838,9.592956991219154,0.06561947586850926,0,3.8368302316576433,0.5530206885966926,0
5,40,839,-2.196463268681029,0.735963782331524,0,-5.664811523443092,0.44882470748523384,0
5,40,840,1.8749707217126854,0.7959568123083544,0,2.665026509604232,0.7494603234402154,0
5,40,841,4.406645478291026,0.4846191867128413,0,5.758197939170387,0.4495279959392747,0
5,40,842,2.7691128896041164,0.6596877375461343,0,-0.6162157434738731,0.9198485554034694,0
5,40,843,8.642620457698897,0.3235274748387489,0,-3.5931448816387217,0.4426212439025107,0
5,40,844,-0.9535949018604697,0.8778340424940697,0,7.289794535004148,0.36550149425896605,0
5,40,845,-1.7757978324773234,0.8399385340995229,0,-1.9348547844424075,0.7838094580556423,0
5,40,846,1.1538616583646046,0.8977895169844204,0,-0.2207111459180453,0.9807344446367976,0
5,40,847,7.425315504929728,0.36530778929638963,0,3.562316920040999,0.4730524349318882,0
5,40,848,6.272274831919418,0.4421427659983004,0,16.42169211454096,0.020261848328795615,1
5,40,849,-0.886449643565669,0.8989708747497441,0,-6.3941655000720345,0.4221491356994005,0
5,40,850,3.5749670589889035,0.5876318596845819,0,-4.3073210566799105,0.5230175334621754,0
5,40,851,4.1668696646202505,0.4468504271824877,0,-9.285554204423875,0.030974839134559513,1
5,40,852,-5.916262307951456,0.2032887039186462,0,-13.073108748094342,0.11447531577136882,0
5,40,853,-3.960122173096636,0.38396992261570817,0,7.663268820839363,0.3310400352477244,0
5,40,854,13.1351887826754,0.051569307576223265,0,-1.903345463692034,0.79669546372897,0
5,40,855,9.160153392103041,0.22522306566085626,0,-2.0246387627448854,0.7817599956164185,0
5,40,856,1.830879701145065,0.8051235672698867,0,6.798614698770237,0.30085017127676356,0
5,40,857,-0.7329320130614292,0.8663047926706462,0,7.595865404991827,0.5221616151689377,0
5,40,858,-5.378806289560146,0.5002324181005864,0,-4.6603311881851965,0.41471285490862464,0
5,40,859,4.554648595726761,0.47308426249033453,0,3.3476537199627785,0.6153148762220018,0
5,40,860,3.5073727138399704,0.5530226063120174,0,10.871665657592501,0.1511163927287642,0
5,40,861,-2.223196208473624,0.7000183519926753,0,-5.0938703005083426,0.5048537462096221,0
5,40,862,4.8354808594613985,0.4362027822865412,0,-18.652724960511847,0.06942594439842059,0
5,40,863,-2.293764140665175,0.7590909990508281,0,-5.086987733789229,0.42862270577843997,0
5,40,864,11.718909383688839,0.09991916777838682,0,-7.440812837456889,0.3018640587484039,0
5,40,865,-3.7835908371837235,0.5168077124723107,0,0.07645447186607157,0.9903590965145199,0
5,40,866,8.064167917521942,0.23960130191051465,0,7.555409323796283,0.3611612002697896,0
5,40,867,7.197328062618652,0.28328620462717513,0,-2.2493576058938913,0.7641058018946247,0
5,40,868,9.239616339472349,0.307240597303892,0,-3.0523815813844664,0.6394383387190823,0
5,40,869,7.508242337558613,0.28662864231994606,0,4.435167979670965,0.5253092897914644,0
5,40,870,6.049366599376228,0.3407667362859359,0,-0.5141032123395775,0.9312631830928517,0
5,40,871,-4.64995031763263,0.5658471743651579,0,2.2304277754285806,0.7726429452633192,0
5,40,872,9.384641206697026,0.1644344170195244,0,-7.582640835307799,0.35178906324242343,0
5,40,873,6.838462579919309,0.36358509171720954,0,2.26632015452023,0.780328848354232,0
5,40,874,9.334942456768047,0.17968169555097727,0,8.193250348637392,0.13542421487585632,0
5,40,875,11.605434247253584,0.06778560864336475,0,-6.9128492530386865,0.15015155505219055,0
5,40,876,0.7534876555754408,0.9200155231235833,0,-8.40770499663816,0.473952272921922,0
5,40,877,8.600664271927457,0.1658212726779749,0,-7.941575951864479,0.1485349792299387,0
5,40,878,11.986841778624978,0.0857671177795335,0,-5.31422074058996,0.512079214505845,0
5,40,879,4.4274128967804955,0.4998695464033246,0,8.167503560474088,0.1986388775977305,0
5,40,880,2.2799723377121666,0.7082383396278427,0,-2.173563643436239,0.7566549940210622,0
5,40,881,7.948919630159679,0.13348892477444915,0,-13.569154344537097,0.015312906354765343,1
5,40,882,-2.5948527493317783,0.6444478267973062,0,6.1598389336332104,0.43317861932864354,0
5,40,883,-2.420682300352567,0.6595318428674154,0,-7.28608736513867,0.3745600665676653,0
5,40,884,4.811757901944475,0.3996833094858592,0,-8.161229856656348,0.27878337416153853,0
5,40,885,3.543574187058894,0.6007315926679715,0,0.05053107853800043,0.9936228559454794,0
5,40,886,-4.534480667033051,0.606239538461657,0,-7.317017164940381,0.25690811735895436,0
5,40,887,11.137821837218638,0.2155064993847663,0,1.6673061894560846,0.8024820596569152,0
5,40,888,9.240425464103836,0.11257267122401829,0,-2.2598013388947464,0.7077888026863562,0
5,40,889,-11.639899324145276,0.15332080612991575,0,-14.94073351570647,0.006247191662813239,1
5,40,890,6.123154637956233,0.35394858529968853,0,-6.771340094900381,0.45061787747833704,0
5,40,891,-16.483254375150736,0.0020659368364760703,1,-4.439551404598191,0.40878424370867916,0
5,40,892,22.33338408879338,0.007306163004440867,1,-7.502781050734953,0.4065055485754161,0
5,40,893,6.02556272727962,0.26643339095847174,0,-13.553275681717352,0.11155276307997791,0
5,40,894,6.0521360207912664,0.28785672926876943,0,1.1166888026536839,0.8905223924112754,0
5,40,895,7.27804365473186,0.32570674147945256,0,15.697122535055982,0.0146192517221706,1
5,40,896,1.635451125057557,0.8358447992923411,0,4.050545165462054,0.5327204891871673,0
5,40,897,1.9996478007752216,0.758930730665756,0,9.630114396576303,0.10115253134722017,0
5,40,898,-3.919969676848737,0.5267115338677277,0,1.4096267068260318,0.8048842019123761,0
5,40,899,3.016888876654292,0.7218893970902136,0,8.535133646721476,0.08169204512154704,0
5,40,900,5.560684472444905,0.356190659318674,0,3.4691483453214573,0.6640581099767482,0
5,40,901,-3.8889301071228317,0.5285038923361374,0,-8.402531750758854,0.27259148063606636,0
5,40,902,10.34539561014796,0.25532379113529585,0,-9.184464038531672,0.32907721095769227,0
5,40,903,5.589697986963188,0.2413208934030415,0,-11.900299802071174,0.0637033192940613,0
5,40,904,11.630450431748542,0.07829757447701585,0,1.4925268239199454,0.8382079095829381,0
5,40,905,14.067011657315888,0.03269855949345224,1,10.944614427249249,0.09264140876902732,0
5,40,906,-5.91436582957428,0.3063212654892483,0,-8.29478818459657,0.24667922016073568,0
5,40,907,5.3906255461948405,0.3116235247500123,0,-4.113585634036696,0.5840485917620672,0
5,40,908,-4.040902409197031,0.5155479947126743,0,3.976831670309565,0.632834019819386,0
5,40,909,4.216372274209604,0.46655171394637107,0,9.095764869406054,0.10399804925098326,0
5,40,910,0.3255886521393876,0.9694709621940503,0,-1.9055470537396388,0.8082925789472295,0
5,40,911,1.4033819495149658,0.75994501678861,0,-9.204074116419278,0.3303249389998003,0
5,40,912,13.753934954315682,0.07989609870730911,0,-1.9693312614464702,0.7830535100570933,0
5,40,913,2.9478561102180976,0.5713125975741462,0,2.8868410323036358,0.6178250595963248,0
5,40,914,-6.0133451979031065,0.2596743102112675,0,0.3454116519028503,0.9707344736845203,0
5,40,915,21.9181936829942,8.961073535877453e-4,1,4.577246629253182,0.5061794946011824,0
5,40,916,2.3250784214639992,0.7875494372908011,0,-2.6424310496268646,0.7475622654935965,0
5,40,917,0.8470316155066939,0.8995589709806169,0,-0.07585420869750692,0.9904851175223479,0
5,40,918,9.486379714469436,0.26550021719698447,0,-6.571958170361498,0.3382453791468757,0
5,40,919,5.619523954356708,0.4984424687366974,0,-0.050900784669181576,0.9941479002555379,0
5,40,920,11.268410308456168,0.20678348291047416,0,11.463988497768966,0.15067559366032043,0
5,40,921,2.87638710547661,0.6147899235032688,0,0.3253034022050514,0.9568371167533944,0
5,40,922,-3.345336392595044,0.7285658225710117,0,-0.7031544571491111,0.936766113809727,0
5,40,923,9.693622644745716,0.18502340391460936,0,1.8280673498854014,0.7538889660325303,0
5,40,924,-8.990648233907493,0.21230121378193847,0,3.0642022838122784,0.6285038688337403,0
5,40,925,-0.7822367090419675,0.928336474019085,0,4.2669337411904,0.6607236959761693,0
5,40,926,10.120901141411395,0.11410144814990571,0,5.636229412614725,0.4898464920751524,0
5,40,927,-4.6315586438442296,0.5829809566139161,0,6.363242315965493,0.3971296509227069,0
5,40,928,7.904161616784535,0.3132889995585473,0,-1.067105149988464,0.882456996181045,0
5,40,929,-0.22201251432286995,0.9723783286978526,0,-12.548184801176959,0.016749759059554954,1
5,40,930,21.257683052723834,0.003467438505418511,1,0.004498237004284533,0.9994603142800027,0
5,40,931,0.9257341407851953,0.9117670542425338,0,2.8014462656647225,0.5486261496482321,0
5,40,932,6.854815258541734,0.3158930968929095,0,6.247224607357481,0.35488848088312874,0
5,40,933,-3.736228217686957,0.6786680821586023,0,3.6007796518383515,0.5322823971898513,0
5,40,934,0.6857088050251008,0.9194533005659462,0,1.221628530665356,0.8623198944256651,0
5,40,935,-0.06938128093815976,0.9923580323621708,0,-7.125366537547777,0.2372153556721492,0
5,40,936,-4.685351060664274,0.07224474741341598,0,-12.701452279296447,0.028549019843756237,1
5,40,937,-6.550979859702323,0.3071503165530225,0,8.642064946603824,0.06888866311639238,0
5,40,938,3.9252977899367636,0.6506448664763795,0,-0.5108488387134997,0.8777512501899838,0
5,40,939,-3.0800914653254807,0.6788731929853912,0,5.1447419019415435,0.3521201456382307,0
5,40,940,7.232212215664887,0.26312698633062687,0,1.3005360055292954,0.8834591256712535,0
5,40,941,13.058280374417947,0.04616302556558802,1,1.2289037855842082,0.8464324028796508,0
5,40,942,11.92971358705033,0.1587649740640166,0,-1.554908180927569,0.7153718472930657,0
5,40,943,3.9136119577646724,0.4766497965212335,0,-1.0918130357221685,0.8774235787138618,0
5,40,944,-2.1246020044391685,0.7532399172202838,0,-13.201398057167623,0.07663206504186083,0
5,40,945,6.860518797852052,0.21470834014988005,0,13.284261142324581,0.10505340697831858,0
5,40,946,11.58705215044904,0.1487768756966201,0,4.692011513380862,0.401869674594715,0
5,40,947,-11.680255114100902,0.2140711991056215,0,8.796519400870167,0.006221625527693849,1
5,40,948,7.006097528666459,0.19696486055339502,0,-3.510441336031846,0.7026921710985805,0
5,40,949,2.553698275939837,0.6711844242860633,0,1.7487908226510598,0.7000328230880887,0
5,40,950,6.987678024548757,0.34953969134920804,0,2.9777057073046365,0.7012557755023372,0
5,40,951,3.4052316165059437,0.5404151183930712,0,2.3867460590063274,0.668588211854712,0
5,40,952,6.604980758919524,0.41097193812978605,0,-1.1327365422658744,0.8516643181006351,0
5,40,953,1.6832319154712678,0.7756110507004877,0,-0.6649947344217679,0.9181161908506421,0
5,40,954,21.17357763369604,0.013586002690053776,1,-2.177923965864778,0.7101449899357071,0
5,40,955,2.166280170100876,0.677323908124223,0,-1.556022645906694,0.7691974049707185,0
5,40,956,2.6260325287056077,0.6799418150904882,0,3.1237526956369237,0.7536969035886057,0
5,40,957,1.9162465897807408,0.7454302683349951,0,-0.1377854848895339,0.9848933130700748,0
5,40,958,-5.465411242684979,0.4495062787587557,0,6.112748343451969,0.43951556410230574,0
5,40,959,7.5901127334250305,0.3964895418015756,0,-10.375006986285086,0.15301438536808004,0
5,40,960,2.859023471509772,0.7537135812188194,0,9.29903079406131,0.2986197393231547,0
5,40,961,6.908329978907005,0.29990960228508984,0,2.4409468894134676,0.7124918368474137,0
5,40,962,-3.6629520681037633,0.5340637172875711,0,-10.266915452454114,0.22254562017748475,0
5,40,963,2.2777149029744947,0.671705308477401,0,0.35584221240596037,0.9643363232998425,0
5,40,964,2.4354145025554175,0.7217372652460522,0,3.4887691645571692,0.5365219513355577,0
5,40,965,2.0673004352892264,0.7026987750551228,0,5.485619407195003,0.3923986714118113,0
5,40,966,2.4650575755264015,0.781291791419819,0,-1.8040115596278241,0.800224886552332,0
5,40,967,12.816980470700784,0.09016362357361588,0,-16.59804661096146,2.980787128421091e-4,1
5,40,968,21.197715713415562,0.08232579932030117,0,-0.3370806858213342,0.9479219445251248,0
5,40,969,12.44895808099524,0.20125405528814508,0,0.600251710731925,0.9326998691849337,0
5,40,970,-7.49062322529727,0.2879516472546194,0,11.550502254722716,0.08452306534660514,0
5,40,971,-8.501739762282043,0.12977838076288514,0,-9.377572753386929,0.13241015246943272,0
5,40,972,1.0816233486152242,0.8066278618938931,0,-4.721876145195139,0.5762783527531428,0
5,40,973,-3.9563163137860045,0.42299768706526075,0,-7.290299490683864,0.42328413587231517,0
5,40,974,-3.284395535909198,0.6643618412528076,0,-5.2790356292990595,0.45933679121051296,0
5,40,975,1.3785262341015851,0.8852062600106445,0,-2.198164132345582,0.7965555628174168,0
5,40,976,3.086522030060806,0.5812044667644103,0,3.8791694029377908,0.44355340731219284,0
5,40,977,2.5907857390466518,0.532172673167743,0,5.1592751811803765,0.23035863844176518,0
5,40,978,3.4993840902463944,0.6083099990141938,0,10.333021284801248,0.19661972211661757,0
5,40,979,0.2727746422503401,0.9705808197157852,0,-7.716311215660554,0.27428802876659175,0
5,40,980,-2.0977532476509424,0.6638531486807673,0,0.5735313661573969,0.942446159924901,0
5,40,981,7.0034469370402235,0.24246711642195065,0,12.934767651742035,0.05796675782793953,0
5,40,982,20.438271854812967,0.046695710197340166,1,3.6112566582764174,0.6359054129967516,0
5,40,983,15.916290084338812,0.07653412173481686,0,0.06554987444752669,0.9926334536818928,0
5,40,984,6.495061932762198,0.19436072965073656,0,-4.266043856610864,0.43707217976858537,0
5,40,985,3.0228424093908615,0.6104122497950898,0,-2.459040771507958,0.6806348533582828,0
5,40,986,1.6048936193448498,0.855555676156456,0,-11.062161119456832,0.12704708631957531,0
5,40,987,-10.315774372626421,0.10949251592156088,0,-14.89159725356744,0.04133684438452198,1
5,40,988,-1.6858952513618277,0.7867200918914027,0,-2.4552856150387043,0.7112769157745117,0
5,40,989,14.570232596058261,0.0030329634253470094,1,-4.783566272767459,0.47246044315426183,0
5,40,990,4.02483179198704,0.3922829921916361,0,2.136785259394486,0.7418630968433779,0
5,40,991,14.856854261887605,0.031778390227986175,1,6.819674972386764,0.45562494756695915,0
5,40,992,-0.8136785260161474,0.8573314269631578,0,-4.311208732155876,0.5713384851246144,0
5,40,993,5.5388690770786155,0.3848889545174087,0,3.357124828417767,0.6747269626428211,0
5,40,994,11.424461058147216,0.1739812068830478,0,-8.261173246293922,0.17499758311499408,0
5,40,995,3.690450436576384,0.6591528619173359,0,-12.922444557522454,0.08489225293052002,0
5,40,996,10.448366800943433,0.18466766329132586,0,2.6307473901945144,0.5578862692144719,0
5,40,997,12.34918580065252,0.12740537077585823,0,3.2959225597198554,0.5309594267385531,0
5,40,998,11.821159897844211,0.10464267754386963,0,-1.4321173704940406,0.7951890719558675,0
5,40,999,9.72037615103632,0.3720684861814034,0,-1.8309728366979527,0.6586888712764769,0
5,40,1000,-1.7656415147212812,0.6953481161069833,0,1.112261210680117,0.883478160406685,0
5,80,1,4.124622683479501,0.2622912886816906,0,-0.6252858168524682,0.8503944277034884,0
5,80,2,4.546102158497646,0.3373105325742346,0,3.402866673726777,0.31374160996728906,0
5,80,3,3.8163034608046758,0.5281556492125812,0,-4.462014404192459,0.2607790369979692,0
5,80,4,-0.6501087956854832,0.898381380478483,0,-1.4663314735985296,0.7834669549395199,0
5,80,5,7.880409196512488,0.15052511542566283,0,-2.031411337530642,0.7630577283180187,0
5,80,6,3.1203689627741085,0.4453997105127455,0,-0.6477640250585921,0.8907665158607581,0
5,80,7,4.869617811442183,0.14620837698706984,0,-2.8120856700329853,0.5889759397400354,0
5,80,8,3.999016068281705,0.39924600268461885,0,3.970824896800437,0.41900122531078865,0
5,80,9,11.266669533241085,0.03539768169509324,1,2.103780939627569,0.66364287959897,0
5,80,10,5.160292223895198,0.2876399030971771,0,-0.9338823628374797,0.8528712982449373,0
5,80,11,2.770391395683191,0.5738320654072132,0,1.886490854147496,0.6146514374947243,0
5,80,12,-2.909533667914701,0.5618713964047891,0,1.559648212493542,0.7776385907987309,0
5,80,13,7.379039882770897,0.1297734563098241,0,4.283783384579408,0.45260399874982626,0
5,80,14,5.544554657452423,0.3461908191582471,0,2.507070346655354,0.6247422283023505,0
5,80,15,0.9676931961257793,0.8775221770124892,0,-1.1425287837721925,0.8082174166580248,0
5,80,16,3.620390342766129,0.38083296021503077,0,7.5993308655684615,0.2097278083352798,0
5,80,17,3.4897778743700485,0.22984636617549822,0,6.369626604833428,0.17604483920995917,0
5,80,18,3.6713840315819084,0.43541629927065695,0,3.4164427438294354,0.4077142606424129,0
5,80,19,5.077570116689202,0.25037678156763915,0,5.190470094836698,0.19884684763730953,0
5,80,20,2.983192616274181,0.5623242172799533,0,4.312165654918672,0.26385879362846965,0
5,80,21,6.514451191915285,0.19966404247437947,0,-11.07152636066931,0.02543950507369817,1
5,80,22,6.948971392756576,0.20432784061630935,0,-1.6559652765623127,0.7214996969115264,0
5,80,23,7.513193237980332,0.10847558254016446,0,7.086756253043603,0.13022797662896007,0
5,80,24,0.4255788674042691,0.9213722789148051,0,-4.006274118744358,0.46956709428547383,0
5,80,25,1.5415785392389552,0.6620608987468134,0,0.2053207799014416,0.955985812737112,0
5,80,26,-0.1935365633126196,0.9615130506187377,0,-1.3256444695236809,0.7549836836095996,0
5,80,27,1.2617303785367113,0.8012048306170052,0,4.179015712385578,0.36472422229737367,0
5,80,28,4.6889183947407815,0.28891904431687354,0,2.09676767375538,0.6650896587670306,0
5,80,29,6.7364648758176315,0.0668049891278806,0,-0.705873481084268,0.9014176994041546,0
5,80,30,6.022672653593219,0.1383019396147311,0,3.0633858905927127,0.555305433415821,0
5,80,31,3.8096416386540852,0.3855896157163329,0,9.924177450701677,0.032594978826077856,1
5,80,32,4.274014139473508,0.26333322028345707,0,-4.046099205813988,0.30090882741957614,0
5,80,33,6.980392447393669,0.12389490235981859,0,-4.785707846647455,0.3750935787363552,0
5,80,34,1.6778413616232228,0.7375365908913651,0,8.030122998856726,0.10031485432388143,0
5,80,35,8.814403722794992,0.16161534966692842,0,-5.7096113645929165,0.23848075207058905,0
5,80,36,7.503861478181619,0.2211514059673993,0,-9.188651677355267,0.049581111686363456,1
5,80,37,7.7972988410772075,0.12147313530296072,0,5.4795538814959315,0.2174306748069472,0
5,80,38,-3.2849027125122205,0.41929244921577524,0,4.3645902172002735,0.304571401864261,0
5,80,39,1.8846661725970364,0.7601362933328686,0,6.748867007568748,0.11194969531081084,0
5,80,40,6.019173529060623,0.30913342993258086,0,-1.2269411306993447,0.8297641340973798,0
5,80,41,8.324398817718901,0.11435303687358328,0,3.779330317555548,0.37997263384633284,0
5,80,42,10.70853372599511,0.02627834640483083,1,-2.4819773644254326,0.5003058333357056,0
5,80,43,-1.3969954007815062,0.8022538448567366,0,6.534796211551139,0.12152989426728518,0
5,80,44,12.430280986835697,0.018265086806794804,1,2.8089943491622478,0.5725284951136065,0
5,80,45,9.924099099826819,0.05865385745139672,0,3.5379765478309366,0.4002072927206024,0
5,80,46,5.77531407657635,0.2033998572277847,0,-3.511218085186144,0.39757286289607807,0
5,80,47,2.2703896604821523,0.6196464769174841,0,0.5610563869036014,0.8886752437802957,0
5,80,48,-5.353542286390848,0.277159813893285,0,5.742341762606131,0.2280155504182766,0
5,80,49,11.915633775988255,0.03339370750503792,1,-0.2345724357788299,0.9578057920784457,0
5,80,50,7.6339009954605075,0.083065607954192,0,-1.1068001257362141,0.8415958445345967,0
5,80,51,3.1581634680403425,0.5144243882886267,0,-4.815024211792661,0.42528670779764566,0
5,80,52,2.896724528359073,0.4939188758468749,0,-4.5206416343795865,0.3220080763069713,0
5,80,53,11.536263057619792,0.01668047437418223,1,7.08986114673597,0.10254724152653802,0
5,80,54,6.1020797551933725,0.22008917328126654,0,0.41850603365155337,0.9287792259447893,0
5,80,55,4.377620579980288,0.3643405888357304,0,-2.0779514810868562,0.7218258975262805,0
5,80,56,0.6353850316570799,0.8604681166204168,0,3.332351130023497,0.5530697554428741,0
5,80,57,5.660450292371095,0.24024755707903925,0,-3.282753486966442,0.5332861215976605,0
5,80,58,15.931732335862407,0.002608939854804183,1,-5.415525498811448,0.1943101295484922,0
5,80,59,3.1185194409844,0.50468294338137,0,-2.131932134005879,0.7094222205522653,0
5,80,60,9.524876074671766,0.01926926781595532,1,0.5141964460544983,0.9183556065983294,0
5,80,61,-9.68687723823578,0.01663349110394248,1,-4.331614301465905,0.45593781484350726,0
5,80,62,7.1851971080810415,0.1047735549924942,0,-2.8709378384602644,0.6163740810901517,0
5,80,63,3.700912524088139,0.45034769168133204,0,-5.045633818885207,0.4061658299321871,0
5,80,64,11.594086835495617,0.012002009257050682,1,5.219806908616391,0.2627094058194769,0
5,80,65,5.393503613816932,0.3250935056315568,0,-2.0296393020678636,0.612435786483928,0
5,80,66,10.006256375828272,0.1304433486311094,0,3.708046500827834,0.3701544648954892,0
5,80,67,-1.990732978592007,0.6646919500563165,0,5.281896491713624,0.3101540603923095,0
5,80,68,2.735357657208013,0.4644475446936457,0,3.4475804681441815,0.49180861743371806,0
5,80,69,4.431226397099238,0.24912114216695808,0,2.367765319776055,0.6444892311404159,0
5,80,70,0.9052439501173666,0.8607251896363548,0,-6.00312663449337,0.2249716982683782,0
5,80,71,5.000547613867482,0.2973444756920817,0,1.8812854893094482,0.7143932047005829,0
5,80,72,0.6704968082692204,0.8878013023895275,0,-1.10831214352379,0.8025426416721324,0
5,80,73,2.917486281930337,0.5825299683899477,0,-1.854403118685596,0.7027640176374874,0
5,80,74,7.164026943894186,0.18828254984806586,0,7.738224013002281,0.04019791094964934,1
5,80,75,-0.6902619911059276,0.8792268534025838,0,5.868498726086216,0.18325231219978091,0
5,80,76,2.7056813826793302,0.5811366668762799,0,-4.6355258295969435,0.2003922083383054,0
5,80,77,9.121934837974749,0.03042285915514548,1,0.12178181401543497,0.9804430340960332,0
5,80,78,6.88047129131202,0.18344236690894966,0,0.5369234263803406,0.9063161428545761,0
5,80,79,6.883011894559104,0.14618714051602638,0,-5.349789600286343,0.3082934293977167,0
5,80,80,4.071714543288024,0.45803808500956067,0,8.831832437391697,0.03966407001950846,1
5,80,81,4.545354475758074,0.3657154629642758,0,-2.5870270543100418,0.5738012009198857,0
5,80,82,4.540014674636154,0.4278365910067077,0,-10.044178245766275,0.0063036378084027605,1
5,80,83,4.946820993366416,0.17948111412249484,0,-0.9371179047803224,0.820849202295062,0
5,80,84,9.913140091628975,0.09583845685212143,0,-6.800561172051275,0.11525093938490445,0
5,80,85,5.947807959785905,0.2274550994941122,0,6.600850583502165,0.19249712197319935,0
5,80,86,-0.5112792918710056,0.9179531272198942,0,-6.412519289607815,0.2970471929055734,0
5,80,87,6.410561201850882,0.1557238097121349,0,-2.6543752575453397,0.537803034480716,0
5,80,88,4.063167973346339,0.35407816939662307,0,-5.214204667610403,0.27348811727181654,0
5,80,89,5.463892526152463,0.2604773907086582,0,2.7605806303524076,0.6410284078451847,0
5,80,90,6.14339532014796,0.09950648470936015,0,2.186966374918512,0.600137355975739,0
5,80,91,9.322239680194372,0.020265720420684162,1,-1.7118908850569454,0.7260936939002142,0
5,80,92,1.5232509291863892,0.7940037109605844,0,0.6579969596174067,0.8961119790350924,0
5,80,93,2.808776806196718,0.575462655142564,0,-2.5631680504557863,0.5597342928809429,0
5,80,94,-0.2770346765694569,0.9484948477464772,0,2.1193526029494905,0.6804304419445486,0
5,80,95,7.011682661531978,0.1636912058645506,0,-5.815713118740646,0.15006346110671012,0
5,80,96,-0.8637712453402173,0.8403190676615825,0,-0.6008995203401071,0.8995601351895544,0
5,80,97,8.618009106535368,0.01456592236935054,1,-2.9865598217965186,0.5147291313024077,0
5,80,98,0.4139735959515889,0.9219282094945381,0,6.761945643315343,0.22228454832972677,0
5,80,99,12.716960471231658,0.005482693286751668,1,-1.7997247563473593,0.7520324625499772,0
5,80,100,15.251508605622945,0.0044839740781567735,1,1.3134217303294662,0.7772836788152608,0
5,80,101,8.95550919336614,0.04796129551751489,1,-1.6314691114950222,0.7522528309220311,0
5,80,102,-5.874177122256697,0.23348893348253888,0,0.18113359690066488,0.9695914743643064,0
5,80,103,3.1003882212879574,0.45574552926008405,0,-2.915464865697075,0.6191756997350524,0
5,80,104,10.38109448997622,0.0237413074048033,1,-8.609314962438205,0.09763053386156992,0
5,80,105,8.109553612650387,0.07285714636696865,0,3.7823863990061,0.35181726360283516,0
5,80,106,3.5725922499022715,0.46767765538831896,0,0.21176712182838742,0.9611977342180631,0
5,80,107,2.579547686147791,0.4966678003131738,0,1.7642511594637824,0.6945078844833152,0
5,80,108,2.163405508898265,0.6822845818994836,0,-1.0931689378981844,0.8523426227560913,0
5,80,109,11.916269045920131,0.045029243288401744,1,-1.4828683966383096,0.7634765302955163,0
5,80,110,9.987684348306317,0.05233858130233556,0,-4.039079189316965,0.3985099814554769,0
5,80,111,4.300992165251145,0.24862005807013465,0,1.7937825842502377,0.7189386422707319,0
5,80,112,3.75745994765704,0.4583762858257481,0,-7.652074469365459,0.10409488209840019,0
5,80,113,1.6860029739722933,0.712401838596902,0,1.8062227786704739,0.7384833794654688,0
5,80,114,6.1390627612613855,0.27683678434276465,0,-4.9132418925667025,0.33197903801427975,0
5,80,115,3.291981982116269,0.5359947596950803,0,-2.094777083903665,0.7244516442514998,0
5,80,116,0.7392951966999561,0.8662278889969152,0,0.4082726126543008,0.9286968983489736,0
5,80,117,-0.09349654042341626,0.9819610614508384,0,-2.5157393164801505,0.5558193199658402,0
5,80,118,3.1135993325580245,0.5818812438206531,0,0.857923622241529,0.846259116376224,0
5,80,119,3.6783291488895458,0.4482640830799266,0,-7.273286844098564,0.13432630892970668,0
5,80,120,-1.5861206680646092,0.6435211504079004,0,5.979945207875076,0.19419325006208643,0
5,80,121,2.9575707989924354,0.562464980695266,0,3.060853656846348,0.3798975047671528,0
5,80,122,10.023992140504248,0.043287942898409294,1,-4.335555077734014,0.38262683312414514,0
5,80,123,-1.48736516735066,0.7758410093036069,0,4.505610654126755,0.45303718750102884,0
5,80,124,8.430517944821403,0.15348182821450862,0,4.521868274510865,0.20033969308118815,0
5,80,125,-5.81865408887883,0.25161030253239247,0,-0.660845300918325,0.8787541053898946,0
5,80,126,6.835122594170102,0.13423362150474255,0,-0.785830515029815,0.8897712578394554,0
5,80,127,2.253997175276041,0.5684876488886403,0,3.3460817547019985,0.3871529797967165,0
5,80,128,5.373899964857316,0.39426700103674306,0,-2.012352719715011,0.6421435140050678,0
5,80,129,13.344905442440336,0.011609570416981262,1,0.22068188992258797,0.9641893755179516,0
5,80,130,10.247539653977185,0.01163556043802974,1,-4.683527688247864,0.4271645190990929,0
5,80,131,2.4914442066069142,0.648144591321814,0,4.772783603089636,0.2794432948164575,0
5,80,132,4.388059026270426,0.2757747806479379,0,5.01602805241113,0.25043920424610094,0
5,80,133,4.681329589554068,0.3619069166473836,0,-1.1859937653849926,0.8104512428284957,0
5,80,134,-0.28173684922872155,0.9586124885420287,0,5.003898234195816,0.3089984572065002,0
5,80,135,12.85840978885355,0.007060080530863616,1,-0.7829543610574774,0.8360915109830973,0
5,80,136,8.539425596995883,0.12723179076403054,0,4.687914881488965,0.3351882382223751,0
5,80,137,10.020995879262387,0.04251970803435298,1,1.391148637323269,0.7540995555568473,0
5,80,138,4.78501645238228,0.40604658137363503,0,0.2723804525599576,0.9599214936834182,0
5,80,139,3.971748285080949,0.5258926807960327,0,0.9829884169358962,0.8360946592876891,0
5,80,140,5.634330630181296,0.20492037127829751,0,-1.0113444046159117,0.837723577686314,0
5,80,141,4.7560789437079904,0.292209029220438,0,-1.27268298851817,0.8254035643953752,0
5,80,142,0.95672808452683,0.8184819125895171,0,1.083631736000413,0.8091262930282493,0
5,80,143,2.631405476066618,0.5027383923373412,0,-1.2618492756954964,0.8224013782817441,0
5,80,144,6.2493137776678935,0.1558498038044006,0,-4.923231164425047,0.2861656050009236,0
5,80,145,4.020332527989197,0.32162451860512137,0,-1.9384994862003708,0.7067256675045008,0
5,80,146,9.507390540065742,0.018869597413019978,1,0.1608276576721579,0.9726903826604512,0
5,80,147,8.296351451021508,0.14793115422890843,0,0.7066028132298641,0.8890886443730761,0
5,80,148,1.1654012753583771,0.7560620891063564,0,3.9505163941930164,0.4527573014752331,0
5,80,149,8.74600301972356,0.11883732054015739,0,1.8638410261710874,0.7520114922650193,0
5,80,150,9.64043831412701,0.03709551124412277,1,-5.056335726840601,0.15463286830505985,0
5,80,151,6.522439343636265,0.15161829244004613,0,2.889075149240469,0.6574345777992548,0
5,80,152,12.754404430490311,0.011846206497745797,1,-5.29722129049442,0.3004909479208238,0
5,80,153,0.8035740925504484,0.8515032539993431,0,1.0640266883191885,0.8510829497367369,0
5,80,154,-0.24653128147177483,0.9484017967581657,0,-7.686776582155488,0.09133729487766021,0
5,80,155,8.826854471888538,0.03130038555446992,1,-10.050437620989214,0.09649792239327333,0
5,80,156,6.556359363841622,0.1702335052198765,0,-0.5146760429206978,0.924025711169094,0
5,80,157,7.941098453283786,0.09940399325262898,0,1.3892704155795883,0.7096324158756597,0
5,80,158,7.688904112244245,0.12608670556399873,0,3.13130295393141,0.5668222787082633,0
5,80,159,12.093914551696514,0.017549392863682137,1,3.954268887921174,0.3314042277800221,0
5,80,160,-0.5084576259789628,0.9079756371109005,0,-6.3456003535299885,0.25368134078221716,0
5,80,161,9.928783493773736,0.023199779467942015,1,8.215531287833088,0.11190703829938635,0
5,80,162,4.65613844820659,0.26522498863641636,0,-1.538440082415164,0.7362003826372483,0
5,80,163,8.083847871740986,0.17278534901236353,0,5.574961591350288,0.1367571069401078,0
5,80,164,5.400281107363227,0.32625230729685895,0,12.71354952975959,0.03248454466874905,1
5,80,165,10.998355991876565,0.04406341388067149,1,-1.701035895740759,0.7226012785563662,0
5,80,166,5.961731259290033,0.08146329168541148,0,-7.235123777943244,0.18403035716436747,0
5,80,167,6.660210089927006,0.17215692381721973,0,3.5568812889449646,0.4694773262600088,0
5,80,168,-1.4015608597431424,0.7153172197431501,0,3.13233673113335,0.5270808998658957,0
5,80,169,8.463159528196883,0.053774109682350656,0,-0.20271690773742534,0.962277415637132,0
5,80,170,6.399425577156848,0.10310294260391394,0,5.596083169576886,0.13694382467533353,0
5,80,171,10.717778845034772,0.004950818104702108,1,0.6281242469936359,0.8381581491347777,0
5,80,172,-0.8070121378151924,0.8593499041856085,0,9.043210929932542,0.03479380617919686,1
5,80,173,5.345896907373742,0.12068987444963301,0,2.236517750021221,0.6585016151416232,0
5,80,174,1.5888124406344843,0.6959154201778556,0,-2.304124119436807,0.5655572347666213,0
5,80,175,11.91873620233497,0.005172957481520152,1,5.343992927261425,0.19322094492659114,0
5,80,176,5.9430569897774745,0.22830129185498177,0,-11.51895846815971,0.018874869557308768,1
5,80,177,9.178474258030064,0.04143954638293221,1,6.195298183249804,0.1758157213074779,0
5,80,178,5.038487969905603,0.22167207312561413,0,3.737301133533194,0.39817873045530594,0
5,80,179,2.151455612620353,0.534651666197339,0,-2.291317788372723,0.48557249003472835,0
5,80,180,4.879468757167999,0.24517429419353656,0,-0.8734411702204739,0.8382864368645914,0
5,80,181,12.872766609608973,0.004526320399184645,1,6.306894847165879,0.22841135783690136,0
5,80,182,3.7121469411480064,0.4502368851335171,0,9.131949039564475,0.11985283415782615,0
5,80,183,10.627874242315414,0.04608426493717104,1,-2.7324643294778355,0.6019246271651522,0
5,80,184,7.417138476912726,0.09526681738152529,0,6.393742905368114,0.13385219621574806,0
5,80,185,10.394749809687966,0.01705302160875056,1,-5.202842771754376,0.26584700422264806,0
5,80,186,2.240637921354832,0.6143607793955856,0,-1.8149682508027354,0.5953945490706618,0
5,80,187,2.541070317097862,0.6204162315428265,0,-7.603304347808773,0.09437754547917061,0
5,80,188,3.423618193816722,0.4905209833600166,0,1.812730702983302,0.7363041511584727,0
5,80,189,-2.84111984953428,0.6129928177729558,0,3.453930292808451,0.48046924191330254,0
5,80,190,9.31872724015777,0.06328823741397813,0,-0.9937338995203646,0.8309719658961443,0
5,80,191,1.1408885275465934,0.8051278299031768,0,8.459301474723503,0.07812079356374937,0
5,80,192,5.87468943135525,0.19115712372831264,0,6.011087273340948,0.2748346915197864,0
5,80,193,9.36594952656769,0.09461155482874511,0,-3.6152336830588894,0.3779199858527691,0
5,80,194,-0.9736466848113281,0.82704613527945825,0,-8.089582534447544,0.10846385477292411,0
5,80,195,9.23458307039489,0.05759322508760714,0,-2.479243835982672,0.6823232901565344,0
5,80,196,0.9012636304539825,0.813948633189406,0,-1.8641217190961612,0.7618181327608514,0
5,80,197,2.2479195752408856,0.664638910052742,0,6.057819878255117,0.15639812270400844,0
5,80,198,12.829915077169858,0.021719948289578146,1,-5.842154479648883,0.133310560067718,0
5,80,199,4.682455887990827,0.3161530265209379,0,-6.811833810143185,0.23401808911777874,0
5,80,200,6.8252123780657,0.13271514510673313,0,-5.495677521987034,0.18957399099549913,0
5,80,201,3.1659304818038265,0.4883573762332709,0,-5.451412306510576,0.22188305447811682,0
5,80,202,-6.303141762875214,0.11839446221875023,0,-4.837365156008403,0.3189400542860942,0
5,80,203,6.9441158530551945,0.18284514391245116,0,-7.316919352894615,0.07078334073000819,0
5,80,204,5.189596286209138,0.29027850020539875,0,5.423895532563407,0.15715140120321,0
5,80,205,4.909008604533483,0.29037529552743774,0,-1.6272482450260384,0.7464275349061598,0
5,80,206,7.250474294272408,0.05431130836797203,0,-1.347140081238976,0.8340810877391472,0
5,80,207,7.3138943428051135,0.11149087678527604,0,3.9034460897951107,0.4349306665959224,0
5,80,208,6.1068118648833405,0.2209237900737827,0,-6.935999842145392,0.20295813588239067,0
5,80,209,6.472832283862402,0.17666614725264868,0,8.255477295172142,0.049122242221713075,1
5,80,210,-0.14312218616296946,0.9751006009262966,0,1.343116684344352,0.7434951217942296,0
5,80,211,2.280155591468855,0.6398194635987426,0,-13.824108696102229,0.013317959623860627,1
5,80,212,3.4185678826052026,0.4290338528087334,0,5.415322251528437,0.1981325239336518,0
5,80,213,-1.2976178388924353,0.8237506520057086,0,-9.252561455920912,0.046972224790742874,1
5,80,214,9.1344759838357,0.03280626991590396,1,3.384503883298393,0.4555912579519973,0
5,80,215,7.421138821509928,0.12198795146001552,0,1.1312089528457392,0.7573049504998336,0
5,80,216,6.1248386624524045,0.23452756548509734,0,1.2212272882720896,0.7498398906947564,0
5,80,217,3.708245495662922,0.47260684168631306,0,5.3331680707625395,0.27157060436005437,0
5,80,218,4.938677893515418,0.22742795404926758,0,-1.9871951052132317,0.6661662788550722,0
5,80,219,0.594058519176599,0.8939590852740869,0,3.4284384051354806,0.4805576809749611,0
5,80,220,2.296858769768491,0.5702708244557337,0,1.299783046995998,0.8517291531736676,0
5,80,221,6.425518146336074,0.21139440572810295,0,-6.798807904243134,0.2517303755500704,0
5,80,222,2.9315266296302127,0.6473544867190817,0,-1.1724332717525527,0.7802404185287815,0
5,80,223,3.7777609112985715,0.4653997824643049,0,-7.948652421294767,0.06550614556168298,0
5,80,224,19.996537842563,4.7250004738987397e-4,1,-1.2846530492102346,0.8021273699476295,0
5,80,225,1.8496877053959366,0.7159990144993599,0,-3.6644598418407526,0.47508168984926347,0
5,80,226,-2.858619963320308,0.5286199366728634,0,-1.1139612199750957,0.82196854334971,0
5,80,227,3.351269032704934,0.5364319308000395,0,3.9902119336548765,0.39361756804526626,0
5,80,228,10.65913805360421,0.03525903102935166,1,-3.685830276497086,0.4854964164406582,0
5,80,229,2.088714479578826,0.6854896519742755,0,3.043622307110766,0.46290955837047665,0
5,80,230,6.730775723466394,0.11030154676370474,0,0.09748199887027909,0.9781806029032131,0
5,80,231,-2.450260447687185,0.5805797242036368,0,-3.7379878958168575,0.5379707370881435,0
5,80,232,6.748890344008146,0.14832889324113768,0,-1.1916432270159305,0.853421317945718,0
5,80,233,-0.3546832192119638,0.9368741455718835,0,-2.09149902921817,0.6770789691225101,0
5,80,234,8.020347170357823,0.0731217676819907,0,3.7559201987135395,0.45474975210805346,0
5,80,235,6.742482566003389,0.12881706711199697,0,-1.012112148924814,0.8246454579070753,0
5,80,236,0.12060877701060235,0.980068501232855,0,1.957602709274525,0.6299805127461573,0
5,80,237,4.044542813223998,0.35044773268140705,0,8.97171304334492,0.05818472222589552,0
5,80,238,2.44944606391563,0.6470951111109481,0,-2.3308195356573975,0.5950264328129279,0
5,80,239,7.632061143879028,0.13363806018988517,0,-0.9721952830565073,0.8410082792944924,0
5,80,240,2.635576534054323,0.4612932120214188,0,-6.842003759343598,0.13700112747481344,0
5,80,241,5.883877628432501,0.19059395904093704,0,1.9102189291659215,0.771563785526751,0
5,80,242,3.6191114416974273,0.5408258918025174,0,-0.3337959820100025,0.9531970170387978,0
5,80,243,1.2405913418420198,0.7841731174242318,0,-0.5223556433930696,0.9217622865037705,0
5,80,244,3.6129359551518405,0.40311098465831086,0,4.963873786514355,0.38939727393952306,0
5,80,245,5.912785035472524,0.18302830660084224,0,-7.890448579498866,0.1863025076906422,0
5,80,246,6.0885701394463325,0.053509972831296423,0,0.6256499008805179,0.8749534028459325,0
5,80,247,4.431894083423089,0.28052186348280617,0,4.189980396206224,0.31990843152804094,0
5,80,248,3.4805295577702537,0.5091017104049558,0,-2.9057094943799058,0.5850252235366454,0
5,80,249,-1.1662035666667947,0.8113053892529513,0,-6.131954464584098,0.21664576172897665,0
5,80,250,8.044391435557486,0.02718075735793564,1,10.886489773291672,0.0073711408756621764,1
5,80,251,16.509190714302008,2.3969782412743617e-4,1,0.0026481543309699873,0.9996574365943889,0
5,80,252,6.981583222785389,0.09624794825972739,0,-6.417296506210846,0.06522608128135543,0
5,80,253,12.564649375116716,0.051167952155255665,0,0.8496202961137271,0.832636959597388,0
5,80,254,9.37277132824373,0.032481012015983454,1,6.212996157100378,0.3045068600040042,0
5,80,255,5.754700101436427,0.16737049832297649,0,2.8017245117546565,0.6109880030033612,0
5,80,256,1.6722591504139501,0.6833425410594838,0,1.237989982109724,0.8061462397372767,0
5,80,257,5.84263894599944,0.22559192308904447,0,-9.124104614647038,0.04990605100157981,1
5,80,258,3.8195399259798535,0.36037721592661054,0,-0.4117657666458143,0.9324398919313472,0
5,80,259,11.862397295479582,0.030004376143031797,1,1.4743362368410828,0.771113310229993,0
5,80,260,11.909798506095328,0.010828921486638483,1,3.3886182870245705,0.4659466123487611,0
5,80,261,10.30894559260615,0.06718696380501299,0,3.5250340322226776,0.33031587591992095,0
5,80,262,7.396144800835884,0.11924556204658787,0,-3.230938080053349,0.5414163242015906,0
5,80,263,4.1143451573961585,0.41588226978196463,0,-1.4520061176843058,0.728411431447604,0
5,80,264,4.8333798267982075,0.3816426774146613,0,-8.346394475837897,0.08402360367422128,0
5,80,265,5.587485296978855,0.216158791865602,0,3.601178383252858,0.38259171085452937,0
5,80,266,1.3736404681579728,0.7921835916856749,0,-6.955013684597418,0.10883510254709165,0
5,80,267,-4.108003531117717,0.32753124668730604,0,-2.7565213781505093,0.5860141956907994,0
5,80,268,7.061803760044754,0.022688181708030445,1,-2.1646222609279846,0.5605581083894626,0
5,80,269,-0.7548493444205064,0.8429554606890273,0,-0.7560658597027867,0.8914625419961911,0
5,80,270,6.540058406608452,0.18582021910130697,0,1.5033621015926997,0.7441644630355437,0
5,80,271,-0.08777732119692416,0.986536763880318,0,8.963741826295106,0.016918865078984,1
5,80,272,3.519081686980229,0.5177794414575063,0,-4.324138253575654,0.30239854072679934,0
5,80,273,-0.5285123406278274,0.9149018115570036,0,-3.474254214362446,0.4449544688087561,0
5,80,274,5.441428507059612,0.2016025396398738,0,3.1680128940785863,0.60651083744741,0
5,80,275,1.7079106685873313,0.7415633919631895,0,0.8481746935358814,0.8413386770960407,0
5,80,276,7.452127797226623,0.12214798933031652,0,-4.606183461724612,0.3424752696895159,0
5,80,277,5.664076912156659,0.3106576880653708,0,2.380142786310671,0.5676201109004915,0
5,80,278,4.8589568066496724,0.4018040022695344,0,-1.0807596000126551,0.8162508718828074,0
5,80,279,13.309272202240052,0.010372907753195586,1,4.287071930542922,0.4238139186727493,0
5,80,280,5.934099267924182,0.15504211261350193,0,2.8983951866376856,0.494847341906829,0
5,80,281,2.0647601202354764,0.6199207652422776,0,2.792144390242143,0.5537740611938324,0
5,80,282,14.75910695683325,0.014443856761920984,1,-7.12694229069028,0.13357053827718116,0
5,80,283,12.152547741075125,0.020000775006093523,1,1.4043121684460829,0.7650573226247857,0
5,80,284,4.98442267141742,0.3158596829961394,0,-4.7864752024973996,0.37550336690339914,0
5,80,285,-1.8263777026057824,0.6806225888865277,0,-4.685253281632299,0.2731185707222339,0
5,80,286,1.1644792393544492,0.7999928586487878,0,-1.8390676904918877,0.5905179417330735,0
5,80,287,7.615838021499911,0.10347256153535238,0,4.688781003507671,0.4007765486982904,0
5,80,288,1.6431340587144945,0.7145236521003717,0,-3.91751230870112,0.3482291716459348,0
5,80,289,5.425572441690392,0.16031948584742495,0,-3.932104212762468,0.41339364866242323,0
5,80,290,-1.8662864342907426,0.7048940875780683,0,3.6571065254224067,0.4372253670648143,0
5,80,291,4.637179626177982,0.32448610540626965,0,4.246879038581497,0.3749469392547079,0
5,80,292,10.887926267034445,0.04686275448084565,1,-0.3701994819869867,0.9521844785233325,0
5,80,293,-1.8851332939637047,0.6903170783568386,0,1.4667085534427855,0.6937493214965946,0
5,80,294,2.454218576034961,0.6637451611832896,0,-0.2217809079599533,0.95223832007446,0
5,80,295,5.773446788482943,0.11432584892747098,0,-1.4368252648994542,0.7295119299258259,0
5,80,296,-0.9660988981783163,0.853745502093273,0,0.2992185706175263,0.9638805462623167,0
5,80,297,3.4192982101965725,0.5623220066781613,0,-3.4094115241307463,0.4964517579825477,0
5,80,298,4.3576173659117075,0.2710358520031736,0,-2.162667404459725,0.576711821928577,0
5,80,299,5.470789940100914,0.27635190757121647,0,-6.8656666768406325,0.13879655236739655,0
5,80,300,2.341261957803468,0.619080870449927,0,-2.6732958838369,0.5181605257594688,0
5,80,301,9.835175207308993,0.07389702537373559,0,-0.25632919249810016,0.9550146924404532,0
5,80,302,-5.732908844359287,0.1680347403064042,0,-2.531211193385275,0.5449293805926421,0
5,80,303,4.3811093406806805,0.3687886957653037,0,-4.300295024892421,0.30968635418973794,0
5,80,304,-4.343000312228128,0.3820409231959474,0,3.6416581809585438,0.47053114771435245,0
5,80,305,7.780608090596402,0.04823707660654589,1,1.1325250618660334,0.8225711364230232,0
5,80,306,1.2581346804200706,0.7844322506335972,0,-8.584482949415545,0.1423505655102773,0
5,80,307,-3.892500844057537,0.37143016109880544,0,0.7443564251910715,0.8664476072811726,0
5,80,308,0.4505714642426284,0.9268256882886433,0,5.450225798039142,0.34622845535899927,0
5,80,309,12.808969624105913,0.006621898483480144,1,2.419276631877736,0.6679365743704566,0
5,80,310,1.1714829736912549,0.7892522270013108,0,-2.551482146424533,0.5848334720933729,0
5,80,311,7.55263127618322,0.10029681492066393,0,-2.7267864486685482,0.49790988300307726,0
5,80,312,12.312412615046895,0.022215171804285297,1,-3.0926633669828902,0.5365655668569538,0
5,80,313,1.8637912750670722,0.7375948807862998,0,1.024006820540464,0.8359277189340074,0
5,80,314,0.6200709245967602,0.8728230846963267,0,-6.358270830742569,0.20480868525520068,0
5,80,315,3.546122618323807,0.455240450775923,0,0.056684404168166225,0.9924823308319866,0
5,80,316,1.2151878977180672,0.808413833670334,0,0.08157241397266546,0.9864669876710432,0
5,80,317,3.1709172489604214,0.5702254047820805,0,-0.49182960241299156,0.8955341995294528,0
5,80,318,6.1414063526649585,0.1959540974509071,0,-2.472689015650431,0.5277441787471527,0
5,80,319,8.324224554207376,0.03970431059694903,1,0.5630357744414738,0.8821602407428901,0
5,80,320,1.5840808345745216,0.7202941217761081,0,-1.8859336508356535,0.6180618428044944,0
5,80,321,10.295429466120964,0.01995562343256508,1,4.9311276181268084,0.2739973119830741,0
5,80,322,2.0659085574696263,0.6502729046365903,0,-2.640991176302933,0.5249469526255255,0
5,80,323,14.593804443893447,0.0017910335718647472,1,-5.061643143016042,0.29415999646871027,0
5,80,324,-2.852459221882796,0.5906643011962807,0,-3.728815356227372,0.4242989934145103,0
5,80,325,6.434247498650535,0.058681410468220944,0,-6.074667229652945,0.2866423418303802,0
5,80,326,10.83475148085779,0.040283077259582155,1,6.430236598087234,0.23977864227705778,0
5,80,327,2.153362898306142,0.6433971340247024,0,7.97337940353799,0.09785030087466834,0
5,80,328,2.065942971556879,0.6495029393209216,0,-7.8895984720980294,0.049176176336048434,1
5,80,329,1.0237192866590448,0.8536509091359819,0,2.6031946038973643,0.45923557455232256,0
5,80,330,6.333133342097753,0.19582573940250278,0,1.3945011615832499,0.8107407692560789,0
5,80,331,-1.8497647692097132,0.6763408515730827,0,5.089755574172997,0.204865460818324,0
5,80,332,2.8540541572909888,0.6334879959314192,0,0.12420570285659949,0.9783836466051375,0
5,80,333,5.402347164238094,0.27732386376596474,0,3.873071311539917,0.3520730778770619,0
5,80,334,9.449216068291705,0.010720465820976015,1,1.3069161034134424,0.6832320261069194,0
5,80,335,-2.127612929356914,0.589799543325833,0,-9.296431224067575,0.08356653896284315,0
5,80,336,10.1386401163263,0.07352738320363573,0,-3.148002524699166,0.4083378712668343,0
5,80,337,-3.6978327616701705,0.36379067751989347,0,9.826786954004675,0.05321447673649256,0
5,80,338,1.6761299088597923,0.7033074255966697,0,-3.806041788473067,0.39667828684554374,0
5,80,339,10.403136887121079,0.024301858487043585,1,-3.978743831643243,0.43778849523822516,0
5,80,340,4.379421234531662,0.3854769641063187,0,-1.6802298635452075,0.7320031582177546,0
5,80,341,6.472254996353016,0.1408235977288223,0,-6.182135829376378,0.2363041786963747,0
5,80,342,0.41876975125622096,0.9272378519214811,0,-5.831400505578188,0.16855225848716968,0
5,80,343,2.8725023217124317,0.5791905177837322,0,5.176921452476861,0.27915010595162904,0
5,80,344,9.318852549553327,0.005466396399366224,1,4.882536898654664,0.31100383211047067,0
5,80,345,6.5792602243001,0.1623944350435859,0,4.0870179906039965,0.38438813886798706,0
5,80,346,10.202460911818605,0.043549600127073984,1,-1.706802828551858,0.6492199055885366,0
5,80,347,6.587105457466066,0.18360832996973558,0,-3.1257012654445475,0.5219563154461628,0
5,80,348,1.5548496934361822,0.668167655542329,0,-5.028020951664573,0.2437557729358788,0
5,80,349,8.305278760541256,0.13993660995653515,0,-5.023135032198979,0.3468341433656841,0
5,80,350,10.174550027782317,0.09676893360293935,0,3.9525367648110006,0.3507488889639916,0
5,80,351,7.711370976847903,0.21188685080409086,0,2.1240388703543402,0.6671426145625856,0
5,80,352,3.87178166456313,0.41705896655359975,0,-4.902849853399914,0.37868032451295175,0
5,80,353,1.5334884767411978,0.7981603587771763,0,8.663504274211235,0.0380624618797325,1
5,80,354,5.59580682526898,0.20362388493904743,0,-0.5910755126966052,0.9009901785675926,0
5,80,355,-1.7793564494767509,0.6913838135346257,0,-2.785587070169683,0.5592088374068992,0
5,80,356,0.2071820543547318,0.9699220215455828,0,5.675798235043516,0.3359388956007928,0
5,80,357,5.66787514364907,0.1946473783422404,0,-0.0685828711311558,0.9871805810181011,0
5,80,358,4.0617415018652565,0.43391351414246127,0,-3.30948301892289,0.4756041086968904,0
5,80,359,1.8695497995553438,0.6503391010539841,0,-7.504333890634257,0.1777350131939222,0
5,80,360,2.7298533632944384,0.5441496154862671,0,0.8752995116187066,0.8264596519570657,0
5,80,361,3.6870494353720176,0.4920728047840204,0,-1.3033984160565524,0.7440133517300499,0
5,80,362,-1.798599534158825,0.7411857083731939,0,-1.8238458328817728,0.6500380557898142,0
5,80,363,4.4701171346028445,0.412300948756923,0,1.0449879557810533,0.8327471412158347,0
5,80,364,9.227852603644564,0.039871648012534226,1,-0.6969078900640824,0.8875582668165792,0
5,80,365,10.717330670045556,0.007901014950833792,1,2.893923744075991,0.6007819548362661,0
5,80,366,4.834890880836895,0.31990480049602754,0,-7.975415147376921,0.2023243796574449,0
5,80,367,3.2478230486707247,0.44277474619632784,0,-0.03120698610049999,0.9925740632584001,0
5,80,368,11.47441372338534,0.01688148404324521,1,1.3886176643086543,0.7436124245320143,0
5,80,369,0.6926175509880323,0.8644601906426523,0,1.3089132791689622,0.7804819632944281,0
5,80,370,6.429384868032585,0.08309526174604484,0,-8.761289737452003,0.10668814310951051,0
5,80,371,-1.4014647785262753,0.7089728863972957,0,1.4868879217446391,0.7272215144780824,0
5,80,372,4.7722707145442484,0.3701548621488162,0,-0.7878737462362579,0.8296031389150077,0
5,80,373,2.4781254857279578,0.669690239059519,0,4.307257659883135,0.43676574434309234,0
5,80,374,4.265435504623454,0.31835479051819787,0,2.505656993340722,0.5725209277666485,0
5,80,375,0.8408702326091628,0.8893199158780687,0,-4.027988553532026,0.4432927945259888,0
5,80,376,4.159810540186754,0.3171840644975672,0,1.7988923038275004,0.6540121749062773,0
5,80,377,10.44994526345549,0.0045619335846706684,1,6.188808909340224,0.18325386271486624,0
5,80,378,12.766630455327729,0.01649089247197488,1,4.950975135013692,0.2307983293503467,0
5,80,379,8.527113413373897,0.06394280515544194,0,-3.7564621724439746,0.5009602084614733,0
5,80,380,4.2303604629830005,0.3638434839557493,0,0.7402033680430407,0.8981637922340111,0
5,80,381,6.55021805862259,0.20332400286280058,0,-3.017857315614947,0.3184033368556259,0
5,80,382,3.7875261819422974,0.5034969977123309,0,3.1840323976328193,0.49232001820139815,0
5,80,383,4.683570344312798,0.3498339687310309,0,2.024275533404335,0.6903190901306291,0
5,80,384,4.41983383960671,0.3082196210017173,0,0.3595347557588866,0.9277058797218414,0
5,80,385,5.527667812189577,0.12539194407810694,0,-4.673828463770107,0.2953229046638291,0
5,80,386,-1.0523337816520097,0.803279760720782,0,4.511929119376447,0.4008747588527293,0
5,80,387,0.022954830193910425,0.994725884546821,0,-10.737964396282067,0.0395772463696576,1
5,80,388,-1.1948227438597172,0.7889623592035099,0,-2.9599589774222324,0.5205963441795987,0
5,80,389,10.410668680262845,0.027962731427660134,1,-2.640170323410203,0.49147730611300544,0
5,80,390,0.7027158819679329,0.8880704021894186,0,1.1594838693751655,0.7617703899387747,0
5,80,391,4.172595889716817,0.2421401996346315,0,1.7053639018384388,0.6932298671259536,0
5,80,392,8.071440480948013,0.04347078460414904,1,-1.8240622445019454,0.6443673889549724,0
5,80,393,1.8860828880139593,0.6497735094030836,0,-0.6036469478787723,0.8870217400472771,0
5,80,394,4.406559835879136,0.34680190011614376,0,-9.970344075910248,0.023355644444295838,1
5,80,395,0.7106808808017604,0.9042664871724113,0,-1.2144183843251568,0.7630512102645871,0
5,80,396,4.617665426592083,0.31465105976097973,0,-1.2745320342282582,0.8205143060539006,0
5,80,397,8.443344227213316,0.12260473156707917,0,3.090011533639469,0.4987796498432824,0
5,80,398,-4.625164141127684,0.3313941863959363,0,-0.44406366798210684,0.9082127184108518,0
5,80,399,2.945440576124952,0.46015291896110044,0,-3.7082462604420954,0.36585965476715576,0
5,80,400,-0.8053831042267632,0.8689534154016126,0,5.6824213153551995,0.19121885583726628,0
5,80,401,3.559016266162672,0.4554030074806251,0,6.905917203191336,0.16597004157118123,0
5,80,402,6.684453232594564,0.14044681048433902,0,4.853519874107505,0.41809120585556825,0
5,80,403,4.683230143040575,0.41227621676489834,0,-3.9223968677659684,0.42095727568155195,0
5,80,404,0.3312784164861995,0.9539740250241177,0,5.576884529431439,0.25762791130426255,0
5,80,405,3.66921809746961,0.41545083535868854,0,0.2123134248994063,0.9739064105901856,0
5,80,406,1.8218943688752347,0.6967264744000323,0,3.8706201896690686,0.41712021653136266,0
5,80,407,5.4445114972185,0.23598208621303307,0,-2.1576736704778483,0.6420600916786934,0
5,80,408,0.09088106473126345,0.9824179816877584,0,-3.235832838424045,0.48438714620614165,0
5,80,409,-4.400340383340591,0.3244103348492924,0,-4.434360476207502,0.42807092729531415,0
5,80,410,1.583325110881745,0.7406802433257702,0,-5.053348012739875,0.19425194565538012,0
5,80,411,-3.4183606810914284,0.42118160807807115,0,-2.229663245831645,0.6491702209289003,0
5,80,412,-3.586746122109389,0.4140229266644735,0,2.7058262279038274,0.6104826273081128,0
5,80,413,4.920090540659004,0.2210363282134027,0,0.10150581752628796,0.9758011829257711,0
5,80,414,-3.29150685172894,0.46723363884311,0,2.616885479894492,0.587996022316559,0
5,80,415,5.17893434263155,0.07369264033385625,0,5.529265030822117,0.15151982046486528,0
5,80,416,3.0097223775719186,0.4876464045138341,0,-1.4093813921461305,0.7697895907413447,0
5,80,417,-2.510869920101058,0.5243365230877226,0,1.1663650406864008,0.7870732683658019,0
5,80,418,10.651649421185496,0.007366404161651558,1,-2.790651821357926,0.48945967187647377,0
5,80,419,8.595831779396718,0.10544102263725748,0,0.6214606189442549,0.890509624058817,0
5,80,420,5.7126736178442314,0.24733278030434042,0,1.376501405331851,0.766430780382381,0
5,80,421,8.921013083371946,0.02685638439234227,1,0.8462351478831351,0.8148072785874944,0
5,80,422,10.506339243498601,0.02995658431943523,1,7.153302518741583,0.07899198050615404,0
5,80,423,9.53140253825886,0.04816734588302486,1,4.8535847693081,0.40995243820874383,0
5,80,424,6.426496174015085,0.2349801120083532,0,1.5976853040126429,0.741909132248262,0
5,80,425,1.7502385240937457,0.6992205482981677,0,4.413061104617356,0.21409870674386394,0
5,80,426,4.294033045685552,0.34288476494487985,0,-3.382669309161926,0.4449567039345914,0
5,80,427,4.282443621882251,0.3364884991219126,0,-1.9659868937318237,0.6277970181848829,0
5,80,428,16.045442224992655,0.0031048850354031977,1,0.6009008310895467,0.9029436228518016,0
5,80,429,8.040194783171032,0.016473499009465417,1,7.173368292760074,0.18705114287716404,0
5,80,430,1.063779605966971,0.8078813440285606,0,-2.522849729476434,0.6015655127453107,0
5,80,431,8.982566870162898,0.05871222505670305,0,-1.124849610004091,0.811980184035851,0
5,80,432,2.862482925242986,0.5451453687787339,0,7.02399656532377,0.13707803078904268,0
5,80,433,2.642682888536399,0.5325350250730658,0,-5.078422891640869,0.17721114899990775,0
5,80,434,9.377173354678959,0.04880197680031878,1,3.9523478922115345,0.44105948280809404,0
5,80,435,6.021473632181099,0.20394476077011642,0,2.8216879317543544,0.6303264127149667,0
5,80,436,3.6381232757268833,0.4226070525838149,0,5.244165387441001,0.3208145840722173,0
5,80,437,2.128883038568702,0.5742350826878524,0,-1.8289377012495152,0.6916335861689643,0
5,80,438,3.190166136034705,0.55650116003128125,0,-1.5032683471371797,0.7481122785894228,0
5,80,439,-0.8795752390281706,0.7996321874328788,0,7.19388414394345,0.1474250036887016,0
5,80,440,2.859754493722761,0.5946665624701051,0,-3.026165652580147,0.5891796189430261,0
5,80,441,0.7498629589953225,0.886159901510722,0,5.622834293096247,0.11999805404812204,0
5,80,442,6.560317938513279,0.18751247672469668,0,5.351321181896836,0.2033439011553797,0
5,80,443,3.5647343005594507,0.47841720892558004,0,-4.561063743582963,0.298646187507141,0
5,80,444,8.025648465799605,0.12078642857904567,0,2.689171667232472,0.5580176313595022,0
5,80,445,5.065926742158908,0.32993572597666876,0,-5.8045724582551514,0.14651186591769555,0
5,80,446,1.4625960824201485,0.761095365323088,0,11.443739902351595,0.011024044484018137,1
5,80,447,-5.483275481639154,0.28755930591624684,0,-6.263141220245046,0.28274904614011254,0
5,80,448,-4.532050804636583,0.271013521023037,0,-1.8965101529219908,0.7125874832096168,0
5,80,449,-3.6267978323116807,0.445411010397353,0,1.1634896373809198,0.7867704410347472,0
5,80,450,-3.566502700902106,0.3817910677722832,0,5.218304911676768,0.3697021933392173,0
5,80,451,1.3780244894925886,0.8108526128199066,0,-1.428916159911239,0.7576783892516757,0
5,80,452,6.808978102527931,0.237951863604877,0,5.284113085325657,0.26421847969342377,0
5,80,453,1.5364095727105536,0.6764365910165031,0,1.0259783732833654,0.8334629549972798,0
5,80,454,-0.4713437410842545,0.9215525293150868,0,-2.70037365352502,0.49280159783428856,0
5,80,455,12.056772275654112,0.011035391162875908,1,4.432250328862565,0.24323556806143126,0
5,80,456,0.3711605351994365,0.9346101449657835,0,3.3875898862646494,0.44436187678329786,0
5,80,457,13.593139501782176,0.0024569109683005154,1,-5.763337481082061,0.07603627581910573,0
5,80,458,16.64423851033726,8.840323007550039e-4,1,-2.365080944723246,0.5656663131137267,0
5,80,459,3.9363737447528706,0.4751852681336681,0,0.8808048512425017,0.8702867600449227,0
5,80,460,11.416295143172363,0.03524239063749809,1,6.145957311345057,0.06709460547166413,0
5,80,461,3.9694777190995296,0.20418314679115873,0,-0.06851317524203182,0.988656859441381,0
5,80,462,6.471922292094973,0.3312315056294305,0,-1.0605610691329446,0.8489653851345684,0
5,80,463,-4.175850007133491,0.3859161845490381,0,-4.063061956598901,0.33904747613964026,0
5,80,464,2.889512387025235,0.41737025595268995,0,-1.0165296615303134,0.812706878179101,0
5,80,465,8.236276089834135,0.18350761685430467,0,-5.094606055903611,0.30566257658001633,0
5,80,466,6.433621827910997,0.08829365154618841,0,2.835431032003882,0.5753008600927881,0
5,80,467,3.540369459509421,0.461478270845358,0,-6.564060600796807,0.24192926801667033,0
5,80,468,7.4305538509041185,0.09800922995074893,0,-5.120388562309685,0.24607123533212957,0
5,80,469,4.758417476777481,0.29921153631552116,0,-3.896255259764743,0.37714131331168477,0
5,80,470,7.899502088434403,0.070569732770931,0,1.4563521317722206,0.7223030413845888,0
5,80,471,12.560615930138411,0.01714663498367589,1,5.965734156893149,0.22606612134079093,0
5,80,472,2.037118964284531,0.5299336042191374,0,-0.11827184234280708,0.9784611304425297,0
5,80,473,0.9773907382818265,0.825324119001117,0,-2.8951057137734466,0.5792185871317512,0
5,80,474,13.211474514260118,0.015118243189315973,1,4.691459445061696,0.2899926640220963,0
5,80,475,19.5890634235316,5.370653587582544e-4,1,-0.0779680408934098,0.9864889804350057,0
5,80,476,11.584304905804046,0.03195710215037956,1,6.423936463279418,0.144218810006455,0
5,80,477,0.158331242685108,0.9754857839133362,0,-5.920361039059642,0.2724032577955279,0
5,80,478,1.2446361981743195,0.795074007141011,0,0.7009572118869727,0.8977476279883326,0
5,80,479,2.506590886089782,0.6093118810714219,0,-2.926945785084186,0.571451977859342,0
5,80,480,10.56932524660688,0.006987884829009832,1,1.149415369696058,0.7930107722774928,0
5,80,481,-0.08649948135872876,0.9805644650784822,0,-0.8679404297531903,0.8603800624063658,0
5,80,482,2.3435748378712304,0.5048834703224289,0,0.29235987933844854,0.9449604325156108,0
5,80,483,4.248504559827865,0.38836692794060756,0,-7.286765475304151,0.04022886119390681,1
5,80,484,2.0061413383685505,0.5963882440357309,0,1.9099326908227567,0.6978541161743397,0
5,80,485,-1.0952735481946547,0.8318181154011592,0,2.3623140592533076,0.5159716860509461,0
5,80,486,6.164012966281149,0.22481515589376871,0,-8.641878897967189,0.060220685643539724,0
5,80,487,9.781393375352081,0.11060826883205503,0,3.284258300936571,0.5144259937236679,0
5,80,488,5.6941494118823925,0.2645628467999389,0,-0.468770693085375,0.93522610873113865,0
5,80,489,6.53068796393319,0.26319635093681454,0,-4.423100749382058,0.2689305340629373,0
5,80,490,4.020880800519635,0.3297936381088976,0,-6.318625159529205,0.17184598573510265,0
5,80,491,4.79302641163018,0.19549722109441509,0,2.9487757987389926,0.48518391824634943,0
5,80,492,9.924846654345657,0.0305149003129336,1,-0.6160679953903099,0.9093190260754787,0
5,80,493,11.785907609647168,0.00647600542141724,1,2.6563696206285243,0.5759908457890287,0
5,80,494,8.033818760873856,0.10648633020349331,0,2.0028169205068735,0.5563135268216468,0
5,80,495,12.62254291792118,4.090637041360292e-4,1,1.4270220014930857,0.7045692373813297,0
5,80,496,3.137852478042362,0.5334244465741504,0,-3.6165052213597164,0.43780830825844275,0
5,80,497,1.7618649495496186,0.7365147403745633,0,1.3221160696583922,0.7992997544965844,0
5,80,498,10.656976439257576,0.03308334534928073,1,-5.207506581295846,0.3587519026488992,0
5,80,499,11.425142560560502,0.024915166049631284,1,5.0992976541304955,0.2533966392871135,0
5,80,500,8.830569084788166,0.037315991625070995,1,-1.835775392098256,0.7607418698108741,0
5,80,501,2.138674705064261,0.6393572504693317,0,1.2761529855530824,0.8032380818323044,0
5,80,502,7.01831827292942,0.03590947388356938,1,-6.245194689032331,0.11218159065296511,0
5,80,503,6.597033575052748,0.2232807914243296,0,2.2423916067607337,0.6982898411141052,0
5,80,504,12.67786436418028,0.007468034821782483,1,4.831652225573407,0.17876759247431995,0
5,80,505,9.428832835222181,0.1617413543111318,0,-1.7207724831131799,0.7370201013574895,0
5,80,506,6.663572196146461,0.1311125264441233,0,-4.646164512242578,0.37829101423920886,0
5,80,507,2.3293269919384443,0.643102359159973,0,7.987227432733306,0.05664522209456614,0
5,80,508,1.5742092908881062,0.7364447582302411,0,3.2023634961677487,0.44473104444327993,0
5,80,509,11.471934254349122,0.031322500036470635,1,-5.469959597665692,0.266041739333537,0
5,80,510,4.705490080883507,0.2696098885651399,0,2.2938604443856434,0.5970313190797313,0
5,80,511,5.230791582129328,0.3178285352002679,0,3.124340113011428,0.425888797165642,0
5,80,512,4.795421218534585,0.27564080717470896,0,10.94610025510056,0.0055697971304289155,1
5,80,513,4.936119383051619,0.32389081339350567,0,1.5829521447580674,0.7450680757759626,0
5,80,514,6.87097131951171,0.11083457564162572,0,4.413395973407958,0.3981190026269271,0
5,80,515,3.6118873632339614,0.3491718938610706,0,0.7646942628150413,0.8510134118356093,0
5,80,516,1.0221239512134872,0.7902523563057785,0,-4.4042847212459435,0.3282046762998102,0
5,80,517,3.3759171942142956,0.4043727794730383,0,-7.503750746170454,0.11690752060568824,0
5,80,518,2.1156538108361644,0.5786487308922105,0,10.120721992393612,0.042660582840660176,1
5,80,519,13.68833966905882,0.004892933773690864,1,-8.349816241193068,0.07015121141029132,0
5,80,520,8.40218533050971,0.10456224641716022,0,8.673971734524173,0.04234060913858507,1
5,80,521,8.395326997088247,0.08707671243161673,0,-1.5470564542241192,0.7260235290041455,0
5,80,522,3.005427505989232,0.5927462440020652,0,-0.8216365241064238,0.8341867649958575,0
5,80,523,-0.7713954268848511,0.8685564946925216,0,-3.774022286115269,0.5081482620562158,0
5,80,524,8.749195610588515,0.0389612865751545,1,8.910189227543967,0.12218509994059343,0
5,80,525,4.050839395387982,0.374406603307478,0,-3.3610060005981097,0.5503295096075612,0
5,80,526,6.727695471588859,0.14200413471858087,0,-5.052444171663552,0.3366424954233067,0
5,80,527,9.291698138036324,0.026189577250765046,1,2.7859017705997076,0.6234285672334594,0
5,80,528,-1.0802323265905613,0.8175935454034616,0,2.3216801421472724,0.6300952429435607,0
5,80,529,7.999281920146558,0.11361356302027063,0,3.754838707626874,0.4137699154108947,0
5,80,530,1.9022562928534228,0.6879155321700845,0,1.9871411897353397,0.6793453277693616,0
5,80,531,3.7429895291997752,0.49827166676449985,0,1.4084505825071716,0.791779154844543,0
5,80,532,3.9107428324732467,0.4201262601604888,0,-2.410333657528696,0.2559486282111999,0
5,80,533,9.32474030553034,0.029775263218083617,1,-1.8108022712485194,0.7444054029648279,0
5,80,534,-1.0022943433493197,0.8577850023987769,0,2.5700492869260927,0.5505811551643642,0
5,80,535,2.2009196954095813,0.5604418411948384,0,1.2753780918700954,0.8055712064200613,0
5,80,536,7.472270382558349,0.10684071697063127,0,-4.887741762550064,0.24115113538075572,0
5,80,537,0.4687707765587845,0.925559443903772,0,6.475906569581355,0.28100318490203957,0
5,80,538,1.4452492261997492,0.7671835501224508,0,-2.9138907929495304,0.5055555418485231,0
5,80,539,2.2189658834265202,0.6424458981741119,0,-4.430307321935899,0.27605058843243724,0
5,80,540,9.17668423679902,0.06130142637320482,0,0.4641673155191057,0.9189946390713192,0
5,80,541,12.075507839612897,0.018087850969484384,1,3.9315313141738955,0.40308568329305683,0
5,80,542,0.6263076041268505,0.8540708551919133,0,3.6935124627364075,0.27706612730732477,0
5,80,543,8.40554235718976,0.09793868551949203,0,0.5001840943130986,0.9067855926494127,0
5,80,544,8.656228030719902,0.012959387914155546,1,5.462814222763541,0.2539894446749671,0
5,80,545,11.638141775814603,0.015119681523569191,1,-2.134152359016639,0.7021893858860969,0
5,80,546,13.386183610742478,0.012392305032760108,1,6.485796003712011,0.16019360958191514,0
5,80,547,8.074411542887574,0.13132519176791702,0,1.3660800915421447,0.7507127095690017,0
5,80,548,7.168623683317122,0.024149027527656967,1,2.029535493033052,0.662015548500772,0
5,80,549,13.494099051082458,0.017242393992625265,1,-7.904734793581966,0.058543993550216666,0
5,80,550,8.939410859187333,0.034764357383813727,1,-0.9746176149024279,0.812998083424064,0
5,80,551,3.761883383713098,0.3634990625132054,0,-6.399237484871946,0.24171105124822811,0
5,80,552,4.088091462018824,0.36643446935857127,0,-1.9102306936752882,0.7238016790298393,0
5,80,553,-2.6867283982732886,0.5253727873757776,0,4.054095429212481,0.44100219731175805,0
5,80,554,2.2273183454750836,0.6202760750092646,0,-3.6730447058756113,0.48303138468433215,0
5,80,555,3.657082966054915,0.48842223154304876,0,-2.7282031546234435,0.3968815665112271,0
5,80,556,7.852638859477068,0.14476197134917507,0,9.535457346790622,0.05947815925820241,0
5,80,557,9.97841481444479,0.03255620494807866,1,4.544696854296518,0.24841047835637373,0
5,80,558,4.710199110521643,0.3365957447587372,0,0.4265949320154192,0.9273446966976797,0
5,80,559,11.604495117684252,0.05789459488511434,0,2.994268230332594,0.5250409466855757,0
5,80,560,6.77712926896298,0.08237485890247181,0,6.224418811656562,0.12734310752031142,0
5,80,561,0.34376498508156317,0.9584352168827748,0,3.9701008448195836,0.3961033587273516,0
5,80,562,11.122481267417456,0.017772854907803472,1,4.310258553458127,0.2199585431971703,0
5,80,563,-0.13599230451656297,0.9796570640806763,0,3.494919261171816,0.49984928103100756,0
5,80,564,2.8982293716164236,0.6165069435072581,0,2.0800288223306183,0.6815914312940448,0
5,80,565,2.868507457604835,0.5024373189044858,0,-0.6577410943086193,0.900266454615988,0
5,80,566,0.3821773719410544,0.9278500245150405,0,7.985778441890062,0.11346772046114212,0
5,80,567,5.81378288678377,0.21526275216797097,0,5.606485620452318,0.33126473896272834,0
5,80,568,3.526132019703681,0.5089413549772871,0,5.512450049747443,0.23525472595157537,0
5,80,569,5.17147129869916,0.2768445583980459,0,5.677947346767951,0.28758199627400044,0
5,80,570,-2.034260699491554,0.5909124734459852,0,5.0622881357497675,0.3831080350825782,0
5,80,571,3.2689265134952166,0.5772618867282351,0,-4.861692562409843,0.2643833049714958,0
5,80,572,-0.15567981096968708,0.9782171268171119,0,-13.869548722935491,0.02832616254614481,1
5,80,573,6.049800401118432,0.24710771773808834,0,3.2710026330374262,0.3602860868196919,0
5,80,574,7.411993064020052,0.08793730655581873,0,1.3637568142573429,0.7493403210851188,0
5,80,575,0.5746130067915516,0.8916001566375517,0,5.922660336923045,0.18047172371590695,0
5,80,576,6.061582832100356,0.08143481276142155,0,0.7640823065833473,0.8787800905139611,0
5,80,577,6.42079927205522,0.10050114861988316,0,-2.21678037651526,0.47548254935823386,0
5,80,578,2.989066497590514,0.5440050191338386,0,3.805377510769347,0.3917633884894848,0
5,80,579,3.895859550489746,0.5104816971559593,0,0.2718100968389763,0.9490567638934723,0
5,80,580,-4.39291280681681,0.41774847186649244,0,-1.6214196771758793,0.7526425756944642,0
5,80,581,0.14758088334032493,0.9765457915296074,0,-3.2971104071088178,0.5048580607998641,0
5,80,582,0.3063364153237842,0.926488713688546,0,7.596443429714171,0.18206741001355164,0
5,80,583,1.9559170385537499,0.6965416156141739,0,2.394938449729665,0.5970137139691947,0
5,80,584,11.552350420890349,0.01255342550567486,1,-4.683748097425465,0.32409209643319026,0
5,80,585,-0.6689530741742544,0.9059085930072677,0,5.217672149336522,0.25855504010525276,0
5,80,586,3.498037100299854,0.4231849467442764,0,3.9690300867432597,0.4092692737430309,0
5,80,587,8.250478475365185,0.08286440166363356,0,-6.289291824625053,0.19769794986264763,0
5,80,588,6.532584437701274,0.1285469424738038,0,7.681509813942412,0.137094247986572,0
5,80,589,5.234666181532305,0.23213829233890554,0,-6.999368491263425,0.19902879246484986,0
5,80,590,-0.7345638517895452,0.8809850101007914,0,-0.5527545656345012,0.9055031705957252,0
5,80,591,1.4035443505285485,0.7863967744386341,0,-1.2537881242798505,0.7879592016371104,0
5,80,592,2.4267186403027665,0.5855488090926857,0,4.55480229421471,0.307884388282885,0
5,80,593,11.218162701567152,0.008648626258202865,1,-1.4716099122348254,0.7463649861338213,0
5,80,594,2.242910370832533,0.6582164505835982,0,1.9188526311333334,0.6894399408680646,0
5,80,595,5.36188382600119,0.3171134177651316,0,-3.122043420726257,0.387885296887461,0
5,80,596,16.183627464778922,0.0012389924027687677,1,-2.2881617297575048,0.6150656399598519,0
5,80,597,-1.1447300477773865,0.8018134108890479,0,-0.21535209221698892,0.9710889944727354,0
5,80,598,9.05420261119366,0.09107216858880497,0,0.2557613793570823,0.9565043090490286,0
5,80,599,3.1349430238097256,0.595020994015405,0,-6.374151285573035,0.250410908375977,0
5,80,600,3.3343852029019274,0.43769206662943794,0,-3.133483768672761,0.4208195974471942,0
5,80,601,7.3184364768872285,0.12306678615599459,0,1.4367307072662925,0.726490535376044,0
5,80,602,9.46259556916587,0.046641607478866816,1,-6.428702065953047,0.2090645519263685,0
5,80,603,4.770569204026501,0.3836287018690545,0,-1.485710124706415,0.7724651150059175,0
5,80,604,1.820415620880425,0.7409487742298373,0,-3.1959045879642076,0.5016183873465001,0
5,80,605,7.8540189227875175,0.1823799152700441,0,-0.37506426269159476,0.9374879010309638,0
5,80,606,3.320663995540798,0.4582023574305292,0,1.8027093614278584,0.693137492805792,0
5,80,607,5.931286847105355,0.27195888381225997,0,3.6674456498349315,0.5433030106080876,0
5,80,608,-0.8906608071018951,0.8641058675002976,0,2.440578043304285,0.6194229905010203,0
5,80,609,5.802049571332063,0.1854731963596393,0,-6.810598744870973,0.1918787395945788,0
5,80,610,3.8132146738741852,0.4443053328477301,0,-6.3841872468399,0.16341870280944149,0
5,80,611,-1.8149438737813028,0.7140414308372953,0,-10.888458194009914,0.06508077050320711,0
5,80,612,8.235241654012754,0.05056140722500338,0,4.589937350238145,0.4963312103539289,0
5,80,613,0.7198978776780365,0.846283748045753,0,-1.1314909233742156,0.8398274387879548,0
5,80,614,10.721975081285038,0.017449530009747524,1,-1.3526889696315862,0.7585003145515128,0
5,80,615,8.453816030849879,0.1329813053260648,0,-1.14945127520771,0.8242026127313026,0
5,80,616,6.593856643930138,0.1741606203148831,0,-5.211993652994522,0.36747531444349124,0
5,80,617,8.32607534713101,0.18610296331114035,0,4.565102147875308,0.4265307128293706,0
5,80,618,13.712821125469077,0.023310043276447093,1,-8.25454226804635,0.07798761397650626,0
5,80,619,6.07866225534039,0.22287249975828308,0,7.247533172341875,0.12807670274407534,0
5,80,620,-3.3278590538642447,0.46903173212786586,0,3.350698415331749,0.5400155046996591,0
5,80,621,10.545826694255581,0.02379032770195733,1,-0.1034165775384821,0.9796580408512678,0
5,80,622,-1.8001652275697637,0.6722121910046598,0,-0.7450777766151617,0.8545329144392135,0
5,80,623,0.9754831499707279,0.8227675958946389,0,-0.5504872403993915,0.923045189226353,0
5,80,624,-4.359233194715813,0.44705619158749244,0,-7.532548695729176,0.07810579120745037,0
5,80,625,5.6614095149785015,0.2629964487073263,0,0.7450008379646533,0.8927131037181043,0
5,80,626,11.201219287582603,0.026797354633564998,1,0.5392425434172452,0.8968265146416212,0
5,80,627,5.582196867213042,0.14996446362219945,0,-4.9124558531444364,0.31413445067671136,0
5,80,628,2.3474122065217102,0.6119202046564753,0,-6.047349346740191,0.23444543271266277,0
5,80,629,10.56828843271434,0.04173363274230593,1,-16.54702806789119,2.6603987764730453e-4,1
5,80,630,2.143322310475355,0.48850620369705655,0,-3.6842592264902407,0.3990754502082663,0
5,80,631,13.286546404263675,0.0021060331093047126,1,3.603426201855328,0.4072038613428882,0
5,80,632,4.677510647620991,0.3620778875844096,0,-0.7178941881958707,0.8833618382602773,0
5,80,633,12.448995540198922,0.01120016866387185,1,-3.749107743736076,0.5212462190792778,0
5,80,634,4.431115148524157,0.22998723362389284,0,8.382288100602992,0.151528322563921,0
5,80,635,3.8375346514379203,0.1748604787506672,0,1.5245071707047657,0.7761831524613122,0
5,80,636,8.624699469075338,0.1427771883471012,0,-2.8666454746923336,0.5375892140469078,0
5,80,637,10.184753962302679,0.058824205668168365,0,1.7035150012335976,0.6815581915524873,0
5,80,638,5.107960612394322,0.07104016667041747,0,3.144100826613112,0.47616755971576974,0
5,80,639,-0.811102280896165,0.886600382795317,0,-7.107212496508467,0.08232768720978004,0
5,80,640,4.481732528506896,0.4312912472964695,0,-0.6774565846880876,0.894013521686611,0
5,80,641,-1.9208390038618433,0.6626155361850146,0,-7.80471238689023,0.119302354103346,0
5,80,642,3.608655150553645,0.4255105401646275,0,6.454698822946753,0.2846091850545651,0
5,80,643,4.743180085565498,0.3868643739091894,0,-6.908477251189893,0.23969849974900514,0
5,80,644,10.433212020314855,0.035803470592718406,1,-0.648892850180232,0.8720309962912949,0
5,80,645,10.917232004113174,0.010139547949625646,1,-4.668928998588413,0.3248381859645717,0
5,80,646,1.8528416057166908,0.662273896172066,0,-1.5385808760490676,0.7563363911248531,0
5,80,647,2.307889608028887,0.579802427289234,0,3.5251598799148383,0.4600254374576994,0
5,80,648,-3.311950895814192,0.3684301930218412,0,-5.179123080072642,0.3289533262050106,0
5,80,649,14.178762084079906,0.0060070762739231854,1,-1.7009839156896902,0.7161932591126698,0
5,80,650,0.7363833631921608,0.9062820865196197,0,-4.697124985109994,0.37761024714484415,0
5,80,651,1.1718446530233706,0.8463553660470524,0,1.9582100776971174,0.7341095938133397,0
5,80,652,12.894776537336483,0.024861008043228272,1,-1.915487979478229,0.6508926861692765,0
5,80,653,1.3453903020890294,0.8082379583569965,0,-3.7326622399611296,0.4440038116108084,0
5,80,654,0.8543594518987447,0.8564083289443942,0,1.3823399004579073,0.7740419769802162,0
5,80,655,4.758189228804568,0.29246556340428487,0,-0.2769267988967812,0.9584980903750732,0
5,80,656,15.903870668607837,0.0015169916097567703,1,1.9982566773231554,0.7039945949517261,0
5,80,657,2.2544145855963933,0.6003557164531975,0,-0.08918575514211113,0.988082130339523,0
5,80,658,5.1158402237945495,0.38109606445379074,0,2.898693293484868,0.5523369829960096,0
5,80,659,4.811617664209663,0.3714101818825505,0,4.746835521819165,0.4028008515216188,0
5,80,660,3.874469609097133,0.5279777204347373,0,4.390939440054282,0.3631390863167898,0
5,80,661,15.75171559525694,0.006702340702750584,1,-12.421113807410578,0.0024016597502680074,1
5,80,662,-4.595064595786482,0.2778729754627863,0,-7.870814379573147,0.17326281837875707,0
5,80,663,0.765768200481574,0.8696217802368799,0,1.0908447407506685,0.8187052218279164,0
5,80,664,13.046588885494344,0.007204566754192354,1,-2.6543984385747024,0.6052739076574083,0
5,80,665,3.268682113404296,0.5331590369896289,0,-4.952689871481894,0.33888403753118257,0
5,80,666,-3.3813458633005524,0.4897961577306784,0,0.45036533271702694,0.9002736760710317,0
5,80,667,8.251576256059451,0.1540945692295521,0,0.6671396233420239,0.8821060297034633,0
5,80,668,3.2058491234527082,0.4871088513887374,0,2.045603459940594,0.665139327860657,0
5,80,669,6.551633597716062,0.12200868567238429,0,-2.1850840064897312,0.571851285801057,0
5,80,670,6.073812377290665,0.29939501436180027,0,-5.058240238662279,0.2680056108487903,0
5,80,671,6.645447791765548,0.13641348649933954,0,1.3536165370658182,0.76697440204629,0
5,80,672,10.944875342550802,0.033706254747524936,1,1.3005991499016716,0.7583867451732723,0
5,80,673,8.176385800829792,0.13509751884395851,0,-5.326457777235376,0.22605471222554124,0
5,80,674,-2.1804386369421564,0.6356176731674841,0,-2.3885770418708034,0.6183495015492022,0
5,80,675,-2.6875027532162505,0.5819954846418448,0,-0.6625439401351088,0.8744027580938528,0
5,80,676,10.490280108172215,0.005768525575994657,1,3.685483593459608,0.31261584577880525,0
5,80,677,-0.8013406319914935,0.8300465054015651,0,-7.299483255362134,0.20928865611023623,0
5,80,678,1.8164171533664017,0.7530739402954214,0,-3.398544285950379,0.4681428052360683,0
5,80,679,3.145789222873077,0.5625032432933061,0,-2.9852478938222617,0.5174801971411822,0
5,80,680,4.081526964656021,0.2710489382731084,0,7.240296224765245,0.22531943993581122,0
5,80,681,6.072206301273781,0.22445118694475802,0,3.649815757828364,0.41677042722684376,0
5,80,682,7.483546261807419,0.16740305272471723,0,-3.755963346718687,0.37467358742735113,0
5,80,683,5.70889108998135,0.27755152977158193,0,-5.616972951301776,0.21497135524349992,0
5,80,684,2.858531884214287,0.46102188208492634,0,0.9469380618299539,0.8507509288545835,0
5,80,685,6.734550231573337,0.24738703602014533,0,-1.533635243394059,0.7708636266709656,0
5,80,686,1.1105471909946374,0.8305859021337888,0,0.5456088482277437,0.9052683367935199,0
5,80,687,0.5889642957120316,0.8741320995889021,0,0.5846367913625841,0.8911480998905379,0
5,80,688,16.7474807228498,0.005395078697286305,1,0.40227226781513536,0.927020258860467,0
5,80,689,-1.3664800942550812,0.7542837219017555,0,5.229046831646826,0.35440882563629583,0
5,80,690,2.8471738187846825,0.4544713680147834,0,-1.458693604925017,0.6575698788533586,0
5,80,691,7.911385076654341,0.22971385435106467,0,7.650422609576651,0.11139699175411276,0
5,80,692,-1.8322085783821223,0.6064592194364258,0,-2.2994586699905426,0.6026370192852588,0
5,80,693,9.12079251139781,0.07727348909298892,0,5.877499815614499,0.16329532906657546,0
5,80,694,4.32486876151404,0.34313326052977267,0,-2.3378052324002425,0.5913852636990153,0
5,80,695,-5.153607296128769,0.21863567965977737,0,2.4943804177533053,0.5949943110516629,0
5,80,696,8.102047615445585,0.09823327922379113,0,-3.8630626533858674,0.44083882014900266,0
5,80,697,5.226015731878519,0.25579094031488125,0,3.0868653591946185,0.49479323426584443,0
5,80,698,8.060745845453269,0.0759920929833515,0,5.096687699184102,0.2545327633062686,0
5,80,699,-1.866339772493376,0.5731951884021365,0,3.0992120898767155,0.45808366297765435,0
5,80,700,10.350208142193779,0.037883036161790284,1,0.330897812592724,0.9411341731342526,0
5,80,701,4.165848355989738,0.4356835518768817,0,4.5267088897129355,0.28587279733492826,0
5,80,702,8.627602021780802,0.0997184232755837,0,2.8873878083294926,0.5447609723377549,0
5,80,703,5.723543489846989,0.29311108876640873,0,0.05027070069986905,0.9923000713555867,0
5,80,704,6.278766552760317,0.140520355494955,0,1.751127126416975,0.6787112761460539,0
5,80,705,5.367535568143595,0.23190142587559456,0,-0.32466107710338576,0.9557019478431289,0
5,80,706,3.5404787395461312,0.4572144128931096,0,5.392909711775957,0.2519252331018308,0
5,80,707,14.874569494931919,0.0028961479538254244,1,-3.468748450683009,0.43152357025003907,0
5,80,708,6.624733471609588,0.23556359301397162,0,3.6901275938678566,0.37333719021488565,0
5,80,709,2.596374896329337,0.5069603005243448,0,-3.8154414479249112,0.4754592100742362,0
5,80,710,8.68016348749316,0.043098084778636143,1,-5.099024397609824,0.19658947204888488,0
5,80,711,5.04575460566214,0.44939101039740315,0,-3.379282360578742,0.451840474283977,0
5,80,712,4.138608308231639,0.4157034885621578,0,3.1856543137561317,0.5776709240036706,0
5,80,713,6.688560189197702,0.13800467337079805,0,2.207781769281766,0.6263127268405009,0
5,80,714,9.907574432269513,0.04469698699950889,1,0.254567204728005,0.9574796117986337,0
5,80,715,4.946149726983293,0.34744070040345276,0,6.541610303863422,0.24265040451774897,0
5,80,716,4.132812925870354,0.33907121367166737,0,-3.896940402043043,0.511312069297413,0
5,80,717,7.66962062415449,0.10743666362463543,0,4.123771733988832,0.3613540363461344,0
5,80,718,9.488589831918688,0.02032861667674174,1,-7.855907356395022,0.08690635062757886,0
5,80,719,6.961614392621186,0.1668843222743744,0,-3.289666084132847,0.49103238044833586,0
5,80,720,7.640289937205509,0.12473439653075481,0,-1.9466302289291946,0.5539619045831086,0
5,80,721,11.028582322245398,0.003993814004211416,1,-7.561397950361865,0.10934500273073607,0
5,80,722,4.783981859438185,0.255025584363731,0,8.735473745825487,0.056905882273620506,0
5,80,723,5.385944194746813,0.23334160699834555,0,-0.2680312235047495,0.9565462968886445,0
5,80,724,-2.1574513137537252,0.5352874505215008,0,-3.528863043760765,0.5288399632521803,0
5,80,725,8.649175145378393,0.08692808418671756,0,4.595374607392003,0.4118557463923529,0
5,80,726,7.661564414955279,0.1781831071979127,0,2.113708467680297,0.6565035693227245,0
5,80,727,17.453666316647784,9.260514108353465e-5,1,8.831505446771857,0.03485332593899692,1
5,80,728,7.486537126743954,0.09677895565715854,0,-5.6265511065026885,0.08481779431123333,0
5,80,729,3.3240529978776863,0.2619385841311749,0,-1.442440540647226,0.7397271108563934,0
5,80,730,-2.197274958570162,0.6664170330208042,0,-5.940296976362035,0.32169330296887677,0
5,80,731,8.995518331211755,0.05094762317543507,0,-0.37492998577810965,0.9493464659558785,0
5,80,732,2.173473633581267,0.5438085659658881,0,-2.913560373645609,0.5783997657451287,0
5,80,733,8.686567688690317,0.01210164761527882,1,-5.945934252651185,0.10242336693591489,0
5,80,734,-1.2993260722924447,0.787595240462742,0,2.114689764132592,0.6421422915882481,0
5,80,735,-0.22854452949398762,0.9670613226044464,0,-8.059756352167113,0.09364944917579492,0
5,80,736,3.792450344961324,0.36397041819282017,0,-1.920044157792816,0.7090285917944422,0
5,80,737,1.2200787743655042,0.7989639846582133,0,-5.278895378892656,0.2682348554101361,0
5,80,738,2.7344014869509152,0.4487182650690651,0,10.347514722949057,0.025579363824787916,1
5,80,739,2.174463569458439,0.6419125704106319,0,-9.354678729566459,0.04248555474716502,1
5,80,740,3.8709727676816215,0.4227614263330949,0,-3.9996194325065915,0.40282787674129006,0
5,80,741,8.730300188041483,0.07949402304929257,0,-1.5506128189381627,0.684286198145405,0
5,80,742,7.677659932759056,0.0953262479707371,0,0.2203120324706731,0.9592431597379019,0
5,80,743,6.868848778564455,0.17272278074524525,0,-2.5578352317296407,0.677130394743577,0
5,80,744,11.448104958102718,0.002784882070707919,1,4.214156216181834,0.43051370176462145,0
5,80,745,8.385683862097537,0.09817537098074858,0,1.4056468928980905,0.7600026068739274,0
5,80,746,0.6195254608559111,0.8842067786279424,0,-1.9476390249947002,0.7305651488054563,0
5,80,747,4.49119026819389,0.3207879515249328,0,2.868377917182144,0.5374129952088258,0
5,80,748,1.7022788215602986,0.7027718210257099,0,-0.6251855650538403,0.8638639920786745,0
5,80,749,9.230230197416319,0.03568632136107272,1,-2.793291054461278,0.5348348688652276,0
5,80,750,-2.3298776694519603,0.5943974030229934,0,4.485218318580138,0.38531596933162193,0
5,80,751,5.155510305856097,0.26581281869957124,0,-6.432865458560997,0.1311996564554842,0
5,80,752,-1.0316141345058583,0.838623000888873,0,6.767495574187919,0.29605844529535263,0
5,80,753,-0.2074196673941202,0.9691202305297169,0,8.719300031403236,0.11046018271734405,0
5,80,754,11.794215983399965,0.04089894934686402,1,-0.6832723444452995,0.8663884385684401,0
5,80,755,10.51115081993278,0.007827251536236205,1,-4.642758513352376,0.15090339010838835,0
5,80,756,8.18910918231687,0.04739065263968229,1,8.893956270861679,0.06539901833086247,0
5,80,757,5.973394731681211,0.1956374214253841,0,6.31486735892706,0.22049473372874495,0
5,80,758,5.844550538743974,0.16843523879252903,0,-2.4291765154844,0.6126543016027142,0
5,80,759,7.7598550686749235,0.19315440695255737,0,-1.7805758199272077,0.7870572831106923,0
5,80,760,1.183875361688905,0.7956155725012999,0,2.55560162177386,0.45543428397643027,0
5,80,761,3.461832709307373,0.32038977079492686,0,-6.316708166229617,0.25315439842728055,0
5,80,762,10.212218277724261,0.04653316452380559,1,3.682201566305139,0.4445415386157726,0
5,80,763,8.847215969432355,0.030384752394880588,1,-5.33261476635856,0.21655068727298268,0
5,80,764,10.942072647166725,0.0047858595917096665,1,-2.514933687112631,0.5789098133743147,0
5,80,765,8.819798655179767,0.03084862323905456,1,-0.01998652051280203,0.995424936961256,0
5,80,766,6.120345670742438,0.24549827877174826,0,8.77065245865434,0.0749538528691765,0
5,80,767,5.043601626208684,0.34994890652232746,0,-3.6103582163810017,0.478544471133758,0
5,80,768,7.502895824783906,0.11871499695630726,0,-1.844830509399074,0.7365618968996805,0
5,80,769,4.021296650397815,0.40194712471600047,0,-0.24677436198894043,0.9551237428202883,0
5,80,770,0.03782293873166509,0.9938614617102819,0,6.266514135850343,0.12430768517500454,0
5,80,771,5.114548849564429,0.243805835228496,0,5.978776681156646,0.17951367421973544,0
5,80,772,3.429088060026089,0.5185898014699619,0,-0.09434580534230008,0.9871048429461857,0
5,80,773,1.2951412223005434,0.7355606717384293,0,4.469335814247529,0.4284637310991657,0
5,80,774,13.558909360896436,0.025213905213063065,1,2.2104880791490444,0.650703516337332,0
5,80,775,2.5025384584939445,0.5952591308635043,0,-1.9385054132074373,0.7031378471749323,0
5,80,776,14.790010300434773,0.004299065657263233,1,-1.8972139832327741,0.6068580816827253,0
5,80,777,-0.4304649184251872,0.9350041301891245,0,-4.146371565006277,0.3492458260836233,0
5,80,778,9.699578974665755,0.06360481606152041,0,1.1568556657903883,0.7908150202428522,0
5,80,779,4.464256495192004,0.32731481734650636,0,-2.323629311202879,0.6037105559126479,0
5,80,780,2.9051511985029492,0.49702435479236406,0,-3.3021412102505536,0.5171400509514237,0
5,80,781,6.888171500632552,0.12655410961062089,0,3.362675205588957,0.36279425770519524,0
5,80,782,10.987556985335033,0.008208495960652191,1,0.8573665280329408,0.8387037712555859,0
5,80,783,0.7313705404651358,0.883416527202781,0,4.758389633215131,0.19736677248036977,0
5,80,784,5.518445169521087,0.27914362554639716,0,-6.010669126199289,0.21899763999516403,0
5,80,785,5.201642442361191,0.30535696886429387,0,-3.214376369364956,0.5320630372475701,0
5,80,786,-0.7418009143040933,0.8780083074261366,0,4.610375644354974,0.4123508869584319,0
5,80,787,8.671545960391825,0.03355924282905205,1,6.943089988502777,0.07699102932700301,0
5,80,788,8.97989744302538,0.025276042302427134,1,-6.65523577445029,0.13706550242872448,0
5,80,789,3.328781820247329,0.4391292902101962,0,-1.5308008648623996,0.7793384452755163,0
5,80,790,13.301029075347671,0.025437176116977593,1,1.1100471534148113,0.8534481557386184,0
5,80,791,-2.235609085311438,0.6495252228195353,0,-1.0939733489839796,0.8218909684994715,0
5,80,792,11.189859182787046,0.04624426996626619,1,4.096362804960108,0.4111771197056733,0
5,80,793,6.235388747212326,0.20920792777439434,0,3.2523872981189044,0.48990402468183103,0
5,80,794,5.5651764605484,0.22682605022446886,0,-2.3141517644257874,0.5830878543942937,0
5,80,795,2.0319807837289403,0.6859025222778627,0,-1.7248226755065446,0.6593859157546043,0
5,80,796,-1.7269200172230086,0.7516945066256403,0,-0.6750652036826779,0.900816127438982,0
5,80,797,10.85448810117714,0.019092804380096712,1,0.417104627962388,0.9289003811223745,0
5,80,798,11.514410561450845,0.007146526254929888,1,-2.256084931599318,0.6125649333798644,0
5,80,799,0.9230157673893871,0.8346779387301626,0,0.14015253988372933,0.9807411421951926,0
5,80,800,0.45740216689976876,0.9134044526710277,0,-2.6171194497979826,0.5629706999927966,0
5,80,801,3.7630502050253654,0.52607038686643115,0,-1.0639538981617989,0.7953873325294756,0
5,80,802,1.4089025980152172,0.7413484945513821,0,1.4178617472641122,0.7521841289566615,0
5,80,803,3.255721590985061,0.3292733335800355,0,0.08407864223813988,0.9867494784770321,0
5,80,804,3.929772880826519,0.2994738594572267,0,-1.3179675202323153,0.7767807635683538,0
5,80,805,2.63075245609555,0.5349731741762498,0,-1.4140026260291592,0.7146011943457715,0
5,80,806,10.532140789268297,0.008364420161515323,1,-3.4785093275426533,0.4810866784689185,0
5,80,807,7.626493410997668,0.079354073380503,0,-7.474222781036545,0.1855898930534767,0
5,80,808,-3.082235940319663,0.4982637736876,0,0.26638388829107384,0.9471834871434619,0
5,80,809,-6.47133058070564,0.10589686564819158,0,4.06389971606751,0.3234078810410863,0
5,80,810,6.555112507946589,0.2427084834123828,0,4.36021616471389,0.5014256296055983,0
5,80,811,7.550719270598634,0.0870372255779809,0,-3.808543572954747,0.34259603595071964,0
5,80,812,1.588447144226194,0.7783677528290789,0,5.0822668667347415,0.2307008313921851,0
5,80,813,7.207601155191739,0.1338469832159621,0,-5.02530516213298,0.18934360509764414,0
5,80,814,8.301383655463525,0.15492079154445426,0,5.956765595794778,0.22943932129494732,0
5,80,815,2.443367840726168,0.6036262271857202,0,2.4107264925383447,0.5642549288556047,0
5,80,816,4.624682455565505,0.4695764397771346,0,-3.058721615222268,0.6003332640348152,0
5,80,817,5.901050056610686,0.12995089167138293,0,-8.033023841881842,0.14209084426728225,0
5,80,818,8.74952860502745,0.21205093613716602,0,-12.446308017367514,0.011073091019688721,1
5,80,819,7.574877699106196,0.1254262039188209,0,0.20691487522896068,0.9615070981026164,0
5,80,820,2.713514358751496,0.586810042879805,0,-2.786938154403984,0.6850215900429935,0
5,80,821,4.113770933236566,0.48066873543062005,0,-1.6557409921072406,0.7306951325820651,0
5,80,822,0.1562079893503352,0.9734231469810093,0,11.571392658003418,0.0040687678286307795,1
5,80,823,-1.6204455783046114,0.7574992709496161,0,4.684858739090473,0.37219806322465165,0
5,80,824,-2.057642531220054,0.6345937525768746,0,-0.2430034332249278,0.9578924056331957,0
5,80,825,-0.7843447880380836,0.8505326040196923,0,-2.9666831945335588,0.5625963310761541,0
5,80,826,6.229347497449552,0.31054896554148703,0,0.6477480115178054,0.8744951065255772,0
5,80,827,6.607463522537827,0.09548156320578888,0,7.333136136205667,0.18863245573887732,0
5,80,828,4.262847291441446,0.36313230837812993,0,1.0550393772354028,0.8081480454255279,0
5,80,829,-2.2571811641839474,0.5445824643107204,0,2.7439075903051275,0.6406548787284204,0
5,80,830,2.535900712331326,0.555540609740013,0,-3.886416700272818,0.4522957049743249,0
5,80,831,-4.415378733747104,0.401583440466853,0,-3.7095174898306738,0.45439583176002263,0
5,80,832,0.2963493289491339,0.9512770311929442,0,-5.931245024245456,0.20286498737774697,0
5,80,833,7.806060786394369,0.07966683696652536,0,-6.619413681163479,0.03514086024201537,1
5,80,834,14.568597806872347,0.005289795413632394,1,-3.7550242128065037,0.4360840698819589,0
5,80,835,2.8839098318738934,0.5259742368226965,0,4.292756884712446,0.375521111550317,0
5,80,836,5.603042687016412,0.30302809894525107,0,7.675971461769109,0.22177535444686908,0
5,80,837,3.0862791495117676,0.45077837696719947,0,3.310012459871004,0.4064843635406503,0
5,80,838,8.86449536685538,0.1289981538077508,0,10.715156631495034,0.07023345595738449,0
5,80,839,4.392568097949891,0.2346502983537882,0,8.460076015433273,0.04630266866745647,1
5,80,840,-3.29719547324963,0.5284917744733568,0,-2.8427908820437864,0.5484837993662492,0
5,80,841,4.874203293011007,0.30188499555537796,0,6.911392611204391,0.15079416660623784,0
5,80,842,-0.737173020228596,0.8956275076248901,0,-2.7839501793948074,0.4960982622401905,0
5,80,843,4.496943804645625,0.4119074403473232,0,-2.896476825094382,0.5173941639863289,0
5,80,844,13.786471517356347,0.023856880250200007,1,6.202420973816885,0.25343873737672196,0
5,80,845,-2.0826506419680584,0.7208891594044249,0,4.961408007716955,0.24231980976181955,0
5,80,846,2.3583883474617693,0.6190161496682038,0,-2.8357638242131316,0.5485071761166375,0
5,80,847,-4.804717941734381,0.2585803712348167,0,0.6348274656053547,0.9035348255395782,0
5,80,848,9.090183748634942,0.06938678009948919,0,8.642617291781221,0.029122808831619083,1
5,80,849,11.007517843034165,0.07209354216466692,0,4.416655620367877,0.31961260010990655,0
5,80,850,10.09949811525911,0.11329705673357233,0,2.6479695462793558,0.574539102040889,0
5,80,851,1.7140264606282614,0.7560651736662528,0,3.3421241408063196,0.41655882614300266,0
5,80,852,1.1910195880330292,0.7494378541819426,0,-2.653669402148523,0.5177763408621558,0
5,80,853,1.5827489807687272,0.6286574214487568,0,4.703194187236917,0.33752048745725183,0
5,80,854,-0.8410180719361193,0.861659718948554,0,-4.255661404127977,0.2961116423982091,0
5,80,855,0.31406205915746455,0.9595715518511648,0,-4.755543216372871,0.2632252219597917,0
5,80,856,2.0061653998092908,0.6499502367669444,0,3.181566098142511,0.3636089697204371,0
5,80,857,5.2872787599379905,0.20441212021917707,0,7.4749822900117096,0.1148285457639228,0
5,80,858,10.048812334157219,0.041338959145150816,1,-9.34655675480586,0.04377757594366079,1
5,80,859,10.216294492146304,0.07575561799215796,0,-0.9544447659262829,0.8674229697365669,0
5,80,860,6.451353849487646,0.10586203382147323,0,-5.343286217682376,0.27416861451550234,0
5,80,861,13.104175314066467,8.780385973728955e-4,1,-6.4443128839466794,0.2300026852062347,0
5,80,862,0.8461051681899647,0.8716390101892073,0,6.3033527170754695,0.1974805003290922,0
5,80,863,9.643491589122888,0.06199052367823574,0,2.9439093775936556,0.44661716689799014,0
5,80,864,1.1793976924257237,0.811345301194361,0,1.3936482958936125,0.6987740373614416,0
5,80,865,3.3164152366549473,0.47355361918505035,0,-4.307883076358678,0.3119465577987964,0
5,80,866,9.309776089144577,0.01929591264212686,1,-7.141657935494763,0.1902883788573292,0
5,80,867,-1.4590145611033165,0.7659031857835102,0,-9.954434067412734,0.03283997123552178,1
5,80,868,0.3887598876404468,0.93513756380881,0,3.5500342045623228,0.46443041242234806,0
5,80,869,-2.5982054354876425,0.5529054368761228,0,0.6571598772149798,0.889438716288623,0
5,80,870,0.504410295106311,0.9282879542717621,0,-2.7727880108157024,0.6115906137553664,0
5,80,871,7.238213765760065,0.08824571496582573,0,3.5667300293983573,0.4477108450110501,0
5,80,872,10.658590625249147,0.023007906867422784,1,-1.7956687813071142,0.6604918735003842,0
5,80,873,6.333112011804118,0.3588299672851726,0,-6.59304666129988,0.0639132832001674,0
5,80,874,-5.014656084992694,0.275025561430427,0,1.1117888131170304,0.8183447580903283,0
5,80,875,13.448858025472049,0.001002160840343063,1,-6.717769741567523,0.16100138618907103,0
5,80,876,9.110873949461592,0.04027874222164796,1,8.411959650301128,0.06953926096628302,0
5,80,877,5.58344146254025,0.2225312518372315,0,5.744304187603149,0.1505328793062668,0
5,80,878,4.358491868476804,0.31686362917828653,0,-4.93806028436417,0.2241001423022649,0
5,80,879,-1.134342776268582,0.7890546067425891,0,0.5030232909327594,0.8998537325134597,0
5,80,880,11.023000961669993,0.017059409974663275,1,-9.069445137972892,0.06543713508669986,0
5,80,881,2.4017302851699185,0.6761476249592943,0,-2.9352714588600435,0.5516057048841372,0
5,80,882,11.120346395642983,0.008052516685995244,1,9.78383772796505,0.02582050185452014,1
5,80,883,11.703620378185875,0.026936898093004185,1,8.465132657659069,0.10552551847579682,0
5,80,884,4.07960344452097,0.3318695102758483,0,5.6696156385582555,0.11560546068259756,0
5,80,885,-0.7726654143876743,0.8676855827691742,0,4.281780919018246,0.31968563433021907,0
5,80,886,1.715649315004498,0.7535209169350514,0,-1.2649120377807463,0.7521154459647171,0
5,80,887,-0.4906691257454838,0.9086124880185109,0,-4.703234211026256,0.39109180961198853,0
5,80,888,-0.41523129120264457,0.9058295536663181,0,-6.237880885231377,0.14420358790411136,0
5,80,889,4.30823517951427,0.3568964123580103,0,3.1434884327699137,0.4530295941789785,0
5,80,890,0.9993302673277498,0.8343147614130497,0,-5.035609089305908,0.2813797173328099,0
5,80,891,-3.580640852612703,0.4879045732410866,0,0.6901587962524047,0.8823646921887444,0
5,80,892,4.036669879850564,0.43373106849555765,0,0.11964792407127334,0.9794089438569406,0
5,80,893,5.184698613260807,0.3664556841878521,0,-0.7152071121948751,0.8938997389826335,0
5,80,894,15.076467432343293,0.004747486787629189,1,6.395039161954088,0.1169541443618165,0
5,80,895,12.398002573885009,0.015638582374420028,1,0.6663268853705517,0.8993940904536648,0
5,80,896,6.811140591631755,0.14498333644419376,0,-1.5650994297143654,0.7184162174259867,0
5,80,897,7.274914522018605,0.15102566934433065,0,-1.5643324611108511,0.671470181533405,0
5,80,898,3.667750507818411,0.4750869980700059,0,-7.1243136934009925,0.16257948633022917,0
5,80,899,4.3898556288519615,0.3362089309538785,0,8.398930126907473,0.1136342445546305,0
5,80,900,5.768964611358996,0.23508290951723532,0,-0.5586903279360484,0.8710086044943725,0
5,80,901,7.222993975881323,0.14657405624486453,0,-0.7454795449137066,0.8840768807744848,0
5,80,902,8.481582481869737,0.06798911947943564,0,0.46968368445624264,0.8817337762907814,0
5,80,903,-4.015627640108647,0.4103714948492282,0,2.8453534545608363,0.5910429659266181,0
5,80,904,0.3724624647970671,0.9315235240803799,0,1.0202959162501912,0.8236762773976487,0
5,80,905,2.6315040733523034,0.5654983012781409,0,-3.5942240704533788,0.47058440169840554,0
5,80,906,3.7658409785848903,0.40870633150811453,0,2.1716386175917677,0.63049262145962,0
5,80,907,4.112987685998192,0.4031977282990532,0,3.326396315251543,0.5116129152544475,0
5,80,908,11.899622855516682,0.0625327344326322,0,-4.6645488661867915,0.3046527120350484,0
5,80,909,0.3828646556622317,0.9095339826928511,0,-4.516478646146453,0.3409365106650325,0
5,80,910,-1.9459962451529833,0.6708901760975766,0,1.2552436041897579,0.7702821872428727,0
5,80,911,8.854228425267266,0.08589474207284199,0,2.8150588950300772,0.6169594379571257,0
5,80,912,5.344336548244712,0.25630132367718333,0,-3.8894488924230757,0.46137598916026157,0
5,80,913,8.718212962426207,0.0978130154269655,0,-2.374441195682067,0.6151014275667479,0
5,80,914,12.161086765193545,0.005927899840314467,1,0.828479306684514,0.8261548279877329,0
5,80,915,7.863400377936614,0.027144577155699956,1,-2.2659065474851303,0.6969981181023992,0
5,80,916,3.735242499524574,0.3026923222800093,0,-4.206729899915388,0.43403511453128885,0
5,80,917,6.228506336373357,0.22731689636889957,0,2.154668344192544,0.6778010185010592,0
5,80,918,7.223547547037015,0.16433022987490362,0,4.147181901582826,0.3813383166035199,0
5,80,919,14.734685134144442,0.0020162624026562326,1,4.120290597191129,0.3827416670711715,0
5,80,920,-0.663162947798412,0.8464802769871091,0,-7.472674577325591,0.10165623503255457,0
5,80,921,0.9672840923125108,0.8108325835379526,0,-0.10749515952593924,0.9801162175405356,0
5,80,922,2.7156507396077103,0.5763153382984396,0,-5.785308253422144,0.2029366675712367,0
5,80,923,3.141692577188053,0.5624595685873511,0,-2.5849514349117015,0.6313201537500004,0
5,80,924,5.911293438560406,0.16059746048871085,0,-5.373928474070468,0.3387119722413643,0
5,80,925,4.42745215875442,0.4789919361689725,0,3.6420157645241176,0.4124701448476886,0
5,80,926,2.2627785704024177,0.6234479390265911,0,1.565070493301306,0.7621918810576653,0
5,80,927,5.088663449333467,0.24466862717507254,0,-1.2645860751548383,0.7652702306504068,0
5,80,928,8.612228457294847,0.08511247433596689,0,1.0025268377663537,0.8403690747034422,0
5,80,929,14.801903328944135,2.0989467560311845e-4,1,0.9389678643670152,0.8615850505304803,0
5,80,930,6.043315291161434,0.16794237559342987,0,6.413477675909476,0.23138770728677518,0
5,80,931,10.9716041731062,0.01689966646727447,1,0.37901297265406697,0.94011796335973985,0
5,80,932,5.7409143775270906,0.27796253088815087,0,3.619237769683693,0.37757110145272965,0
5,80,933,4.2773455187235925,0.30311580086676815,0,2.29639142941744,0.6694605306893642,0
5,80,934,9.105244042149891,0.06852681293763889,0,-6.606536419397145,0.0847134666152199,0
5,80,935,13.197295028920792,0.0101167229231881,1,-2.8592207671889867,0.5526144781667874,0
5,80,936,3.3064274767852737,0.4433848498525149,0,0.6149228765729191,0.8936738943823923,0
5,80,937,1.7741921842056456,0.6577938438584369,0,0.6666454893699694,0.8751866121397054,0
5,80,938,7.991868395282509,0.12132996783306621,0,6.4450430338448115,0.11479094263344196,0
5,80,939,6.036386236386178,0.13452332322200297,0,8.55499955936267,0.048201421722222096,1
5,80,940,0.7224942859652828,0.8877569541123495,0,8.895313432542238,0.07087787056832939,0
5,80,941,2.819751791180181,0.4430439628472693,0,-3.2376398525361196,0.5126397262501501,0
5,80,942,5.099129612809975,0.11474559963243788,0,-5.120439860223016,0.3271781188894207,0
5,80,943,0.23791396843765256,0.9500960571006731,0,4.03731588744472,0.45348991488033297,0
5,80,944,4.000096492728261,0.2957479760527333,0,-1.0318369573847548,0.8256978103090673,0
5,80,945,9.968687734128096,0.01599791014180693,1,-4.498400040048523,0.3042783653199072,0
5,80,946,6.640337625175391,0.15247975334424896,0,-2.452597457763204,0.646397166067116,0
5,80,947,6.847329533527898,0.14003138044953214,0,4.330241456800039,0.30091994470799144,0
5,80,948,6.63469275874678,0.16860789002608628,0,-4.509795702999838,0.3054714869018844,0
5,80,949,9.407468006388783,0.025477010903403628,1,-3.2659533634830353,0.4964245165261352,0
5,80,950,11.367209756155148,0.0211197219064465,1,5.075342910537628,0.12143319942053757,0
5,80,951,4.543820101716747,0.3760824616727936,0,3.5687589483670905,0.48769232204286195,0
5,80,952,7.914587620501564,0.06338504803419483,0,4.515849515496342,0.3559611057784543,0
5,80,953,7.9256051836492105,0.04777755427207466,1,0.705753296955109,0.8785081323064161,0
5,80,954,3.072934966476552,0.5732455962534219,0,-2.3869730085748415,0.609223262325054,0
5,80,955,7.367751319386713,0.0560487364922429,0,2.9449849399933186,0.5328859174013231,0
5,80,956,1.415312164081314,0.6753560250433754,0,4.53637059192954,0.3668479546058423,0
5,80,957,6.373484543711484,0.15997315390102632,0,-3.2594014693923867,0.49937293226211044,0
5,80,958,7.2601073786370875,0.1323760354168094,0,5.062401231357157,0.10757880730059567,0
5,80,959,6.19398364417242,0.12550180356472251,0,-0.17096598142381936,0.9749220630776483,0
5,80,960,4.1511239587724305,0.3484785643357866,0,-4.341487798909753,0.35638893462811516,0
5,80,961,7.831989883244205,0.10450457841609698,0,2.0794160992571733,0.6475190082564937,0
5,80,962,-0.49599030433378744,0.9155080197106586,0,4.725774435967011,0.21675419705112164,0
5,80,963,2.6115945692705225,0.6403908238423524,0,1.4781498141403233,0.6745118369521684,0
5,80,964,3.1548578785806285,0.5611791188164454,0,-0.5783327125103312,0.877832240935061,0
5,80,965,6.458805204902163,0.2793899273594636,0,-5.465032572681082,0.32200598164942945,0
5,80,966,10.955589921663204,0.019106108787663188,1,8.818591718875254,0.039546427379899274,1
5,80,967,5.32608345182507,0.27159596921278834,0,-3.4540895116660124,0.47897748039897836,0
5,80,968,11.153126907748629,0.009613620328087689,1,6.848333093247362,0.24273838372008338,0
5,80,969,9.519636188202398,0.0812613348298738,0,2.9715033026719198,0.6267671715695946,0
5,80,970,0.515612778053395,0.8890501882912363,0,-0.09201704973150981,0.9816208956118504,0
5,80,971,9.149425519322392,0.06899123372395374,0,-5.934584939681727,0.1207738436032835,0
5,80,972,-3.0475054522829197,0.5145359861659021,0,-1.8196673838577766,0.6512496973470023,0
5,80,973,2.776429724462858,0.5629025217911112,0,-9.117503013693806,0.11763071992609148,0
5,80,974,10.53351684865001,0.021396261218002872,1,-1.6389456290930156,0.6665991659624352,0
5,80,975,7.45415851606262,0.05930023244236369,0,0.005860095820494848,0.9989729865632446,0
5,80,976,1.9113647430811227,0.721116142564954,0,2.036346739561864,0.6392291387363314,0
5,80,977,5.872952823039668,0.24865379584153105,0,3.0342844111851974,0.49965097619124976,0
5,80,978,3.626473983311513,0.48272656975127626,0,-4.530992381930304,0.30128861357171416,0
5,80,979,0.49970764497902564,0.8991766914422425,0,-3.424847302803144,0.46064082327854206,0
5,80,980,9.60094663296239,0.04652401428234373,1,6.892738670147423,0.14289739230295773,0
5,80,981,9.041670543826612,0.10683066091126368,0,4.906637136512899,0.13535524711662933,0
5,80,982,2.9013902041274235,0.5390375834563286,0,4.5419442725987835,0.4596345336877069,0
5,80,983,1.8606424980345224,0.6913078739820382,0,8.17809327142713,0.025113265299739725,1
5,80,984,8.794579594031973,0.05247197451528234,0,-3.143900088927282,0.4150870817391351,0
5,80,985,6.941761647203364,0.2724095471093631,0,-6.265833461325357,0.21482909527475758,0
5,80,986,5.131663991435744,0.3141553782791972,0,3.373129884182518,0.4616938471212285,0
5,80,987,5.486297123548638,0.22581366073864034,0,-3.771764149314052,0.3811512401408287,0
5,80,988,-9.543603956284045,0.12324145052305302,0,5.751711206592603,0.32852354558952335,0
5,80,989,9.877953362068382,0.013667840456598862,1,-5.4035515092916455,0.18840901432060386,0
5,80,990,8.227653902948532,0.02520398454663289,1,4.606760852853924,0.3785172446719327,0
5,80,991,3.577095856982112,0.48709600923434915,0,7.902683725304016,0.0565857271010018,0
5,80,992,11.043193509517181,0.0017498318166158302,1,-1.7320048175503047,0.719241161838265,0
5,80,993,7.237424186358766,0.0412912781568256,1,0.23655526837224272,0.9685983431076652,0
5,80,994,3.73262575471945,0.3138837093514919,0,-3.9611058497493445,0.4732316172915225,0
5,80,995,-1.5443007013770114,0.759105774441242,0,3.657737991517365,0.37969041223901556,0
5,80,996,11.391927204998822,0.0038635599082663375,1,3.510012075584015,0.45576357390337896,0
5,80,997,0.875477463178882,0.8298809779699269,0,9.803800164279977,0.031395547945756545,1
5,80,998,-0.05213699622174772,0.9888473495805803,0,-3.6057453605513388,0.45421703484880205,0
5,80,999,0.15933609277858807,0.9760962678765304,0,-6.989648759197678,0.2442650017663386,0
5,80,1000,7.226453475646778,0.23653410479207754,0,-5.187697763536789,0.3816706206617554,0
5,120,1,1.9947738182808052,0.6323643545559767,0,-0.2831607214749283,0.9404458592596957,0
5,120,2,-1.9388700612730645,0.6615434933789084,0,5.446047240075643,0.13446377430936016,0
5,120,3,2.3588099268599905,0.526954341029817,0,-4.278923306972871,0.20181349688600314,0
5,120,4,11.943792488690875,0.00705391938665794,1,-1.0378829375355707,0.8212763164721926,0
5,120,5,12.467519993168807,0.0023636238943886196,1,-4.204585933823537,0.38280454710517864,0
5,120,6,1.0753351079310534,0.7873391794284218,0,-0.45135020323129993,0.8831384432751144,0
5,120,7,5.249678676492323,0.14540901655216948,0,-2.0981439838927542,0.6219281055014246,0
5,120,8,7.195326246540745,0.05224546523696532,0,0.5315886279827993,0.8701674503189254,0
5,120,9,7.5759881067888415,0.06113169456298559,0,-0.37992553814257235,0.9258579350231385,0
5,120,10,5.042429814588402,0.23676399313948185,0,-0.5959987070076949,0.8547108843791545,0
5,120,11,3.002976132677759,0.3424398120002975,0,-5.0913895896729855,0.16716191022741478,0
5,120,12,10.503574832805654,0.011644336460048817,1,-3.7926907059732002,0.14815133633528563,0
5,120,13,5.587803082233748,0.14348524188154987,0,4.9987232745159105,0.10098066856872559,0
5,120,14,6.857647394787193,0.09563224183849442,0,-0.25040605222689294,0.9460038996343125,0
5,120,15,11.971421932068779,0.008345252714549493,1,-0.6610648242158845,0.8372403227693975,0
5,120,16,6.433717580895646,0.12206994059583452,0,4.878188121253473,0.14666027382951258,0
5,120,17,4.224025946129714,0.3169189807648753,0,-2.3641925333792813,0.4771216497258689,0
5,120,18,7.036759083282462,0.06758119445340684,0,-2.070930127592675,0.6092205306986715,0
5,120,19,5.947021897025579,0.1380070517258182,0,0.9894259908868577,0.7333902061987252,0
5,120,20,9.159162811670242,0.0546267658743631,0,-5.043615363227332,0.23115740209924604,0
5,120,21,0.04068867651352548,0.9910428514663585,0,-3.5088006612974993,0.341771105206609,0
5,120,22,8.186057809260006,0.04552669527933348,1,0.7402217228218717,0.8323244372140446,0
5,120,23,2.305506598769057,0.6278939712147337,0,-0.5374994569684759,0.8977997749265666,0
5,120,24,3.609561181408637,0.3331114311756129,0,-3.352509892319432,0.44643022181583036,0
5,120,25,5.774085091187217,0.16645295025224072,0,-2.0758547079527574,0.5780929287205343,0
5,120,26,7.799583427916431,0.06740440614452244,0,-2.011637893552603,0.6315098373717927,0
5,120,27,10.091749468994351,0.008274127842526017,1,3.3601168139179123,0.3387262823329308,0
5,120,28,6.92235711162229,0.07034947026211824,0,-5.228397088609142,0.2583723177303864,0
5,120,29,7.97655152088501,0.04186083489476823,1,-1.0366424881533476,0.7576524005062555,0
5,120,30,4.651229273125466,0.1553480834997762,0,3.913734819862313,0.26927018547189874,0
5,120,31,2.885526963232806,0.43086872361108985,0,-3.9179041046702707,0.3712045128387065,0
5,120,32,1.1173335857511972,0.7532510586396227,0,-1.5524035127425577,0.7029731515803692,0
5,120,33,6.407318893005765,0.07980507067332102,0,-0.959345340534,0.8190519700499891,0
5,120,34,3.694972335373663,0.3165755591830694,0,4.061033827761747,0.36327807915848587,0
5,120,35,5.621875239638641,0.15680140755508168,0,-0.7428449492782363,0.8690894691646454,0
5,120,36,6.18429724288427,0.06543480208607341,0,-1.4378120184621253,0.668312868749783,0
5,120,37,0.7889121577939022,0.784354343081856,0,-2.317576641033,0.47975718713274196,0
5,120,38,6.011653712166819,0.10014799881385575,0,0.33945838700488196,0.9425060495061317,0
5,120,39,4.485524413120032,0.22784870444346306,0,-1.0082330275053977,0.8209533008714757,0
5,120,40,8.146671932853337,0.05364029239592456,0,-2.1043466149514387,0.5030327912567238,0
5,120,41,-0.8240000607050035,0.8337213569281874,0,7.233930346717585,0.060881850038151476,0
5,120,42,8.071601261983218,0.03293679832576621,1,3.0067169179845052,0.39624935653250337,0
5,120,43,4.814598459373769,0.31945987370485757,0,5.617104899199774,0.15131098451439706,0
5,120,44,3.720351997581062,0.34002508795213915,0,-1.7269595762782899,0.6244851353973888,0
5,120,45,-5.695824435195135,0.13537117943065202,0,-5.054305668883643,0.12470407224387157,0
5,120,46,-1.158056875648498,0.7383056023408003,0,0.5793256864918277,0.8892648472314508,0
5,120,47,8.100687764314117,0.06291489914719928,0,-2.4650872578466476,0.5312660548572691,0
5,120,48,2.0798938931671245,0.6257365568456967,0,-2.6972140431760323,0.46087508455712356,0
5,120,49,8.836276200736691,0.014449353270974874,1,-0.9903352498607347,0.752092592687554,0
5,120,50,12.170423184596004,0.0021406897731339244,1,3.6938319969954136,0.2874752583122861,0
5,120,51,5.614627099668326,0.16171743083396006,0,-0.7649723608450358,0.8286307537504496,0
5,120,52,3.0872203726617045,0.5187693051527068,0,5.2428619123610645,0.20150951156241495,0
5,120,53,6.738259102171327,0.10027250645617138,0,-2.032445063940358,0.6066331340279822,0
5,120,54,11.549462823841509,0.002273347132586001,1,1.801806987068872,0.6295085375133278,0
5,120,55,9.019755570712647,0.019583762195542153,1,-2.096881417783379,0.5385116668821246,0
5,120,56,2.735186863817759,0.4936375074758481,0,0.5805041460025535,0.86446107455005206,0
5,120,57,10.51081302068755,0.015151642552814513,1,-2.666817660701369,0.4367877237557495,0
5,120,58,6.528919202653412,0.1491650966528076,0,-0.9495266472482342,0.792354296620781,0
5,120,59,11.595337413663032,0.010114875202960621,1,2.5725169581893397,0.48877711717472716,0
5,120,60,0.18577178382216175,0.9628228953131865,0,0.40826425415282586,0.9080154898384473,0
5,120,61,-1.6048094080633035,0.7152384450171337,0,-8.898729512518685,0.0544826010410363,0
5,120,62,3.296846549037454,0.3105464246335843,0,-0.31255731232603523,0.9297348520821286,0
5,120,63,4.4752136480895075,0.24305483415174337,0,7.645623318335424,0.06684510455428713,0
5,120,64,8.951712986992675,0.007793717140429855,1,5.693715136340629,0.20913144892738084,0
5,120,65,8.00651562006415,0.03648167186365697,1,-1.4661185716465042,0.7189996152350469,0
5,120,66,9.9783381870336,0.006235021476336522,1,2.363697639356019,0.5725381407740227,0
5,120,67,-0.06081548553800076,0.9871130651213718,0,-1.580017504503175,0.675303122721317,0
5,120,68,3.365966687110557,0.3832094133346169,0,-0.20887941797455767,0.9557645096116213,0
5,120,69,6.5479440976488235,0.1141378293221596,0,-4.118306666654547,0.2631036529459614,0
5,120,70,1.0214923312223902,0.7986788482740308,0,0.4570620916857848,0.8997678969936398,0
5,120,71,-1.936960420565626,0.5663613432421954,0,-0.968409391401778,0.7862933181969918,0
5,120,72,2.3575492697991507,0.5340095928166906,0,2.2056871747542885,0.5508651042943666,0
5,120,73,3.299938094586281,0.3994391873449792,0,2.881376547941656,0.4855693670535197,0
5,120,74,11.081958896114571,0.0030516738791672667,1,-5.601932272359306,0.15475662246211785,0
5,120,75,4.8194438365781735,0.2337819970429973,0,2.7073126208071443,0.5516201907811662,0
5,120,76,3.0453778009569277,0.49916172308424933,0,1.0154420994421542,0.8082992543853874,0
5,120,77,5.118542851413949,0.22881091286299435,0,-3.118485998229602,0.3139958755823037,0
5,120,78,7.674312392065858,0.04065218681275895,1,1.319483673589616,0.7281234394667104,0
5,120,79,3.6553469261189804,0.3692571894357638,0,-0.6952545634110976,0.853551095570796,0
5,120,80,1.5173452407185266,0.7070296412025451,0,1.7598759578519179,0.6197930913739459,0
5,120,81,4.909753397323115,0.19927912643831006,0,-1.18365002721697,0.7109448056357981,0
5,120,82,-0.07949181416405793,0.983826152087723,0,5.740891201622773,0.12151292976086049,0
5,120,83,3.986798634449414,0.25700504554174053,0,-5.231834544870239,0.21379713551183174,0
5,120,84,3.602508670783152,0.4087936144231814,0,-7.909762499960024,0.07762576653296324,0
5,120,85,9.747994951024879,0.01373725098980298,1,-0.23292149326925937,0.9531932795622826,0
5,120,86,10.538277097456998,0.01474912737439813,1,0.45501742795828193,0.9073347008105703,0
5,120,87,-2.616074495407176,0.4651079027344196,0,-0.5837766439718308,0.85951992594634,0
5,120,88,5.775154635237868,0.05816030962201535,0,2.0891131849439972,0.6156761739101582,0
5,120,89,0.6662897597375803,0.8396330119114916,0,3.177175894245991,0.30923400161265663,0
5,120,90,0.6807589911545904,0.8608393570597315,0,-3.5157910132019765,0.3511016631356192,0
5,120,91,-0.32989825141659423,0.9119094875868665,0,1.281546876541526,0.651358643613654,0
5,120,92,1.8762215401019091,0.5360089275761917,0,-2.0713545409684144,0.5418272716056453,0
5,120,93,1.5129140532624348,0.6685906140745063,0,-4.758456915795136,0.19438750411935865,0
5,120,94,8.084529612033009,0.04586099832080385,1,1.014606321860029,0.7906277956334719,0
5,120,95,4.82607652201861,0.2185133515122675,0,-1.216591760076554,0.7457688715324375,0
5,120,96,4.55093771517538,0.2939302454954413,0,0.5719728812705114,0.8357442047020158,0
5,120,97,10.47129889198743,0.001149322051556894,1,-1.0854477152269908,0.7485007049644811,0
5,120,98,-4.785285525543671,0.2104619665781809,0,2.317192384075483,0.5950589383467888,0
5,120,99,6.770127913966334,0.1424588568126883,0,-3.496777437603427,0.37994098219419103,0
5,120,100,3.1740607968937127,0.35153223442222703,0,4.996509924655513,0.20052253256519886,0
5,120,101,-0.059154113349563886,0.9878656359290361,0,7.705869633427085,0.08463988822578095,0
5,120,102,-0.2356177259806742,0.9532106733408925,0,0.2501008076302469,0.9454712870721429,0
5,120,103,5.829382551367331,0.25959469414785435,0,2.4434760945823797,0.5489228685699099,0
5,120,104,9.755088698130749,0.030764975944418443,1,0.15245933580099802,0.9695430265686489,0
5,120,105,-3.032631031927181,0.3578887355179561,0,-2.4159123121739725,0.5259469812194432,0
5,120,106,1.5514077380116191,0.6336258105554127,0,0.599635216676802,0.8706501504159709,0
5,120,107,2.5903172532774335,0.5125075671126544,0,0.8720841191890543,0.8220169216683613,0
5,120,108,7.7701382427092796,0.06768302103113576,0,-3.8641672096654816,0.3319995434187154,0
5,120,109,0.737870244513914,0.8414480060161,0,4.378676288551844,0.2885984899802435,0
5,120,110,7.5263019979023795,0.05606156175169495,0,-1.133780387677234,0.7329198180756848,0
5,120,111,2.681757691820451,0.5032650149628599,0,6.5502332156752345,0.039624725424332034,1
5,120,112,7.1140944576373215,0.005687272217802513,1,-4.329782454182208,0.2928660386503686,0
5,120,113,3.9484145739888277,0.3029225426557356,0,-2.235045380465749,0.5387498321136781,0
5,120,114,7.196122599040635,0.06161380756409906,0,-3.764898781219543,0.367318103953336,0
5,120,115,8.459486737997196,0.04130302527763267,1,4.184710695298449,0.22135408608001841,0
5,120,116,3.7983201334934478,0.330292745924199,0,6.720064871204727,0.07707579535166059,0
5,120,117,2.4308251361158284,0.48767780217226486,0,4.594585597435355,0.25853381091750777,0
5,120,118,0.260820684449925,0.9451486092692984,0,-1.2901724681716615,0.7184883024099228,0
5,120,119,4.83771040843078,0.17195735848224478,0,2.8130818333531806,0.4928309767889938,0
5,120,120,3.6361030810055013,0.34094329867801854,0,8.52818304051533,0.030261036748731,1
5,120,121,0.25621631265806855,0.953341042505101,0,-1.3654428327077284,0.7715364330953932,0
5,120,122,3.2868515754173444,0.3668656250390957,0,-0.868287088175947,0.7866980132886153,0
5,120,123,5.913380372766255,0.16737414549494356,0,-0.8022344198869291,0.8336853700342036,0
5,120,124,5.831582813681706,0.069068037612499,0,-1.6223764827855547,0.6011468718847168,0
5,120,125,13.58123922040258,0.003152975273841819,1,-5.7173455581376516,0.0792216142833921,0
5,120,126,2.7467423438782816,0.5148786576996573,0,-2.1063250655688392,0.5583732181138461,0
5,120,127,-0.8785573182921667,0.8427325635802049,0,5.663088328864134,0.098265766445241,0
5,120,128,4.8300677411775155,0.16690887039332755,0,-5.894237697962339,0.22171669517473974,0
5,120,129,0.44320909291249677,0.9172694775511825,0,-5.330077757719209e-4,0.9998889035788734,0
5,120,130,0.22694472076916838,0.9515569544063691,0,4.390859943263848,0.17110627484193336,0
5,120,131,8.162141306879533,0.040339454418914386,1,3.567676923781562,0.4333482851963625,0
5,120,132,7.790977446009109,0.12632942569185152,0,11.858445799715753,0.0021087644273974173,1
5,120,133,1.5810241254270068,0.68398947933317,0,-4.126126045498282,0.2492199960404865,0
5,120,134,-5.188186913735464,0.21528721611523277,0,0.1522333480314444,0.9688249473054107,0
5,120,135,8.377463094339461,0.02737681349539917,1,6.432152978546554,0.11045467110826541,0
5,120,136,2.114491191070897,0.5879666348167378,0,-6.219369485254973,0.07368335285825577,0
5,120,137,4.443751269846288,0.3126732366677777,0,-6.40419403873446,0.08984239878215776,0
5,120,138,8.663723878535535,0.013254122613050628,1,2.0131387386194888,0.6174344258026698,0
5,120,139,8.82324165003692,0.043463247090900554,1,7.079861725784184,0.09038420440912925,0
5,120,140,2.507367763760911,0.5665805131079227,0,5.104754229487483,0.15385825948106344,0
5,120,141,8.0721199531405,0.041717179727299415,1,3.9846209528880507,0.2505414188374208,0
5,120,142,8.271927912358976,0.03354375097401914,1,3.695747122385143,0.3624846281497751,0
5,120,143,-0.0634715633488554,0.9863371201562863,0,2.462167652638371,0.5237848951653222,0
5,120,144,7.965869357576125,0.015760117998043725,1,5.354611809927974,0.12120162904604546,0
5,120,145,5.238607798019814,0.22000680667128455,0,-0.3690859684602259,0.908661277512676,0
5,120,146,-2.2815479211069203,0.5290519434522367,0,-0.6465606665110784,0.8841391622133599,0
5,120,147,5.104848456723758,0.21844368439202833,0,0.8344923115754739,0.8416995882267506,0
5,120,148,10.790191306758828,0.009057358731581847,1,-6.431722242556816,0.08989195972851577,0
5,120,149,7.0778865805004045,0.08547819153305374,0,0.6093117094118128,0.8866221416706583,0
5,120,150,3.5455071769495135,0.3441446511822557,0,-7.08373581962698,0.07751441602991452,0
5,120,151,5.0584791898047,0.13164863964411816,0,-4.626105498760296,0.19469459135331793,0
5,120,152,7.753565618542751,0.031836374963014225,1,1.2269457100531724,0.7792679958710578,0
5,120,153,6.003741734271017,0.04424565484442814,1,-2.3089969701060227,0.6024503117588558,0
5,120,154,4.501466137126926,0.18294661757620811,0,-6.4886538857347205,0.10166468151463713,0
5,120,155,8.380825103324739,0.028841830086003478,1,2.9080624227582064,0.34107851780052134,0
5,120,156,7.152089796408745,0.02984726296338408,1,0.8473651836339258,0.8503181127585518,0
5,120,157,2.989475608600756,0.4239514164079289,0,1.1584413955127957,0.7904411089368248,0
5,120,158,0.29690373471717635,0.944127687234193,0,4.81268479771019,0.2725953581336103,0
5,120,159,1.653474294744612,0.654139434783781,0,-1.3889155995893958,0.7295121434439901,0
5,120,160,0.46357558563811097,0.9068486011604946,0,0.8520794616892999,0.8280515885011429,0
5,120,161,3.534380987905294,0.41068090373959276,0,-6.55723229080634,0.08438199523937752,0
5,120,162,5.040669855573412,0.20816680496359377,0,0.2279380908848907,0.9538542223534878,0
5,120,163,2.5181324191588885,0.49009459587021753,0,5.474153735486766,0.18069288735419745,0
5,120,164,6.363148734280173,0.0819373604397076,0,2.757357378493566,0.3861595646733773,0
5,120,165,9.982468023553949,0.01196846567901614,1,-0.4491044908789803,0.9083965333541839,0
5,120,166,4.370143420480048,0.12533040356938158,0,6.134424729577674,0.21841520759959002,0
5,120,167,3.913901348416573,0.25962511562737595,0,-0.22403438799497621,0.946866242248833,0
5,120,168,4.86837759708007,0.27499286402135703,0,-7.458429203633187,0.028578164208163143,1
5,120,169,5.065805687833006,0.1942495503998604,0,-2.7533826706402778,0.4446783633107202,0
5,120,170,-4.63666072802809,0.34523439365472763,0,-0.830932299756995,0.8203640135996231,0
5,120,171,5.357134477521896,0.09064100640423238,0,-0.5709665664290497,0.8783794549361368,0
5,120,172,12.381609691654546,0.0025406517928009743,1,-4.731682507321068,0.3009649338183873,0
5,120,173,7.158302721980789,0.08591860893594148,0,5.3856203928660165,0.06714874967114978,0
5,120,174,7.148368553515596,0.061277652901409414,0,-4.650193808840655,0.2338989404383047,0
5,120,175,-0.9435279074427854,0.8111913485101045,0,-0.26386632450260095,0.9340688685168336,0
5,120,176,8.086399813927343,0.06981948896454725,0,-0.22649511231725228,0.9452307874141055,0
5,120,177,7.370692146039403,0.0760804467201738,0,-1.834838351212099,0.639324384686336,0
5,120,178,9.136560382269451,0.027358627366146263,1,2.7944669068239563,0.44060584071080433,0
5,120,179,0.959063318687754,0.8126402262079425,0,-0.1660424191893668,0.9610333427858062,0
5,120,180,7.249956443919359,0.11327472379534823,0,-5.481616055283169,0.16685121099775624,0
5,120,181,4.371336235108046,0.3648376688305711,0,3.29217199088842,0.34517566030117386,0
5,120,182,2.0068972061016694,0.6267196181393664,0,4.4373959556336615,0.1678485783010707,0
5,120,183,-1.2257194574598316,0.7633977716229011,0,-2.476963327754092,0.5203561020583203,0
5,120,184,6.297605969574931,0.14086061042515635,0,-5.242889445007833,0.2351467810558564,0
5,120,185,5.01593554055539,0.15650019140875077,0,10.821319925814052,9.164283745662494e-4,1
5,120,186,6.454418221387812,0.09817755840455883,0,1.9614074253352385,0.5316249222818339,0
5,120,187,-0.5984211939697417,0.8958500347677347,0,0.2743100005916119,0.9484003557446379,0
5,120,188,2.593131355771021,0.4748276066218857,0,-0.09822527996280428,0.9788506728529439,0
5,120,189,8.913017879299815,0.029123891179011086,1,-2.8262955627081396,0.5300058194379853,0
5,120,190,3.381749023277351,0.3190375928644653,0,5.314141739602988,0.19236593627972834,0
5,120,191,9.126317224811444,0.04243279128540662,1,0.4341401362302122,0.9041292273899697,0
5,120,192,6.413360072516383,0.08375780844364546,0,-1.6822278268911077,0.6414981022384814,0
5,120,193,12.907199699921335,0.0014673191029402474,1,8.917676599931752,0.04230493426051045,1
5,120,194,7.181831482020925,0.05263736588299712,0,-7.932237581455638,0.039573114139831826,1
5,120,195,11.496159362309342,0.016978895115443846,1,0.305140542907111,0.9403148344445829,0
5,120,196,-1.1062861821112762,0.788074062883681,0,2.674561945268053,0.49392113546975125,0
5,120,197,12.417689320813807,6.249769439867423e-4,1,-3.9741136040057086,0.21026450332434662,0
5,120,198,-4.126613151520004,0.23877432172166363,0,-4.255963250341196,0.2882563276747938,0
5,120,199,5.842898646343727,0.14414929027130396,0,3.2627892923296997,0.35229477952285904,0
5,120,200,11.530601733156715,0.0018599157507456867,1,-6.741022738496994,0.1360282999001946,0
5,120,201,4.795279623403346,0.21174797508144091,0,3.1326698707608642,0.39504934845569317,0
5,120,202,2.291794305593953,0.5151519165137592,0,0.2041488080176066,0.9529189954600781,0
5,120,203,6.673621210274078,0.1758617467884383,0,-3.2882640032366766,0.359064680688015,0
5,120,204,1.0318528605425712,0.7253225740642117,0,-0.655445900311264,0.8340429187686889,0
5,120,205,8.62889437054146,0.045946271938824106,1,5.831205316716904,0.08997990362767037,0
5,120,206,7.593383186923717,0.03575779264884749,1,-0.6077766739752803,0.8731559951149691,0
5,120,207,-2.833708514823414,0.32963416871561846,0,-8.712510856483902,0.06021780452804069,0
5,120,208,12.337313450348418,6.005700992476058e-4,1,9.147923179865202,0.020350933499860238,1
5,120,209,11.6121075159963,4.0239946236980873e-4,1,0.8498270511095001,0.8227487765946593,0
5,120,210,8.32241987799675,0.06809568207084224,0,3.7700541758916586,0.28441266991168507,0
5,120,211,3.3457800664868387,0.22708458131212203,0,2.9805116042216753,0.503580764929499,0
5,120,212,5.897077681076979,0.1610705192415515,0,0.9033275009309278,0.7658296953554478,0
5,120,213,6.293023783835437,0.1609155821746125,0,-2.1941842019006543,0.5515370695966597,0
5,120,214,7.515011425553894,0.08821000977076722,0,-1.6383756973049515,0.6213461916139754,0
5,120,215,-0.5083045765199756,0.8755821040702236,0,1.4122967370880986,0.6731194677210897,0
5,120,216,-1.9942208489810014,0.6126609769303679,0,1.0224022206770371,0.7681854123251297,0
5,120,217,0.3999874860999171,0.9103242001208324,0,3.361232446157061,0.4281115462400442,0
5,120,218,-1.7330617655814393,0.6668584830818971,0,5.407217996716,0.09122001750376164,0
5,120,219,8.076247982871948,0.006737030914607428,1,1.7168820283294224,0.6550751414697304,0
5,120,220,4.870501696909187,0.17402062116601838,0,-2.600459982856947,0.551162779716285,0
5,120,221,2.181232206700443,0.5935348593278812,0,-5.677054408504233,0.1212651362505405,0
5,120,222,7.161642572819275,0.09764356362281157,0,-3.69534078584563,0.38399909119142805,0
5,120,223,6.53546113758199,0.08574324494332045,0,0.17169167700748744,0.967284071521683,0
5,120,224,6.162064329325318,0.10265378379375982,0,-2.9548338410833566,0.4942789347656089,0
5,120,225,8.648876009530568,0.002618095910598312,1,-2.3515583469979617,0.5167405154013165,0
5,120,226,6.141677178028132,0.11502125646315882,0,-4.725581027571366,0.16932012315047054,0
5,120,227,3.9274215002956083,0.32878620153484606,0,3.3153980467124313,0.33321216028088196,0
5,120,228,8.433047675128904,0.02945963448077314,1,3.0418834789101794,0.33980428202793966,0
5,120,229,-1.5528375175274078,0.6521364845181183,0,6.299305988497451,0.03916098273058029,1
5,120,230,4.536044154367943,0.20176852404506798,0,-1.4321016452490198,0.6633397503092247,0
5,120,231,7.5378025744944495,0.051599487333901586,0,2.123741485747601,0.5830592643550327,0
5,120,232,0.8152410758299737,0.8482912452389237,0,-1.3881075968995447,0.6864592014246175,0
5,120,233,0.6869205484544665,0.8167858905409593,0,4.8528122475293145,0.2271051184612369,0
5,120,234,7.052452954344048,0.08314743963922198,0,9.719831916018265,0.052722915054235146,0
5,120,235,7.173317064817695,0.03765058223433958,1,-4.574219640132554,0.24266975531579804,0
5,120,236,6.364572856602635,0.07621601095338801,0,-3.6062089606446364,0.3868559072912241,0
5,120,237,4.5336647352701505,0.1822006892405355,0,1.4560077370773286,0.7725161900258206,0
5,120,238,-0.2674454002617779,0.9424668446324254,0,-0.9146700113266206,0.7797526676368016,0
5,120,239,4.40645256553853,0.26471761248080317,0,1.5311111313467194,0.7104986385676346,0
5,120,240,1.0692605238088646,0.8023579904175384,0,0.6277634799829457,0.8616844800089354,0
5,120,241,8.13813224356906,0.013515659669106842,1,7.542927803383151,0.06805680338216472,0
5,120,242,10.863765691494805,0.0011249216078041335,1,-0.6902853117876475,0.850205784962689,0
5,120,243,5.579283330618665,0.11084102158794745,0,0.7808964251501322,0.8426303428261525,0
5,120,244,7.0419954878988165,0.0782728808976553,0,1.3093327935195447,0.7023425150236116,0
5,120,245,15.696144296168683,0.002322090738334093,1,-2.078538515154378,0.5543633760385314,0
5,120,246,2.9352986486087644,0.3191866775762839,0,-3.1735002547813167,0.46142732878172477,0
5,120,247,8.41825093571596,0.036984344318617184,1,1.8170165631571251,0.5594566110345351,0
5,120,248,8.138108061450168,0.015744404689347485,1,3.2154625992294257,0.3457488939826101,0
5,120,249,5.122109861693033,0.10649516050559817,0,4.454827280230191,0.2043498326351562,0
5,120,250,-0.939129184609925,0.8304550155662822,0,0.7412258165125962,0.8640867972609036,0
5,120,251,4.751077602654249,0.20856324770411433,0,-2.2635941623582596,0.5108666526402832,0
5,120,252,10.606446667482558,0.008170383635637926,1,0.25801271275500426,0.9374388357714748,0
5,120,253,2.4067837622909707,0.5332901958565106,0,-3.6261596107835885,0.3581047308932688,0
5,120,254,7.1864214140839096,0.05653997658167689,0,2.141828924231092,0.5905584052684999,0
5,120,255,3.7193174343697137,0.34391296444599306,0,-3.732908696862296,0.25445607355886113,0
5,120,256,11.847899981235685,0.0027897937721820328,1,1.3483762567071835,0.666504319859749,0
5,120,257,7.275476803594927,0.06062641992462789,0,0.8690931023650421,0.8081728744328929,0
5,120,258,10.660586434415762,0.007966182041998093,1,-3.688329247996805,0.258431436576999,0
5,120,259,5.030171713841639,0.2483490134540197,0,-2.211075064807474,0.6183282184362284,0
5,120,260,1.6377904294524512,0.6245485687582915,0,-0.5938390523051851,0.8871648445209435,0
5,120,261,8.111325400989273,0.041096149398419275,1,-0.9171735583653913,0.7883559266692247,0
5,120,262,5.648299754760231,0.1326509234903568,0,3.438213693091541,0.47986133322773206,0
5,120,263,6.297755939417058,0.08527964980537005,0,2.287343289702349,0.5275552812527737,0
5,120,264,3.9633025886905244,0.2516372607952092,0,-3.8609849718226457,0.2547308212851188,0
5,120,265,7.891724749936159,0.10367463202960751,0,-3.2549909501659187,0.37662006626813116,0
5,120,266,7.8617507974723395,0.06567193411140441,0,0.8981882999929383,0.8297066146382501,0
5,120,267,14.476786347599045,3.765494307888303e-4,1,-5.250590558288636,0.18398632613185,0
5,120,268,-0.16252734354333143,0.9554159806942423,0,-0.19856067194875493,0.9607459260086859,0
5,120,269,3.3324994830640975,0.43454185848187477,0,0.8676961401537966,0.7854728340254784,0
5,120,270,7.5535016702624205,0.012315289658467496,1,-1.0018508096116818,0.8294866296492047,0
5,120,271,7.708629826902168,0.028768870204534537,1,-0.010559892734903542,0.9977739613894709,0
5,120,272,-0.4108547810698866,0.9146670673629237,0,-1.9797217152112694,0.5778077963143172,0
5,120,273,2.518770662561309,0.48230704677595193,0,0.052719707775750635,0.9892986692230044,0
5,120,274,18.92147766025431,9.365986663577378e-6,1,-0.5246298685401172,0.8807105221884037,0
5,120,275,7.195024545485026,0.09486319806376507,0,-12.157797127550793,0.0023069410892002816,1
5,120,276,2.7550627813488546,0.439023544530845,0,2.2554852356322925,0.5161816362582569,0
5,120,277,3.9025625425430945,0.323913304244278,0,-1.2513750653035203,0.727198379184947,0
5,120,278,2.2574003091654475,0.5579018640672071,0,-3.776191397571978,0.151735223381153,0
5,120,279,1.9122294822570751,0.6212285129325714,0,0.14625597794555745,0.9726008509257875,0
5,120,280,7.693438912687711,0.052538711703524775,0,1.0537659395024974,0.6847377384769475,0
5,120,281,3.3984366925977554,0.17295008022239686,0,-1.5343470574008222,0.708916713165314,0
5,120,282,-0.164832671685474,0.9661341458688046,0,-4.338704622699922,0.19364971094175365,0
5,120,283,4.538434098680909,0.2864758811624468,0,-0.183661723901011,0.9620179835308654,0
5,120,284,4.563279183743958,0.2872785996781593,0,-4.26858560411786,0.3014612678079889,0
5,120,285,2.587649820972203,0.5438914109742765,0,5.661537476602987,0.1810228862311437,0
5,120,286,8.453708605095386,0.02993093608815963,1,-1.5989640656223827,0.6886855414090332,0
5,120,287,5.775090976062302,0.11760043319222833,0,5.9608272004914795,0.152939305475196,0
5,120,288,1.8607827639563936,0.5766322548648826,0,-0.1642948917730962,0.9634896331877791,0
5,120,289,3.9401021203347426,0.20540228743332933,0,-4.744651732293107,0.13292494213927689,0
5,120,290,0.962108153424964,0.8033619603941762,0,-1.5322867844877521,0.7227004464204088,0
5,120,291,7.119938774985215,0.03770257956155844,1,0.9264702470728139,0.7690902239199056,0
5,120,292,1.5087365857526436,0.649079335547773,0,2.629022665035663,0.41643371633054704,0
5,120,293,6.981926161424937,0.06979496974619902,0,0.9716562403314555,0.8047111018866236,0
5,120,294,-4.4073259608428685,0.2895021194348464,0,-1.5882231053623315,0.7193200247361186,0
5,120,295,1.4754926654664473,0.7089305107499941,0,5.977278562853201,0.13607232254713272,0
5,120,296,19.039738416127307,6.906116175687548e-5,1,1.1476516664047978,0.7395556953355354,0
5,120,297,6.783822398264093,0.08877506250456899,0,2.040842374965223,0.5911432450787333,0
5,120,298,1.9254927711254055,0.5469922598854083,0,-1.2795926609503567,0.7467838734011749,0
5,120,299,6.318050416729321,0.1093795647578231,0,0.11251637747598409,0.9790526430877384,0
5,120,300,10.718022375233573,0.0110034591444159,1,1.587338286737804,0.657521216897097,0
5,120,301,2.768781866364094,0.496197295879483,0,-1.1976648656131061,0.7356841039347091,0
5,120,302,4.507088137093646,0.16161859860770925,0,-1.4278529205509187,0.7166823589357286,0
5,120,303,10.767790401379898,0.014385067674296412,1,0.6581883879328245,0.8430203930896694,0
5,120,304,6.869543268395105,0.10934894030895782,0,-0.13677916931737855,0.9744019788349847,0
5,120,305,3.6877517441823215,0.33690824644071227,0,-0.20326523120969853,0.9600163087584019,0
5,120,306,11.044749988746617,0.0027117986662103335,1,-2.5743230937408583,0.470888556298825,0
5,120,307,5.067675810637311,0.141048271391544,0,-3.349554548900244,0.4354963687607313,0
5,120,308,-1.3741070643177409,0.7879471864723326,0,-4.396094921752606,0.19393143578761618,0
5,120,309,2.2624557431122128,0.5497027916736015,0,0.8017542674412113,0.8073131158857156,0
5,120,310,12.527792490255962,1.0027790703221018e-4,1,0.1942562788641169,0.9527297037395273,0
5,120,311,3.96986706950635,0.40631644352217144,0,2.4164338086477386,0.5155411147476301,0
5,120,312,1.7753375237371358,0.573777897637875,0,2.9227737863035514,0.44222608576195366,0
5,120,313,-3.7448570357460653,0.379991264879322,0,3.7152243605012814,0.3640381045618307,0
5,120,314,3.7952350323875237,0.33311023095868275,0,-2.61205312021049,0.4711564005071971,0
5,120,315,4.213490167233019,0.28716844838607225,0,6.054801988985517,0.10108959120981371,0
5,120,316,0.20479836455760392,0.9506100242147033,0,2.874694413375579,0.5020929146199888,0
5,120,317,4.78478756671025,0.20275238303702922,0,3.518781256205088,0.35799802219879306,0
5,120,318,4.251653843170288,0.36803066337006296,0,0.7791806255907403,0.8424480034535134,0
5,120,319,6.805488615047949,0.13591092381093584,0,-1.2483142353720353,0.7154698545783522,0
5,120,320,12.149782909254668,9.28902752742704e-4,1,0.9715560063365842,0.8080507194685788,0
5,120,321,6.604383411493984,0.052883087333586765,0,7.3407636657562705,0.050727726203645886,0
5,120,322,4.811554435600087,0.2302822634813926,0,1.2457060842452137,0.7338799085607621,0
5,120,323,4.327224656545667,0.1901673175295722,0,5.122388127666326,0.22625791411968027,0
5,120,324,9.407403084830761,0.018801981850543582,1,0.8351507779182441,0.8355018708420446,0
5,120,325,9.281676714762824,0.040593072581266966,1,3.4211605533499636,0.46300866331492074,0
5,120,326,0.8719010583254914,0.842750506957773,0,-10.808957337637523,7.877796102128033e-4,1
5,120,327,9.593501264245518,0.0171974234958296,1,2.912156151803643,0.4274937357500225,0
5,120,328,7.034200544129604,0.14623970697739677,0,4.450492861313535,0.14967035687167277,0
5,120,329,3.5195981219699917,0.23451128850756942,0,-1.926964542472092,0.60460327174639406,0
5,120,330,0.44271462881648915,0.894381010880307,0,0.2151560566597368,0.9572828344114769,0
5,120,331,6.311808289619961,0.058398135437903655,0,3.672923937652726,0.33165339685188655,0
5,120,332,12.19217118819256,0.005174801436201929,1,-2.6960002357210726,0.4747552875188765,0
5,120,333,5.234990771932843,0.13267577095810795,0,-1.7179985481095912,0.6580988963111043,0
5,120,334,3.4296425499984764,0.3793274071616397,0,4.598732639405327,0.29836348116674244,0
5,120,335,6.661762672406837,0.07189006266415257,0,5.08960898299749,0.2682327542768745,0
5,120,336,3.7847729743824203,0.2854135933480461,0,-8.912539272577575,0.02169325802107595,1
5,120,337,-4.676559556382017,0.15200597097497698,0,1.2085900316654659,0.7650284113370573,0
5,120,338,6.765995226865499,0.06846035637820955,0,-1.3387606920939277,0.7172387674868347,0
5,120,339,10.554813646018943,0.009768767287762953,1,0.09836961691361523,0.9774627281728077,0
5,120,340,3.8478744312046445,0.280253029380874,0,1.1242753469515918,0.717280920073734,0
5,120,341,13.860416726995552,1.6862591410424227e-4,1,6.139232513837754,0.1427104018683286,0
5,120,342,4.440958099334651,0.280509590962295,0,7.117273924112908,0.055148634916695735,0
5,120,343,-0.8310223057736721,0.7743547548270382,0,1.3139323417738922,0.7075115246269751,0
5,120,344,-0.5209604468545876,0.9107094887361281,0,3.9393721767661702,0.33148017994072276,0
5,120,345,4.358701443399724,0.3345678729702912,0,1.5768872520704633,0.6818893293972688,0
5,120,346,2.5646910274073207,0.5459334454573201,0,8.626423459297726,0.0178711842958632,1
5,120,347,5.4805042933263195,0.10791821016348252,0,5.147771629513386,0.11935063018090412,0
5,120,348,2.68210500005074,0.45017003098761044,0,-1.3152887679322163,0.7387444538090222,0
5,120,349,3.346347573480003,0.47360950550487,0,-2.399125351816224,0.5212666347239405,0
5,120,350,1.5710174169037288,0.5788988885966185,0,0.42494175548264934,0.9215519906903354,0
5,120,351,3.695715264713243,0.4005904546079715,0,2.1885076494377245,0.5018856517142738,0
5,120,352,8.432215293742516,0.014318254062412855,1,5.748808325533361,0.09340111785334677,0
5,120,353,7.699802761515926,0.055119329592202906,0,-1.595003843465463,0.6079293712858788,0
5,120,354,8.486211244365762,0.009132336396330678,1,5.957999902304508,0.19592120836068735,0
5,120,355,5.880784796273517,0.12657327471119703,0,-6.954688367350002,0.08225516322930225,0
5,120,356,-3.595889720294295,0.4158759463021421,0,1.5887086005339341,0.6844038945022022,0
5,120,357,1.1786711567036718,0.7710452182364411,0,5.06588501423002,0.2591021334180981,0
5,120,358,5.324535910849036,0.21387923441697468,0,2.685385650026177,0.36076018199469795,0
5,120,359,8.128863062062806,0.004227883539344242,1,-1.1728424892909999,0.791966469837422,0
5,120,360,3.447862697962293,0.2973380025704143,0,-0.5273153453949959,0.9034311824922532,0
5,120,361,7.247604615504272,0.056414055587717796,0,-1.539163428585809,0.6338383851825609,0
5,120,362,7.710544903929403,0.060599854876028536,0,-9.635468368785482,0.04171264680048769,1
5,120,363,4.140244948719285,0.269684605637229,0,3.044275821132956,0.3184760558909475,0
5,120,364,8.73808949738526,0.011824951286719369,1,-6.669132610345571,0.02955897192077282,1
5,120,365,-1.298829208651199,0.7018130703960344,0,-0.7157564923492288,0.8646110286478627,0
5,120,366,5.355112518512044,0.07193087489442,0,-3.503092971194036,0.3754112065253835,0
5,120,367,13.235565499195303,1.6883688680349642e-4,1,-2.8071351950101473,0.37737334396091526,0
5,120,368,4.3388938224214115,0.2801419088437307,0,-0.17733483763983315,0.9619560435582817,0
5,120,369,0.5851306024158163,0.842862179300887,0,-0.5579358219186616,0.9013732724553758,0
5,120,370,3.3362392169917,0.35217249525262795,0,-4.928690498916993,0.13030250143682823,0
5,120,371,5.302797192391338,0.1679291884093444,0,2.0755562404978747,0.6533922088914391,0
5,120,372,11.137675254980351,0.0023653224272671726,1,3.648751108279157,0.3637764625039783,0
5,120,373,3.4298633159235266,0.40168986487166114,0,-0.8713358770531556,0.8200289391838542,0
5,120,374,6.415155086217368,0.12374738639405249,0,0.01830418552354729,0.9966168472902858,0
5,120,375,6.18848993647083,0.07438888893179703,0,1.2409833587727377,0.7411183850303318,0
5,120,376,5.397366046844738,0.19057813849956143,0,3.5118927355404708,0.2147490052982026,0
5,120,377,8.075562009364177,0.05095270953638377,0,3.1057124148628645,0.43437751334840236,0
5,120,378,6.89773242418012,0.06076809786839734,0,-7.489082507713988,0.0766183068263497,0
5,120,379,4.687592727997867,0.20230226639753535,0,1.593583931178614,0.6943868810000002,0
5,120,380,3.223634088918601,0.34627250391790476,0,-4.727388760913215,0.20578992975540147,0
5,120,381,10.380692539947859,0.01071060718651997,1,-6.730944177862455,0.13644579254977596,0
5,120,382,4.824852254119392,0.28402172437027456,0,7.12981739151229,0.046137053658907086,1
5,120,383,0.6238544899359937,0.8577240053902154,0,3.6243751757641576,0.4162003826750017,0
5,120,384,6.096685161196305,0.14573794454530575,0,2.110788391107178,0.5916012200368027,0
5,120,385,8.356306852067235,0.06095762786025677,0,7.975915200128483,0.02422416063643542,1
5,120,386,8.221254040864352,0.059354732589487584,0,4.1702611849829765,0.3357128416614542,0
5,120,387,12.225617669273689,0.0028338308352239107,1,-1.8885352376310323,0.5977548832813684,0
5,120,388,0.37646158002129937,0.9255651409151091,0,0.7835164146693074,0.8178466443731,0
5,120,389,8.015009899316851,0.0296430060970337,1,-6.888281326195667,0.08701298224330846,0
5,120,390,10.576506712737327,0.006266225568284307,1,-1.9349311980758017,0.6181915728248825,0
5,120,391,4.950016283826685,0.14813952715701018,0,-1.7913387630101454,0.6112150808479395,0
5,120,392,3.363278316768046,0.5113071791659807,0,6.668132185774283,0.04037742803553126,1
5,120,393,9.326366764172661,0.016664125936430293,1,-0.3857130808107172,0.9286972322192686,0
5,120,394,10.623006895672276,0.0061407356233796,1,-0.1254769221837222,0.9741106612042336,0
5,120,395,4.709697920552401,0.15071618335168793,0,4.77406262477615,0.266112125751972,0
5,120,396,-0.41352630321758,0.9254762017860241,0,-0.08505487532681855,0.9780063024399286,0
5,120,397,5.700458490275906,0.2709506812095353,0,-12.143026563570743,0.00435976748591385,1
5,120,398,8.227199546313443,0.026726832049991784,1,-4.457171591288812,0.2167271673224885,0
5,120,399,5.862450431056089,0.1742780422508852,0,-1.228525857288318,0.6819367883745973,0
5,120,400,5.941647248170938,0.14504506217640178,0,-3.2540254059885854,0.3701514178266546,0
5,120,401,-2.895089457413164,0.4413742327046388,0,-5.75104010902119,0.2002359457723042,0
5,120,402,4.6518171246381,0.23619452699979596,0,-1.6280379524477269,0.6040654590209107,0
5,120,403,4.886458709704513,0.3110134409674869,0,0.1732881127773993,0.954694470845906,0
5,120,404,9.598322041690778,0.04219835000684844,1,7.2280907126543354,0.09663866935822267,0
5,120,405,6.0374312009914775,0.20578146622540405,0,1.9021012102132886,0.6110765242763967,0
5,120,406,6.615798654108161,0.07962881795381421,0,-3.874517770852222,0.38953503865977956,0
5,120,407,5.716847863013072,0.1660034824191464,0,-8.910011299175423,0.031221778233426936,1
5,120,408,5.216856782205383,0.19722634330588562,0,-2.2206605550043292,0.5663501015924424,0
5,120,409,13.099709612361238,6.261859365010943e-4,1,2.0871697548958963,0.4760746017606925,0
5,120,410,3.1954810023917446,0.2779172533260377,0,-2.074220880242976,0.48802226425630657,0
5,120,411,4.792999152403695,0.17884712282945658,0,-5.581379519223034,0.20677915158318466,0
5,120,412,5.829140093748251,0.1034679332042669,0,3.6797087917432094,0.42392100800454713,0
5,120,413,3.4665467283098366,0.40423790338383037,0,-0.7893264754018503,0.8572965437322287,0
5,120,414,10.112733389009108,0.01753130164648099,1,0.453410762618347,0.9128107802104932,0
5,120,415,4.991422444644357,0.10934834119175835,0,-1.2347949989071623,0.778491996879793,0
5,120,416,5.369246125984773,0.23256038150617328,0,2.166707267413713,0.6215076537060891,0
5,120,417,9.274802197582389,0.017349724694072914,1,-3.5482292212661406,0.3865475451686936,0
5,120,418,5.287729083399697,0.17007363866737307,0,5.743723834690428,0.09957051045976556,0
5,120,419,3.605322501293159,0.33682299975332974,0,-2.732382485866424,0.5500466246047109,0
5,120,420,3.0782341811024168,0.42958482334527803,0,-2.00935021853833,0.5338706396934627,0
5,120,421,7.20097660418476,0.0951106534038537,0,-6.241814103397971,0.13043763448572038,0
5,120,422,5.781896467582314,0.09371859310123754,0,-10.49401525014423,0.004952018730313468,1
5,120,423,6.296158310817958,0.14902368617404063,0,-0.4398365180637569,0.9192829082939185,0
5,120,424,2.706164471409707,0.5345618503487246,0,3.570147297835902,0.3443263937752383,0
5,120,425,6.314215877331236,0.1723134333415813,0,2.4046130989437415,0.5671446138688234,0
5,120,426,-3.3793459105871904,0.4216069250965504,0,5.464868825018073,0.08743841982828454,0
5,120,427,3.185525215044777,0.4278202555995172,0,-1.8112284608684348,0.6164572725619664,0
5,120,428,2.680259749586625,0.4751823066271065,0,3.1528064900984845,0.4251310414384163,0
5,120,429,3.340809931181596,0.4530438547686513,0,6.854839533019941,0.06965640616793056,0
5,120,430,-2.3155933280843186,0.5700385844316269,0,-0.2982771098736947,0.9350472159264431,0
5,120,431,2.321863875120485,0.5594410442616321,0,1.977985953532766,0.6367931681378765,0
5,120,432,11.40881344737042,0.0039456940071027295,1,5.739134027735091,0.13113958783634314,0
5,120,433,7.570888579032797,0.0417964952397565,1,2.728563167925884,0.4873952721560114,0
5,120,434,3.66640461257974,0.34414201866366056,0,-3.7581954292704864,0.30337333271680633,0
5,120,435,9.52918685584092,0.004567806483467259,1,3.7479578151352086,0.3481246935406477,0
5,120,436,3.915534733198328,0.3678462957039942,0,7.05917489650362,0.06926002541564982,0
5,120,437,4.917810036266644,0.29853582147227026,0,-1.3586373132674936,0.6993377424790004,0
5,120,438,-1.2057119406387073,0.7418346582256434,0,0.8331729718850056,0.8400827728350915,0
5,120,439,-3.126452464337774,0.37251708420970053,0,-2.148568908631873,0.5147367501722158,0
5,120,440,5.1315776321035,0.27530596853351785,0,-1.8519959220160302,0.5546120562261707,0
5,120,441,8.203327588955688,0.01817716631183414,1,-2.08956452637689,0.5762979057218909,0
5,120,442,0.8241868904840857,0.8159321284159797,0,0.5685464985243982,0.8952018165589646,0
5,120,443,1.6777521568860863,0.6129506846518915,0,-7.769087034615254,0.05443335189718309,0
5,120,444,5.884099955975259,0.16898860396852644,0,2.425238330402351,0.5338226431310926,0
5,120,445,5.5306721035882305,0.1577097891057065,0,3.3311716750752254,0.38191882321578485,0
5,120,446,12.850671495679634,0.011323851097360425,1,4.018224781942919,0.3035376278680987,0
5,120,447,-0.02264577502482723,0.9964101523499136,0,1.8511739343605313,0.6529975365878434,0
5,120,448,7.952019052461921,0.047949251604545676,1,3.7261679246836934,0.33475152678285625,0
5,120,449,4.664264648324163,0.2553978750842047,0,1.5173452947623645,0.7352595488832481,0
5,120,450,5.637094297856052,0.12101244204866757,0,-2.9078020871048125,0.4377912403684907,0
5,120,451,6.196884563958619,0.14243935710838054,0,0.5671276140004693,0.88854206100452,0
5,120,452,4.095136279595067,0.3445620329049034,0,-2.063113012414888,0.5856193389734652,0
5,120,453,9.901436090375753,0.002796275008705003,1,0.6829940789411637,0.8597172695287465,0
5,120,454,-2.00290346103651,0.5711000769656247,0,-7.23506074532483,0.025221346015276758,1
5,120,455,4.8276816117297585,0.3094810781006365,0,6.736587740121365,0.10384214075325038,0
5,120,456,3.027177814939961,0.43530601533151847,0,-0.4738199563961274,0.9067424246855879,0
5,120,457,6.281442418145559,0.04181140866771401,1,-5.29401957491514,0.2719634375850861,0
5,120,458,9.923898565764517,0.007904118336237932,1,-3.6799900736354942,0.2737068573629648,0
5,120,459,1.586204588968755,0.6920854679267325,0,-1.2760437783187655,0.7079645735069182,0
5,120,460,7.132453779452675,0.048621533395812766,1,-0.9202760855185517,0.8091775532937807,0
5,120,461,6.223231157928865,0.03687641058775259,1,4.095987338202946,0.2643333822686807,0
5,120,462,3.680777596370902,0.39407555161922425,0,1.6372868819370723,0.6595649476727664,0
5,120,463,4.87994966787187,0.14862151722520486,0,-1.26476811340099,0.7500118124767535,0
5,120,464,6.006600757919571,0.16248479652040465,0,6.238873554549926,0.06419099704259784,0
5,120,465,7.839273833733046,0.03794441934142238,1,2.7489509521677036,0.5406219538514778,0
5,120,466,6.186969726363998,0.038231267248952754,1,1.3373724059761969,0.7067860724966798,0
5,120,467,9.00437816342179,0.0304655652288456,1,5.123904863424485,0.12981118869752797,0
5,120,468,2.9924413965128878,0.4190585874696984,0,1.5073751220734692,0.6558578599944525,0
5,120,469,5.409790875672073,0.20101648708353995,0,1.1111692783950247,0.7931706436556083,0
5,120,470,6.875627160359912,0.11437633947954219,0,-2.8146738913433893,0.4830172098022223,0
5,120,471,15.221406564114005,5.4364368245293847e-5,1,-0.048507576319806844,0.9875321109222173,0
5,120,472,5.21279159557659,0.19921444883686718,0,-1.9069578561973088,0.5446900584141793,0
5,120,473,8.343496056330721,0.015560443766881324,1,-3.3354402734339033,0.3617699818194602,0
5,120,474,2.419855552556882,0.5163256736497688,0,-1.3350338797172867,0.7426366778832818,0
5,120,475,1.733040004623902,0.6952505475411056,0,-1.528807842144218,0.6094901106170985,0
5,120,476,9.384157333776614,0.01517679146206977,1,-1.1255639577448306,0.7266618546755969,0
5,120,477,1.5523743167228474,0.6751900778343638,0,1.5730163063033302,0.7329340067749046,0
5,120,478,9.3429598425992,0.007488372310600928,1,-1.7416832329211331,0.652931380838285,0
5,120,479,7.009903319928583,0.09122819953773716,0,-2.358174276105359,0.5223956601270727,0
5,120,480,2.985282969673065,0.3945893324735116,0,2.733168031556744,0.4894454805853238,0
5,120,481,5.511644225619108,0.15211274317865972,0,-7.839890019808934,0.05488801380024938,0
5,120,482,7.1536456791567815,0.059822699227263146,0,0.7522274653888843,0.8420512280391395,0
5,120,483,4.06423486648427,0.3052810829954605,0,-2.56667632072768,0.4688432779373245,0
5,120,484,6.109680371772086,0.07530515584824674,0,-0.5799368051513483,0.8812196266261105,0
5,120,485,3.4966210672977667,0.40307261352018453,0,0.19578088418968775,0.9609341610342181,0
5,120,486,7.037794259758229,0.08721633937414547,0,5.207668003709088,0.2591549850078742,0
5,120,487,1.3152309435944147,0.7357549151346734,0,3.1549536188056777,0.5148894566704001,0
5,120,488,-1.682128593675884,0.6505273889551306,0,2.655927733089385,0.5350972256718942,0
5,120,489,7.866560635093734,0.0282590400486151,1,-5.339628048585666,0.13814075591992805,0
5,120,490,9.350151128204857,0.018331261187281823,1,6.814817652423756,0.10669939814563907,0
5,120,491,4.305292420542102,0.27589345200604953,0,-0.41465814650823063,0.9092739044310854,0
5,120,492,4.305151104894307,0.3063503835745163,0,2.655454990450565,0.49981160880463416,0
5,120,493,9.244948863898287,0.01287699700694023,1,1.7916008522692692,0.6281668956508308,0
5,120,494,3.7107737784226345,0.3725282945585916,0,3.4770746560712524,0.3745862706510442,0
5,120,495,1.9203855353074175,0.6241182459687958,0,2.8651941371847727,0.4361818820350324,0
5,120,496,0.5387168368664419,0.8857050503198411,0,-0.5145382835290064,0.8491828437852569,0
5,120,497,4.302475840722593,0.25542618066613687,0,1.0132992944676005,0.7788826571322436,0
5,120,498,10.254627849437611,0.0028377199698711485,1,0.05791839412448496,0.9889449218077169,0
5,120,499,9.111388345796271,0.01963030194687324,1,-3.5469594093786725,0.33990736062788296,0
5,120,500,5.47103133849221,0.22788933972026007,0,2.2208860207003767,0.5179150658512526,0
5,120,501,1.3480973012705704,0.6896121255600998,0,-1.026017106184483,0.7954337321445015,0
5,120,502,3.1022782232203667,0.4597020153905633,0,-6.080622419852418,0.055192348319317,0
5,120,503,5.287392430713098,0.17227018817353273,0,0.9592249850759487,0.7672706764517676,0
5,120,504,6.416731596663155,0.0974373374774511,0,-1.8436706278419024,0.5910274985842554,0
5,120,505,6.714853347277781,0.0870360503931697,0,-2.625329002709634,0.4617197055015986,0
5,120,506,2.406763886167383,0.4478212537128965,0,-0.3944505080454519,0.9105004445690472,0
5,120,507,7.610716953927451,0.026112063029465216,1,-3.812790290856981,0.21830917033760144,0
5,120,508,9.598428977014251,0.027362318391646778,1,2.5705442137125516,0.48201488616520205,0
5,120,509,7.9278319810995015,0.0457302136122993,1,0.9812535784099197,0.7796207161116591,0
5,120,510,11.476327453214509,5.769944991091564e-4,1,-2.7919787520617234,0.4412633440444552,0
5,120,511,4.528649410400305,0.25239410303236764,0,4.096638320042217,0.29104415202584694,0
5,120,512,8.541801297589686,0.013554671097294246,1,-0.7188177829070099,0.8662981135781177,0
5,120,513,3.8350751465180792,0.39434933200607236,0,1.2986050852567814,0.7494392800037337,0
5,120,514,0.1803209146158622,0.959462156380514,0,2.333099099546345,0.614226688910499,0
5,120,515,1.922337959037037,0.5957090954383926,0,4.026715989606174,0.3068462690911417,0
5,120,516,13.655219735782737,5.306401708133131e-4,1,6.203993124596465,0.031510746528827946,1
5,120,517,5.758214500790217,0.10939289784227985,0,1.7707978757203193,0.6324579727678089,0
5,120,518,4.266808270091175,0.2712071320582093,0,-5.41726377697087,0.14708759049819786,0
5,120,519,9.057748853450377,0.04248976282504653,1,-2.604614695675309,0.5603268115119606,0
5,120,520,2.5517451565678755,0.5214646015476311,0,5.469724690158429,0.08565766467948913,0
5,120,521,-3.718784641863664,0.39191513558988533,0,-0.6848889117075743,0.8320227992223932,0
5,120,522,4.018800598500562,0.31254039681703033,0,-1.7109995002519867,0.69021514355206,0
5,120,523,5.081037996747199,0.1962457592841456,0,-3.2837377669451797,0.3382600066031831,0
5,120,524,9.099421886427237,0.025423674248588855,1,-8.905383335907473,0.017651398471902665,1
5,120,525,5.609880042470607,0.1994003353127899,0,-1.3704057898835202,0.7539458935816692,0
5,120,526,5.264980230584072,0.18269107656131284,0,-4.157909877662291,0.2578611043018119,0
5,120,527,7.532164235921073,0.05571584226589386,0,5.709164077305573,0.19924963525351327,0
5,120,528,8.328277493574603,0.052398972031315764,0,-3.1128680935140807,0.27397946605261675,0
5,120,529,-7.754386944876856,0.03625265209303416,1,1.02839689968701,0.7836768795995628,0
5,120,530,7.769477166513056,0.03929062879846063,1,-4.714984443215329,0.24485907026408796,0
5,120,531,9.015586074656142,0.011465852572285783,1,-7.462479610747607,0.04244018146100091,1
5,120,532,3.9811911686326624,0.28086167500955994,0,6.225146365769135,0.0908106337989233,0
5,120,533,5.761814805135785,0.12816591917860087,0,1.556387033251852,0.6744395502315954,0
5,120,534,5.632640324496094,0.16556243255123396,0,-2.7007575459041533,0.5658320223258604,0
5,120,535,8.946231922171904,0.05604937315100549,0,3.3468097502342715,0.3793604879842394,0
5,120,536,1.4268864734247444,0.7670948519194837,0,4.620895588322938,0.30848588654487674,0
5,120,537,6.319521016337248,0.09685260220613495,0,-0.4368736556879469,0.8957456557945707,0
5,120,538,10.58190155244371,0.003223735206312127,1,-3.378300414801828,0.35144936810574345,0
5,120,539,2.7847400082291074,0.446228981322521,0,-2.8090926647907395,0.5542436097946524,0
5,120,540,7.00390764874372,0.06508581874584032,0,-4.0804788671196945,0.21100470825838924,0
5,120,541,6.051553742616875,0.10137147384074656,0,-1.325008347733231,0.7368511077183275,0
5,120,542,-5.569561084240348,0.09636387202472876,0,0.3203564718525058,0.9249990326628293,0
5,120,543,12.314887825282867,0.002034465635911708,1,4.808782807244654,0.16702038756961152,0
5,120,544,-1.4073283220340187,0.7229064298901217,0,-2.1804922368699096,0.5859024550534149,0
5,120,545,1.2962411866533756,0.6799240680969211,0,5.6738868989179565,0.09322769563029709,0
5,120,546,10.24132467461915,0.0040044519429223765,1,-2.480803892974393,0.551458360451546,0
5,120,547,10.598442246794406,0.007346783517097358,1,-0.579987381150346,0.8783635065045294,0
5,120,548,7.757081280620341,0.046695598097598316,1,2.6613402211307857,0.4443906415252442,0
5,120,549,1.3696285004414221,0.6991143420240216,0,-2.528494433782015,0.4376549593915874,0
5,120,550,4.35961798928119,0.2837855433434552,0,-0.7431693320917816,0.8208960846123635,0
5,120,551,5.33805146802338,0.20461624433674883,0,-1.2340486906658725,0.7580528703187956,0
5,120,552,4.2002741727654325,0.19509773638779382,0,4.213704675449648,0.31256061085698883,0
5,120,553,11.248653102809769,0.007041011730810459,1,-1.219050093060062,0.7218545680228761,0
5,120,554,2.508684088743564,0.565299736566842,0,8.972391141288853,0.04518521181344887,1
5,120,555,9.001227603993271,0.016741781879247464,1,3.9615107704462673,0.3679732372705329,0
5,120,556,3.6272543242789936,0.3863759542555397,0,-2.057314090454824,0.5810111582761417,0
5,120,557,5.5680846368858425,0.2193051187815472,0,-3.4171489034461615,0.2696095368522802,0
5,120,558,-0.21876018026161148,0.9601279676127041,0,-0.4348180939616668,0.8940912993060688,0
5,120,559,6.935054869334948,0.05869590819199216,0,-4.077444760070861,0.4064923975895116,0
5,120,560,-2.609128517007534,0.42100003770930483,0,-0.2730058326799991,0.9483503297950688,0
5,120,561,2.5732295711210753,0.6134563097326116,0,4.043364362670502,0.23298869135786035,0
5,120,562,10.104438472550768,0.04952809685590422,1,-1.155356774762211,0.7311487499451054,0
5,120,563,5.834837141504494,0.12714118400308824,0,-2.4187206332823052,0.5325526401115743,0
5,120,564,13.395564533217666,7.453470641541632e-5,1,4.566160460943365,0.20486812583347142,0
5,120,565,7.15277043767,0.027993413376562606,1,-2.169324948889468,0.5790506726929547,0
5,120,566,-0.16490215941091435,0.96192668344932,0,-3.787097822692928,0.30658505322441415,0
5,120,567,-0.8464603468390095,0.8299490145381745,0,3.660564164235268,0.255689753788187,0
5,120,568,7.808864425381486,0.04835538791036169,1,1.770833661999177,0.7165985714849381,0
5,120,569,8.669416113284285,0.031648434023521084,1,-3.8101587022893284,0.4015316459029382,0
5,120,570,-2.002788546560879,0.6147785758411662,0,2.995181874559421,0.43370536131722515,0
5,120,571,-0.7206793530492348,0.7896534799419367,0,1.1266278302879016,0.7411021872593762,0
5,120,572,5.635145957421642,0.1426520376706082,0,-4.349073004040079,0.17491104629092627,0
5,120,573,4.410839225925869,0.17455196865380235,0,-7.091921959057402,0.058540676428411265,0
5,120,574,12.523144400880327,0.0018949598811245718,1,-2.814906907087604,0.47988095080862925,0
5,120,575,2.013954737512023,0.5788080798373039,0,-0.7615055375793673,0.8403897676838142,0
5,120,576,2.766498510857687,0.36941710512506054,0,-4.469045813549386,0.24952696270814068,0
5,120,577,5.004887923082691,0.1764897930981091,0,3.0141314032104702,0.46794947937373466,0
5,120,578,6.414475638953675,0.11441023813641554,0,-2.6454873309044302,0.5237351011779885,0
5,120,579,12.097686921648972,0.0024362813423434884,1,-5.64337382886626,0.11332744199453812,0
5,120,580,3.288454548998601,0.34994625083938147,0,0.40595363793825356,0.9178096392514496,0
5,120,581,6.8760250456764,0.06817011510214158,0,8.622832757305162,0.07475015482056788,0
5,120,582,-2.275355911614213,0.5441877275606563,0,1.536243610242849,0.7214098663624893,0
5,120,583,4.374506709886646,0.28319793244530816,0,-1.7584948480537719,0.6404442908877254,0
5,120,584,7.836723941360503,0.07357989036000695,0,-3.4892103585988394,0.43976999666674044,0
5,120,585,3.830953495295674,0.3817062838674301,0,4.22837691394821,0.23709712378470987,0
5,120,586,6.678479202456302,0.1477547983638997,0,-3.8254984271343773,0.311821446468569,0
5,120,587,2.7530703542017108,0.4821779268243024,0,-3.291609708958674,0.4103916583573979,0
5,120,588,4.918823410514165,0.26595306061703944,0,-4.310421725610951,0.2951494929702111,0
5,120,589,7.197301252868087,0.03634529277383096,1,0.7719162763729059,0.8580098233082617,0
5,120,590,2.0876968276964902,0.6010095988598211,0,-2.8317688026228183,0.4622599530064062,0
5,120,591,4.78892663359467,0.1857193987801481,0,1.4190010922937688,0.678863915697165,0
5,120,592,10.102883620512117,0.004003174837526477,1,-1.4729508792036796,0.7324074905691453,0
5,120,593,0.20870237759233135,0.9526894485246182,0,2.046672544287034,0.6230536284878501,0
5,120,594,1.0537071068305863,0.805232275063294,0,-0.9406830901087915,0.788407120815819,0
5,120,595,6.195117589760073,0.08571051755687577,0,-0.22902445224944756,0.9499443035747424,0
5,120,596,3.684090189624712,0.28989644718854374,0,0.13196741208196272,0.9679394042241241,0
5,120,597,3.617145434822703,0.35215961474664226,0,0.3130122643375728,0.9171953056886861,0
5,120,598,8.827597172823488,0.01966923545243321,1,-0.07104327553904,0.9861973321015889,0
5,120,599,10.847474076541175,2.009484334758327e-4,1,-7.3734097798853355,0.04352051163641978,1
5,120,600,3.0359062685933935,0.43930483431884026,0,-5.394371489047771,0.2185568078906531,0
5,120,601,8.78246599361188,0.008510833735864134,1,1.0311342895189881,0.7881510139679084,0
5,120,602,0.7274149004103521,0.8496868014099916,0,-1.5989429688027457,0.6902032622405715,0
5,120,603,-0.5861321828908217,0.8563641452949894,0,-4.5488611103260865,0.1934231605084936,0
5,120,604,3.756283685687663,0.3638839774944136,0,-6.082829846265298,0.1477065140907146,0
5,120,605,11.118349438821852,0.013187612390914101,1,-2.261117781530146,0.5865801389756398,0
5,120,606,6.709890559496017,0.061347248291657185,0,8.188341538834663,0.050995915226845996,0
5,120,607,9.040077512298794,0.007867538191782318,1,2.6221388034960427,0.4273125895755753,0
5,120,608,2.6114077468083963,0.4677085518123272,0,-1.4370281081936582,0.7147771148373991,0
5,120,609,11.906846569569183,0.004300851699298019,1,-1.9192422049000726,0.6402991425509308,0
5,120,610,2.5804898201574815,0.38899742644505064,0,0.5749370775954787,0.8881536324405319,0
5,120,611,6.328992702763927,0.019404666152478125,1,-0.22771495357802962,0.9490344526392591,0
5,120,612,7.958034809277578,0.037498002202626134,1,5.34523661187859,0.2338963511701941,0
5,120,613,12.604504407720512,0.004599841350386655,1,4.557188840662022,0.13119461873484892,0
5,120,614,5.315051299181505,0.20882868656911577,0,-3.1990583625483,0.37830678732364453,0
5,120,615,1.629435114305906,0.6096467005752881,0,0.9682987801735266,0.824572231655586,0
5,120,616,3.7106432620133063,0.41577478216770036,0,-2.444380845547741,0.5889000218126837,0
5,120,617,7.275934824616812,0.04034690640926571,1,7.858140573132545,0.028727956596666403,1
5,120,618,1.419292306696022,0.7387440957346574,0,5.940777975692228,0.13763637676119864,0
5,120,619,3.546046505909146,0.275917572092985,0,3.4883440072653684,0.411607321936062,0
5,120,620,5.597164355244033,0.24671241665985355,0,-5.462787601792627,0.15762838760866119,0
5,120,621,7.523346728094552,0.10867733640674353,0,-0.23888109868538265,0.9517749819809966,0
5,120,622,-2.343859731432204,0.47534025371416966,0,4.913718562934207,0.28240721598413676,0
5,120,623,5.435124175986445,0.17713506533114878,0,0.4088259987204026,0.9110852871155865,0
5,120,624,6.244394203126973,0.09668109510248743,0,-1.3108601333585312,0.7816485020518755,0
5,120,625,0.01116661910795358,0.997744227313822,0,-3.236048814194433,0.3605367631256746,0
5,120,626,6.909054920347202,0.06343275184532794,0,0.18791701345668343,0.9646545055110887,0
5,120,627,2.225212383869774,0.6073194629075874,0,5.682654439983963,0.07327219015487772,0
5,120,628,1.5405091558969417,0.6641257901431868,0,-1.056201925620627,0.7173839701924182,0
5,120,629,4.925300661613647,0.17975096275423819,0,3.4057765002643094,0.38979456666381385,0
5,120,630,5.240470070842804,0.2271121207900553,0,3.0162497342639227,0.39069686219335154,0
5,120,631,8.142834469680068,0.022965463536595197,1,2.214041004353092,0.5023543522430717,0
5,120,632,2.602275233983036,0.5609236303698655,0,-3.9324638763602877,0.2843751514930341,0
5,120,633,11.540243124791587,0.0033272992428749096,1,-1.3692571313738426,0.7011310641429278,0
5,120,634,7.852883583846946,0.03588915933314538,1,-4.187756728383974,0.272003894310194,0
5,120,635,5.839886440537342,0.10877973422659988,0,1.5677625136950155,0.644552531152063,0
5,120,636,6.770116172337765,0.11446274446785434,0,-0.5803959203389866,0.8594036472340723,0
5,120,637,4.220665128043606,0.26792948470492595,0,-0.48371061147732064,0.8937094287374894,0
5,120,638,10.752600186625173,0.009922733964213578,1,0.6222138093735481,0.8890701678464741,0
5,120,639,4.083887061262388,0.28699902462681826,0,-1.8435419957113481,0.6378675563835823,0
5,120,640,6.366263418497539,0.14032859755872465,0,-4.427174570323814,0.16005383853996238,0
5,120,641,-3.025250336276045,0.43287254417903087,0,13.874538391401103,1.3296844161238066e-4,1
5,120,642,4.299853827963588,0.23146618903997612,0,-7.2213629984726,0.026189930795156045,1
5,120,643,1.7555610176256664,0.620278900713481,0,5.8212294628703205,0.08940080462479282,0
5,120,644,-0.4100127009207881,0.9238597377161375,0,-1.340283318042239,0.7624783540398734,0
5,120,645,3.2993982298460054,0.44613844562180094,0,3.1372250438102043,0.4091993815594106,0
5,120,646,4.311916501256434,0.3138678077109189,0,-3.3603520494910413,0.2894789102940757,0
5,120,647,4.440368968347627,0.3199783054129057,0,4.560933911958273,0.19180009615422788,0
5,120,648,8.812992089664718,0.028346231139586783,1,0.8173893215395651,0.8607703414594414,0
5,120,649,5.899129629340877,0.09809801078303151,0,-6.242464688855378,0.14978444316730818,0
5,120,650,12.585326223005893,0.0013934000886922314,1,-3.5862046276734816,0.18344083074487075,0
5,120,651,3.898150079550234,0.3302557127207787,0,-7.124834371399061,0.06161489239278165,0
5,120,652,0.0914411721079631,0.9830583269308262,0,1.1262812391865396,0.8012938270872109,0
5,120,653,0.1547848042836506,0.9727344761970775,0,-0.6756093259918146,0.8488541151469768,0
5,120,654,10.573418891549522,0.0010699263679093344,1,3.0040338361194614,0.44912231611992415,0
5,120,655,5.623954347134429,0.18249633502666307,0,1.806238024632961,0.6572598771334863,0
5,120,656,6.12818653791615,0.06330620374653909,0,-3.782356153728088,0.34102127869320953,0
5,120,657,-3.205050661371473,0.4616173283440723,0,-0.7337963799751321,0.8693596393370125,0
5,120,658,4.040095303182099,0.2923040960232583,0,-6.404650162537649,0.07108464150661943,0
5,120,659,10.038153919433086,0.029290291889022924,1,-4.925179103462128,0.11759522884329812,0
5,120,660,7.083765304014889,0.05637090124815151,0,2.951163057371602,0.4397811947564655,0
5,120,661,7.740255640646055,0.039165619918757916,1,-2.278304297417904,0.5980152677703023,0
5,120,662,3.9891920548488002,0.3852910820243668,0,4.7790956208175714,0.21886595276120283,0
5,120,663,-0.6384757251690587,0.8541326293584747,0,0.3562792667906933,0.9368872235392591,0
5,120,664,2.0968224086318514,0.6509826119244717,0,-1.827994361059936,0.6677373911261031,0
5,120,665,6.616263419377589,0.10547761794464652,0,0.7024269142416983,0.8583501298885337,0
5,120,666,-4.322354410107408,0.24815770472655435,0,-4.48377398275737,0.2522776438636877,0
5,120,667,6.615340375205378,0.04065933587789511,1,5.984984115258115,0.13597129517844392,0
5,120,668,5.2328261179467574,0.14981322152959492,0,-0.9841595300742227,0.7816615342109432,0
5,120,669,5.832749609729703,0.17151946247891928,0,3.8099388584653866,0.3949105570129793,0
5,120,670,3.481986344324028,0.26546959249224666,0,-1.0186107857504965,0.7860274305895842,0
5,120,671,11.81796496243932,0.004366030219946937,1,-0.03019798194594614,0.9922755308900144,0
5,120,672,2.1067207890153696,0.5652455961644363,0,3.479488147280847,0.38120279736409957,0
5,120,673,7.432861474683378,0.04357023541452317,1,6.448024312382955,0.15452746386924066,0
5,120,674,4.089711522155923,0.22367870631959644,0,6.746611842884107,0.0701294489306654,0
5,120,675,0.18842954103102727,0.9504117176823073,0,-1.863038306407617,0.6262150295380258,0
5,120,676,5.561781166818662,0.12516014365506148,0,-1.5025978370535,0.710493625496958,0
5,120,677,6.102039969769734,0.1017881735716386,0,-1.4425014733179609,0.7013733672044542,0
5,120,678,14.689194703296963,4.4804121806888374e-4,1,4.411089997134695,0.2022096370489725,0
5,120,679,10.328041500929672,0.003587555376535011,1,-1.2716445576479458,0.7752656513590989,0
5,120,680,-0.5257828855712177,0.9000540347080888,0,-2.080547292229909,0.5745650240935457,0
5,120,681,-3.5834567371655055,0.34062577325696153,0,0.7144415120291114,0.8702497020671676,0
5,120,682,1.4263606351497629,0.6987374935270845,0,3.2251210311329004,0.3816812709769858,0
5,120,683,-0.6774232865890752,0.8756955990918098,0,0.3337713747843054,0.9230651833820802,0
5,120,684,-0.31603983343062225,0.928769014104514,0,1.9378709739080477,0.6404635496862381,0
5,120,685,0.9092916067472459,0.793757312011806,0,-1.9381830758633498,0.6296789233875276,0
5,120,686,1.1783964716877477,0.7313728161846208,0,-2.008595932516755,0.5445722053691486,0
5,120,687,2.67908933340901,0.4934514163205317,0,-3.535623356569417,0.3721375459526882,0
5,120,688,-0.602385206866515,0.8817266800780243,0,-3.2374956859786863,0.36882350554081267,0
5,120,689,7.4337078046497,0.035567983278324965,1,4.8877892915635925,0.2391179708383384,0
5,120,690,10.518720844621612,0.017538287049042544,1,-2.5603234510027875,0.5415022401027456,0
5,120,691,7.310821522135356,0.03525692376916511,1,2.534034159480882,0.6122069941390691,0
5,120,692,6.01391503256815,0.13034888368948158,0,-1.1510688379617164,0.7908371200481372,0
5,120,693,0.0511106868315494,0.9880696466453224,0,-8.205983432588269,0.029169758731278597,1
5,120,694,10.065902600450784,0.01875116822664825,1,0.017304732511874477,0.9958447268812376,0
5,120,695,5.099301833602141,0.08903501759282001,0,-2.9511233206607415,0.5030622022225668,0
5,120,696,3.170374179436365,0.45711654271568114,0,3.849916616305805,0.26746390874382475,0
5,120,697,1.9431552057679937,0.6550095948805857,0,2.7749107982430843,0.45828472035721257,0
5,120,698,7.482341837735262,0.03678862277657579,1,0.5758736619154092,0.8850398494457891,0
5,120,699,5.768164923798906,0.13430431942293092,0,1.4381464186107422,0.7022597723387392,0
5,120,700,0.5927212470735697,0.8821530285443386,0,2.4546468295173725,0.5140643713491153,0
5,120,701,14.541098316029434,5.658754783827474e-5,1,0.579790610493859,0.8926926791555345,0
5,120,702,9.631244390087375,0.012493386439181525,1,-4.631147822580331,0.22165288044879053,0
5,120,703,12.189807261701858,0.0034137342255396207,1,3.15403865850341,0.49996353593175313,0
5,120,704,4.349678935212893,0.25059270134964506,0,0.3863294573425975,0.8925048531541628,0
5,120,705,10.899162689075538,0.003307464794394343,1,1.2424376380902231,0.7178885479560417,0
5,120,706,2.972781674952728,0.41227160104946625,0,1.721249708160613,0.6500722415542604,0
5,120,707,-0.9344388829419898,0.8001921439800941,0,-0.15547505679981555,0.9671207612043646,0
5,120,708,3.1746930998767198,0.4341290096585456,0,-4.659624130154995,0.317729933345263,0
5,120,709,4.825156281950427,0.19635151895933678,0,1.5901501592953053,0.6982847705186089,0
5,120,710,3.866736812338729,0.3302065231377258,0,-6.430632543871212,0.10866617415942159,0
5,120,711,4.126742991243745,0.3190483010767034,0,1.3742686677283587,0.7361479065373309,0
5,120,712,8.31412238288965,0.01300044801317356,1,-1.4552387494527181,0.7149391709940554,0
5,120,713,9.010363862453858,0.01847783836929196,1,5.574587045252329,0.14903169107565678,0
5,120,714,-3.8686480766538835,0.3497976478979601,0,-3.98583143727744,0.27910405225669455,0
5,120,715,3.113152433608832,0.47528276365899713,0,9.746053787893516,0.016853090060869796,1
5,120,716,6.761982032086607,0.1417970960150585,0,-4.899128140187983,0.2997370685587716,0
5,120,717,8.105260482017968,0.025927274445354503,1,0.36558985704218117,0.9293783440916061,0
5,120,718,2.74004534645276,0.531361866066701,0,-6.360485492457272,0.13346749803611704,0
5,120,719,10.59232848758532,7.663728109906834e-4,1,-0.9029408994931032,0.8409433889739486,0
5,120,720,0.155002592976885,0.9714449292416825,0,3.4500730987276427,0.34968692673318746,0
5,120,721,10.432506692187218,0.0037600884949384465,1,7.563407716069634,0.04317183365593598,1
5,120,722,3.174357375541817,0.37736528920987045,0,-8.606232734233672,0.02647359096547141,1
5,120,723,3.345395460349536,0.3333358283083977,0,3.032465745641474,0.45749609599314733,0
5,120,724,3.2822933862234436,0.4133345874001969,0,-1.851443216139245,0.637393117852177,0
5,120,725,8.74938522126078,0.009632955365314952,1,4.605692871627568,0.251151390743565,0
5,120,726,6.502134207506501,0.11375664620593481,0,5.645012616847197,0.12716781422992518,0
5,120,727,9.173928917384032,0.016894250104282728,1,-7.070395280048032,0.10169900377920583,0
5,120,728,-1.8904036363347387,0.628632388879962,0,-4.956567619821868,0.2125611153629386,0
5,120,729,3.288257639737722,0.4021773236278382,0,0.9843684670055382,0.8134681455128042,0
5,120,730,8.581416377532875,0.041231767450850616,1,-2.009206187232749,0.5809027891149492,0
5,120,731,3.996749991379275,0.33107194877871216,0,-2.1306577659606916,0.574422905131136,0
5,120,732,6.228203537602411,0.06617591134130721,0,-0.004058871024525956,0.9991593497735198,0
5,120,733,6.977736889374157,0.0848759395694659,0,-4.875297398400036,0.21427591085555558,0
5,120,734,2.082168602424858,0.5735494206944347,0,-0.028698661469050535,0.9933313340983985,0
5,120,735,7.607240047073844,0.04463735337331743,1,6.615050789167668,0.06527335637827414,0
5,120,736,8.937736817920992,0.025311518986473953,1,1.1237371783251007,0.7827018791016458,0
5,120,737,5.0739708098579115,0.24490436718320618,0,0.14772800876853864,0.969311857972509,0
5,120,738,4.8170936692688,0.20295769669770614,0,4.496576446361317,0.2827109838861522,0
5,120,739,4.492110851439492,0.1854769674912555,0,3.352784128246469,0.40033731151897156,0
5,120,740,12.296894112030884,0.002820408923785266,1,0.2422103373939848,0.9497824758802338,0
5,120,741,11.820339762659543,0.0026254282516693104,1,0.34727654651267414,0.9047823474884342,0
5,120,742,7.748265708008077,0.06607108627564491,0,2.102057250352871,0.5460105220715492,0
5,120,743,0.5372222247053315,0.8546775458711395,0,-1.438922846144493,0.7696137101354135,0
5,120,744,3.389684676416266,0.417518266714193,0,0.9964792896048777,0.7481546531612937,0
5,120,745,4.361986666352351,0.2859403611286588,0,0.29982856825932913,0.9374069629378998,0
5,120,746,12.81652578704994,7.999379025394073e-4,1,5.470674230761361,0.1348507142082077,0
5,120,747,3.128213455928929,0.45234097976022225,0,0.47786856285758006,0.8749499849878746,0
5,120,748,-1.315589969816358,0.7454254989091147,0,-4.0154990053593735,0.2418850197756341,0
5,120,749,0.2609126696375199,0.9423577031251587,0,1.1391539104632642,0.7765666724415956,0
5,120,750,8.616190459439736,0.015348769972905473,1,-3.0195096588042816,0.32338640202799385,0
5,120,751,9.96363778294058,0.014985570528390236,1,-0.9225097865458167,0.8256086723439592,0
5,120,752,1.2641071609997567,0.7578207445889494,0,3.0461389838791604,0.4846655172374592,0
5,120,753,14.346075699578662,1.691332950160462e-4,1,1.7489026524208242,0.5482351922401516,0
5,120,754,1.596555607120024,0.7282575327871177,0,-3.918086128252412,0.28288874217430043,0
5,120,755,5.73063101461787,0.11744578894244419,0,-1.3974329112476056,0.7474212667480311,0
5,120,756,0.35552466558890217,0.916461659315136,0,-4.84483928030518,0.206457550292997,0
5,120,757,3.6497897966012687,0.3837718398751915,0,-5.23342040931432,0.13732384858091004,0
5,120,758,9.6236411191137,0.014406917866387805,1,1.842135250627905,0.6537663845842604,0
5,120,759,3.717802938214973,0.40198748287744135,0,-1.070537964536129,0.7710356289649888,0
5,120,760,6.718032340297128,0.056246148204046074,0,-8.302269096747267,0.011156693444454803,1
5,120,761,4.65258073108248,0.30064258976649455,0,1.3593666161950182,0.6545470259155972,0
5,120,762,0.1776163043215888,0.9642881675221859,0,-2.683232103326546,0.4331534076767578,0
5,120,763,1.5680966261380291,0.7117551142702423,0,6.563555362611183,0.09041649899062897,0
5,120,764,12.280769127729158,0.006114984331256999,1,-1.9800455549785312,0.544292532400926,0
5,120,765,3.489767983483631,0.31434324913224254,0,-1.8715320666671715,0.5833588596172736,0
5,120,766,6.742487796713974,0.054879082199400166,0,-0.6064602928173457,0.8410775967803865,0
5,120,767,6.764810401127704,0.08629455698114366,0,-3.9481393192290852,0.2948340739913775,0
5,120,768,2.5872866997507913,0.5034869401842711,0,5.702097233786986,0.11791802192044926,0
5,120,769,7.938702226987687,0.047206541724704204,1,-5.911625516225172,0.07693472495730504,0
5,120,770,13.868212130552209,0.002487699857507431,1,0.5265835102870398,0.8703983711826591,0
5,120,771,6.754203646788497,0.11399857417696191,0,-4.826579001140615,0.1992541214603919,0
5,120,772,2.7366318899878053,0.3636194854417655,0,2.9231368410500806,0.5108178145083802,0
5,120,773,4.427181095777669,0.20911804798409966,0,7.231966015878058,0.05297046732212378,0
5,120,774,0.6668012735638342,0.885122041809335,0,1.704362733323805,0.6241408840285058,0
5,120,775,5.472033531875795,0.18156280671394767,0,-0.0574584195225043,0.9867530404491458,0
5,120,776,8.514933584063229,0.09568852811641959,0,3.8142596831006443,0.26976636475605387,0
5,120,777,3.3249523597374946,0.41832332821716667,0,-4.49276431092288,0.26402106083800453,0
5,120,778,9.29466498482725,0.004203383457478963,1,1.0208637593248966,0.8171786735660289,0
5,120,779,4.759714376095161,0.19652476564141533,0,-4.110087065641224,0.17571881828623667,0
5,120,780,-1.8492751552434754,0.6575880136135666,0,-4.894084014117112,0.1810029381233992,0
5,120,781,4.641618362498178,0.23431492564086043,0,4.310776967306126,0.30686840727522097,0
5,120,782,3.1486261479787174,0.3739793189793076,0,-5.619735359214118,0.16444458514615562,0
5,120,783,0.8276852191379191,0.8217996264204552,0,-2.0199617232008364,0.5488566694242991,0
5,120,784,5.200264477903858,0.16164388870715105,0,3.5207989103053166,0.376122354051902,0
5,120,785,10.30993687987305,0.010998828615056924,1,-5.172442201320621,0.1909658289839126,0
5,120,786,10.044531038976615,0.014896280881944914,1,-0.9620471840587186,0.8401158232101766,0
5,120,787,7.066206364264687,0.08596882964838778,0,-1.8218937588849684,0.6177475574439155,0
5,120,788,8.582124164864169,0.047493233087176,1,-0.8985125590082959,0.8279998043723376,0
5,120,789,11.471535509340086,0.003116103891444026,1,-4.142521139110428,0.31909724812003515,0
5,120,790,10.807758486706618,0.0011483912602247397,1,0.4070230558816377,0.9108412727488076,0
5,120,791,3.5783635642784333,0.42915436381322236,0,0.23212872948089114,0.9542312615011757,0
5,120,792,5.654530181688543,0.16021237324941598,0,-0.8667737096541401,0.8318757071247431,0
5,120,793,5.727842826529681,0.09653736935044942,0,10.199583807570932,0.019973865176277302,1
5,120,794,-0.1850590907634313,0.9573999998762258,0,-6.651974029778728,0.04481333300808239,1
5,120,795,6.639145489866166,0.1383711739576137,0,-0.46182961174058335,0.8878217733898517,0
5,120,796,3.4775379715170516,0.31237305055769554,0,1.0589016191200358,0.7720103985929251,0
5,120,797,4.187262522919397,0.289712293121087,0,-2.4352362696642587,0.5873117143806807,0
5,120,798,8.331898231550014,0.02861535450895047,1,3.874385302671655,0.288211788342487,0
5,120,799,6.77642210085898,0.08741508199357578,0,8.055338844226299,0.0781074430645297,0
5,120,800,6.291314052357706,0.11067701412637299,0,-2.388476394339861,0.49666774211238396,0
5,120,801,-0.9434790742985513,0.8134937280278484,0,-0.5394567848712057,0.8912219687950326,0
5,120,802,5.665625361945487,0.18584488526901544,0,-8.206609515143498,0.03220166070610154,1
5,120,803,3.8411994134053487,0.25690963040003384,0,-2.0489993905021464,0.4897943229381069,0
5,120,804,0.8061523843899039,0.8284328033705635,0,-2.8849233528510467,0.4372950221556956,0
5,120,805,6.905459917684141,0.13446992370531438,0,-6.3608852442971795,0.036752453319515384,1
5,120,806,3.360104917646183,0.4643913996316259,0,2.5617229810586934,0.4914763219639723,0
5,120,807,4.6458809315034415,0.22847523194085734,0,-5.356265136501705,0.11886172507644115,0
5,120,808,6.294077587915098,0.08836941390541618,0,2.357085102960241,0.577184873770846,0
5,120,809,8.29302343385936,0.023674059627095557,1,0.6305312862737367,0.8578236776625218,0
5,120,810,5.23795377672748,0.20780881677363602,0,-3.669584780627929,0.29043357663868696,0
5,120,811,8.958099218645728,0.020655240585153445,1,-3.7173111362620546,0.31463218830510215,0
5,120,812,6.634007281249168,0.10773290010300723,0,-1.1165382885962742,0.6910078805652613,0
5,120,813,10.104389571078258,0.008347016991086902,1,1.9588242277423689,0.5817125985854892,0
5,120,814,3.781045436791757,0.23922415276898984,0,0.5058698407536752,0.9022049081608711,0
5,120,815,5.002331105715513,0.261232364481017,0,-4.625094209030038,0.2565288019963789,0
5,120,816,8.266776714092515,0.03853674487484701,1,-1.7945635747357755,0.6772261843272888,0
5,120,817,7.019153174328011,0.0688817691084085,0,6.454593159197373,0.06754669020438156,0
5,120,818,1.3110247094184047,0.7385359614886633,0,2.064481219503037,0.5901974422818352,0
5,120,819,6.629467314455809,0.08408985705237557,0,4.6031570880579125,0.23744813663212436,0
5,120,820,6.611960001092854,0.07660485655474313,0,5.312035782125108,0.1358649984577784,0
5,120,821,8.552237693173382,0.02275259977775836,1,-2.48475665866674,0.526456290164012,0
5,120,822,0.5030821615787175,0.8918892355561405,0,1.5011806356790771,0.7331058767135804,0
5,120,823,0.9033247605213006,0.7865675170498145,0,-1.7109434448821759,0.6054723005929155,0
5,120,824,1.2886905989594908,0.7523961382717084,0,0.9977066779696173,0.7500778784976047,0
5,120,825,5.192674926493581,0.24551333981264128,0,0.5955795501316032,0.8635448321122147,0
5,120,826,5.906365709500378,0.12208424591580819,0,3.2268614273362743,0.40520827599426956,0
5,120,827,-1.2619050233110585,0.7796431121625051,0,-1.4218739110812635,0.6184041017967492,0
5,120,828,4.029500194373469,0.23950940798438727,0,-0.34103733711192774,0.9320047390426685,0
5,120,829,-1.185856806966143,0.7261139608293405,0,-1.9917313085546056,0.6480593422483208,0
5,120,830,3.844863229934276,0.2943353213368734,0,4.8348890689899235,0.17105083746560576,0
5,120,831,3.0496754969195763,0.3513272351489195,0,-5.423180570898268,0.18014829231422894,0
5,120,832,3.835827986116712,0.2951417479616695,0,-1.0384440026788297,0.7875560650186033,0
5,120,833,-3.5660043733571882,0.41833281114405374,0,0.205570015437317,0.9540324865450172,0
5,120,834,8.39817926757695,0.06654436267247278,0,-0.651979423677659,0.8381318097383031,0
5,120,835,5.249851235273823,0.1575092740425841,0,0.06762573197545407,0.9865502311777936,0
5,120,836,10.149526596089856,0.027030909342971043,1,1.8656662010277074,0.6755191996617267,0
5,120,837,7.040963340384849,0.016286762947005363,1,-5.224859477259685,0.1757703587835744,0
5,120,838,7.431985352546576,0.037278373449013316,1,1.3877881426660963,0.6610180704021434,0
5,120,839,7.6457076607755,0.045411740750026824,1,-4.130323735249135,0.42548753754898005,0
5,120,840,2.744279880780738,0.4686973371502171,0,3.055245978788534,0.4432328207387166,0
5,120,841,7.393718858465718,0.06482485700096978,0,-7.9592252342130365,0.020943112200237566,1
5,120,842,10.106648458847715,0.008805713514045643,1,-1.5058136903980426,0.6707556077102272,0
5,120,843,10.198488613506512,0.02254439251432798,1,1.6178594387968417,0.7048167168302636,0
5,120,844,5.788455826320956,0.1601087838965548,0,2.466920798873005,0.5046878852036729,0
5,120,845,-2.2903764831522295,0.532114782917191,0,1.740419293703809,0.6352692979233109,0
5,120,846,6.258245074700383,0.08482388672190479,0,3.976531021769688,0.30740736518264694,0
5,120,847,0.6504552003609234,0.8626655275560116,0,6.449201834247859,0.06612334287131806,0
5,120,848,1.4437144233864672,0.7326663995770308,0,-8.073988254287201,0.028197207724957176,1
5,120,849,7.759258129059916,0.0908261441708339,0,-4.435068851200185,0.2074765528819553,0
5,120,850,4.348119656092024,0.20947046111494821,0,-1.7299066164668915,0.628678249867475,0
5,120,851,2.215562837518803,0.49934023502612124,0,-3.566129408890774,0.270791370997473,0
5,120,852,7.770136626878568,0.04599134659452528,1,-5.345909987197828,0.18912018812393747,0
5,120,853,5.721723616515277,0.13419897702608638,0,2.8950258034808627,0.411246778597926,0
5,120,854,7.325728302028381,0.02823959305306703,1,1.4572226268081891,0.6575023972949785,0
5,120,855,3.6087725943413176,0.2864199917758803,0,-4.668691256485943,0.19855848537210932,0
5,120,856,2.5010606637551405,0.5454867770351344,0,9.780067566911171,0.00662223137942301,1
5,120,857,3.583234530072474,0.3336578242562255,0,7.494652751279162,0.07356337117173951,0
5,120,858,-1.388277188546212,0.672473338424615,0,3.783141841901653,0.2542778790525699,0
5,120,859,10.616574944228987,0.0049265040818441165,1,-6.872110161136746,0.17039417070464533,0
5,120,860,2.4167147072646173,0.4550434064789002,0,-5.794869025657732,0.15791303681917163,0
5,120,861,16.227868116933223,0.0017146251309468157,1,3.1551295488799838,0.38094952782854474,0
5,120,862,1.926082374193797,0.6735972133278224,0,-3.2146071763800848,0.3257832868819105,0
5,120,863,6.067739595447847,0.10396373224619493,0,4.066637050108767,0.231919079910177,0
5,120,864,7.812741949744762,0.059890390106953316,0,-4.7301094285609935,0.21296307898617398,0
5,120,865,8.492413991953143,0.016280682365011432,1,-4.910090421127549,0.1882505198594447,0
5,120,866,0.3432750257722148,0.9355436072336545,0,-0.1653509935422619,0.9699926349095829,0
5,120,867,2.114197243746162,0.46912179842940405,0,-0.05585269551926331,0.984801154508228,0
5,120,868,9.410127614962477,0.023670349445694853,1,3.9562351839933427,0.37864668982971517,0
5,120,869,3.10921526364136,0.4161959063920849,0,8.805458070916998,0.08055340460182443,0
5,120,870,5.090524857717753,0.20030328372785713,0,-5.585919320285072,0.18519412567061458,0
5,120,871,11.073798833615555,0.005110464714106959,1,-0.7598179160038541,0.851480027874101,0
5,120,872,7.005883019242404,0.07518104833708379,0,-1.7099488841481048,0.5949839046848038,0
5,120,873,6.424334978951379,0.06987465321421557,0,6.086393598384916,0.11563081881189799,0
5,120,874,1.6094463951954054,0.6798670316031139,0,1.1196480338106625,0.7939141326448413,0
5,120,875,8.171166061941236,0.013015470689146345,1,7.160414187024486,0.025793949540543974,1
5,120,876,3.825739753437688,0.3172467295343175,0,1.5788758277136026,0.736922568988894,0
5,120,877,9.967121309676997,0.015537368138187235,1,-1.639327917390716,0.6461221133256052,0
5,120,878,3.3903260458291413,0.4150795706164959,0,4.299561181352942,0.299060280531259,0
5,120,879,3.4574613464175172,0.3385150948393134,0,-3.101073144706163,0.4756724820206121,0
5,120,880,3.6720436122924554,0.3357972215299079,0,-2.430256371010799,0.5166438078700657,0
5,120,881,8.44202946544577,0.031547497089949375,1,-4.219799319389693,0.30572537634504926,0
5,120,882,3.955761550294156,0.38283035919052333,0,5.019200098930796,0.2005709999076219,0
5,120,883,8.238302606181918,0.018277229322170352,1,1.274972004452124,0.7389045674236563,0
5,120,884,3.9755892368127093,0.3049955680817905,0,-5.9218815601874155,0.07198277054838065,0
5,120,885,6.7083876350767895,0.020599266883687684,1,0.2435066949883975,0.9300927078185581,0
5,120,886,4.857405002973948,0.23768165536815625,0,1.0999392781830863,0.7943503135270842,0
5,120,887,1.0401086473988528,0.8212872278272095,0,4.689818499378148,0.20756108164815457,0
5,120,888,2.617564562369367,0.5021623423894531,0,-6.55054855939909,0.11690207037376724,0
5,120,889,-0.02017407232609969,0.9959463503199553,0,-1.155614573624547,0.7320288750575223,0
5,120,890,4.461690220168265,0.2926460248621232,0,-0.005472816596380881,0.9989764658093425,0
5,120,891,5.790356741156657,0.17679413884336667,0,-1.3683831021898385,0.732650692230252,0
5,120,892,5.065246107900435,0.11160643066763912,0,1.0695958837608401,0.763053897462886,0
5,120,893,-0.4380814978998444,0.8852029001568176,0,2.2420690833771317,0.5413380316542109,0
5,120,894,7.400301465477398,0.010724421076614777,1,2.0495864368219827,0.579753233282613,0
5,120,895,0.4157097858239638,0.9130251432390554,0,-1.9263205499723597,0.6376748934607961,0
5,120,896,8.728618864326307,0.004524136307350511,1,2.77720663732633,0.456050230118226,0
5,120,897,9.21872689078802,0.021750422875007495,1,3.0882344237443107,0.5193930964412825,0
5,120,898,6.452628483079351,0.10029251318400642,0,0.017417851733242173,0.9959003849290249,0
5,120,899,8.60641074300753,0.027264891841844358,1,1.1473856085603131,0.753441197430265,0
5,120,900,5.245817625568307,0.23632244346008272,0,-1.476599053530805,0.6627663390642031,0
5,120,901,6.701537531245364,0.06085091469540496,0,-2.87066103524306,0.5598191444748092,0
5,120,902,9.653200674877866,0.0163733981701868,1,-4.124286131781432,0.2739655502855025,0
5,120,903,7.7224620254988565,0.037012028607071125,1,-3.251410705399522,0.4765267133548843,0
5,120,904,0.6958789240491541,0.8382037418018142,0,-3.4761750523105235,0.38609629510142995,0
5,120,905,4.975278938246618,0.12428826745741148,0,-1.9140660426175913,0.6214781350194227,0
5,120,906,0.8816021484723819,0.838212281589238,0,-4.987804802577585,0.16658495007936255,0
5,120,907,6.016923530791459,0.13828243749489494,0,4.644466229416054,0.28252782811760335,0
5,120,908,7.094880827534908,0.06171277820268583,0,-1.9581962023625152,0.606453421459906,0
5,120,909,5.746913843547631,0.06929516914619983,0,4.194434851464067,0.32130965151544993,0
5,120,910,2.49510193498179,0.4730640284558095,0,-4.1913580950849365,0.20381281120788816,0
5,120,911,0.9954747403727993,0.7990173217700696,0,3.104958021987727,0.48080565654706797,0
5,120,912,2.165992707946117,0.509661730770817,0,-2.103134071289915,0.6118341587078586,0
5,120,913,7.701279168095496,0.02137126765581651,1,5.85581612467503,0.17706077655236913,0
5,120,914,9.948050548712729,0.007831804950838796,1,-7.4251871874846245,0.11309271256033403,0
5,120,915,0.8066669157287834,0.7820811165935685,0,4.922024638213514,0.20517484919779627,0
5,120,916,9.874663523421006,0.025334909772217404,1,-2.7439846561040895,0.4757623457099289,0
5,120,917,0.6619679070572317,0.8515022295500354,0,-9.923832439322112,0.024585036135199648,1
5,120,918,6.260975913347082,0.03331264084419163,1,1.6962766406306002,0.6644094124112618,0
5,120,919,11.129092688298854,0.0086031849355003,1,-0.5034503058385553,0.9026800686776166,0
5,120,920,0.21282560698188036,0.9465121173291842,0,-0.05617638823353843,0.9895727680747042,0
5,120,921,-5.916480718692384,0.17455596272431675,0,-2.9678515311904476,0.35620526251519424,0
5,120,922,4.0056409438738,0.34167701748694956,0,4.40103193754581,0.22970479434135543,0
5,120,923,13.58448983927785,0.002730954645440571,1,-5.6427465097697365,0.1396721200115001,0
5,120,924,3.973917164322998,0.294354415617165,0,3.3920655149040755,0.42078137405934746,0
5,120,925,9.015713654680297,0.024739813035925668,1,2.4113069560453226,0.6274421771520178,0
5,120,926,3.6908592528534285,0.29753769806193975,0,1.7638565597248146,0.6441743756343576,0
5,120,927,6.103598991480723,0.11050145536230804,0,0.9672655058930246,0.7643939389321005,0
5,120,928,10.386607453677712,0.016632817006593692,1,-5.7777963924202425,0.12154444690108838,0
5,120,929,7.734601102376331,0.04339546515419984,1,-5.311486545560427,0.07550949604383138,0
5,120,930,4.8577851290367136,0.12961959547435553,0,-2.0838199133397524,0.5780583526234144,0
5,120,931,1.625642292256373,0.6637507813775219,0,-0.8497496800421374,0.8230262935502415,0
5,120,932,0.14407129819097975,0.9759983643132971,0,-5.362481082421382,0.08815146474289677,0
5,120,933,4.734548556467303,0.2394759573201196,0,3.063265500888491,0.34604414221061464,0
5,120,934,2.057213326875072,0.6221801991745682,0,1.2212131146535512,0.757615846852991,0
5,120,935,1.7028463275111108,0.6569994796766321,0,-2.8985064255796402,0.48804790836503453,0
5,120,936,6.796424298377659,0.1435829618664862,0,-0.5772454696767397,0.8657421004490073,0
5,120,937,8.853587014478919,0.014429407290294089,1,4.304329165973414,0.23170099829339136,0
5,120,938,2.1225526716403778,0.6067345558079185,0,0.34419224476205557,0.9296022666351206,0
5,120,939,10.133530488692742,0.004154455944740166,1,-1.4156453271917115,0.7373684984647433,0
5,120,940,6.123475686528252,0.05215896523510646,0,5.322031487494641,0.10629086866265872,0
5,120,941,7.973553627451679,0.020258270168214326,1,0.38089742719863295,0.9221212027025731,0
5,120,942,1.7771799720290744,0.6406398082141274,0,-6.735378553035318,0.07712051905116696,0
5,120,943,3.1640404901459647,0.40148446663686777,0,-0.2056572703588273,0.9570137792099704,0
5,120,944,11.579364885318938,0.001571548459493798,1,-0.32256159525539374,0.9460716852427478,0
5,120,945,13.034676219351638,4.056184646446246e-4,1,-1.6256688200719793,0.5871396340814534,0
5,120,946,-0.340580319834487,0.9282411564254195,0,1.6103716156909513,0.71113541791802,0
5,120,947,0.5038272651861035,0.8818879401654721,0,-7.499460961837968,0.058968312944429384,0
5,120,948,1.7697997968511743,0.6188306197420795,0,6.840902958895597,0.055216839540512555,0
5,120,949,0.029096108234639928,0.9937866106350147,0,0.9893711099381903,0.7932605494751814,0
5,120,950,4.695822510715814,0.22447616727654676,0,-1.6364090717534054,0.7022776111453964,0
5,120,951,1.7360969773617256,0.6514304165889004,0,-1.3365612121401966,0.699031847356683,0
5,120,952,8.471083922045864,0.04756416617412763,1,0.34906180845351287,0.9286522493942114,0
5,120,953,6.15040198616596,0.11455318198507805,0,-1.5058328480933199,0.6920284389021971,0
5,120,954,7.306676006911857,0.041555116096813886,1,-2.9993815621702,0.5282091801767161,0
5,120,955,-0.2724661399253421,0.9282147753000081,0,-2.0374408026643067,0.519666240517785,0
5,120,956,8.397291047843481,0.03229059451713404,1,0.8952921369235725,0.8049439700648587,0
5,120,957,2.763965830930786,0.4234842179801681,0,2.9129194394869273,0.42035624639396596,0
5,120,958,9.465364311972053,0.014760548182290896,1,0.8574088697555311,0.8022596710865052,0
5,120,959,1.4091807085045644,0.7097144631362742,0,-2.6001664401844664,0.5142646420105279,0
5,120,960,6.276829190860539,0.12058805367575336,0,-1.5543713625659734,0.7470831444687732,0
5,120,961,2.6962259589558784,0.5987261089437607,0,1.2545580562360357,0.703222366434846,0
5,120,962,3.323816279990794,0.3172842681795119,0,1.9834718762770365,0.5749004943891165,0
5,120,963,3.9064823582003783,0.20588947564687804,0,8.534108488642005,0.009288372853081593,1
5,120,964,3.8119279472645786,0.20473643235253589,0,4.121750068237262,0.29942134760536027,0
5,120,965,5.80039033705043,0.14467985870127306,0,-2.160475805715123,0.5989364451933223,0
5,120,966,-0.8361867126502318,0.8442892563273698,0,-7.226900499029895,0.13610745832825735,0
5,120,967,7.248180267308726,0.05843396427390348,0,5.018625594870457,0.18672101666643148,0
5,120,968,6.7734726309041235,0.13628460187678587,0,-3.9896454103394916,0.23633270667778825,0
5,120,969,11.144236979640851,0.0018064827827513881,1,2.650201668647796,0.4270813694662865,0
5,120,970,4.280737923502542,0.3244788905684852,0,3.9418906867930303,0.390034605106901,0
5,120,971,1.8163894927764943,0.6379715368754046,0,-6.116364912899044,0.1296007973546251,0
5,120,972,7.788852734857656,0.05920745948488727,0,2.778513484193155,0.5015009686299492,0
5,120,973,6.817253505908056,0.06294092659068767,0,4.028754215432727,0.36923583203526056,0
5,120,974,6.320835982448628,0.16856970570412289,0,-2.1570794854167588,0.6037754157860902,0
5,120,975,5.083684317152347,0.19054543604378807,0,7.813019430157425,0.05528127590013663,0
5,120,976,5.336740403504152,0.20256271990724878,0,-2.761171714970203,0.42467968516461685,0
5,120,977,1.0308349257424396,0.7717988849431895,0,3.0352014318002745,0.4531203058792521,0
5,120,978,9.30210683806483,0.008115328963126668,1,-5.607617942390604,0.15291014983270595,0
5,120,979,3.5142516037242757,0.3771672908677196,0,0.6807722651623038,0.8584591832359069,0
5,120,980,10.42144189227264,0.016672841164050947,1,-1.2327995526105724,0.7167727605454068,0
5,120,981,-0.5211939829658121,0.8886374302968074,0,0.5360963460553592,0.8954429971478866,0
5,120,982,0.7027894458881008,0.8343877794456767,0,4.136238183540897,0.30342064951919845,0
5,120,983,3.1984577226737514,0.37880479023777913,0,6.964034477663134,0.10349245444404258,0
5,120,984,0.4546126129134791,0.9085915003521953,0,1.7022733119056142,0.6334719887687252,0
5,120,985,6.0744191393689135,0.11973335552223191,0,-2.8194789359459094,0.4836821546762844,0
5,120,986,7.472153708314622,0.06822473500488475,0,1.8352066568477738,0.6390116688634377,0
5,120,987,2.2185801942995624,0.5572188615428013,0,-0.05149689476286312,0.989007500513993,0
5,120,988,4.851077066025184,0.15900980858640287,0,0.051729228256959914,0.9868161743332735,0
5,120,989,5.044571652584807,0.1929568012202135,0,-8.103734547077593,0.025663625098048707,1
5,120,990,1.9554273934259072,0.6425970185887833,0,-2.602587349221821,0.4916898675375495,0
5,120,991,9.028317463321542,0.009889901094763042,1,2.960818229852933,0.5333228224837687,0
5,120,992,0.1695567967570355,0.9662442596003356,0,1.2820973443874237,0.6792581270067113,0
5,120,993,4.178606113489295,0.3127278603850121,0,-2.9859890968008784,0.46489085393009455,0
5,120,994,11.019899001997516,0.006695247815117604,1,1.2730467872290632,0.7430203214857738,0
5,120,995,6.763292001955719,0.13111377540696506,0,-5.209701326282314,0.14395628310826325,0
5,120,996,6.912829078925569,0.10098179105273906,0,0.40765892600133213,0.920861951996056,0
5,120,997,7.644798701429707,0.05449665453133152,0,-0.6012065604388539,0.9008800686622582,0
5,120,998,1.7553836521345971,0.6741265057023704,0,-0.8485213540396899,0.7505859162708484,0
5,120,999,-0.36053457499751573,0.9305345014775106,0,1.4688003165132244,0.6626686678095787,0
5,120,1000,8.342734841928987,0.031421570500156516,1,0.869575422323706,0.8148977343671315,0
5,160,1,6.732611942953071,0.029428636112807476,1,-3.8075988145948116,0.19537517632620713,0
5,160,2,0.22102004535952346,0.950023240647266,0,-0.5327641351912149,0.8757202113840657,0
5,160,3,6.027243312562348,0.07921407085383404,0,-6.868906281504309,0.05501774806432658,0
5,160,4,4.814052758091634,0.08909653559639481,0,6.396416863090437,0.12440886032945693,0
5,160,5,9.147071729964807,0.02077747578185147,1,1.4953819616523418,0.6663886266511002,0
5,160,6,10.973113110164775,0.014383594937617079,1,-4.3116128080283715,0.1669849776164837,0
5,160,7,6.208256322839134,0.06026579736589179,0,0.8554042964921962,0.7732779063990343,0
5,160,8,0.019694062793419675,0.9952063041446515,0,-5.330471294216167,0.126684072328509,0
5,160,9,6.628979755406675,0.06602975596558586,0,7.341446091937357,0.05057691915297256,0
5,160,10,-0.2771817639633838,0.9369904912442928,0,0.4983956293146008,0.8823417811753842,0
5,160,11,7.582375859648465,0.014856526457356639,1,2.626138991577065,0.3991235424118942,0
5,160,12,7.929878390080887,0.01879369179886723,1,0.6349958827247377,0.8653223975601249,0
5,160,13,1.032342229729423,0.7720049599132242,0,1.7539677462168441,0.614002266876884,0
5,160,14,4.063346374240197,0.2639073628030552,0,3.806591491393874,0.2602192220748633,0
5,160,15,5.675707036755242,0.09201567933027743,0,-3.487936031097533,0.3363850899662022,0
5,160,16,4.017422263633094,0.11419215760304692,0,0.6524954054666523,0.8317953492847963,0
5,160,17,5.969719831125246,0.03540602880301583,1,0.6674414521834962,0.8663120281938703,0
5,160,18,7.195694030385113,0.034804718038701055,1,2.1011994035558814,0.5340225409343635,0
5,160,19,-1.764305186431443,0.5573879002943003,0,-1.0734366711315744,0.7281601139351985,0
5,160,20,6.304225507479913,0.07361888152416889,0,5.574502070063474,0.08352122857774916,0
5,160,21,3.8798935252216182,0.1986078072193087,0,-3.195328214789569,0.4144128444747712,0
5,160,22,5.805182860102462,0.055947019348512254,0,-0.08741293882920331,0.9813575528396304,0
5,160,23,1.0860560830214467,0.7251006020305403,0,-2.036184152554881,0.5757086260138613,0
5,160,24,5.498984052396864,0.09392128221615488,0,0.3498133233501619,0.8940658049721208,0
5,160,25,4.06592920769333,0.04829627550448953,1,-2.1581300881559713,0.4802256502991761,0
5,160,26,3.406109983282988,0.28078307994834684,0,0.1419160747457937,0.9608640061861389,0
5,160,27,5.7540825885439375,0.0857095822028365,0,3.752617496226648,0.2948748293462335,0
5,160,28,6.213617582197756,0.050662556684123256,0,-4.163570177848044,0.1952367674574672,0
5,160,29,4.227813391084382,0.17706328546643574,0,-0.9399580202861983,0.7603139473015119,0
5,160,30,4.78007254532362,0.1270301751568862,0,4.102439785671024,0.20029522095765936,0
5,160,31,7.739064501120609,0.005802736873233155,1,1.8735042642060478,0.6104231118116097,0
5,160,32,3.109202728831093,0.3995913999297962,0,-0.07467179860424267,0.9834964327638109,0
5,160,33,12.673603965923078,9.302285050405776e-4,1,2.8855006913500745,0.443531668773841,0
5,160,34,9.039228022051901,0.0057828437919211365,1,0.45597169361228396,0.9007973064362427,0
5,160,35,6.84836439802946,0.05782346722337929,0,-2.469202417853168,0.5137948789936362,0
5,160,36,1.6654451944115323,0.6570589701796207,0,-6.452269888885112,0.027791085225109858,1
5,160,37,7.40519944548744,0.041633271198850144,1,2.134767852003563,0.47436813330243643,0
5,160,38,1.9051084071335112,0.561217904109806,0,1.2123635808442828,0.7309408973382958,0
5,160,39,7.8471137546146394,0.01285134434183916,1,0.9273719074341358,0.7717941575479255,0
5,160,40,1.3046488465943895,0.6658941287047058,0,-2.5687558842144114,0.39832573919217085,0
5,160,41,4.722865047382399,0.17240882316430692,0,0.7657469084790876,0.8381633985743131,0
5,160,42,6.308492101666033,0.10044032595456925,0,0.612336815148268,0.8479887063412969,0
5,160,43,5.224280844890558,0.08495970986783023,0,-1.8863524424883593,0.506094614253676,0
5,160,44,-1.6572964205991099,0.6415970403409812,0,-3.1135440721091356,0.28546981344979094,0
5,160,45,4.829396087875139,0.16318872034749402,0,2.5341577108692945,0.4110174712516296,0
5,160,46,5.451438568508138,0.04896689191612881,1,-2.1707301142939457,0.4770604936006947,0
5,160,47,8.450249103492695,0.008236800029466826,1,-2.8483715022575637,0.30959984299526955,0
5,160,48,6.6128643198075565,0.04159842110008783,1,3.3192988528102205,0.262414267933008,0
5,160,49,7.32059395130544,0.030603590226603184,1,-1.939998405703875,0.5875563578189269,0
5,160,50,5.939875439030089,0.09130975916299158,0,-1.9245965580293642,0.56046566954082,0
5,160,51,9.205308706907147,0.005668054846106157,1,-4.711734303701803,0.12225858317581569,0
5,160,52,1.8326805038098257,0.6356920034035108,0,0.45832155040783107,0.8932587009810561,0
5,160,53,11.19504754920456,0.0022756855865455556,1,-1.629066433589486,0.5738808396885199,0
5,160,54,5.864061799598076,0.06446931511254365,0,2.5482081464082853,0.45129172399565554,0
5,160,55,3.5177048026768176,0.20778630386467375,0,-2.381777302235122,0.4986338603106606,0
5,160,56,-1.5289363679828512,0.6632725722934798,0,-5.053058583753227,0.1324748887074645,0
5,160,57,8.563134995176867,0.014702922628446469,1,1.0979729174959374,0.7054522589986925,0
5,160,58,1.1244787729520027,0.7437187832155334,0,-5.189092792230369,0.09979766820390512,0
5,160,59,6.569083139597183,0.054155996029647116,0,-6.089641896206231,0.04180838513368516,1
5,160,60,2.7270525851141088,0.3704078553699429,0,0.2771234306065935,0.9338309125202384,0
5,160,61,7.804860710335632,0.01639462902770743,1,8.05694321748851,0.019046148742208488,1
5,160,62,-0.04290362214635479,0.9884499026787605,0,1.2504189435426412,0.6523957119934838,0
5,160,63,5.184545094911954,0.16405454089669455,0,-8.638767797050932,0.005038273564355237,1
5,160,64,2.975365415940203,0.351344273336922,0,-0.4545077830139803,0.9043667242381073,0
5,160,65,3.038503374565991,0.3977875963255749,0,1.964600691148135,0.522165151461091,0
5,160,66,3.4158423791245554,0.2814071999526368,0,-3.4977470788438865,0.3377111783507212,0
5,160,67,6.477456591708233,0.044171842668991386,1,-3.1353350206314445,0.30004275267335784,0
5,160,68,5.81059298907725,0.10893512699802378,0,1.9876646291232305,0.6376100502894966,0
5,160,69,4.128075617055586,0.10242932091377885,0,0.06051989750011444,0.986387435030704,0
5,160,70,7.0379147223671765,0.021671978670059343,1,0.8140469920963795,0.8075471855753085,0
5,160,71,13.489462071099396,5.292755827571116e-4,1,0.3280712727515862,0.9192911780862443,0
5,160,72,2.3125558997966493,0.3806350189412061,0,-1.7253745734154222,0.5577943394381448,0
5,160,73,-4.738750202972383,0.11758594511112574,0,-1.3074668005999683,0.6823468049448571,0
5,160,74,10.213257109315279,4.988645748096992e-4,1,3.0889878496482197,0.41628629736632594,0
5,160,75,2.034349461101371,0.508288152179811,0,2.7339374240887366,0.3695085218449785,0
5,160,76,5.876324182976489,0.08919401662696926,0,2.8545574013630954,0.3313309672872291,0
5,160,77,6.062538823746067,0.12861241871358914,0,4.689602938210967,0.172406404957035,0
5,160,78,7.37104177239226,0.014052593502163832,1,2.932182021911615,0.4489529965779657,0
5,160,79,5.0423557635941165,0.13502957211403677,0,-0.820854905459214,0.7250937835640197,0
5,160,80,4.537510128712498,0.16455485923303897,0,3.212264306980856,0.3064714037616152,0
5,160,81,10.189521400407344,0.002088439034079773,1,-0.7718247924576076,0.8075442163496174,0
5,160,82,4.009468322753705,0.1806946848960706,0,2.7366552473303756,0.387489549240564,0
5,160,83,5.523002653377517,0.07897401837442143,0,-1.7753831917253535,0.5367766922551509,0
5,160,84,7.409314772103386,0.003903129224113342,1,-1.8171252546441394,0.4782482049734058,0
5,160,85,5.347364052158127,0.042363991079967286,1,0.058360444916502274,0.985890419002792,0
5,160,86,5.644701653377751,0.0951224434358592,0,2.550857238499475,0.48439126946373845,0
5,160,87,0.36960339888949534,0.9082163241464042,0,-0.3431169163665544,0.9140093239185332,0
5,160,88,2.798639714937835,0.3213730721421544,0,-2.1681119524727563,0.5595878084036108,0
5,160,89,-0.48069557113730355,0.9075198115771917,0,-2.6140147932395905,0.35921257293495545,0
5,160,90,5.183408053491021,0.1664729487854181,0,4.629082629210004,0.08941918004495036,0
5,160,91,5.616526354719326,0.11844886021988345,0,4.0966081705077215,0.2528350276149572,0
5,160,92,6.159738098037167,0.1010892868410343,0,-4.211539473570582,0.18936648905103992,0
5,160,93,10.388159568737166,7.121221592546012e-4,1,3.020408522643848,0.27508895062554567,0
5,160,94,1.2401966302633127,0.6690346904407221,0,-3.3390925318110476,0.3261731739006062,0
5,160,95,1.722669323178394,0.6007627774764711,0,3.5681571071611415,0.27234656221318415,0
5,160,96,8.69765703090009,0.04086400130941103,1,-2.8929730859334484,0.3984786313037385,0
5,160,97,5.844592476676581,0.15427145473615092,0,-4.746398603330491,0.1673141386826974,0
5,160,98,2.3926622871826737,0.4799744714032763,0,1.4455115282892308,0.6869897420467844,0
5,160,99,2.5081395500481563,0.3982109487380131,0,-2.4614481534605233,0.43652472642942275,0
5,160,100,4.147439922861224,0.21137411300188008,0,6.4404415674855215,0.06752990012096965,0
5,160,101,2.4308171590472227,0.4464527520825099,0,-5.234769914998864,0.12171745890058956,0
5,160,102,-1.2622887013407649,0.6679027972612153,0,-0.1256855379519095,0.9652753451351324,0
5,160,103,8.002411604746115,0.01882018729107719,1,-2.898660304588333,0.394901624900869,0
5,160,104,10.231812300346007,0.0034181450069248756,1,-5.676837592521409,0.1015232958126696,0
5,160,105,-1.8598892647912777,0.5786576592409483,0,-2.0623982823869085,0.5429025128872111,0
5,160,106,4.615844186411124,0.1857587825633054,0,-0.5396621278105016,0.8665834196026679,0
5,160,107,9.73527938857788,0.019205019907661252,1,-1.6867643001728396,0.635624942921434,0
5,160,108,6.401255436482785,0.09616640801731485,0,-3.7135822637733895,0.20409475830919646,0
5,160,109,5.677700030647756,0.05933409388429828,0,-2.132498830544421,0.6027079060989222,0
5,160,110,7.121206907740401,0.08950942367487094,0,0.2927403762228096,0.9184982600826125,0
5,160,111,2.88686354844252,0.3443243367975922,0,-0.44563298156495534,0.8904049634688642,0
5,160,112,7.296016972840789,0.02380415061447756,1,-6.13323718385449,0.04576582338396949,1
5,160,113,4.200236853125219,0.28458977009323616,0,-1.3500310885268902,0.6226831726336287,0
5,160,114,3.409230783707102,0.39092949505421637,0,2.1843037238326843,0.5078979564871307,0
5,160,115,5.605238660128535,0.12394464731340468,0,2.4319701248917056,0.5254102436868182,0
5,160,116,4.246698304459883,0.18649138964857115,0,0.01119578471167415,0.9976474686433279,0
5,160,117,1.8775907036221895,0.6515855108806746,0,10.384251822351189,0.008577460995764893,1
5,160,118,9.561772492378324,2.155144613630842e-4,1,2.418484614441681,0.4412168744335935,0
5,160,119,4.675642479277897,0.10260521033193441,0,1.3271870325254156,0.7202593854950253,0
5,160,120,6.055474887321523,0.13410522863119614,0,-2.8261573111301317,0.36803676263744045,0
5,160,121,9.269971025372058,0.0011412358021705123,1,5.28418461978282,0.09639424368423585,0
5,160,122,3.7167804998874203,0.2086509863884612,0,4.238760928496632,0.27512318687179715,0
5,160,123,7.987278404038605,0.018403218305757647,1,-3.8781533697901978,0.20972201305138036,0
5,160,124,2.1303516357081804,0.44190551033088454,0,-0.5287318634270974,0.8824959330422293,0
5,160,125,4.830140708105063,0.1651437984422696,0,0.2460325826532852,0.9415793840336129,0
5,160,126,0.40304484441629995,0.9178732475503848,0,1.4081533985042967,0.6795851347191846,0
5,160,127,-0.3134957107519085,0.9334176084851508,0,4.257652237051033,0.1614923842278312,0
5,160,128,0.44923004100745345,0.9070864148746447,0,2.178482711858578,0.5410731189717098,0
5,160,129,0.6306333714482975,0.859244298438065,0,2.9255421963918877,0.3448827782965167,0
5,160,130,11.186099800430142,9.26673131583283e-4,1,3.5750963202317507,0.3199581789381493,0
5,160,131,3.6268131236171683,0.16331981296706707,0,-3.1378051387185337,0.3559668566939542,0
5,160,132,8.818142801171973,0.005561404590933444,1,1.8693880950335,0.5278189651699243,0
5,160,133,8.056321541259663,0.011932034907780907,1,-3.1654975927989852,0.2674526384832782,0
5,160,134,1.4688691406512788,0.6056059560883926,0,-2.122919701955098,0.5418927885489172,0
5,160,135,7.964351311746952,0.02069619009525464,1,2.47749833531401,0.45700700282420104,0
5,160,136,5.602410573085393,0.12969136858011826,0,1.9468087429803518,0.5824442491104352,0
5,160,137,7.6854407983977495,0.014248825029599019,1,1.2318931675332578,0.7245172407593063,0
5,160,138,5.346226343301083,0.09937563053842985,0,0.8880684519461255,0.7918769316884833,0
5,160,139,4.346053516048414,0.18071777178153955,0,-2.872142960636751,0.4207260684774109,0
5,160,140,5.625072648249102,0.0391688581984859,1,4.20374130513575,0.17411025618946394,0
5,160,141,3.2927986184859463,0.39965465194567096,0,0.22131882149599846,0.950862546312623,0
5,160,142,9.014463128096153,0.00427916515021032,1,-2.5043912537854567,0.31186441321700936,0
5,160,143,-0.881914015424357,0.7903707452305245,0,-2.657644776479998,0.3416535693963516,0
5,160,144,1.9028359513108484,0.5938808471688184,0,0.5686766614527414,0.8488857671682356,0
5,160,145,6.293930880366915,0.07019262390315863,0,3.5354782304052037,0.30796059823638444,0
5,160,146,4.442811823087908,0.2747087185690037,0,-2.298935759268943,0.5167645174092358,0
5,160,147,6.6368656144126135,0.0378351548707812,1,3.656166710276622,0.29784355000856977,0
5,160,148,6.376699604071774,0.02651038155341957,1,12.044013545402365,7.544246953242542e-4,1
5,160,149,-4.249093289428359,0.17930569025813642,0,0.27993085089761394,0.9196273971354593,0
5,160,150,9.139098406629131,0.003426806733314406,1,3.2005215418498523,0.33931862482865316,0
5,160,151,1.370754369311726,0.6466003157173181,0,1.9035137568621252,0.564719635611221,0
5,160,152,5.350989403571518,0.13780074732432657,0,3.0178522740956026,0.33661946523083064,0
5,160,153,3.647405523342698,0.2423656395884491,0,2.0437041449530398,0.46059762514186464,0
5,160,154,3.5599714661891113,0.2874611292137422,0,0.3127209486791571,0.9206888206825301,0
5,160,155,6.1916165015284435,0.11943455610084151,0,-0.64663802865023,0.8585417166354554,0
5,160,156,-0.2135511050784089,0.9461527319639695,0,-2.141894111315267,0.5474584049322825,0
5,160,157,5.204359853867757,0.20418344520722034,0,2.344977683353207,0.39228288109689,0
5,160,158,1.7136056429321087,0.6172983685544833,0,-3.02572916261677,0.24412646137998373,0
5,160,159,2.2819713851190073,0.5005658741563597,0,2.7674299941625264,0.4793700965600908,0
5,160,160,1.9769833737331908,0.5646590014290833,0,-3.739162223233919,0.347758935933138,0
5,160,161,8.655100874284912,0.00532465191203381,1,-0.4308050779032442,0.9102818079980979,0
5,160,162,10.111026732423468,0.006607392267680981,1,-6.198151100004139,0.05241911696479435,0
5,160,163,3.2531254741828235,0.2892329856754977,0,-0.7367309568909945,0.8369696162106494,0
5,160,164,4.85925682526387,0.10387228423075996,0,-0.9662140606551048,0.8035751451180696,0
5,160,165,3.0558961470286903,0.33335277965881094,0,8.158494367667998,0.01750427123654996,1
5,160,166,5.016522080402098,0.11725305065609912,0,1.9310962304361823,0.5620555800468974,0
5,160,167,7.231413210724156,0.03143150965298203,1,1.9335249993947343,0.581929668177245,0
5,160,168,7.733331521241695,0.042872642765087086,1,1.7281387653289073,0.6093096516919949,0
5,160,169,6.059460655635348,0.08959321564955498,0,-2.543198935499092,0.533286248230591,0
5,160,170,8.447066449797234,0.015555571369210503,1,-0.16856588289908814,0.9624906073660697,0
5,160,171,7.017891256113131,0.03331272262816427,1,-1.0410167693052301,0.7607549629818422,0
5,160,172,1.8773553032845456,0.5665183023683642,0,0.4837179965869467,0.8748702796774569,0
5,160,173,3.213082319443913,0.32443026212354087,0,0.3179722883668461,0.9212172874915694,0
5,160,174,4.684158581398009,0.20297565505904974,0,-6.115306020549966,0.062497920090115074,0
5,160,175,9.23038898252878,0.015849431709949048,1,0.9668026962391707,0.7275386912927574,0
5,160,176,6.0842259979834665,0.13156567532260788,0,-5.037823109795852,0.1522931369098896,0
5,160,177,10.822424748394099,2.2130239849943673e-4,1,3.205720962001706,0.3668054444030696,0
5,160,178,4.3428632211928,0.1599745278990283,0,-2.219566782081813,0.5642676071247443,0
5,160,179,3.385464414537708,0.33877410913818873,0,1.5255272030576634,0.6083793906941589,0
5,160,180,2.1445475722350693,0.5319352830846404,0,-0.5546421819123282,0.8560329159560042,0
5,160,181,1.0589340298742798,0.7697605226802225,0,-5.103595984150843,0.13718282612900806,0
5,160,182,5.6044463259447355,0.09893420672288675,0,0.6255972614217455,0.865204899161611,0
5,160,183,9.73085686016718,0.0023520528343432033,1,-3.81744581036331,0.2517021248940491,0
5,160,184,5.3467076984353525,0.1133194451816721,0,-2.0156883982672866,0.5600846948747338,0
5,160,185,4.104205556557602,0.14207740928872123,0,1.1113752833991413,0.720114619038892,0
5,160,186,5.790742250303907,0.0786527344612944,0,-3.5480131658058838,0.3701382476699431,0
5,160,187,1.2141225419758968,0.6984368130772077,0,1.97996289733193,0.5637507109180566,0
5,160,188,5.092580223264193,0.14733390204735303,0,-1.2774393167088363,0.613512927152301,0
5,160,189,9.763838491021062,0.006303479958989668,1,4.551429494789431,0.17671918507476694,0
5,160,190,5.6984814386535305,0.0999517895272527,0,-1.0228028288589002,0.771304366834588,0
5,160,191,2.8969923346590747,0.40312166194110033,0,0.6535242673823376,0.8588840244819741,0
5,160,192,3.4059842275598555,0.3050055622422942,0,-2.5940992520863517,0.4613461707357176,0
5,160,193,4.1338398385666295,0.23986711835070562,0,-5.566775997532304,0.13102052004788603,0
5,160,194,3.8312524593243182,0.25921737524796795,0,0.142733974314865,0.9645702925843315,0
5,160,195,6.49815881989133,0.03989986039812709,1,-1.4645717372872014,0.6891337935920794,0
5,160,196,7.8677902564791395,0.017290394931319248,1,-2.730959407162416,0.4888663637893669,0
5,160,197,4.999150162412661,0.11735384448764304,0,-0.08872778165920181,0.9775303868050667,0
5,160,198,-2.016165023812448,0.5439612510110643,0,0.559401406650764,0.8662530675645334,0
5,160,199,5.719058807351431,0.06350772054210488,0,2.581864761058725,0.4611369003418918,0
5,160,200,8.418762591494144,0.010380704126508647,1,-2.1820652878661093,0.5394282595193471,0
5,160,201,4.947411567689244,0.12517461165479069,0,2.306364822232567,0.5000396535435402,0
5,160,202,4.847599680749582,0.14041021469214376,0,2.243383828224509,0.48640998881989983,0
5,160,203,-0.6739309439857664,0.8670812582140689,0,0.40861250283117556,0.9012871853337383,0
5,160,204,5.792909354171627,0.08860527421658639,0,1.5654537715709296,0.6489082659896808,0
5,160,205,9.500645683612035,0.0072375882555473885,1,-4.020808539967732,0.23329539876167343,0
5,160,206,8.549003978294735,0.011984424753138713,1,0.42747208235643086,0.9108655549146805,0
5,160,207,3.4478841568831626,0.2889113371895584,0,-1.7128425550211546,0.5613140720815654,0
5,160,208,12.288818827490587,2.520408094723258e-5,1,-0.9987825486062292,0.7525509649827811,0
5,160,209,8.758014055535426,0.002486785793493122,1,-2.4254878030258027,0.4281808452690561,0
5,160,210,1.765321468470546,0.602556227622113,0,-0.9377260944788475,0.7701922357560872,0
5,160,211,-1.5572658354610098,0.6901937859410663,0,-0.2079170202188294,0.9441510598427288,0
5,160,212,6.739460877329819,0.05864380989291929,0,0.03214894469869023,0.9891976625289558,0
5,160,213,5.341886189213739,0.07372194486909282,0,-0.9345785781896296,0.7975521941825271,0
5,160,214,6.008767389524991,0.06011118328328793,0,-4.071282162362849,0.23105833369911394,0
5,160,215,6.780611000026795,0.028878790761763834,1,-2.023454396954051,0.5128021571644594,0
5,160,216,4.973234003289534,0.1181257240321028,0,3.468867837805732,0.3080222066126726,0
5,160,217,0.8274910665106745,0.7626514685426378,0,-5.304268713817436,0.08635107644375964,0
5,160,218,4.402035688032541,0.24050902937567742,0,5.386341812528258,0.08143051286763199,0
5,160,219,8.596447565422011,0.02443003619417302,1,-7.585973401899253,0.011638753725948773,1
5,160,220,2.707797953522956,0.35730736778314287,0,1.0694181795948765,0.7505659706252504,0
5,160,221,-1.2434998893701987,0.7250459377652738,0,2.4530478785224545,0.520786610289316,0
5,160,222,10.589168835184296,0.011673212234469358,1,-5.7870763328738235,0.0850764567898021,0
5,160,223,9.043764707320022,0.009577698746693357,1,4.251314798078226,0.16815669102828726,0
5,160,224,8.048516508429614,0.027024951687959865,1,2.3959435454127345,0.4721033060837049,0
5,160,225,-3.482175645196037,0.27193879372631147,0,2.4884696774557398,0.4438529628407899,0
5,160,226,9.69879344967535,0.001841829728226018,1,-2.9798927294355195,0.31510879042412254,0
5,160,227,-0.07156292162606803,0.979606723959409,0,1.264966710623483,0.6973352846783994,0
5,160,228,6.488043456068766,0.06709534940877718,0,-2.5581055159982355,0.42684444258116017,0
5,160,229,4.547948484500978,0.2021600100157045,0,-4.549996684415746,0.1875726581782978,0
5,160,230,3.3404110721053826,0.34091377196218253,0,3.1054818372840174,0.3403055262113821,0
5,160,231,3.4610160571578774,0.3396815102138434,0,4.123304121817938,0.20982074464535533,0
5,160,232,4.962123703435509,0.11975945283754313,0,-3.851623860092559,0.32275952188619994,0
5,160,233,3.2926893096679066,0.3501838344202116,0,-0.943726414778169,0.7752625022402901,0
5,160,234,0.7182590195325815,0.8297909939096738,0,1.2112621603078537,0.705860269044808,0
5,160,235,4.034748052928279,0.19040104409305336,0,2.659210493267395,0.4216317215243549,0
5,160,236,4.613058168000137,0.1484247277649703,0,0.9647458137694969,0.7843194356659593,0
5,160,237,0.8947134854736447,0.8086411041943022,0,-0.11935716009907082,0.9744817966130042,0
5,160,238,7.57398334586604,0.016207148268825262,1,4.785198830953746,0.11435973985842145,0
5,160,239,3.84569495179241,0.2249941814078933,0,1.615511819786832,0.6746823952798855,0
5,160,240,5.198642919530457,0.07077597223036365,0,1.0979269003590275,0.7522374403610008,0
5,160,241,1.7585603848782796,0.5589614365012703,0,2.2165776027542563,0.45439180184489325,0
5,160,242,4.3974436864795194,0.22888791409250672,0,3.406023717702837,0.3840746350936608,0
5,160,243,7.994407520949565,0.007561251734198851,1,6.639274578954769,0.0856385009669343,0
5,160,244,4.023511408363333,0.1765989466623563,0,3.3592252390660065,0.20844756603201167,0
5,160,245,2.1127828211552924,0.5181739417426126,0,-2.09354600931637,0.5281494251721089,0
5,160,246,3.77042644883106,0.1868409459323785,0,9.782067417716021,0.011817153061783664,1
5,160,247,6.581508095155357,0.013887324561555057,1,-1.914566126141409,0.4952824525626801,0
5,160,248,10.935178746183695,0.004269419311790805,1,2.846452762345848,0.3018019957186236,0
5,160,249,-2.708901171924907,0.3118069100803486,0,-2.271444023187655,0.4555651759318817,0
5,160,250,8.006826522542994,0.028704396998953812,1,-3.3637006508208174,0.3633438655236797,0
5,160,251,-2.310162006116144,0.54033418716886,0,1.9405861962847126,0.5661544369158631,0
5,160,252,6.4896321451331005,0.031938591244796255,1,5.250637244329269,0.105505936935217,0
5,160,253,-0.20623595436066466,0.9481460119272392,0,0.45383103625096055,0.9000871444049656,0
5,160,254,5.373239440521772,0.12211557934674655,0,-3.4272625555785936,0.31173890972291646,0
5,160,255,5.951840758804963,0.04717493867686088,1,6.472422237095472,0.09368723691115373,0
5,160,256,4.683052860676568,0.11946291862821778,0,-9.843837349694951,0.0037135939708665897,1
5,160,257,1.0119239049994064,0.7793786328587184,0,1.8432145450490935,0.6287499603440978,0
5,160,258,2.282087375887272,0.3933751596755741,0,3.7745040678074275,0.2883707615974009,0
5,160,259,5.51545205438498,0.11285089157084516,0,-4.525981175149681,0.18631497700596417,0
5,160,260,6.925969401217316,0.04249845181191554,1,2.1629189180543307,0.5947687169907789,0
5,160,261,4.24746184420917,0.16703765073932902,0,-1.009174662838987,0.7365189692277725,0
5,160,262,1.7745153932524005,0.6297887380712016,0,6.114562895386868,0.04897319173161808,1
5,160,263,6.406506348582084,0.056368811306708407,0,-2.516071946629978,0.4489511692326481,0
5,160,264,8.184419008952176,0.021544097552645927,1,1.976523095494798,0.5146854945383034,0
5,160,265,9.643402344932852,5.845511281477662e-4,1,-3.132738716332298,0.3641471927728318,0
5,160,266,5.726013410134826,0.056632599780166666,0,4.446703299966515,0.12064564659020059,0
5,160,267,0.8285102006886262,0.8043987103135694,0,1.9441459475365406,0.6202484367914156,0
5,160,268,3.7854380364446456,0.2390370582627913,0,-1.848652275217617,0.5938930438638772,0
5,160,269,2.6940781552089987,0.4344158338656684,0,-0.1392959185774174,0.965960753119415,0
5,160,270,2.932960463021473,0.3662012360001181,0,-2.6342526811286717,0.3959969987134806,0
5,160,271,6.730421445106472,0.08445094013177305,0,3.2276057144972725,0.24985025106990502,0
5,160,272,4.911861802017043,0.16347047679533783,0,-1.4281722566896775,0.6079572637430031,0
5,160,273,10.175957979268688,0.010347826259271883,1,1.5806371878576186,0.6117358847398373,0
5,160,274,11.375494859229491,1.0181477543455135e-4,1,-1.8769736772856902,0.5447953858856841,0
5,160,275,5.7959723504160365,0.0947799799425984,0,1.426987350965888,0.6588359976303967,0
5,160,276,5.734656646878875,0.0962846055275952,0,1.9831753227168178,0.5838752956035179,0
5,160,277,5.908115306469426,0.03622094057545422,1,1.066939443015798,0.7640854622532061,0
5,160,278,3.6744468930013596,0.2459423330300548,0,-2.98553621445042,0.3500033088921203,0
5,160,279,1.5642440240056317,0.657853145757547,0,-5.356650928683422,0.11111782166260818,0
5,160,280,5.313574949178388,0.11102547348288377,0,1.5746107942878353,0.606960931768407,0
5,160,281,6.913869877994969,0.06540720958713724,0,-2.136263897600614,0.5261741433816869,0
5,160,282,-0.1444339078880006,0.9679919702938125,0,4.656983534894039,0.1675692851716965,0
5,160,283,7.783856661875845,0.021815781014303294,1,0.7548641534986587,0.8494692803456529,0
5,160,284,-0.8800206423896384,0.7948157268837222,0,2.895199256795749,0.36061199155832,0
5,160,285,6.876571263709778,0.026802783952673426,1,-2.2577080856610934,0.5459203894335122,0
5,160,286,5.793314944270392,0.14134478495717653,0,1.4790253892240628,0.664347296587221,0
5,160,287,6.111062323620715,0.058282838738208026,0,0.019138084022188195,0.9955862956483478,0
5,160,288,4.62655417012013,0.24708378107380474,0,-1.1224884265158863,0.7284397782884033,0
5,160,289,0.10428903984194449,0.9759897722034785,0,-6.783071074093911,0.05102996173388496,0
5,160,290,8.410284013263976,0.01687721179296623,1,-0.6741419506679449,0.849706592629345,0
5,160,291,4.300552828634537,0.1953789177413429,0,6.858458197811686,0.015596908731815354,1
5,160,292,6.532699229896863,0.05431342145529419,0,-2.205091791541875,0.42667233404840044,0
5,160,293,14.735803385410293,6.339041357199231e-5,1,-1.6082392082434893,0.6684959870907091,0
5,160,294,6.570952728093232,0.04207513993577782,1,7.635387874229792,0.03470930337937252,1
5,160,295,1.8118131162179765,0.6117215708985533,0,-5.053345891953356,0.14102265753866194,0
5,160,296,4.48729561664787,0.13799042260921635,0,2.2793247780131196,0.48124783001614513,0
5,160,297,5.949657313484423,0.045245991695990403,1,-2.2091770381729816,0.501496479566499,0
5,160,298,0.4236705701245853,0.89638981129868,0,-0.07488410883513552,0.980813822001544,0
5,160,299,2.7178691929630645,0.40122318736184504,0,-8.256249700362403,0.009505946368536878,1
5,160,300,3.247238083816953,0.2791780568091117,0,-1.9612497810225449,0.5429268471458318,0
5,160,301,8.623046991260225,0.01744445577534883,1,0.4189347337749183,0.8984975346195423,0
5,160,302,2.557223944059615,0.43643947658254334,0,0.8948832133879421,0.8178500013839523,0
5,160,303,6.688558112416999,0.03893421694260025,1,1.8207095784162846,0.6096052335866367,0
5,160,304,3.1697322802806696,0.3395363924201349,0,2.7164494116644278,0.4236497770641092,0
5,160,305,1.3041135390348728,0.7265544187093718,0,6.452550052404931,0.019397827469706204,1
5,160,306,10.436774648172502,0.004023835490749401,1,4.269350303094555,0.25534016739370824,0
5,160,307,7.474737424447341,0.04407868053335682,1,2.799919113191919,0.48041453535774425,0
5,160,308,2.9884115769019246,0.41867886001293875,0,-4.650737755518037,0.1351733856451718,0
5,160,309,5.04640214305023,0.06714714374355911,0,3.7289098394227977,0.28025413309648983,0
5,160,310,5.979530586076507,0.07092278598678599,0,1.2554602771010082,0.7465741419053,0
5,160,311,5.607483571472201,0.13453773769555874,0,-0.11360162141430408,0.9717717480773485,0
5,160,312,8.246878487666066,0.0108362694715777,1,5.861277102931467,0.06231231386704854,0
5,160,313,4.026203695816079,0.2543999818168949,0,-4.186257544277183,0.18477055597416533,0
5,160,314,-0.8374453095298691,0.7789260342466662,0,-3.5136633547486724,0.309265256236096,0
5,160,315,7.168828295279056,0.020674138657793974,1,-1.9468432370190953,0.5719494819069967,0
5,160,316,10.51350266537689,0.008961722540026255,1,5.856804596369599,0.08653496465918557,0
5,160,317,-1.311022055501283,0.7030052585287514,0,-2.238169510280386,0.4514990280266381,0
5,160,318,7.6695289255115,0.03173577591101133,1,3.7154881798137325,0.3294177669743076,0
5,160,319,-0.6705313652764318,0.8459908861469896,0,0.11735429653835183,0.9630531984706278,0
5,160,320,6.631074080135434,0.04747251740758703,1,-2.019224325065011,0.4952366436845568,0
5,160,321,-0.4371901257069766,0.8985499516511316,0,7.965832678341442,0.029243372925536776,1
5,160,322,6.919712969280965,0.04840682804770663,1,0.22910175237036867,0.9348012241708848,0
5,160,323,1.6671965870177985,0.5590601202529277,0,-2.8100124411562177,0.2948833526432081,0
5,160,324,3.3237866316210614,0.26182690038243384,0,-3.8589651443631396,0.15492604999069592,0
5,160,325,7.144605650253624,0.021617727090988213,1,4.602535018067357,0.14080753517066208,0
5,160,326,1.5651082398300815,0.5978151682219099,0,1.0058104937754138,0.7750363371885204,0
5,160,327,8.8761047176761,0.009341898254240897,1,2.3036718196322283,0.47424295550618534,0
5,160,328,5.962718284053224,0.03698046880219345,1,-1.6219285300465316,0.703343508694549,0
5,160,329,10.973447958563469,5.724315101159794e-4,1,-4.082389083403413,0.19599702336282002,0
5,160,330,6.60868180945171,0.0687814029471645,0,-3.170487193501586,0.38858171724064405,0
5,160,331,7.281891705698158,0.05518395053166137,0,-4.342752623250277,0.19946493524030157,0
5,160,332,5.332822922431646,0.08784253474240154,0,-4.772609736299046,0.13035233327954665,0
5,160,333,9.327094537284836,0.004143787249159036,1,0.4950384674275057,0.8859841967726488,0
5,160,334,8.816697742018576,0.012919730918709075,1,0.2889182871582534,0.9243691026853643,0
5,160,335,8.640142966807346,0.00491056600290281,1,-2.715432673299489,0.41161306267670894,0
5,160,336,-1.803166009758911,0.5882260050929367,0,-5.7532181109428535,0.04967939003111423,1
5,160,337,6.989491877998319,0.05987018741865138,0,-1.0080647043237576,0.7847301344369045,0
5,160,338,3.979951245597505,0.23301609158654837,0,-1.8324280974594274,0.6240952555264578,0
5,160,339,6.671145297132185,0.03328751869912002,1,-1.8343491396476992,0.5654684941484858,0
5,160,340,0.6434764808518878,0.8462454299070448,0,-0.2971397103870288,0.9207298430929733,0
5,160,341,6.435662118668475,0.033670372864951136,1,-2.1859715701618825,0.5084748433454049,0
5,160,342,0.5698075960893192,0.8859363763768473,0,-1.5009168464094813,0.6445105533389924,0
5,160,343,5.737257937895691,0.132742981729486,0,4.47561899661234,0.22466021395398975,0
5,160,344,3.7565509415215956,0.26928276282580155,0,-1.892771144108508,0.571730367190818,0
5,160,345,9.887465382373207,0.006844869029787287,1,-0.7547321464831498,0.7974102143800362,0
5,160,346,6.368524377841624,0.04465621149795825,1,-6.8468688585297315,0.05860352257142231,0
5,160,347,4.169491652292521,0.2658952021071499,0,6.029917061745465,0.04164458783996355,1
5,160,348,3.677735553595383,0.3067243840566298,0,-6.359282564480637,0.0291988936838651,1
5,160,349,7.176033391596789,0.060154651654644814,0,-3.477652274655668,0.35372416401380846,0
5,160,350,1.9844536471013612,0.6096107497949094,0,2.0188898934513304,0.5310056097019178,0
5,160,351,6.111208940485199,0.07950351036725493,0,-4.289918482930702,0.23340224855231248,0
5,160,352,4.167494087356658,0.25262705996809864,0,1.2424726935906278,0.6756891943592888,0
5,160,353,2.340168519628307,0.4310472455907326,0,0.4864125286827061,0.8846719287491347,0
5,160,354,6.597801935119534,0.030417335163114873,1,-3.3502486710562067,0.2521003020481117,0
5,160,355,10.713601797904914,0.0014870308750759005,1,-1.8899294730620824,0.6047570605309984,0
5,160,356,3.783112437563048,0.3319718375226758,0,2.1536670298567344,0.4006441249290231,0
5,160,357,1.81270384507215,0.6535885083622489,0,2.9596910040447995,0.3725714807242564,0
5,160,358,6.802703094871802,0.03580028378732741,1,-3.8438299698754577,0.20665410884413596,0
5,160,359,0.5558264329805098,0.8658533086473117,0,-1.6261037541022176,0.6432290248728432,0
5,160,360,3.6305963409974424,0.26851553841651,0,4.735111428534125,0.21730285969939905,0
5,160,361,2.1413758682822817,0.522748934419922,0,7.825418033048777,0.012536307370092061,1
5,160,362,3.8841009859836646,0.2190427831648094,0,4.821993326498088,0.13603607434368062,0
5,160,363,4.130049971640133,0.21567922659729494,0,2.2595417161834774,0.4270364632595157,0
5,160,364,4.425545201315984,0.2736560869013772,0,-0.11870804673064583,0.9720043288430217,0
5,160,365,11.222742241580505,0.0057469671208073,1,-2.041230228789402,0.47737419638847334,0
5,160,366,0.22954039448855212,0.9511993118683331,0,-2.1494725228971134,0.422309478883076,0
5,160,367,3.4789707296265817,0.31379307962447894,0,2.3280809728837824,0.48989332412079656,0
5,160,368,4.7797400087703465,0.20236670923947483,0,-4.080202749277362,0.23136244908444964,0
5,160,369,10.95263303654977,0.0020793252509841496,1,-5.141546819766589,0.04990361771723534,1
5,160,370,5.270043382111709,0.1122717346732583,0,-1.7313502451280556,0.5750230484562467,0
5,160,371,6.138063269130214,0.13066528792872006,0,-0.3990508925076597,0.8768522053577836,0
5,160,372,12.862264958450183,4.987158419426896e-4,1,2.574646266975293,0.42605063183941494,0
5,160,373,2.4332865211392516,0.5026238277865283,0,-0.918187604131603,0.802785383552455,0
5,160,374,5.198741078957283,0.1651653803963433,0,3.303501597416073,0.25094649226010907,0
5,160,375,6.219009803979077,0.06391384370899285,0,0.8124795067425339,0.778868065065218,0
5,160,376,4.465112264693516,0.1980436208677616,0,6.011795283833763,0.10783264629427605,0
5,160,377,3.01876689029784,0.37106026691064875,0,-1.8396344886533882,0.573802825176869,0
5,160,378,1.2461513591410238,0.6569618150856205,0,0.4748450674529181,0.8944748091002248,0
5,160,379,3.791705521355965,0.2150853869656806,0,-0.3407879988348128,0.9302887020157562,0
5,160,380,5.480588194365225,0.14716459602639437,0,2.4897080814591988,0.38362548944406727,0
5,160,381,4.108926054662703,0.24626656319308185,0,-2.160639800380764,0.5144327257681618,0
5,160,382,6.50645780720464,0.07124956770631825,0,-4.263814767164476,0.1516388574567093,0
5,160,383,4.3755841590937905,0.19029725545852189,0,-7.215535372080311,0.044900047952836475,1
5,160,384,5.502680487020726,0.10566848373118208,0,-7.069523677444963,0.04109158946598042,1
5,160,385,4.362271786721266,0.20433061398335675,0,-5.55888684391158,0.02843489944685572,1
5,160,386,1.7716817412097754,0.5821137402709762,0,5.038292371366168,0.09433076227208821,0
5,160,387,-1.0090223045942537,0.7541224368291313,0,-0.958523181411465,0.780169997473746,0
5,160,388,1.6471794052530129,0.6203439162098994,0,-3.832708523425339,0.24037146006173443,0
5,160,389,5.925239079134769,0.0880874925327394,0,-1.299165067353485,0.7189790183963706,0
5,160,390,1.9403140912300216,0.6412924575704426,0,3.2091876777456747,0.32329798034192647,0
5,160,391,10.560573756216996,0.0032800705781321072,1,3.5342071666591153,0.30203687425752995,0
5,160,392,1.1355845450198387,0.7234488614703194,0,-1.6261142944879197,0.6309104860258683,0
5,160,393,4.535079097355364,0.13478413581434107,0,1.7762834494915154,0.5376070607205933,0
5,160,394,0.10499999696315854,0.973689545158916,0,1.1362992649347774,0.7459780780415852,0
5,160,395,9.304356829213944,0.010712079802711515,1,5.5987538814974585,0.14448806682754417,0
5,160,396,5.5869861386226916,0.14230863391265333,0,3.5030633992172113,0.27104111967108513,0
5,160,397,11.924722588458167,0.001507975203658279,1,-0.02673877996367935,0.9919472099942219,0
5,160,398,3.030840671588024,0.4209835571253613,0,-1.3915844385901153,0.6771757718674835,0
5,160,399,6.145212740913948,0.0348848302328961,1,-4.322886777398637,0.22910609482383734,0
5,160,400,8.574735632968526,0.009086815482554722,1,-3.481958877673563,0.257815993112459,0
5,160,401,1.8934163745213368,0.5675861452733864,0,0.7138312551084312,0.8210508416062062,0
5,160,402,4.039371297713473,0.16286684684897235,0,-3.3851575858442686,0.32306018397535485,0
5,160,403,-2.6868717129653135,0.4638692613404679,0,-2.855993505397251,0.35266666296474425,0
5,160,404,7.0271031815425715,0.021387660518033973,1,0.10634668916401324,0.9718352762702622,0
5,160,405,10.004554587171015,0.0035342949914916465,1,-3.4378149555512465,0.3554241183779101,0
5,160,406,3.5190188705319088,0.34493963681841144,0,-6.139274081007784,0.07428241613741314,0
5,160,407,10.93390998853971,6.477895624775015e-4,1,3.025024968780059,0.30940549816708,0
5,160,408,8.262037499897417,0.004806574107891299,1,2.8171226125797233,0.3877606614371185,0
5,160,409,2.334129467560487,0.4672065675208379,0,1.4550021195378378,0.6777535475184833,0
5,160,410,6.941151951640791,0.027734169663069727,1,-3.847601098250891,0.14660064562733172,0
5,160,411,1.9041393308056627,0.5240082781842553,0,2.0772899342680518,0.4989074964967547,0
5,160,412,7.147069340984245,0.03408396397745054,1,0.5714728595007728,0.8455106422660595,0
5,160,413,5.387785192420068,0.12455802849901686,0,-1.0775263092696434,0.787396176905244,0
5,160,414,3.7215833376489798,0.3809246801830406,0,3.911026557595193,0.21664548127663155,0
5,160,415,7.582868474958033,0.03603596166877067,1,3.9295826431201846,0.29379914363737764,0
5,160,416,3.2655965548092922,0.3813067843394443,0,6.984014156032586,0.09390964030449471,0
5,160,417,11.487195347974051,3.54578012639779e-5,1,3.4598328477439964,0.2789606234633992,0
5,160,418,0.2876165318988484,0.9253845346732683,0,-0.06979740082596209,0.9839893559515971,0
5,160,419,3.1860629516176147,0.35588824420097886,0,-1.5911709386230797,0.6794866763465026,0
5,160,420,4.611462469450032,0.16904536722754673,0,-3.9757241994568773,0.2598198603354498,0
5,160,421,1.6176841578915742,0.5684711497880806,0,-1.7146320745134176,0.671086855747804,0
5,160,422,7.935963994813022,0.016007848383350953,1,-2.1399141498750396,0.5280698670266932,0
5,160,423,4.7742242955377066,0.2086000842541768,0,1.2196182163546325,0.7750227618314691,0
5,160,424,3.0022451820997276,0.3305322330814472,0,-4.4394821577483725,0.23651399434418702,0
5,160,425,7.050046051601143,0.031363034398405945,1,0.9726875768692338,0.7901531334168728,0
5,160,426,6.559884151368038,0.009594373278521225,1,-4.6154261963641545,0.24830562048055885,0
5,160,427,1.2634720111815056,0.6953928299818577,0,1.2545070729719754,0.6567646436048538,0
5,160,428,5.833569049441493,0.06420543963408598,0,-0.46815403183805415,0.8930876036000274,0
5,160,429,12.513460376282538,8.341711816026899e-4,1,-1.1124599898439556,0.755605025323328,0
5,160,430,2.5850420479394387,0.37056300602369585,0,1.4912093878101729,0.6696761745328975,0
5,160,431,3.2003065803322244,0.2830822661489396,0,-4.116716959512786,0.2097254248465667,0
5,160,432,6.4688664264640465,0.0440504978670971,1,-2.8237028600094902,0.5103708325210604,0
5,160,433,8.205466272353249,0.010947462717667744,1,0.24904595873320545,0.9352938823292862,0
5,160,434,6.323982646334926,0.055565877996828855,0,0.5746185154086163,0.8482033982671465,0
5,160,435,6.671671489369217,0.032124530129012514,1,-8.442716273440368,0.029895912143171093,1
5,160,436,-0.2970047302742529,0.9234181029999059,0,-0.2564194505692541,0.9391687478485118,0
5,160,437,0.8422722292282572,0.8009856706881908,0,-0.593158338828502,0.8637216549646597,0
5,160,438,13.799870847078836,1.6126991610032658e-4,1,1.2086935179304419,0.7440193308378582,0
5,160,439,6.565893593362546,0.052201819565891636,0,4.811220910934509,0.16581477080828402,0
5,160,440,5.5908307513393964,0.15214912733232086,0,4.958441552592149,0.11035603332862666,0
5,160,441,3.151478309073184,0.3525896988180136,0,-0.0026274715105500945,0.9992470637904595,0
5,160,442,7.64871597698388,0.03392758855875143,1,-3.7848695977935023,0.2182067207603304,0
5,160,443,8.63631383663126,0.028437743453746958,1,-0.5107196108636316,0.8798646508601,0
5,160,444,9.82925835287243,0.008192042588773199,1,-2.9352263732579758,0.43296620156814003,0
5,160,445,3.1960278701912017,0.38270770384141406,0,5.0539960622617315,0.1521981401188204,0
5,160,446,12.270632318527433,9.733135329406614e-4,1,-3.820894618331181,0.31934842428875765,0
5,160,447,-0.13466292558838688,0.9637158876769798,0,-0.263235619811212,0.9458949732289745,0
5,160,448,8.249474751283813,0.006295222860606634,1,4.220710886104385,0.13771313760375492,0
5,160,449,0.5901438583633478,0.8611188101495079,0,-1.3113768593767645,0.7039999205962936,0
5,160,450,4.575049927765676,0.23428173752197248,0,-1.4567310896378842,0.6752167792392361,0
5,160,451,6.147789236728187,0.09698204709352241,0,2.5510048135479764,0.4755208447999948,0
5,160,452,7.527734851798726,0.0327556674436207,1,-5.802569586200363,0.06833464023359086,0
5,160,453,7.793546360056311,0.03548402802192939,1,-8.20897985787083,0.043086948604493996,1
5,160,454,7.167622813310629,0.022913704984876007,1,3.7420687381149236,0.27431137023768504,0
5,160,455,4.118598646645637,0.14509838402361228,0,2.861269287977862,0.42428464043722647,0
5,160,456,7.946216414473213,0.022912474026019616,1,1.9746416490871042,0.5996961888554286,0
5,160,457,5.3664199741671155,0.10544565045607489,0,-0.2416024974526465,0.9399893156095757,0
5,160,458,7.078039498204589,0.06984519050138174,0,-5.572633826632838,0.10376080562736949,0
5,160,459,7.72452098924029,0.01472314651807088,1,3.8152915487943204,0.34254488438592967,0
5,160,460,3.1175583433697653,0.35215000054888346,0,-3.154034969583279,0.38851352635458924,0
5,160,461,6.50004196628629,0.078265341222966,0,-5.691549192822009,0.08855468257267803,0
5,160,462,4.842581815436674,0.16239202422715618,0,-1.7057496025459784,0.6366568947376894,0
5,160,463,8.17205537644881,0.010673853148424027,1,-6.853038962182069,0.04701806795852805,1
5,160,464,5.802585578967623,0.04956449532055056,1,-2.099926856572864,0.5295647255118311,0
5,160,465,5.146336105056378,0.12803552053387066,0,0.6323029592942362,0.8196376224783041,0
5,160,466,-0.9184797742102973,0.7795562600860403,0,-0.17490636049056718,0.9613431483519163,0
5,160,467,2.1548506809012338,0.5186707127510843,0,1.6275410132028014,0.6293985506679565,0
5,160,468,3.8336563182724888,0.26921098198501386,0,2.7295148664465643,0.35206958510860265,0
5,160,469,4.241174892770644,0.24812816847458147,0,-4.090651750486671,0.22358379961153124,0
5,160,470,8.202417824232683,0.009596096846719762,1,0.011731187220107131,0.9970045290219426,0
5,160,471,-1.4445841686095662,0.6218315130193122,0,-4.346705529049601,0.17697737411141293,0
5,160,472,5.941431861447882,0.10303605873094242,0,0.04355910581814726,0.9870206914046145,0
5,160,473,7.7852347990732085,0.032201552090091116,1,-3.0319780484681047,0.43192635388923406,0
5,160,474,7.306476593889997,0.012449903876140117,1,-0.8178132045016326,0.8256939898036342,0
5,160,475,6.1190268563274515,0.07078049300685588,0,3.4986301700479885,0.3422754617899325,0
5,160,476,3.681880174591754,0.2065508160509219,0,-2.397865646668734,0.4877208920616567,0
5,160,477,4.340742415396932,0.25040433843163096,0,-7.854952634979796,0.018839865571859588,1
5,160,478,4.847505447577873,0.12568589549286988,0,-2.997605952235787,0.35918247842514095,0
5,160,479,6.169229237831345,0.04621780131767794,1,-5.082507225950621,0.14106578754409202,0
5,160,480,4.724595884802284,0.18202702371797777,0,1.2262941115044441,0.6990373287417458,0
5,160,481,4.632468639045797,0.13680266111808145,0,3.997936420736025,0.2815107499567136,0
5,160,482,2.570532613283376,0.41502922400612574,0,2.026536070607449,0.559502924043931,0
5,160,483,7.754831561563108,0.0346648899021117,1,0.5191903811955996,0.8743399500949394,0
5,160,484,11.022751275772151,0.0010759999839487172,1,-2.064714483983792,0.44288686634087926,0
5,160,485,7.0177053042519475,0.039481620368402345,1,-2.3099932698810477,0.5161292611587782,0
5,160,486,6.14856047614829,0.06643377440223973,0,-1.6159678199424974,0.6662718262550651,0
5,160,487,2.5175652813380083,0.4777335584282587,0,-3.024469690471676,0.3058013473482039,0
5,160,488,1.6583878539344568,0.5775547401472967,0,-1.8354050436816323,0.549680386168544,0
5,160,489,3.6279150652879224,0.19125012387229154,0,3.009555795559237,0.36184328050365866,0
5,160,490,5.929373216026491,0.13581627094528384,0,0.6044579767468576,0.8604345663978445,0
5,160,491,-0.9570815487270181,0.7909444681165643,0,3.665135575806147,0.22535309667380052,0
5,160,492,4.746790239858271,0.1847895147498228,0,-1.3458688812917785,0.6936422414217187,0
5,160,493,4.617048371493311,0.19256118866756136,0,-1.108366974488817,0.7170404429016757,0
5,160,494,4.698464107161826,0.19161847177241123,0,-1.880467153303357,0.5298584306847492,0
5,160,495,6.89087679007001,0.017931553241494733,1,-3.3251094701740556,0.3029664066770527,0
5,160,496,2.548547736456584,0.40857160875434584,0,1.920720381917974,0.5460067624855784,0
5,160,497,4.6054207520218,0.11102749483367,0,-4.514836556073831,0.1675158492779944,0
5,160,498,4.67006243095372,0.2060292382223299,0,-2.887673194463318,0.3987811116456833,0
5,160,499,6.415063987785857,0.051364271995393423,0,-0.23055888539246894,0.94672495604207485,0
5,160,500,5.274220096379366,0.12274478862038395,0,0.5207612949904217,0.882604533447562,0
5,160,501,1.6567662066511701,0.6150132943894129,0,-3.5261656153393375,0.22786519305364406,0
5,160,502,3.583390715811163,0.27726853396372275,0,-2.084147407470212,0.52712565957485,0
5,160,503,7.056050273797027,0.017295470172119142,1,0.08533552332707472,0.977247089795787,0
5,160,504,15.312672937906314,5.524968715482798e-5,1,3.8775289942494027,0.21047383474252518,0
5,160,505,4.941688240309844,0.12135713590758995,0,-3.2310928183650702,0.35170203162587654,0
5,160,506,2.771166952728734,0.4128878006032547,0,1.8354193138131336,0.5996887033028618,0
5,160,507,5.759553340089781,0.07234892947392954,0,0.8075548608196925,0.8183216962413392,0
5,160,508,0.7266539908290071,0.8501128738283897,0,6.9346088829198465,0.036598459721622005,1
5,160,509,6.154095426071095,0.09042068605204968,0,-3.0571241392626547,0.30580844766590826,0
5,160,510,5.958896025399525,0.08306001645963766,0,-2.886693638519901,0.37943764651979506,0
5,160,511,11.029968783730766,3.9788575263580253e-4,1,4.672799488055958,0.14501038256438384,0
5,160,512,3.4322777383167136,0.2547850656714375,0,-8.244959793156,0.040642689312905024,1
5,160,513,-0.47374678184927177,0.8950128783229401,0,-5.932729530148393,0.022746257331784953,1
5,160,514,2.9489541541966418,0.4213719540389351,0,-4.801918594969521,0.0974200938098923,0
5,160,515,4.602554993592278,0.16199237828426707,0,1.9899925148763202,0.5917818045535763,0
5,160,516,4.435239515381895,0.2325247124240531,0,-0.26796419009041017,0.9399886482499649,0
5,160,517,2.0782215791938086,0.5555991778393052,0,1.3934070904656295,0.7119526491237218,0
5,160,518,4.485447831247711,0.1409929106036199,0,-5.3856334110106445,0.11178427304900597,0
5,160,519,9.679218353485865,0.0015230015645637065,1,3.7599849339939766,0.2715744697544368,0
5,160,520,6.803414877209931,0.03737129073616747,1,-1.3997284458892238,0.6595728208322202,0
5,160,521,10.152452013419705,0.004074637274654052,1,-2.0973160331479477,0.5284793464407789,0
5,160,522,2.757933780100288,0.5238715610403839,0,3.9626957205637012,0.2776963624581274,0
5,160,523,0.8890859392356845,0.7624834382049508,0,-1.5612165922708101,0.646861865347375,0
5,160,524,-0.5308205479024082,0.8680912921517739,0,-1.6918621932455125,0.6653796890781378,0
5,160,525,3.348831068804188,0.31007352253361203,0,1.9321650568945046,0.5180420925844561,0
5,160,526,6.153543521554397,0.06007691066497851,0,2.4142147813725927,0.5078639523263055,0
5,160,527,1.778747409805959,0.5261765034048265,0,-2.5099082363527145,0.43390764382597335,0
5,160,528,3.366400392986691,0.24888261875354786,0,-0.6936155621147577,0.8484704514062997,0
5,160,529,4.75121181667582,0.06409781573806175,0,3.4848504880479823,0.30103528130481283,0
5,160,530,5.888364062310984,0.1512703940275424,0,-3.4036201706049667,0.3112998236046547,0
5,160,531,1.4888245673582503,0.6698886092138263,0,5.705656733049565,0.07032469362703168,0
5,160,532,0.8604127551692642,0.7773152305643345,0,2.81617945329873,0.42715774007778695,0
5,160,533,3.9435297918689542,0.16737526958624513,0,-4.8828229485942245,0.12741725459548736,0
5,160,534,11.529195604798574,0.004118125841465424,1,1.455824777838302,0.6828613959948077,0
5,160,535,9.37430435820903,0.019979004152163814,1,-5.543807513274501,0.1286834592879219,0
5,160,536,1.2386645294981378,0.7468001629103573,0,-4.6696512560253325,0.19665539031516327,0
5,160,537,4.948749755642268,0.11736888561661013,0,-1.942111516775313,0.5516340604864156,0
5,160,538,8.385602487089116,0.015533985193398638,1,1.2748729128031329,0.6871766080762172,0
5,160,539,1.6962285870426967,0.5756507893285894,0,3.0142810857336855,0.3464460607096821,0
5,160,540,2.6348397567876276,0.28787077921839727,0,1.6384693762615967,0.6735175536615448,0
5,160,541,4.910156394221261,0.1132557327831545,0,-2.6045577865644844,0.4312750226502291,0
5,160,542,4.570873801306718,0.25011128415566153,0,0.018747532582381154,0.9939658923460383,0
5,160,543,7.269517984662087,0.05736980278704136,0,-5.042675800250748,0.1393221462365218,0
5,160,544,2.4812119264989008,0.44176341429697386,0,-5.322971473207701,0.09239658594339058,0
5,160,545,4.1194055696062435,0.24817720713676408,0,-1.2451186211579142,0.7183248506382013,0
5,160,546,0.884178254448102,0.7714360381649524,0,-0.09768053867067295,0.9802839638828693,0
5,160,547,7.371174390553804,0.032909541906659484,1,-0.6225340592345674,0.846424980015042,0
5,160,548,5.530014792283282,0.07586652783115765,0,-8.036048206221821,0.005057621443351443,1
5,160,549,8.878604110667908,0.007202536852838149,1,-4.553582978297328,0.11835273799998344,0
5,160,550,-0.3707648844743261,0.899254217657657,0,-0.6265039207869876,0.8475689148523109,0
5,160,551,7.319628990717348,0.05639208788654663,0,2.973308426548911,0.3612744494275216,0
5,160,552,6.481622324444501,0.046184103685957344,1,2.909340462912553,0.46655552235725106,0
5,160,553,10.088805012571797,0.002545078935684016,1,0.5639097189538091,0.8735891214810616,0
5,160,554,0.8343195853657903,0.7938884240888008,0,-2.7847361022153194,0.2935918831642134,0
5,160,555,4.393648996918785,0.22991995957697273,0,4.579303190191723,0.22771756183998762,0
5,160,556,5.3720230927663835,0.12515841348821444,0,1.5261160919027787,0.6062848616644609,0
5,160,557,1.1282337865242198,0.7588680444750999,0,5.217688575548692,0.11130124630029146,0
5,160,558,6.730706192082451,0.03093421894844893,1,-1.4344004386358051,0.6662490128096443,0
5,160,559,4.064737437942824,0.2335677961610741,0,-1.9340212252179612,0.5609508338490168,0
5,160,560,7.824964125257637,0.06423418740520236,0,-1.5958665479402612,0.651071773616907,0
5,160,561,7.672391110418417,0.01876184454387833,1,-2.739641561239793,0.3876883040890544,0
5,160,562,4.992826325156372,0.10177531584462018,0,1.01779354439104,0.7122521297649472,0
5,160,563,3.712624478835423,0.2452539556709986,0,0.8542825954944107,0.8040094641421677,0
5,160,564,10.364301529169623,0.005866028316704218,1,-2.612229409642609,0.4279619580210253,0
5,160,565,-2.90236423391174,0.4802661429889602,0,-1.3081139337790972,0.693850334454394,0
5,160,566,2.482090535715642,0.5110399834456654,0,5.299681252173457,0.07398126068474006,0
5,160,567,1.71219605755374,0.6041787338993103,0,-5.954239866022334,0.04997796250706978,1
5,160,568,-0.9590083476894335,0.7930905374949063,0,-1.710543617118276,0.5627682464200984,0
5,160,569,2.833332384896565,0.3518047379860205,0,-1.958528737516147,0.5150555957131855,0
5,160,570,5.801747160003785,0.051656965340921485,0,4.485819693610679,0.14673351419932332,0
5,160,571,2.225788392923235,0.366422990817008,0,2.4698326992094763,0.44959391827006623,0
5,160,572,6.202116244549757,0.05159635750966363,0,-2.099025803993058,0.5663964103250787,0
5,160,573,9.61033876928191,0.0022123635005813786,1,-0.286860188525921,0.9250802036813607,0
5,160,574,-1.950778390733035,0.5574027719388741,0,-4.028837491160601,0.20869724111576712,0
5,160,575,9.967287551720176,0.0028548432331894887,1,-0.39866980747814296,0.9031654636018689,0
5,160,576,7.154152871387936,0.020737721934390746,1,-4.634268589597738,0.09026029497875225,0
5,160,577,3.245613627826117,0.40673603013170323,0,-4.3455319515603605,0.21925637332810186,0
5,160,578,1.2056558171107241,0.725432449050624,0,-10.372818071759681,0.006096175917391781,1
5,160,579,7.318376505232251,0.06110550154063008,0,-1.4193701767479752,0.6919122100911236,0
5,160,580,2.176761031495573,0.47938325136842774,0,1.4486106714725935,0.6850358086556343,0
5,160,581,9.194211951788006,0.018146634437171322,1,0.8135594948214901,0.8341429092770198,0
5,160,582,4.6454576520795285,0.12487095969983951,0,1.9749582525671912,0.521141495979005,0
5,160,583,9.400211348664754,0.022336018284765637,1,6.594941449428276,0.07066455336911141,0
5,160,584,1.7303549884894096,0.489374195897355,0,-2.46192426142359,0.5355414138233172,0
5,160,585,5.630936031606552,0.10165246274049779,0,2.3211834471483286,0.5383567258356111,0
5,160,586,5.25454859230301,0.1632190118026065,0,2.9805571056564446,0.35227464562635846,0
5,160,587,7.86738278373798,0.010307957194393348,1,2.12652656363953,0.49045920796438314,0
5,160,588,8.961527788812603,0.009367203250097917,1,-4.846997119751705,0.13056916064699686,0
5,160,589,10.21906483970497,0.0025771667679723768,1,0.7449729521473785,0.8333815589262367,0
5,160,590,3.7447366079549056,0.33470824834645696,0,-1.8225454001485275,0.6100097591463823,0
5,160,591,7.1924630552883,0.04513672517218802,1,-5.787568649032181,0.04879656321422357,1
5,160,592,3.15859625747386,0.26999335672219754,0,-0.4269247984159392,0.8914670676085819,0
5,160,593,7.666174130682691,0.0124044552605271,1,-5.438899929982526,0.06261844334038959,0
5,160,594,6.713164623062212,0.041435820069815964,1,0.69588893651229,0.8477795937753898,0
5,160,595,4.339476425909041,0.23790195044248685,0,1.8973534790476663,0.5003170384778319,0
5,160,596,3.4469171496620845,0.3423009418967007,0,-0.27276197572081173,0.9438417732468706,0
5,160,597,12.662051048882645,1.1537097765687277e-7,1,1.423511733619634,0.6478730048704715,0
5,160,598,3.705405936504974,0.27730440349838953,0,1.0516431563848698,0.7358678244274286,0
5,160,599,6.2182065819440595,0.08368787958343704,0,6.840077907783879,0.055068627765796505,0
5,160,600,-3.6035623276165865,0.2019500161878593,0,1.8868216704600087,0.5629848376029669,0
5,160,601,-0.03250609579637853,0.9897780573138968,0,-5.162529508020256,0.15278298888061753,0
5,160,602,6.404176717274467,0.07892347594159432,0,2.3263536899949884,0.5726692628486091,0
5,160,603,9.07968454738112,9.078144391846628e-4,1,0.9635682435496307,0.7896094678506386,0
5,160,604,8.757274523862648,0.004622782230598877,1,0.7544283096517859,0.8332623964447546,0
5,160,605,9.756404920848567,0.002067395208635265,1,-3.3950171253343626,0.3243827636434944,0
5,160,606,1.8559309222143412,0.6012327612625503,0,-1.5307404129228246,0.6296766447662723,0
5,160,607,0.44637241255497884,0.9102469369518141,0,5.135842316173324,0.11354786254687226,0
5,160,608,3.160506614083957,0.2518136524653018,0,-0.8449848633153607,0.798438384045227,0
5,160,609,-0.9067215901781225,0.8006819405905594,0,-2.3406784412685653,0.5236646389525339,0
5,160,610,-1.4978158505303725,0.6257527529397453,0,-1.718056313555067,0.6423100422644237,0
5,160,611,2.8831741693370248,0.31244990570351505,0,2.4553727434893204,0.49265919205300535,0
5,160,612,9.718579120257061,0.005102038657138406,1,-1.3206265846047955,0.7305944092864396,0
5,160,613,5.685313528288816,0.07891627025022191,0,2.287611723000367,0.49640234308478415,0
5,160,614,6.849979833286525,0.04640674623803625,1,0.6547357628643198,0.8655439506933644,0
5,160,615,8.360573287501282,0.005119327174184842,1,-0.9321620543508402,0.7726496200752195,0
5,160,616,7.893454596475536,0.021517218295779145,1,1.0677522877066394,0.73103253079470365,0
5,160,617,8.08331153126261,0.00914100248304421,1,-1.266171884068143,0.7301295651224498,0
5,160,618,5.27954645986749,0.13184847834954033,0,3.3037834686572722,0.2963759312994916,0
5,160,619,8.570804875706017,0.010275430469119731,1,0.0457004153274454,0.9893658198371102,0
5,160,620,10.38220845339896,0.0011473032676854883,1,1.7578898391409723,0.6425949324116746,0
5,160,621,2.3776994377364815,0.5037147244377818,0,4.4748106284305464,0.22531766797312205,0
5,160,622,2.7052576170138565,0.35400002502410544,0,-3.4358856741951627,0.23521609838069343,0
5,160,623,8.71730326851987,0.00640129697739575,1,0.4828651879286241,0.8926703799471946,0
5,160,624,2.1330836601648997,0.552376719210858,0,-2.9706221297043385,0.404500561936185,0
5,160,625,5.995176087216436,0.11227709576535523,0,0.6331650161383493,0.861239144289787,0
5,160,626,5.106114403321357,0.085954271581709693,0,-3.695859796389513,0.3282166640893205,0
5,160,627,4.037443719800521,0.2722519912443041,0,8.528781366419523,0.03833393426207303,1
5,160,628,2.6776118354868004,0.45777147259310547,0,1.037949264777282,0.7716284998804955,0
5,160,629,4.956606123973756,0.09979886214187347,0,-1.9425105071643145,0.5942767806457627,0
5,160,630,3.5390086831722414,0.22378912898831443,0,-0.7303362900589576,0.818290398313614,0
5,160,631,6.507421439411971,0.07112226389863893,0,3.0726028687310674,0.3651546177600181,0
5,160,632,2.3792359203477815,0.4827390426027892,0,0.17739771341381072,0.9569993162001524,0
5,160,633,6.19261226946071,0.10556374633188169,0,-1.0316919820144932,0.7517739027056876,0
5,160,634,8.550366533258398,0.0035143172981365596,1,-0.9318013947752206,0.7877430441022155,0
5,160,635,3.0429165924456782,0.4361572669266055,0,3.5024112831514174,0.2930282879605058,0
5,160,636,14.086348573193746,2.1113905729605662e-4,1,-3.045818982211884,0.27272368310178946,0
5,160,637,7.900169001633387,0.01233731014448611,1,-4.860207439198277,0.19420021578595845,0
5,160,638,5.384415459224741,0.14762516883021337,0,1.5772523337720656,0.6208312945077036,0
5,160,639,3.2943124785076208,0.34673326547053607,0,-1.9438939027062787,0.5718588222669233,0
5,160,640,3.23809057374973,0.33942628661806085,0,1.4719686790248119,0.682561600343736,0
5,160,641,3.7570460886916095,0.23365064821453907,0,5.397118771970071,0.12859364575040663,0
5,160,642,10.232483863765793,0.001320437975187398,1,0.5715056036667789,0.8682175627295994,0
5,160,643,7.208355098222853,0.06041994899617747,0,1.9495534922366744,0.5228849475608628,0
5,160,644,9.943273783813964,0.00367725549954993,1,2.546041376940593,0.4499393126073089,0
5,160,645,4.600183205809358,0.12351073153340873,0,-0.8330566536288018,0.789374051520233,0
5,160,646,7.752974323239144,0.011980159704492002,1,-0.21299815977282321,0.9432924920681954,0
5,160,647,3.3309986423274722,0.3588243358979981,0,0.2748698004743346,0.9353464269346283,0
5,160,648,7.848323622024054,0.015008260624232824,1,5.965466529162782,0.11048804963085354,0
5,160,649,5.2827058336118995,0.11596018419721722,0,0.8875108696715444,0.7836834517101403,0
5,160,650,5.549380362794807,0.1757472341863777,0,-6.473684245862714,0.09666028598664943,0
5,160,651,6.263557059450477,0.030406618100559713,1,0.28274036288402726,0.9337960821949398,0
5,160,652,0.16348332946085975,0.9564420735109072,0,6.304239878321411,0.028837091219864903,1
5,160,653,10.162161279170121,0.002205828172088487,1,-1.5753851704012618,0.6332818419737595,0
5,160,654,1.9683277009818312,0.573744731146298,0,-1.3287331451119968,0.6592104606222556,0
5,160,655,-0.5406154665229934,0.8595916825634516,0,2.325242474005904,0.5358897887580134,0
5,160,656,6.9815952853816015,0.05253246244224288,0,-0.83898313344055,0.7796643256432181,0
5,160,657,3.699257201857762,0.21470626474036258,0,1.8211083586247696,0.6299605165524627,0
5,160,658,2.850660792977152,0.29601692118465245,0,3.164710298641552,0.31599564580085976,0
5,160,659,1.762123664831492,0.5728074189540319,0,-4.8174081158614115,0.14713316671354112,0
5,160,660,5.821331653985112,0.0694463679565841,0,0.5293622062680043,0.8727146336567644,0
5,160,661,13.142396502412495,3.0689152765950436e-4,1,-4.9380042000969695,0.1572193270713355,0
5,160,662,7.782054067548259,0.035654390598760896,1,-0.39056262931740093,0.8926779572738512,0
5,160,663,3.0286484900081803,0.3037748232573078,0,-1.092374221521041,0.7478600581119342,0
5,160,664,3.4924065288047217,0.30688303455903665,0,3.2489459729015664,0.32667751019641034,0
5,160,665,2.851575358236815,0.37020070629007273,0,-0.36113481504226286,0.9265666177728501,0
5,160,666,1.237417655716527,0.7096219174196003,0,-3.072690159822301,0.3451007030358473,0
5,160,667,9.036798665477676,0.003160710484100383,1,1.526404860446874,0.6486910294623103,0
5,160,668,2.5213577224133843,0.4770424283359478,0,1.915916711833006,0.6021588782514871,0
5,160,669,5.964757927827989,0.10026221348612398,0,0.35411900912265537,0.8950995749481503,0
5,160,670,13.128271791887585,7.948930115166883e-5,1,0.4872516558510682,0.8884140689750211,0
5,160,671,11.943552746173921,8.065918284556441e-5,1,5.639867188258833,0.11268901014609303,0
5,160,672,6.254401436445264,0.09533693251428403,0,-0.13493745798005818,0.962850782803867,0
5,160,673,4.5295744778044025,0.15253745404257896,0,-0.34939707994337255,0.9209921480046478,0
5,160,674,11.353060511202386,0.007873876848002058,1,0.18459260668932131,0.962130225366209,0
5,160,675,-0.5204644551900799,0.8626508951939313,0,2.1296890854529096,0.550376759861642,0
5,160,676,9.315795120140976,0.007971433059700288,1,-3.9216213731600504,0.21086273607384168,0
5,160,677,8.958400220606194,0.006335297291730204,1,-8.101234275958106,0.022427088606347685,1
5,160,678,4.006178048327911,0.2457363829381988,0,-5.015256998880403,0.13710370886936427,0
5,160,679,1.6599005023295632,0.5851032095107109,0,-0.5952274939541837,0.8578837665670855,0
5,160,680,8.674329825083845,0.005390859241585398,1,7.024533636968869,0.007681919782582566,1
5,160,681,11.659032398187975,0.0013731138533723496,1,0.4046459535887976,0.9089229083498565,0
5,160,682,4.746401560208923,0.20319104307447483,0,-2.0312578926497054,0.5583929446521936,0
5,160,683,7.187579343820289,0.05312409154275293,0,-0.5668703569747748,0.8574021262878194,0
5,160,684,4.961724083746432,0.08201228988223322,0,-1.0161936360558883,0.738658210533133,0
5,160,685,10.236127394236505,0.002519379488419308,1,-1.5309502029759727,0.6721659469413968,0
5,160,686,1.2819372080508487,0.6728009161780111,0,3.081589610098959,0.332672426191973,0
5,160,687,-1.2936143320100228,0.6683055790328345,0,0.003332519268639089,0.9993756272407612,0
5,160,688,5.888523417423514,0.08017209135622937,0,-2.7917059113562175,0.3755558186750759,0
5,160,689,3.592706489232654,0.21691861220371383,0,1.3355451187624396,0.6780839560288723,0
5,160,690,5.602402090213985,0.12209387440415995,0,4.7135752779646225,0.11231602771237492,0
5,160,691,7.979741649385062,0.011434741543564289,1,0.8924663437823455,0.7225814316139183,0
5,160,692,-2.672515986894311,0.40378026335372796,0,-0.8471653677892306,0.7801318938574316,0
5,160,693,7.302876827524159,0.009539607324706944,1,-2.40261505774518,0.37805124881739205,0
5,160,694,9.049912873552287,0.031170791042622714,1,-7.1884373178067165,0.046910002424137724,1
5,160,695,3.6280979913870652,0.23550781835124238,0,3.4654728749563475,0.4146162516485281,0
5,160,696,5.965971333250053,0.0434658032548794,1,-0.9598629840951958,0.7689043536748399,0
5,160,697,9.797960950127049,0.003911931533430446,1,1.0424314620042736,0.7559216476336796,0
5,160,698,5.504532158718504,0.10046710670802358,0,-1.9468522532603032,0.5896383121851207,0
5,160,699,9.23881674996926,0.009160903195598563,1,-5.257014260580746,0.13711559061777617,0
5,160,700,4.2359037716339145,0.21142816511725254,0,2.9693790109887317,0.2644245087622694,0
5,160,701,3.0179127342749297,0.3153073337823481,0,1.4080825632995584,0.6613092513751866,0
5,160,702,5.376873852524142,0.06182870842542732,0,3.0512342469192077,0.3531646451729008,0
5,160,703,4.331666031695605,0.12509101728086428,0,4.726495865005333,0.12410287819063219,0
5,160,704,2.7979064932085436,0.48054489475129225,0,-2.0871861578975057,0.5029140014817703,0
5,160,705,12.59155696640218,9.121792445969558e-4,1,-3.426286053855719,0.3442399527394546,0
5,160,706,4.85747637998773,0.11287171210712522,0,3.5781162623591314,0.2331631086642798,0
5,160,707,9.795314346850887,0.003187940245480715,1,-0.934137051951538,0.7790811868969972,0
5,160,708,7.082132326063075,0.02302522224839769,1,-2.3230981879789283,0.46213075182997254,0
5,160,709,6.1179227158708755,0.030507796982356086,1,3.929494957251052,0.23464197220109975,0
5,160,710,12.917494890032557,4.749812813992376e-4,1,-2.450376708841091,0.48583239716413107,0
5,160,711,11.03731815627475,1.931614775475368e-4,1,-2.754903973099033,0.3945753868232307,0
5,160,712,5.25782217695955,0.09066899090405092,0,-4.5655919215436,0.19680113156724438,0
5,160,713,2.140026062031268,0.4893578163136011,0,5.411459245385458,0.10571291056715929,0
5,160,714,9.158568983342633,0.00746150264711526,1,-1.481988320567325,0.6740364897270323,0
5,160,715,3.5567394407316186,0.3112782396668066,0,-2.487328807909776,0.3867976215335077,0
5,160,716,4.94104085451356,0.13357939860089754,0,3.139151620775806,0.3994761287896963,0
5,160,717,1.8210448284775538,0.628261313214086,0,-2.856145847819917,0.39129872574722746,0
5,160,718,1.107097913563905,0.7724741964350275,0,-1.5824071963845796,0.5980590346207306,0
5,160,719,6.772287799784706,0.03979299953731585,1,1.1242627225894921,0.7601360744893033,0
5,160,720,7.20219514136501,0.01792483057155824,1,-4.470840422195849,0.23024626178479138,0
5,160,721,11.600455249029707,2.705710865155304e-4,1,-3.2739935180368605,0.362020014561658,0
5,160,722,3.6714712808096124,0.17629476091080082,0,-0.7872249222216823,0.7911970789231864,0
5,160,723,9.299498017695726,0.004331454677218323,1,3.8229218605281545,0.2550339838461472,0
5,160,724,11.690720587264835,0.0032112970383854937,1,2.207250106947839,0.5449651123897439,0
5,160,725,4.354580354165805,0.17153986200157592,0,-1.7944767108622273,0.5676598341876993,0
5,160,726,2.7132842380776054,0.44105226389483154,0,-3.890826066549266,0.139852850553969,0
5,160,727,3.360905167812973,0.258297025395579,0,-3.450532080760695,0.23743344149927012,0
5,160,728,10.515810905428296,9.340891507340545e-4,1,0.4408976785357481,0.8872924973055103,0
5,160,729,5.4805438834175675,0.05355099395744389,0,-2.0382974956191475,0.5202292260683739,0
5,160,730,8.645326745504036,0.00964104695157741,1,-2.4817389006304467,0.40599320589820564,0
5,160,731,11.159530510232983,5.8808739575009744e-5,1,-8.63905095152981,0.0014049647668201593,1
5,160,732,6.1055271573138015,0.08031878688530077,0,3.6958843747202934,0.16680381066022384,0
5,160,733,1.548281702975899,0.6264465276545615,0,-1.4659550837881739,0.7076266831400424,0
5,160,734,4.164359430609366,0.1796438427289444,0,-4.174758150956421,0.23384260235633525,0
5,160,735,6.775186763121837,0.04886590711747312,1,2.9807891986579733,0.3924373786722126,0
5,160,736,7.631235409156957,0.025274643204402706,1,1.9475657221959608,0.49050651788178723,0
5,160,737,5.555100757735545,0.12078947146612269,0,1.393151055245795,0.7042687431920392,0
5,160,738,5.640141556753704,0.15646427289494338,0,-2.1373782028407504,0.4789344314277365,0
5,160,739,4.3983002790891845,0.13902208553213427,0,-0.5918863978358218,0.8560274834169046,0
5,160,740,3.316614131755813,0.3757718757552777,0,-1.7416734274808903,0.5995628831874443,0
5,160,741,2.352768303841671,0.4805496195236495,0,1.5850145963598834,0.5721185140883107,0
5,160,742,9.368557062702223,0.008322730369291993,1,-2.383832701859262,0.48115619415903155,0
5,160,743,4.701950852473217,0.10824844591850018,0,-5.212038257934211,0.10346933666258028,0
5,160,744,0.9621994391052198,0.7826699866489222,0,-4.65446196386101,0.1367252634343445,0
5,160,745,7.7415875039134505,0.034085596738949495,1,-2.9534153988794287,0.369099175907194,0
5,160,746,-2.5820975030948716,0.48279898155177636,0,4.049096851087128,0.2890737659593697,0
5,160,747,7.371932746082663,0.03160338378767361,1,1.7363152526706926,0.5275754839997948,0
5,160,748,12.80035220006306,1.536675628893405e-4,1,2.2242409223344026,0.5232005641012363,0
5,160,749,6.40669986703972,0.05943660204326273,0,-5.4312449800987395,0.05683947917799715,0
5,160,750,-0.5374929962523254,0.8357159365795941,0,-2.572118837558804,0.3921773931698126,0
5,160,751,8.623966219004586,0.012911685012825752,1,3.9911292760120887,0.13081751257159516,0
5,160,752,6.716552349606431,0.03961130933302138,1,6.1627029186485345,0.075054752987921,0
5,160,753,3.5254585203694404,0.33013197696043295,0,7.9019023678091,0.025181993319402147,1
5,160,754,1.9358152685274632,0.5596702601645669,0,1.7297611394822638,0.6014416235662909,0
5,160,755,5.256009863516795,0.19223212001180243,0,0.7848754393035051,0.825494980761911,0
5,160,756,4.672123604385121,0.15337409114317804,0,-7.475562048309939,0.015375257179330809,1
5,160,757,3.638767261909024,0.342432058291794,0,-2.4848038743301544,0.46578196420740225,0
5,160,758,9.21693471873246,0.012003800579771535,1,2.9231096189788417,0.4448798885308035,0
5,160,759,11.059116698948898,0.0039165868054024085,1,-1.7104827966815321,0.6115552029174989,0
5,160,760,6.721021113310343,0.0313822168902801,1,1.8789645742927235,0.5264720684310491,0
5,160,761,9.139068321203737,0.0019801617517198494,1,-3.1180721735760812,0.41454764098696717,0
5,160,762,8.1546687792045,0.017632354233067485,1,-0.9186425767472457,0.7825079409132935,0
5,160,763,7.693496994565322,0.02042666588436677,1,3.726573824590133,0.3559806755797036,0
5,160,764,6.58002811214709,0.06549199410202794,0,-1.8569290421971658,0.6426799512091359,0
5,160,765,1.2095197105567763,0.7163009686632809,0,-2.4085221697161217,0.5381141206705538,0
5,160,766,2.347532167572979,0.5410465059041286,0,4.762881291428627,0.20558251013260165,0
5,160,767,5.350361237720307,0.06712388608533122,0,-1.6956963362026158,0.6253542240251078,0
5,160,768,11.11612173729553,0.0014813235643290246,1,3.435441093710722,0.27731059673027053,0
5,160,769,5.668539689257784,0.08011365327430585,0,3.7303033701982287,0.23732080272513706,0
5,160,770,9.300878019577183,0.0018159049200030476,1,0.6283011251446169,0.8566736124336282,0
5,160,771,5.155793964963749,0.11183654929537612,0,-3.148011025957203,0.2992831227867729,0
5,160,772,5.755110553046137,0.07244269324720472,0,2.047376434790422,0.5937532799500642,0
5,160,773,0.7957551941971133,0.8055844147521994,0,-0.15847240582931477,0.9578126232715676,0
5,160,774,5.770446962316555,0.07323466727171545,0,-3.1796300934575044,0.3183367991344174,0
5,160,775,1.4715442004936392,0.6216014605515172,0,-2.1162100409878093,0.5320159323580638,0
5,160,776,5.883433281452753,0.11386566221251654,0,-0.21982893636105416,0.9398293874692425,0
5,160,777,1.4052911400442412,0.6656694910939434,0,-1.1128611457637732,0.7386360659092133,0
5,160,778,-0.7782906518813348,0.8091928789950726,0,1.1829076632700577,0.7292300524235608,0
5,160,779,0.4161162287734754,0.9081122097047429,0,-6.792842646118345,0.04552202942017849,1
5,160,780,-1.028598183844963,0.768400297545173,0,0.9661083556153613,0.7746967462485574,0
5,160,781,6.3430127724816,0.06332527882910419,0,-8.09452613071035,0.01415092238121311,1
5,160,782,4.39973041718261,0.1964984671183022,0,7.601928160916145,0.06405522088681985,0
5,160,783,2.6293910713921633,0.3912515660219684,0,4.376190949100689,0.1494029620990869,0
5,160,784,10.526558451134392,0.007067871337353316,1,1.330524505736193,0.6939323083936304,0
5,160,785,1.3859662533920982,0.6532190741563901,0,2.480363351705094,0.48267961678486926,0
5,160,786,6.869797212458565,0.060413400850974394,0,7.359724878842272,0.03185874204698294,1
5,160,787,-0.699288276509975,0.8400360700429595,0,-8.667011299227653,0.00784570156346967,1
5,160,788,5.241495124262741,0.10626299701592726,0,-6.254937510033756,0.06201261958507546,0
5,160,789,5.038542193589592,0.17362516850839188,0,3.56459562673831,0.17601238401547947,0
5,160,790,4.332691971639548,0.1987412078266759,0,-1.293560428316738,0.6532387754157135,0
5,160,791,0.19122627130602154,0.9597562029650841,0,0.9702742388717098,0.7808150603272012,0
5,160,792,7.255310188582214,0.032123328716026044,1,-1.8516594440059606,0.5114909215763723,0
5,160,793,3.1439613758851124,0.30323204700783396,0,-0.19616565563541144,0.9540364912931647,0
5,160,794,8.135579243582,0.031149805843151784,1,-2.1173671555526283,0.5701011139053587,0
5,160,795,4.699692104144859,0.14219192375842996,0,2.0603646670614637,0.4906422910890852,0
5,160,796,4.015904104274114,0.20405664192518086,0,-5.5794200108182395,0.1248809518120715,0
5,160,797,8.41676474729583,0.04006430128398615,1,-5.723772436783278,0.10311558187619597,0
5,160,798,4.684853166231221,0.20370593216406607,0,5.015404278111916,0.12281638405194782,0
5,160,799,1.9715355677242457,0.40669073140974643,0,-2.7997517979987805,0.4172571821735296,0
5,160,800,6.228548956995013,0.06718279748045276,0,1.5913244159657012,0.6568517084729677,0
5,160,801,4.91605232715564,0.09039997891326647,0,5.835333465061069,0.08212359816070872,0
5,160,802,9.599863373073958,0.0034574164811455575,1,-2.4967908298255423,0.5152188263326087,0
5,160,803,2.027788202753811,0.5174977173653568,0,-5.20779750224888,0.12636438319386514,0
5,160,804,0.8091271060721681,0.826586021504691,0,2.0612256712485504,0.3911705967166301,0
5,160,805,14.878768296547292,1.3091552708070947e-5,1,-1.136774110293814,0.7509010664575951,0
5,160,806,5.530390241384424,0.04988399289408499,1,1.0459729252011698,0.7697338571225065,0
5,160,807,0.5478262251187829,0.8749656151914834,0,-4.326908182249696,0.17975513734772333,0
5,160,808,3.821809122082655,0.2868512308409932,0,4.636305842821372,0.1787477831811433,0
5,160,809,0.8925797463398482,0.8233326308052765,0,-5.204996102182179,0.1897767833917869,0
5,160,810,5.088818263623736,0.1135347656252659,0,-1.3962393177114194,0.7107153702462188,0
5,160,811,5.182183056204991,0.11776000058480512,0,-3.607729991620559,0.32537609705963144,0
5,160,812,-2.0912222022160023,0.5587413975709064,0,-0.48653550042367044,0.8981998052300136,0
5,160,813,1.741273130695788,0.607794330662597,0,2.367154861919545,0.4756074355090564,0
5,160,814,2.456947585319753,0.5339467699158286,0,0.44501897657434597,0.8955598341999325,0
5,160,815,2.861460867613374,0.4622330789145226,0,-0.4232601187652989,0.8868498647241075,0
5,160,816,10.231457538285454,0.0010253507628945635,1,0.7738789889745021,0.8026679786724441,0
5,160,817,6.762095445008299,0.054308456553683854,0,3.980907397810725,0.17488037188119712,0
5,160,818,4.424760943440091,0.2110982948530985,0,2.435336004126654,0.3574047488314822,0
5,160,819,8.364631879323156,0.02562798357705333,1,5.825436510541522,0.16766741465521998,0
5,160,820,-0.1270908393173471,0.969062670650958,0,-5.179555056500249,0.07674386681240279,0
5,160,821,7.501805841134939,0.0520639974810079,0,1.2609731108261286,0.6044661896507841,0
5,160,822,-2.8054721264545464,0.3940036641438307,0,4.138889371908931,0.1537676456783355,0
5,160,823,6.878518080585366,0.056767052730475435,0,3.6118395115153277,0.21552919949742833,0
5,160,824,7.697713864066841,0.03423677921589352,1,-1.4416780428963847,0.6415161617952407,0
5,160,825,3.38460930947727,0.32215542780817125,0,-1.3151161228462769,0.7274407277187717,0
5,160,826,3.844729579348467,0.2585556129943555,0,-0.5834236739512306,0.8614719917664589,0
5,160,827,-0.2660908786017302,0.9437308258332285,0,1.7365332312988784,0.6121575048042491,0
5,160,828,-0.5535562920776727,0.8733218444585,0,-1.4834717932796906,0.7406460880525727,0
5,160,829,2.011600593436924,0.5021625907545018,0,6.055337910677338,0.052971722289857505,0
5,160,830,6.615429901082578,0.05839249968807983,0,4.53191740145752,0.18943053806284757,0
5,160,831,6.487968542913862,0.01860880028686341,1,3.0432774840070493,0.36916279760701665,0
5,160,832,4.0923933898998825,0.22499347204732933,0,8.056935502745844,0.014750977388304064,1
5,160,833,-2.3130730902676504,0.4758499459234793,0,4.646097801254925,0.10685925214983033,0
5,160,834,0.8352615232164737,0.8048250598710048,0,2.5096215033091767,0.35478164079040153,0
5,160,835,1.3262744450429977,0.6365447976598742,0,-0.43013572311281223,0.896053892337878,0
5,160,836,3.6346290736197346,0.3124634925005171,0,3.951774537665031,0.1794954327969491,0
5,160,837,6.119439109954939,0.02712919216057378,1,3.1998473234217926,0.27712174389649835,0
5,160,838,-2.3642569319533777,0.5299395949287089,0,0.3425594682178996,0.901576428747155,0
5,160,839,17.04802784581136,2.372161193267889e-5,1,-1.09580840318975,0.7621128272004871,0
5,160,840,8.997613593428184,0.003935892193693856,1,2.48601365746552,0.4402200057360687,0
5,160,841,9.616847876676317,0.015320221411866076,1,4.156014253065337,0.2270638365644609,0
5,160,842,3.0983807856311927,0.319001408178822,0,-2.6875847966118442,0.46760774754473966,0
5,160,843,4.951078245994026,0.15095603221025844,0,-1.8609902088823986,0.5608509724338813,0
5,160,844,1.368510538697933,0.7155721599570268,0,0.22525666654846077,0.9227542434873167,0
5,160,845,1.6669927551372155,0.5767896956237955,0,2.19664182958914,0.42555519550977294,0
5,160,846,6.4511595218577185,0.06494540257488668,0,-3.258320591079354,0.38819475553350935,0
5,160,847,1.295582388555502,0.6945622738547881,0,0.7283836120174385,0.8282956183902473,0
5,160,848,2.0254479694114877,0.5372752751618759,0,-5.545701695056806,0.10936057951210564,0
5,160,849,2.044306520407929,0.5318032038394387,0,-1.6234640389112371,0.588168464132147,0
5,160,850,3.005767210451239,0.43053663861005054,0,-2.136915532913747,0.6133311194269145,0
5,160,851,10.159017483572768,0.0037575146826407096,1,0.8305005770374407,0.8151963310265657,0
5,160,852,0.03421648524361842,0.9917730645634393,0,-1.8715650074236834,0.5729956643870138,0
5,160,853,6.47070387464683,0.030012192931261335,1,5.547705634153871,0.12702114774303286,0
5,160,854,2.1124276850031123,0.5666386805145603,0,-1.4677109486935223,0.5691778962926491,0
5,160,855,0.6686680876951385,0.8363157481890131,0,-3.716847766030426,0.25023314709725114,0
5,160,856,5.854208381913139,0.0490527095252206,1,3.33027785719905,0.27947414936245524,0
5,160,857,2.789986538196075,0.43598556237186126,0,-5.449857868905468,0.04824618594424667,1
5,160,858,12.74351165177579,5.877794580202813e-4,1,-1.1009697392890416,0.7467506688922807,0
5,160,859,6.144759139896138,0.07301739159199981,0,0.18675093618661265,0.9531215421711748,0
5,160,860,6.7029911755379885,0.06432742717662536,0,1.6578527069140137,0.5625879619524061,0
5,160,861,5.95519779061938,0.0644295890814102,0,-2.176061127036604,0.46748345899293997,0
5,160,862,7.613934341349761,0.029636540568238615,1,-3.3800016368384718,0.3032248796766431,0
5,160,863,5.414596741177988,0.16625738731397213,0,3.1089279275996233,0.3368857696509625,0
5,160,864,7.759289490601461,0.00927761006174179,1,-3.1143304775267637,0.3102439915277029,0
5,160,865,1.5085432223630306,0.6312507052151708,0,0.2667580865554413,0.9329346503855325,0
5,160,866,3.0637427750107236,0.358130635899092,0,0.6203575495390652,0.8482487023608024,0
5,160,867,2.122249481752931,0.5045780910210038,0,2.3309725137156647,0.5364211045930856,0
5,160,868,4.5113613385044005,0.21499940382262875,0,1.4891818108123829,0.6259097219496601,0
5,160,869,5.905003908838822,0.09483967704981405,0,2.896081634400929,0.39362149976602645,0
5,160,870,5.344967204084369,0.09379200327760183,0,2.2338921221604835,0.41267014117981404,0
5,160,871,-0.5118761249384249,0.8604500742860282,0,5.597571313262804,0.09135969964082621,0
5,160,872,6.638382972311973,0.08804713470092883,0,3.189647433424497,0.3903189263488879,0
5,160,873,3.534193573941053,0.2443205080487325,0,0.49858744562688173,0.8721077236597068,0
5,160,874,0.1619840777129582,0.9616240571827035,0,-1.908302646985561,0.5667663765553533,0
5,160,875,8.901193641990417,0.004607568563030267,1,0.40272166967805845,0.8901386588549104,0
5,160,876,3.6315688095099716,0.2718106510111136,0,2.63338881682796,0.40889312039312176,0
5,160,877,5.984123903273613,0.08794375813598607,0,1.2350790025316343,0.7072362323679362,0
5,160,878,5.923048160488079,0.08745624386358736,0,8.772295868533988,0.019086455501876074,1
5,160,879,6.042406927630552,0.053654016017155824,0,5.319273448801795,0.18441978883664029,0
5,160,880,1.6350630077780153,0.6771887612960223,0,-4.037545616669959,0.14687105523185273,0
5,160,881,2.6119711658785434,0.3971959001701837,0,3.101277607214186,0.37303826904016546,0
5,160,882,4.9074300461473115,0.17431741644036283,0,1.6341397034709075,0.6449066113381952,0
5,160,883,1.6530159066205243,0.6057635467074218,0,2.6631550898745786,0.39857144415696166,0
5,160,884,11.191911722523727,0.002169664089546146,1,-4.89167317093704,0.21757617234774213,0
5,160,885,1.514861083910418,0.6605868056351645,0,0.3210980232056926,0.9060654144216991,0
5,160,886,1.1078114975224196,0.741022211747036,0,1.1277446339778265,0.7480963046960194,0
5,160,887,4.187596772153839,0.16639676241227452,0,-1.9249564018587506,0.5640442715744296,0
5,160,888,5.4272883400540906,0.1655659320947858,0,-5.956842943803977,0.05771221137325378,0
5,160,889,2.3453351133849623,0.4749505479348457,0,1.3633852823725476,0.6585429794345445,0
5,160,890,7.96314608550442,0.02393707808318281,1,-2.1636823709031177,0.4705289917887059,0
5,160,891,2.7802315162052054,0.411475555721898,0,-2.8276475820423173,0.33435494719942893,0
5,160,892,6.6775885198146625,0.0999072109839608,0,-1.0753630707617532,0.7711090627590687,0
5,160,893,4.262914788551285,0.10404007707787252,0,-2.4080826861568596,0.496816589433133,0
5,160,894,-1.670485754758019,0.6676904732210549,0,-0.6059445476045511,0.8547987666819462,0
5,160,895,6.235998689366625,0.04760065608793944,1,-3.2503139735630384,0.40511032868478924,0
5,160,896,2.0920248768617853,0.4548790494128393,0,-7.5278440913709375,0.04536337864060009,1
5,160,897,5.3579828135760295,0.06900848855023696,0,2.44160147514647,0.37417482281842407,0
5,160,898,1.6044796032284268,0.673518716268612,0,2.6889770174568923,0.4094360437102037,0
5,160,899,5.067438737700456,0.1618278149772071,0,1.0917534405375875,0.7175492923076872,0
5,160,900,4.224636802970451,0.2845109869680051,0,2.3040446185467545,0.45817026574683895,0
5,160,901,6.646995686145232,0.053141269092724236,0,-0.4006959288001184,0.9150440312092284,0
5,160,902,2.3220344204032273,0.4870394503934109,0,-4.877071131466764,0.16716539452321472,0
5,160,903,3.3112584522646955,0.24934521775759097,0,1.3741701907247403,0.7222368138009887,0
5,160,904,6.8929449955174675,0.04495240698808418,1,-4.962253650668728,0.1223760083660411,0
5,160,905,-3.5016842562190362,0.32150035151960943,0,2.677302390756793,0.4124223704576502,0
5,160,906,8.421970161397468,0.03673700821291053,1,-2.280840133856202,0.5072491218294374,0
5,160,907,5.210390661475685,0.11823506189088683,0,-0.06472639344382003,0.9873997302283652,0
5,160,908,3.18286899963762,0.28171573153160906,0,-1.7767445108294027,0.6243683905601407,0
5,160,909,2.7699582988388727,0.39527444320169713,0,4.214488612221203,0.28134079639437515,0
5,160,910,-0.6700134562816373,0.8497847478131663,0,6.23263585299415,0.10764475046917843,0
5,160,911,12.774845780378001,5.3242570352841864e-6,1,3.227228694604321,0.24975126366783945,0
5,160,912,6.146206500892859,0.036912363901201846,1,0.019953182612226783,0.9943593504057245,0
5,160,913,7.628697834146294,0.03204270288285029,1,2.9306996182288003,0.34925856155818824,0
5,160,914,7.91753579417356,0.006583254862729572,1,-0.8728899936817811,0.800449761091736,0
5,160,915,-0.049189481354858344,0.9855534090864206,0,-3.8831908375386917,0.2921930522790782,0
5,160,916,-1.294665735487115,0.7158317173792923,0,3.192658810037031,0.28409340564236935,0
5,160,917,-2.13319355519117,0.5339951813648389,0,1.406391371300046,0.670435210734893,0
5,160,918,-2.0283939841133503,0.4103231691783885,0,1.7268121567271066,0.6090923791066787,0
5,160,919,6.49887445271149,0.03068465368392416,1,3.3384455338671444,0.29119657610630445,0
5,160,920,9.40254513840651,0.016993506927226714,1,0.5819385453258121,0.8531363440042012,0
5,160,921,6.391608352579823,0.07393181299734009,0,0.783506305166398,0.8280101338755913,0
5,160,922,3.5118876046078924,0.272183455044425,0,4.6466087098902875,0.15756832345629276,0
5,160,923,2.9415519768569,0.35678058526323275,0,1.6662960915508052,0.5786445861262296,0
5,160,924,4.516591052978427,0.1977980964111956,0,-0.42072704687352314,0.892572966821086,0
5,160,925,3.421512202020935,0.24959616340056964,0,2.029427004626939,0.5047130560378587,0
5,160,926,5.364881322053421,0.09285953757779952,0,3.9952774479619393,0.11039700287914228,0
5,160,927,3.720062420814614,0.26780723430973097,0,1.469471227362206,0.637600142075007,0
5,160,928,-0.942563587764937,0.7885016247748232,0,-0.4557518206218987,0.8974532796127515,0
5,160,929,3.4908825435690574,0.24787526446911437,0,-3.3547621720375957,0.30693608363041486,0
5,160,930,1.4108609268302246,0.6755738401002847,0,-3.0639193589729103,0.38530934516009596,0
5,160,931,-1.1766009054674527,0.734083230984024,0,-5.588013908395951,0.09933757303461696,0
5,160,932,9.53995791016284,0.0037513491504187883,1,1.2158314129934666,0.6929253209172699,0
5,160,933,7.33699830581206,0.05666654108383998,0,-2.785263927652352,0.446622072924043,0
5,160,934,8.968352963103456,0.014095113223870833,1,0.5870240659975394,0.8501215276104643,0
5,160,935,0.9069184925977822,0.7766166018132029,0,-3.178337824988361,0.435350005967476,0
5,160,936,4.732303851640282,0.19704119242246126,0,-0.3156269711042228,0.9261976462955208,0
5,160,937,6.8147547402607955,0.02016672237587993,1,5.793813660908157,0.1033790506274152,0
5,160,938,4.289253851159671,0.19881945321318475,0,0.430592878179624,0.90993192188688,0
5,160,939,7.865579709291822,0.017078315309677888,1,-4.179978398399371,0.18879499341261516,0
5,160,940,3.386577233170101,0.24323150524755388,0,-0.7723838014121753,0.8403956976507829,0
5,160,941,4.337294949387555,0.24329934135454379,0,-0.9740995941993589,0.776521232481706,0
5,160,942,3.277847917601804,0.26597560431071565,0,2.779295889294019,0.38628509419723844,0
5,160,943,10.427505394892037,0.0031582668443304422,1,2.545298988932288,0.4592824283964102,0
5,160,944,1.9413800314909508,0.5269002981707878,0,2.286798771359031,0.5372072341553256,0
5,160,945,2.8394745846221667,0.3922011659441307,0,-3.2269196936639446,0.3534017702358607,0
5,160,946,7.083070607297259,0.03627836864070433,1,0.4276332018863229,0.8946138810693081,0
5,160,947,8.506460450443683,0.003778611481752618,1,-3.071023311656674,0.37331268839823406,0
5,160,948,4.149822685625466,0.16714707585557606,0,0.5105981184377413,0.8903346211986154,0
5,160,949,5.798890005107069,0.05093512130899536,0,1.0475340887801394,0.7668240845241446,0
5,160,950,5.025823866720046,0.13233863246117608,0,1.1355095064116654,0.6991541982600912,0
5,160,951,5.842082957837576,0.06761957306973683,0,-0.03538358456587787,0.9916540602920314,0
5,160,952,0.08901749102649603,0.9806413400787894,0,0.11970562686462927,0.9658574949633374,0
5,160,953,-1.6090726087316654,0.7111792529072432,0,3.7043623062257893,0.3132002937181991,0
5,160,954,5.587319362400379,0.04205835150742573,1,0.580311054808945,0.8534573471562305,0
5,160,955,4.03329805082646,0.24158461588006008,0,-1.2967411970130058,0.7147915877014435,0
5,160,956,5.202509885084638,0.10278589664911905,0,2.3205459062635043,0.3915101613937898,0
5,160,957,6.78851490650942,0.075767146627772,0,0.9466000291151033,0.7673660413702771,0
5,160,958,6.739222028694542,0.06032330041563816,0,-1.4149667494160667,0.6398522956257151,0
5,160,959,4.628771640241723,0.1952842103281065,0,1.4776339792253026,0.6575082530732443,0
5,160,960,5.664997903810928,0.09389642341235832,0,-8.317189645972945,0.03585593248425792,1
5,160,961,3.477480147452596,0.27892284956042274,0,0.031201874740759195,0.9914000357246093,0
5,160,962,12.73406567808729,3.5727819860954276e-4,1,0.4659696847524799,0.8914916743236172,0
5,160,963,-0.2903427785983155,0.9187227406514503,0,-0.27136836571747835,0.9422293152365584,0
5,160,964,-0.21726432253205985,0.9403641927321843,0,-1.3362908147235117,0.6777297064504197,0
5,160,965,8.86019644727051,0.0061485637032686075,1,1.2590193685701507,0.6808555571836414,0
5,160,966,-0.2847820516154087,0.930834116093737,0,-2.1004706005871014,0.4996205976382123,0
5,160,967,7.422594650888129,0.038324903525873866,1,-1.3381545766369385,0.7335986189356165,0
5,160,968,4.779539717923825,0.1642206248003386,0,-1.125334829760817,0.7331696472962022,0
5,160,969,6.490422240252883,0.07510577639746316,0,1.338145220626373,0.6754544955177914,0
5,160,970,7.956818347321885,0.004700255538449325,1,0.2631422932106773,0.938391736081575,0
5,160,971,8.986429024050949,0.014506469108499984,1,-1.9420698688645928,0.5079000587691126,0
5,160,972,10.930792518034252,0.011960229804065883,1,-2.3890246268960027,0.3742225577090905,0
5,160,973,5.759880487738954,0.0992179551515604,0,1.8190396985951054,0.652522605624917,0
5,160,974,3.594547921591996,0.2549524438493619,0,4.937506587793067,0.18656273713370727,0
5,160,975,3.8576383347203063,0.22379922378391975,0,2.4561856794177146,0.4132964870411796,0
5,160,976,5.962961591501681,0.11371072655091528,0,0.5269943077023811,0.8761453100858609,0
5,160,977,3.4190263640234804,0.3680269267986118,0,0.8702624649546635,0.7788819951906724,0
5,160,978,4.603929462240885,0.14185430612712238,0,0.40732546810079384,0.9017605137280895,0
5,160,979,8.066044626485166,0.019242488006915495,1,-0.6992299704687639,0.8056359306101379,0
5,160,980,9.000507355904674,0.006378196470007287,1,-3.1740012037304552,0.3647678617988448,0
5,160,981,2.940016157800116,0.30523415900695305,0,-3.0582812882482955,0.35007763185824314,0
5,160,982,10.23980843415562,0.001121273416607917,1,-2.2880127323253987,0.4715708448199857,0
5,160,983,7.451030984073213,0.010930630965991827,1,3.8633148905879438,0.2612025120776395,0
5,160,984,2.7801205329662224,0.41548118833470715,0,-0.41772575729294203,0.910900176986497,0
5,160,985,14.14603849222901,1.4242829551743536e-4,1,5.557538280883094,0.054557331641338754,0
5,160,986,1.497559342900729,0.6788280836030217,0,-2.5756561862340135,0.4570110495468709,0
5,160,987,7.613016049410888,0.019622214029233337,1,2.938695740041993,0.32986782461788033,0
5,160,988,1.114607158918048,0.7592044089947675,0,1.7201799976147925,0.62147165083832,0
5,160,989,1.4614037579608805,0.6070153506948464,0,3.1178525586201715,0.387145287795594,0
5,160,990,0.8847535540604952,0.7798752374440908,0,0.6831026110801162,0.8596697400909579,0
5,160,991,2.550144453586185,0.45870656592994685,0,2.9625164592114714,0.38031416801423146,0
5,160,992,8.65922593693982,0.02309398949996878,1,1.6320641302548609,0.6645891571007306,0
5,160,993,6.078914210013167,0.0830908435143463,0,2.328566892586011,0.44455738437956116,0
5,160,994,5.038028597167681,0.149247740788416,0,2.8297649594046135,0.41841765603848047,0
5,160,995,2.628096374490184,0.4153648442518465,0,2.4258386794327578,0.4450966645711836,0
5,160,996,7.106848502123114,0.030465798269004633,1,-3.449390449020612,0.3598548454776246,0
5,160,997,5.7054911096315095,0.0908075670983972,0,-1.1765105385748171,0.7101447206242959,0
5,160,998,8.48413933678873,0.02157084107753032,1,-1.6191240549391068,0.645207527816942,0
5,160,999,10.765365466634023,0.00238970229534773,1,0.043054711410761115,0.9886469375258689,0
5,160,1000,1.3896224044406011,0.6632570923012471,0,0.3581661150206372,0.9192244749580317,0
