model,median,lower,upper
Week,0.8951799163698073,0.872815750788108,0.9133157362376652
Day,0.9048781894763216,0.8846895356500127,0.9218800064501924
Hour,0.9297859956475348,0.9144499604689156,0.942127119804676
