b,n,n_sim,job,model_b,model_p,model_sig,null_b,null_p,null_sig
5,40,1,1,0.39799462919910983,0.8905423926041717,0,-4.868732879866887,0.10747270306026675,0
5,40,2,1,10.163482035552553,0.0020703806761046373,1,-3.888206727963661,0.139400501840136,0
5,40,3,1,5.146035344882083,0.10962616242076927,0,4.401755129149417,0.22623606864866352,0
5,40,4,1,7.015361736775667,0.03829238334410234,1,1.3330233432384144,0.7115488999050656,0
5,40,5,1,5.713889241162227,0.020688186641461315,1,2.584405581410465,0.45339121643188274,0
5,40,6,1,6.131057070514032,0.031164865298360628,1,-3.4589540012115885,0.39383235341362954,0
5,40,7,1,4.234495803163155,0.24962363644391833,0,-4.874828558268132,0.2062799521776593,0
5,40,8,1,12.81568814826357,8.620619161374292e-4,1,3.1607089458765065,0.2995827337341028,0
5,40,9,1,5.309386658139539,0.1267590309220934,0,0.24383775305192584,0.948371189981587,0
5,40,10,1,8.851034446657822,0.0066388305009336575,1,3.44232537460261,0.21688076157149358,0
5,40,11,1,12.583458325046266,4.769919903022405e-5,1,-1.4743104773165285,0.695184489121285,0
5,40,12,1,6.664110198471849,0.02316384212176767,1,0.3721054329008185,0.9137145948014304,0
5,40,13,1,5.45352147345953,0.12776443568846482,0,-7.657880758535729,0.007166036762815024,1
5,40,14,1,3.962398714193964,0.2747896698299189,0,-2.643164794418303,0.4722703831952607,0
5,40,15,1,8.461067811614118,0.018655279953773498,1,2.6550774416545737,0.2549974987143216,0
5,40,16,1,11.000536859740656,0.002411471219316772,1,0.4629237878330695,0.8233120811354002,0
5,40,17,1,4.53176856212184,0.10847863667763652,0,0.7456896678112731,0.7305624033854253,0
5,40,18,1,6.805438729278798,0.07609752917950705,0,-2.7375094871157852,0.42188784325999307,0
5,40,19,1,3.3138926098658126,0.2548019689228849,0,-1.0783320500669789,0.7542951774613014,0
5,40,20,1,2.5806925593153385,0.38708792535686265,0,0.5708983135764776,0.8589912448749328,0
5,40,21,1,0.7181060866647969,0.8037780500249455,0,-2.201093781582576,0.3805592292252652,0
5,40,22,1,8.426424145933627,0.006151260534466708,1,-2.6565329022830153,0.4733935906711302,0
5,40,23,1,5.900645133998564,0.07877880685419149,0,-5.2503494960043495,0.07177337645333469,0
5,40,24,1,6.859520169395202,0.08030123485948651,0,3.2713334291572878,0.34495626208416674,0
5,40,25,1,2.579144402182588,0.41919835486590495,0,1.5244008996765268,0.5695636998420494,0
5,40,26,1,7.451919142795197,0.02697564277767849,1,-0.6368099163833593,0.8389220831645516,0
5,40,27,1,8.285866231254674,0.0222566270802564,1,-0.4901127166593508,0.8378375724910752,0
5,40,28,1,-1.2350285411325015,0.5938711052763417,0,2.0388747806991856,0.44345695767571025,0
5,40,29,1,3.89811726811807,0.20987232692063443,0,5.135046038005684,0.1544317593542939,0
5,40,30,1,3.4038385136863574,0.36339483887941504,0,2.6881980883876344,0.33116132016616606,0
5,40,31,1,4.57578580688531,0.06243259015934864,0,-3.5637092304106,0.3133899882677179,0
5,40,32,1,4.372129853819794,0.13663234164780144,0,-7.372707774670808,0.06606597732361551,0
5,40,33,1,9.022187012170669,0.010076470259674189,1,-3.441053937464184,0.3231322436090138,0
5,40,34,1,8.012579955799668,0.006790170991680184,1,4.475509541233819,0.2193284419416398,0
5,40,35,1,4.3108138216392335,0.18635855955320896,0,1.6439292463814033,0.6283026560418803,0
5,40,36,1,4.139843532697599,0.23622095647927657,0,-3.1873487534024725,0.36162896160199365,0
5,40,37,1,0.2224621623903486,0.9368947399625096,0,-4.740897530144249,0.11661073778789863,0
5,40,38,1,3.066485376395565,0.38579979351625016,0,2.2614476407997923,0.4564511666932457,0
5,40,39,1,9.377169063079721,0.009241647051848377,1,-1.1979490234331804,0.7256381751101043,0
5,40,40,1,7.617020906761692,0.05533764692194922,0,5.281314163371944,0.068075646854265,0
5,40,41,1,5.4953516618613465,0.051622615986845095,0,-2.526087516811435,0.43502928514616146,0
5,40,42,1,10.739764607325078,2.2860923309188253e-4,1,1.5505422013301333,0.6157169901256009,0
5,40,43,1,1.0695693475867476,0.7787275859559679,0,0.17696086492240615,0.9534615281334855,0
5,40,44,1,5.811177354033777,0.11715226737400898,0,-2.861858729913379,0.3198534075100925,0
5,40,45,1,1.9574648611470291,0.525570927893706,0,3.453114308981682,0.3479047034642282,0
5,40,46,1,0.9733351321550818,0.7746601451563285,0,2.5946035495041593,0.4822407440240619,0
5,40,47,1,8.65665614628868,0.01140877674102644,1,0.8390838056070661,0.8079384177297344,0
5,40,48,1,7.2984889682386225,0.02044224902602806,1,4.764362351972049,0.1596890013578151,0
5,40,49,1,7.896685842552843,0.004637751456112973,1,-2.0319378243369957,0.49883821769632053,0
5,40,50,1,9.069329458397952,0.008494040746880281,1,2.149589452390732,0.509520199097412,0
5,40,51,1,6.62890479853131,0.13503255851941276,0,4.361084417198173,0.20147964734208734,0
5,40,52,1,4.362263453220787,0.16608129012281073,0,-1.7981993580081708,0.6080872586200391,0
5,40,53,1,2.428317351774379,0.4365161341943702,0,2.644017762116425,0.37950804733262367,0
5,40,54,1,8.763783423128794,0.005582548021809855,1,3.624604306250839,0.19668748277068415,0
5,40,55,1,10.299751797223225,0.0024023715844911763,1,-0.10851217711523188,0.9719909562121638,0
5,40,56,1,6.200893093221863,0.10738483446136024,0,0.3370817881343685,0.8988204202731392,0
5,40,57,1,4.697753834002079,0.09678904893380309,0,3.763581212305582,0.2473739929576596,0
5,40,58,1,6.947284329625748,0.0699384345848366,0,-4.344040199468175,0.1682416524407869,0
5,40,59,1,5.556683000533518,0.10796786808455845,0,-2.822927819859766,0.4202052663261502,0
5,40,60,1,0.9344596573585656,0.7731406961924834,0,1.5415271277247786,0.6342925035517599,0
5,40,61,1,5.932970430718762,0.023359552081282407,1,-1.9636947613423876,0.6078919496300543,0
5,40,62,1,6.818283316236023,0.06679513867654685,0,1.0180557362983322,0.7517357178299657,0
5,40,63,1,7.3994483894579535,0.022474779241681706,1,-1.986536402641894,0.5679767825312007,0
5,40,64,1,0.17789042235071406,0.9595721204411647,0,0.10645426128784465,0.9660357629660585,0
5,40,65,1,2.384696297974516,0.45916804307192605,0,0.04351870176227674,0.9888979003196408,0
5,40,66,1,6.8850098952608185,0.030673935867025742,1,-3.961031133013588,0.18259836793255646,0
5,40,67,1,5.658652652864337,0.04434438996081583,1,0.5198210880874801,0.8604476917575438,0
5,40,68,1,5.961191959059203,0.033417763708498485,1,7.061052179852483,0.0271510775000482,1
5,40,69,1,5.346504614653616,0.12507694007775322,0,2.0011140562859726,0.5001899367656878,0
5,40,70,1,3.820977653183412,0.24122380259851015,0,5.667987083962448,0.06478649849646975,0
5,40,71,1,1.2695754864719515,0.6919327198695808,0,-3.727910915029203,0.22485305133237377,0
5,40,72,1,5.329297406284134,0.09997828581544448,0,-0.11913930399909224,0.9688937258231883,0
5,40,73,1,7.756589617731901,0.02121221057233795,1,-2.6263519547971597,0.3916456019620401,0
5,40,74,1,9.04551828669949,0.0019036457751769433,1,-0.21989446902468007,0.9311240812179487,0
5,40,75,1,3.7708952247503746,0.194469296266914,0,1.650493693286766,0.5915441519319007,0
5,40,76,1,1.6929390969052422,0.5410301147425569,0,-1.977776303463966,0.48529475128453314,0
5,40,77,1,6.375606951488193,0.09079927470998372,0,-1.5082926011350717,0.6294235885177368,0
5,40,78,1,6.8433865174837605,0.042429101721270755,1,-3.4902547128731873,0.1423575318398665,0
5,40,79,1,7.069930229106868,0.04735746621459981,1,-4.196912798599928,0.2898860417097238,0
5,40,80,1,3.7850670963725843,0.4073301696090079,0,-0.5658353920016389,0.8472231921209542,0
5,40,81,1,2.9523672191999686,0.3318836579450999,0,-2.424709708142905,0.440124684289081,0
5,40,82,1,3.118491041952678,0.18036311834573068,0,-1.3019802129823226,0.6857667867937092,0
5,40,83,1,8.269461666324942,0.009471809916903664,1,-2.1979906373187226,0.5224191162108349,0
5,40,84,1,3.390361897833276,0.27984087135428526,0,-0.7187096879036087,0.8417617736134562,0
5,40,85,1,5.391384129363982,0.12475843258728467,0,1.314791548687274,0.6485077849129206,0
5,40,86,1,4.375375154400323,0.165897791405123,0,2.906385441664097,0.310584418740199,0
5,40,87,1,5.8850236819990025,0.04009644904920022,1,1.7201945303345296,0.6330025737800433,0
5,40,88,1,5.326253771977184,0.05435667351002216,0,7.198387270838429,0.021809208310573275,1
5,40,89,1,2.3781802784263957,0.5130947033201914,0,4.585962524187644,0.07853097120455826,0
5,40,90,1,3.972673915954455,0.3177062096494609,0,-2.253476214121532,0.4013242430101298,0
5,40,91,1,5.4760933986142595,0.11465732591323001,0,-3.672406545653743,0.27756545502840935,0
5,40,92,1,6.927916143636619,0.07702664564609382,0,0.09338439980646239,0.9733110620117639,0
5,40,93,1,1.6991894181646852,0.5741020830240233,0,0.8359476929155726,0.810963662164361,0
5,40,94,1,3.459104184375782,0.38758456499482286,0,-0.11768739046885807,0.9715535268164567,0
5,40,95,1,8.193597238704996,0.0022529393489909614,1,-2.1061160649344646,0.5418222420492137,0
5,40,96,1,7.375224836559444,0.018390714928545486,1,-3.265170015708524,0.3230257401924247,0
5,40,97,1,-1.8714338771738588,0.5917473966367472,0,-6.158791228606714,0.14381061431931322,0
5,40,98,1,1.46718060899757,0.6031476381296488,0,0.5506659120683098,0.8712828447497434,0
5,40,99,1,5.5533865989326285,0.04355144924565301,1,-1.563329314822096,0.6402731474727137,0
5,40,100,1,-1.0639473854374846,0.7313045748242034,0,1.4071908990065085,0.5953466501751412,0
5,40,101,1,-2.196283337934395,0.5063349854387462,0,-7.435824441026657,0.037006905093904904,1
5,40,102,1,10.691783693029542,8.102821385876872e-4,1,1.8778939624361113,0.5968907765947853,0
5,40,103,1,3.768474049655434,0.3277340064088555,0,0.07648595811259576,0.9835986100199792,0
5,40,104,1,8.823598671643651,0.002469020863463931,1,0.01856454745358375,0.9947660436837544,0
5,40,105,1,0.9726314250445529,0.7488563652691882,0,-0.04302518258932038,0.9912106071280441,0
5,40,106,1,7.427206733614848,0.008599224192640075,1,-4.7267453623894005,0.13564421426534234,0
5,40,107,1,5.001552113015237,0.10722469462310426,0,0.8218428043459662,0.786925354706262,0
5,40,108,1,5.896074668384129,0.03658972281070065,1,-2.22918665378158,0.4284934450888377,0
5,40,109,1,1.371823486523259,0.7186128721594673,0,1.3528941633525575,0.6618045267530425,0
5,40,110,1,6.2053279588881285,0.04781699566277545,1,1.2178664643800718,0.675782113134259,0
5,40,111,1,5.232675209054675,0.11192427420205336,0,-1.3024311661961798,0.7447746863262208,0
5,40,112,1,3.8954113345472945,0.2558588946994278,0,-0.1096670460521816,0.9603247931690921,0
5,40,113,1,6.112164225981287,0.02945185115811349,1,-0.8809632273038012,0.8032297773633953,0
5,40,114,1,5.1123455025962175,0.11550541292329791,0,-1.8440540415309965,0.5894692278001463,0
5,40,115,1,3.082455328543238,0.33886265922850756,0,1.9992839726832055,0.5043286446734176,0
5,40,116,1,2.8870225740987747,0.3376288932137679,0,-5.339226851469691,0.09302344852151684,0
5,40,117,1,4.916825644000015,0.08029672999099587,0,1.0420133474446633,0.7090073867696459,0
5,40,118,1,1.1394642182043797,0.7550296092909204,0,-1.5457534745544672,0.6774960458742993,0
5,40,119,1,7.091877623534996,0.01761174284212911,1,2.885373705165204,0.325972372714049,0
5,40,120,1,9.455639049186626,0.007287715647891231,1,2.0239577057579337,0.5530227357695308,0
5,40,121,1,10.947091384036412,0.001730886533430707,1,1.6738896174523328,0.5731443669247904,0
5,40,122,1,6.6241620938696535,0.03789037427573735,1,-2.0541227649510128,0.5496412800964553,0
5,40,123,1,7.253399525034363,0.028447740311960432,1,-2.3390962775774424,0.47000022678181064,0
5,40,124,1,3.014933207919873,0.29623955182998024,0,-2.674493466436087,0.4025505461044653,0
5,40,125,1,1.037108125034669,0.7445553525972732,0,-2.743328980618511,0.3737210711635077,0
5,40,126,1,5.425333598751349,0.0457112955912946,1,-2.6314348217054757,0.33265211285367746,0
5,40,127,1,-2.6428415527253843,0.4458987043717817,0,-3.1957187623128935,0.25633905991642747,0
5,40,128,1,8.844526241320041,0.00798489702297307,1,7.8529889642185395,0.005728344205875162,1
5,40,129,1,11.353557881387324,9.80788163466564e-4,1,-2.5891325812722443,0.43533355698517817,0
5,40,130,1,8.786226325023875,0.008070389406751836,1,1.4786029352405823,0.5773834851049868,0
5,40,131,1,8.437780893975255,0.006784710277799181,1,1.891047215509275,0.5463494730375931,0
5,40,132,1,8.47890006514849,0.006111189844703627,1,-2.4908991946149155,0.33153524772825027,0
5,40,133,1,5.0413755346738744,0.10117560240872996,0,0.7403363298705165,0.820749558964474,0
5,40,134,1,4.5948686090502555,0.18895075003234657,0,-1.0709937622636394,0.7232702845201897,0
5,40,135,1,9.758251544148846,0.0022588376046283904,1,5.401940223088052,0.16856367452920012,0
5,40,136,1,6.21377908896759,0.05650394880495376,0,1.7158663879922917,0.6111105445950136,0
5,40,137,1,9.873229032307478,0.010086671402762374,1,-4.254507539647189,0.21768253930861414,0
5,40,138,1,4.23182133544367,0.1846010490611437,0,-1.1776588622264414,0.6848813591853169,0
5,40,139,1,1.609574388489898,0.6040274397907865,0,6.721952844060401,0.03528496196475541,1
5,40,140,1,7.37607016473893,0.01872273449673101,1,2.922169411374803,0.3544264352398119,0
5,40,141,1,7.724667150226827,0.02020511137790298,1,-3.9324998287897026,0.31715198591215255,0
5,40,142,1,5.967021009169273,0.09835437284451494,0,-4.658826783683083,0.08855555255064712,0
5,40,143,1,3.2295406606837735,0.30234447449407176,0,3.4388786606769943,0.23808686712382182,0
5,40,144,1,7.078343190115187,0.07360146131675771,0,-7.20036921619508,0.037477006563584526,1
5,40,145,1,0.24894125933432168,0.9379961893612393,0,1.6214049416649268,0.6692966089830852,0
5,40,146,1,3.3075825579959752,0.3539418080985727,0,4.831834250846311,0.17820553109622955,0
5,40,147,1,-0.3999861233223186,0.8975274143069316,0,0.646439303475908,0.8100566671423233,0
5,40,148,1,11.31933977093782,2.9288531231808714e-4,1,-1.744231647437366,0.5683171166903198,0
5,40,149,1,1.0681982450752665,0.7216201287582076,0,-5.179630726133975,0.12284794266781354,0
5,40,150,1,6.110599976874698,0.015165478550279117,1,0.8310844752247551,0.8044857117152251,0
5,40,151,1,9.2697992893119725,0.0035639513994853195,1,0.9527583058668563,0.7590820716128959,0
5,40,152,1,7.312252749425637,0.032305281213814624,1,-1.247370905609549,0.6751691922532221,0
5,40,153,1,2.4324163851049,0.4326848406917445,0,0.8434095071300947,0.8100061113485824,0
5,40,154,1,2.395697012168425,0.4633531731778835,0,2.104111982893567,0.5364350230623222,0
5,40,155,1,4.205233808388373,0.1635920208225959,0,8.808095692647496,0.0040600563771079614,1
5,40,156,1,3.727024951431267,0.35260599595264275,0,-2.5672875939496573,0.4967275904364925,0
5,40,157,1,6.525321948224855,0.022440139574164034,1,-4.858778354691362,0.11547267280635216,0
5,40,158,1,2.0992664016013856,0.4347167998915775,0,-6.450005266768901,0.05588430023945882,0
5,40,159,1,3.8084322491320775,0.21735279687289003,0,-1.459912416114676,0.7026040417588205,0
5,40,160,1,7.0236258928934605,0.02924352497042241,1,3.6324031139313235,0.24004706107731236,0
5,40,161,1,1.8399659277850522,0.553215151215823,0,0.45988006120618574,0.8940166055002092,0
5,40,162,1,4.511733058809536,0.14805273798271334,0,2.602938142403376,0.4680724101217987,0
5,40,163,1,3.0075709262611063,0.3828449092831161,0,-0.03628896388306466,0.9888472487341258,0
5,40,164,1,4.742451593394418,0.128521759682212,0,5.194182960200993,0.1779725998880411,0
5,40,165,1,6.808642196672777,0.008223881978082041,1,-0.8313889751520295,0.7857919690546856,0
5,40,166,1,0.39940084283800775,0.8900907965784122,0,6.245717680195931,0.029412458789215973,1
5,40,167,1,1.749919775166131,0.6221932005131632,0,4.500087163200605,0.14542115964199584,0
5,40,168,1,6.472596873138824,0.02294845912510113,1,-0.4955835500649412,0.8876219652149572,0
5,40,169,1,6.035968264563847,0.05423045882678703,0,3.1481838826988353,0.32006100952341293,0
5,40,170,1,1.093863651632782,0.7351377044790322,0,-0.6402031358197533,0.7823516654870272,0
5,40,171,1,6.230592308851712,0.05619145850384184,0,-1.5656595524163877,0.6890602463869586,0
5,40,172,1,5.777020783990354,0.12138189796778104,0,0.5830794994276141,0.8660570874313563,0
5,40,173,1,3.3801038416356937,0.23403954362205207,0,-2.8063184360302036,0.3299574998633594,0
5,40,174,1,1.4286219297423304,0.6726464526106092,0,0.7765467780063748,0.8014819675327168,0
5,40,175,1,1.4201707615130061,0.6355860922191641,0,-2.143012550285113,0.3858710461401328,0
5,40,176,1,4.118790060087293,0.1791020665622432,0,0.2989051965962188,0.9188311157050288,0
5,40,177,1,4.440544884447109,0.11708468410181992,0,0.06440298370852585,0.981422432961023,0
5,40,178,1,1.941570731012442,0.5526104253711768,0,-1.5021052949422626,0.6673704556152641,0
5,40,179,1,4.44074667414267,0.18438733767281007,0,6.640692567990356,0.03206205864904772,1
5,40,180,1,4.116125032181005,0.24433245184683228,0,-2.3879206060220914,0.5192330237896601,0
5,40,181,1,4.1264779227805946,0.23307525459066555,0,0.2571119982043668,0.9205067870822059,0
5,40,182,1,10.595563457958006,8.097000917226077e-4,1,0.6790525385505598,0.8249831422937077,0
5,40,183,1,-0.28126304213861847,0.9339201327037543,0,6.148502790674666,0.026125044011849573,1
5,40,184,1,13.969314954598698,8.498712716715302e-4,1,6.537476439018645,0.03542229303798029,1
5,40,185,1,-0.08626580456996437,0.9796581051292208,0,4.7914170362761626,0.11631281390118083,0
5,40,186,1,11.484313335563897,2.996109780639154e-4,1,4.229858146570846,0.13499343380960938,0
5,40,187,1,4.526504347651213,0.1701593790842659,0,-2.5565899177229845,0.3104511481757442,0
5,40,188,1,10.640610309901534,0.0028513572302115322,1,0.42629383332914916,0.8869582162751933,0
5,40,189,1,1.258350902367567,0.6716080426566864,0,2.6496306118412205,0.4715611158107038,0
5,40,190,1,4.945714306127818,0.12522163613534376,0,1.798331184313719,0.5043558688622889,0
5,40,191,1,8.460794312708972,0.033941690900593534,1,-1.80912749125395,0.6503443925110141,0
5,40,192,1,3.4350100976246596,0.21646754038515056,0,3.3423960393581567,0.17364056631582667,0
5,40,193,1,-0.22565129965118025,0.9454806469391812,0,1.091752693650358,0.7469868590224468,0
5,40,194,1,9.005255882831909,0.002456946222558467,1,2.6884939135926116,0.4176456986592504,0
5,40,195,1,7.794034608552706,0.02393544438029352,1,4.296905453727671,0.21682904248492388,0
5,40,196,1,3.8269753353633575,0.30157085253265625,0,-0.14352475591243624,0.9636285825502251,0
5,40,197,1,5.031972343393402,0.17365439477177733,0,-0.8871599741489676,0.7734312887897968,0
5,40,198,1,3.8331678289143585,0.2342423814047419,0,-1.3880988612342469,0.7154268636306553,0
5,40,199,1,1.204097252696745,0.7053914355389852,0,4.127737020557515,0.09941819224904433,0
5,40,200,1,4.84211605547725,0.11982009076873462,0,2.886193525364634,0.30833583800289216,0
5,40,201,1,3.875318867909062,0.2106442229818496,0,-0.19138325420725535,0.948799242267421,0
5,40,202,1,3.7310535520798194,0.34257892901055753,0,5.549152159743532,0.06939906044313528,0
5,40,203,1,4.439108800564369,0.21035141890612508,0,0.34588657214374946,0.909448414890342,0
5,40,204,1,6.175502406322236,0.06320990112868453,0,0.8618145975379184,0.7928468239104786,0
5,40,205,1,4.599010044145081,0.2311818223632555,0,-2.3117781424419257,0.4682236055163236,0
5,40,206,1,5.375158693565946,0.12670478891702078,0,-0.2044091709855044,0.9494336856099546,0
5,40,207,1,10.525109837385985,0.00454360609721646,1,2.334074843987164,0.475362901084185,0
5,40,208,1,10.632783919754035,0.0018256526747922137,1,-0.35017276178275353,0.9023055303291379,0
5,40,209,1,4.654891681203116,0.1482820026568726,0,1.9306870569711803,0.49431650298973495,0
5,40,210,1,1.7180043777448968,0.5495522129936654,0,0.5667407074102753,0.8663116638648773,0
5,40,211,1,7.5046019256470915,0.007483840209143189,1,2.3201027440196786,0.48519173584549247,0
5,40,212,1,3.918325037622039,0.24810770675671662,0,2.268597634699404,0.4808211239853293,0
5,40,213,1,7.210453757422834,0.008747846511555248,1,-3.30071077484699,0.36175481588372593,0
5,40,214,1,5.386980083903979,0.10035700555400061,0,-0.9015898928153008,0.7942410129137273,0
5,40,215,1,7.982596088236468,0.03453410603768955,1,1.6073250057523045,0.6671702023281798,0
5,40,216,1,7.517529332304622,0.07289505538094775,0,3.0991128079950623,0.290720136249757,0
5,40,217,1,4.127100555189591,0.11288591296211807,0,-2.734319195673151,0.47198457194609156,0
5,40,218,1,0.8201253420928648,0.7635865748423489,0,3.1493022412411573,0.35167270285081365,0
5,40,219,1,3.5491015193332776,0.24677059325391995,0,-1.183803245581598,0.7071605196579607,0
5,40,220,1,12.551967812526007,1.317620637102841e-4,1,-0.4390394770907146,0.8905518264315638,0
5,40,221,1,3.7778309848542757,0.26124166041937136,0,-5.59341422663696,0.03062383417294092,1
5,40,222,1,7.987716778600074,0.013646658241435294,1,-2.2308957586428066,0.4626007211366424,0
5,40,223,1,5.476561430298958,0.11922169049413904,0,0.4425496170236961,0.8873702281332847,0
5,40,224,1,8.776221254351464,0.029658044452042,1,-6.765406039138348,0.019738738710163777,1
5,40,225,1,4.371401071101285,0.19237948673946573,0,3.034157537330381,0.3467868198332261,0
5,40,226,1,7.902161357774574,0.008929356311306959,1,1.7268786805757699,0.6104996543200476,0
5,40,227,1,5.449703079353939,0.0620039819496768,0,0.030273935103450177,0.9921244590310874,0
5,40,228,1,1.6541072092077862,0.613975493104312,0,0.4825559771048589,0.8240236314046038,0
5,40,229,1,4.6776257886037484,0.10133187191585487,0,-3.153756660824223,0.28407868552573157,0
5,40,230,1,2.6143523168051863,0.3953117184369531,0,4.132906333144046,0.1825780368366586,0
5,40,231,1,6.980507716735798,0.006824419130694418,1,-3.1377854291869447,0.3065627174011284,0
5,40,232,1,4.967152401312852,0.051292657941778154,0,0.5739453215205261,0.8751381739453237,0
5,40,233,1,9.20703506727197,0.007516733378965199,1,-2.765628160248505,0.41920603602094364,0
5,40,234,1,6.07347266702949,0.034075627366174484,1,-0.9666974133381858,0.7559976172537225,0
5,40,235,1,8.564488025475786,0.004641758193398534,1,0.45330250340546807,0.8891831443906324,0
5,40,236,1,6.822198137002412,0.04033928493686916,1,3.8616582917377924,0.2528495795673638,0
5,40,237,1,9.76219788672216,0.005372017728797751,1,2.2042418301322027,0.5385193883387909,0
5,40,238,1,3.71863004732896,0.15965477291574712,0,3.6360980319983067,0.25425142473776546,0
5,40,239,1,6.80385785446584,0.030488675910175716,1,0.25856557951876263,0.9277596895892486,0
5,40,240,1,3.6280633351504634,0.28357395071789754,0,1.8029240696525333,0.5973589689560364,0
5,40,241,1,2.3544040977491045,0.5074067252336485,0,6.211766310928177,0.0800011401675361,0
5,40,242,1,1.40739308276591,0.6774871958733703,0,0.5634788620521268,0.8629488334896983,0
5,40,243,1,3.75704972653426,0.2764134374522795,0,-1.4001930491873127,0.6269109913753297,0
5,40,244,1,2.625729875339819,0.3812042930295758,0,-1.9545648717968742,0.4743010132588269,0
5,40,245,1,3.5353843555249447,0.21646936806480208,0,-2.3472041769622325,0.45030524857233434,0
5,40,246,1,8.131351452450154,0.01884182408406432,1,-0.9806179221546356,0.7715384584870901,0
5,40,247,1,5.65898500655222,0.05679721543155128,0,-2.9077522205830557,0.36024366637548655,0
5,40,248,1,2.715437505423721,0.3151234006809784,0,-1.2221262217701485,0.6677968272519754,0
5,40,249,1,2.7697095743073614,0.33636315052065924,0,-0.8235060439237862,0.7544131444486225,0
5,40,250,1,3.154974336985865,0.28262511608610347,0,0.23748490162933103,0.943482042522614,0
5,40,251,2,4.408674201356588,0.13963157757417782,0,-1.828938111061045,0.5916439874052444,0
5,40,252,2,5.8943935238602325,0.05319164046657326,0,3.695256623730788,0.1501845539747812,0
5,40,253,2,2.356414637928867,0.4365080970123506,0,-2.9241090578737956,0.3908596067281197,0
5,40,254,2,5.519781027107974,0.13147087431759025,0,0.9953164105398704,0.7685836933351349,0
5,40,255,2,2.543883325039877,0.36966334847497906,0,-1.093219175251115,0.6871777432223322,0
5,40,256,2,3.0720722329449854,0.2833484349603041,0,-2.7208104689694292,0.4436642533092162,0
5,40,257,2,3.85800506841872,0.2007128565296627,0,-4.729338424374954,0.19075850121660864,0
5,40,258,2,4.541281106693555,0.15560209662013982,0,-4.427112702299863,0.2404188943774274,0
5,40,259,2,2.9463236279377822,0.31595681376045576,0,0.32722698511908604,0.9056455440918482,0
5,40,260,2,8.084926678773046,0.02085453042820457,1,3.8224960764906033,0.26775059139932383,0
5,40,261,2,5.706662877241592,0.09672135805567156,0,-3.6693444789389478,0.2429509477303232,0
5,40,262,2,-2.362351392762611,0.44362600250560735,0,0.19213566024078163,0.9508070959338148,0
5,40,263,2,2.272712831881886,0.4761484437822654,0,0.7072897894119118,0.8033094321951247,0
5,40,264,2,4.230947214225591,0.10056420207501217,0,2.907383143920095,0.3789178603160408,0
5,40,265,2,9.73303585059703,0.0021180157456460293,1,3.3631573129078984,0.2898393511597158,0
5,40,266,2,5.395469499815723,0.06984667640596288,0,1.8471270445028631,0.5650447233461673,0
5,40,267,2,1.4361581901717206,0.6340611289710472,0,-0.38984191836424664,0.9077570419156836,0
5,40,268,2,1.1590402511452573,0.7293379459799361,0,-0.5301923501485037,0.8772851398965222,0
5,40,269,2,2.640948525909293,0.30102527258287715,0,7.798506425743062,0.012349979031489088,1
5,40,270,2,5.817299582516296,0.07474891755307021,0,-0.7449423557646004,0.7933772683105653,0
5,40,271,2,8.191792315642068,0.014200850891390704,1,-1.14082880723021,0.6364620028758621,0
5,40,272,2,5.331462977878927,0.1807455498296357,0,0.019461099859471448,0.9950836257083352,0
5,40,273,2,8.886951031795014,0.017841652702995904,1,0.5484681099305649,0.8619775143715276,0
5,40,274,2,13.499774627787465,2.5628498977399715e-4,1,1.3267545282994244,0.6613056824958291,0
5,40,275,2,-0.8226386879267431,0.8081258275064539,0,-2.1789668596282263,0.5086792943350364,0
5,40,276,2,2.894797494215961,0.20178344151770092,0,-5.148847014306483,0.09169737482415496,0
5,40,277,2,5.317926246781801,0.06502667932238373,0,-1.6966601874658056,0.5796762312373075,0
5,40,278,2,2.2258490044754407,0.513644452673838,0,-3.556508081004621,0.26559420444815096,0
5,40,279,2,4.014475045513723,0.2141944810377176,0,-2.421187497741117,0.4952115866755529,0
5,40,280,2,4.239192069251945,0.14183426418264047,0,1.9776497669047166,0.5579473194281175,0
5,40,281,2,-3.377728906181466,0.19592282271495393,0,-4.2125285293281305,0.2568895244161588,0
5,40,282,2,8.633250678747231,0.015627449130829727,1,5.803165544455223,0.10096209705724479,0
5,40,283,2,6.181346133789907,0.02123654484509499,1,1.0363657262173607,0.7693120965847343,0
5,40,284,2,3.81022539617337,0.13289056952701211,0,3.2788237309901893,0.37826792231068174,0
5,40,285,2,8.07057603656887,0.017946880814081884,1,-1.6774181734663547,0.5877350876644263,0
5,40,286,2,6.2897095937232335,0.05215766060929466,0,0.7597541166051985,0.8247810135108782,0
5,40,287,2,4.232172694360351,0.1343638025189005,0,-2.518420326225814,0.4333654858044359,0
5,40,288,2,4.543309736853592,0.10844870094717027,0,0.09675725364646819,0.9778996474177073,0
5,40,289,2,8.830078204284353,0.0076463849692360725,1,-5.601251584402164,0.07730156639708996,0
5,40,290,2,9.740044986459617,0.0014547324109667223,1,-2.068025975949887,0.5248917389311408,0
5,40,291,2,1.100342495303834,0.7704416647832488,0,1.0719340548777894,0.6856111413032961,0
5,40,292,2,5.467596012705407,0.06358362996472916,0,1.5442521705692092,0.6713487901095908,0
5,40,293,2,8.41476373212251,0.0035722063514078304,1,-0.09504854041163692,0.979994018367255,0
5,40,294,2,-3.5984177041206045,0.2452441854345646,0,-2.323984115427849,0.4681336780596026,0
5,40,295,2,5.466123846274618,0.09318466191754445,0,4.08924984602083,0.10816806717328445,0
5,40,296,2,8.064372607499923,0.01698130717204655,1,2.0477584639779747,0.4968840438461257,0
5,40,297,2,7.2340032955063025,0.021273362115348655,1,-1.990168439802367,0.45597937699006486,0
5,40,298,2,-0.485636561335589,0.8702528413106003,0,-2.6416283675206076,0.4021482732817647,0
5,40,299,2,5.754312948861161,0.03002646028566679,1,-3.3593744899457616,0.21260658205256094,0
5,40,300,2,6.67004420533808,0.013107146076529592,1,-0.6864265943789278,0.8168405692422747,0
5,40,301,2,9.1243880267588775,0.0025377192899991717,1,1.9938613672838943,0.47402902313563466,0
5,40,302,2,4.202632088074965,0.1919418765314581,0,-0.5948939500260415,0.861708230518009,0
5,40,303,2,7.900805501869085,0.03672614590906165,1,-2.973106088983982,0.41283572455359896,0
5,40,304,2,6.593045415161484,0.042154245208776385,1,-2.2512951786136965,0.3947214008702228,0
5,40,305,2,2.783201838243239,0.35611790942729027,0,-3.3004143125492162,0.35186763521901077,0
5,40,306,2,6.675256485707627,0.02790368730610752,1,0.5087217353454531,0.8732655587304794,0
5,40,307,2,-0.9445807700800793,0.6595667532658475,0,-4.196905417792587,0.20324820484651154,0
5,40,308,2,9.038500559621507,0.019487174123241302,1,-0.10128431305154065,0.9780550376053063,0
5,40,309,2,12.852301708821814,1.6402696261005363e-4,1,1.5891313603962518,0.6336004845642491,0
5,40,310,2,5.3353225731637615,0.07880403785362972,0,-2.308691949178194,0.47167256343497754,0
5,40,311,2,1.0151647094108476,0.6997588804507748,0,-6.337422081188159,0.05133547183570191,0
5,40,312,2,5.561054822040998,0.13508893457425017,0,-2.548843802750674,0.46638303999632347,0
5,40,313,2,4.96075763846378,0.10858582417687142,0,0.7740357636067676,0.863641412293751,0
5,40,314,2,4.490825128045487,0.2038501179210056,0,7.600758117617537,0.020396379579531203,1
5,40,315,2,4.091495995143434,0.16640053752586356,0,-2.7543964139724975,0.40591425605533105,0
5,40,316,2,1.4298723690227448,0.6002520143923934,0,-3.0122761181500257,0.33534606092901065,0
5,40,317,2,8.008709427775907,0.019660725972661205,1,-5.11986418031857,0.11593271412668482,0
5,40,318,2,2.114948935930971,0.49293054689076077,0,-2.9252281721722606,0.20958463356384288,0
5,40,319,2,10.361662420226217,0.002761448307397722,1,-0.13447760336835987,0.9693102090949284,0
5,40,320,2,6.986977685714434,0.10786524054981751,0,-0.874426707073694,0.781672076172337,0
5,40,321,2,-1.946933111571433,0.5939275104877784,0,1.462368570597504,0.6478049643022081,0
5,40,322,2,3.7297879197160557,0.17378006129989498,0,-1.1098345740836155,0.7346382438109764,0
5,40,323,2,5.090809769373636,0.14226769395896968,0,4.933360243751784,0.19493543796963406,0
5,40,324,2,5.605729603264954,0.035748766575703306,1,0.5231684266706363,0.8592550178069943,0
5,40,325,2,4.998545711872953,0.19225895501054713,0,2.2574579847744523,0.5608966330244555,0
5,40,326,2,5.730778574421417,0.06612309960001803,0,1.9871423916411683,0.47646006903389637,0
5,40,327,2,4.911509667896895,0.10090749700520465,0,-1.3626902999580026,0.6908320332829627,0
5,40,328,2,9.280310830106217,0.004843337225198074,1,6.572315665521524,0.04261755751167475,1
5,40,329,2,5.056468205303852,0.10970446002674926,0,1.4014318359884543,0.684126079973733,0
5,40,330,2,2.2310862659572255,0.49959852011429506,0,4.018539201196356,0.19389470910802234,0
5,40,331,2,4.693567515638823,0.14831916353584984,0,-6.503553110829227,0.04460605819302587,1
5,40,332,2,8.935403243231171,0.011027959202768655,1,-1.1696219186956738,0.7437159828775557,0
5,40,333,2,13.351497373252002,0.002183353621562377,1,0.14582917201443316,0.9637091917935854,0
5,40,334,2,3.979862974223141,0.14543041074956597,0,4.288142315904557,0.13751651207660043,0
5,40,335,2,7.085639306331255,0.014459332135152849,1,1.174353164584466,0.7470219178006794,0
5,40,336,2,3.5252037889087453,0.23796952415731326,0,-3.838433968578087,0.3414609505655255,0
5,40,337,2,7.790027225373487,0.02844213628246281,1,-2.561737220085824,0.38264052873889154,0
5,40,338,2,4.78426385124481,0.042154474188951796,1,-0.47104236241280373,0.8684407484003815,0
5,40,339,2,3.365796361146049,0.2762434701385093,0,1.39899591134266,0.6594832577920207,0
5,40,340,2,10.222819957495267,0.0058174266969419275,1,4.696346212957594,0.1779125936842211,0
5,40,341,2,1.3144878776704223,0.6771195959208727,0,1.3076387534757468,0.6635794363878196,0
5,40,342,2,1.80095893550364,0.6027953243549271,0,-1.4921971997838948,0.6288379793735452,0
5,40,343,2,5.884859031026227,0.06960040118269643,0,-3.6198340031712655,0.27887277509358893,0
5,40,344,2,8.717042902221369,0.012342936088168959,1,3.297788570009711,0.41384845436743933,0
5,40,345,2,2.0249512223529305,0.4546844431945375,0,-2.455781738652842,0.43878002691868034,0
5,40,346,2,6.167634067557028,0.08142225862044472,0,-6.319464285935354,0.050255950491107704,0
5,40,347,2,2.370974849935449,0.42417139961984596,0,0.18487213829342808,0.9431818353510361,0
5,40,348,2,2.2218536133828963,0.49225928455762524,0,3.6483420185690987,0.2531669609729633,0
5,40,349,2,4.211565751184678,0.16492014648987527,0,5.353714619822368,0.05085263460816335,0
5,40,350,2,-0.040012415788975055,0.9893911321364942,0,3.417982442189439,0.24670221812413248,0
5,40,351,2,11.301596633681271,5.679570585038729e-4,1,0.6763510533720887,0.8402719888791071,0
5,40,352,2,1.3251707589429165,0.710256731939463,0,-1.0157556296763404,0.7729498443021756,0
5,40,353,2,8.213235890171152,0.00742399289169599,1,0.9847412318141082,0.772723920273946,0
5,40,354,2,7.15213486947314,0.06113375705579315,0,1.3183795712764939,0.6412781265001605,0
5,40,355,2,2.150892293648388,0.5161777922112442,0,1.3350711116088523,0.6467688753091463,0
5,40,356,2,-0.4365955853037919,0.8945904317522112,0,5.663224922727969,0.07593055643825523,0
5,40,357,2,3.6638837613527486,0.34076109033994995,0,0.5155392608725322,0.865465572587893,0
5,40,358,2,5.9345384176421305,0.10287558088335778,0,-3.0257114281762907,0.40411161088324554,0
5,40,359,2,4.604917532001106,0.11070236648977323,0,-2.199021652889817,0.5336483366749811,0
5,40,360,2,6.243162197830957,0.04072586385806958,1,0.14809138260465232,0.9535004827186879,0
5,40,361,2,8.595074216702036,0.0054046919183465495,1,-1.270551516776685,0.7002011983506309,0
5,40,362,2,5.848430571097306,0.07615716817756128,0,-2.0949990234743128,0.5057685489377837,0
5,40,363,2,4.572911491870528,0.12397066508398942,0,3.4101610948691636,0.2756604783813228,0
5,40,364,2,5.072328278264771,0.14238344368688674,0,5.937571302638786,0.0766913816587685,0
5,40,365,2,5.467524599834077,0.10387972429904992,0,-1.5058489341931363,0.6700332752975281,0
5,40,366,2,3.1625174825769498,0.23664089308768013,0,-1.8389848378368856,0.5590844337161037,0
5,40,367,2,9.986725032836532,2.5467069436794154e-4,1,4.476999641587878,0.14214813809502372,0
5,40,368,2,-3.7466783373794086,0.3197245683658715,0,-1.5485394429914001,0.648749472403287,0
5,40,369,2,4.535808373836348,0.14157186593995127,0,-0.9461982994560126,0.7710675374365681,0
5,40,370,2,6.870309990370057,0.04013610051081085,1,0.014057587940449699,0.9964160172616298,0
5,40,371,2,6.424479900885202,0.040384597775172275,1,-0.3864197005508556,0.9079792213156006,0
5,40,372,2,5.132999605532756,0.07734037189142869,0,-1.4537817881434407,0.589868349326294,0
5,40,373,2,3.19244106563922,0.3994454671104969,0,-0.39997939240777497,0.9184567472840198,0
5,40,374,2,3.9382346846200855,0.2003389130323984,0,2.126803708816012,0.580379695038878,0
5,40,375,2,10.328969639595003,0.00350089323620365,1,2.7553038418475353,0.442539897033129,0
5,40,376,2,5.405535236772353,0.06131644241321221,0,-5.672802762149004,0.07160085697446941,0
5,40,377,2,1.5547502670689488,0.6650716142927096,0,4.2526163056114665,0.24091813688393593,0
5,40,378,2,3.663803351420552,0.23742889171571593,0,4.866865962412987,0.17303553203687394,0
5,40,379,2,4.955982912299069,0.10588371663034087,0,0.7875148605357258,0.8057384803389837,0
5,40,380,2,0.5615935322607171,0.8618457838998488,0,-2.5484231393776566,0.40144280402791443,0
5,40,381,2,4.857885149653815,0.12170528600887419,0,-0.912910589580453,0.7090455054100223,0
5,40,382,2,5.346628700670612,0.0888135493339583,0,7.7284954664153735,0.021984504478118366,1
5,40,383,2,6.242160505260123,0.0622293174875001,0,-0.36941918405588614,0.9014344802354087,0
5,40,384,2,0.005854755922933774,0.9983727011574319,0,0.522785417470313,0.8799651229595169,0
5,40,385,2,3.217277227499539,0.3297883939419475,0,-3.9760410815222387,0.2621930485060977,0
5,40,386,2,5.3262546615429445,0.10432449439064151,0,2.4784467823522505,0.3585841162336292,0
5,40,387,2,5.458569029602736,0.08175860706479951,0,-0.29543661558574524,0.9342677414574206,0
5,40,388,2,0.7319815082404777,0.8052099986081109,0,-6.058825442773915,0.05511411088224144,0
5,40,389,2,3.5183216909353328,0.25767297238149217,0,3.910361661672587,0.2839417653390862,0
5,40,390,2,3.9264235314785796,0.23650887929545886,0,5.289337840844534,0.032945552218407934,1
5,40,391,2,2.762985982625964,0.39261745294739325,0,-4.8226451314939,0.06862740745804402,0
5,40,392,2,7.897337504920816,0.011146833488515773,1,-5.458449007774633,0.1259257127148422,0
5,40,393,2,3.6984786356299044,0.3098150874207107,0,0.7303641041626873,0.7797655185442353,0
5,40,394,2,12.613326017170161,5.227648801381861e-4,1,0.5405801362997432,0.856419027086251,0
5,40,395,2,5.195356942625558,0.12993601853980785,0,3.3832087110515823,0.319032345291165,0
5,40,396,2,7.5708949323936094,0.017948430643590568,1,-2.148101421173607,0.4301068258242484,0
5,40,397,2,8.76383522756441,0.006794651860735585,1,0.6841622353769571,0.8428198568853602,0
5,40,398,2,6.469372863877529,0.027548315814955617,1,1.3909801663035108,0.659616774099751,0
5,40,399,2,7.075685762196184,0.04739416642330252,1,-6.829197270847098,0.03295606566022854,1
5,40,400,2,2.9975120549919034,0.24385464462028306,0,-2.9519571487925944,0.343834129519909,0
5,40,401,2,10.434146711333591,7.367483469330238e-4,1,-3.0667554981972405,0.2377008469877088,0
5,40,402,2,4.3609510157265525,0.13142973282431028,0,6.347068401600948,0.05836928586802731,0
5,40,403,2,7.691436051606942,0.019677453867446296,1,-0.1833949327175085,0.9520699116079366,0
5,40,404,2,2.9294484204724203,0.3371311498815319,0,-0.4422033011587152,0.8809498389038903,0
5,40,405,2,2.537133302812758,0.4154281064077505,0,-1.8187229113724006,0.5583419871732014,0
5,40,406,2,4.986851321684419,0.06891523580808724,0,-3.1454373178260755,0.2872122855157804,0
5,40,407,2,2.169341013834803,0.4701605606299515,0,0.08029322177714077,0.9795072830641129,0
5,40,408,2,5.77374836541445,0.08596889474203648,0,-3.234521554622104,0.28167041262455383,0
5,40,409,2,4.508630518066968,0.14164812734166884,0,-0.22719210218796382,0.9448788994765585,0
5,40,410,2,6.8755873893271895,0.034934291481000294,1,1.0016066124455438,0.7577302433593173,0
5,40,411,2,4.697476792070743,0.17431938731240512,0,-0.07783676278147056,0.97715032107261,0
5,40,412,2,3.7073991245378766,0.35542951458881344,0,-6.49626079210867,0.052259848720798696,0
5,40,413,2,4.4191956751013,0.10157708784361232,0,-5.112309278844119,0.12077922123524808,0
5,40,414,2,7.649811894535837,0.04480437408074631,1,1.8887593842425303,0.5905260417354997,0
5,40,415,2,6.936532685815694,0.0332666752666321,1,-0.2837990690683119,0.9472510660784359,0
5,40,416,2,4.048798183872854,0.22036606947776358,0,4.204357247890266,0.11960101388405613,0
5,40,417,2,5.687891791410698,0.06020699153321151,0,11.927973102587233,1.3575251049158124e-4,1
5,40,418,2,5.278432406448219,0.06509944924155915,0,0.8298776303397621,0.7930233690015428,0
5,40,419,2,14.009487244160402,1.289910649480443e-4,1,-4.022055105836533,0.17221044904489655,0
5,40,420,2,9.196884198000625,0.007326864113793978,1,0.054783592202768676,0.9874419491305295,0
5,40,421,2,8.929615949291367,1.6970180821126134e-4,1,5.139779019192546,0.08680412149027474,0
5,40,422,2,8.39417656263534,0.008452275703952036,1,-2.9932797747650985,0.32716156088858694,0
5,40,423,2,8.267899825857391,0.0073115150942262425,1,5.0253120103037325,0.1280165603626399,0
5,40,424,2,3.806776436580503,0.24820901264800868,0,-2.543116609673442,0.3419048887667384,0
5,40,425,2,5.7044390804049145,0.10345329025176091,0,0.76918359478345,0.8410848428722557,0
5,40,426,2,2.7455482894344017,0.3534787782573604,0,2.1648547705188372,0.5125082597731294,0
5,40,427,2,5.0334546492545424,0.023436987085386083,1,-1.3340354650198067,0.696865638154074,0
5,40,428,2,7.100984320988884,0.05800367529292216,0,3.195599548731277,0.40055475729915413,0
5,40,429,2,3.7311676796735447,0.28579635493107963,0,3.1422825188784125,0.3276693811635467,0
5,40,430,2,8.33551674483958,0.00826832903076669,1,3.7000496651659107,0.2383328982086422,0
5,40,431,2,3.6202919048597253,0.10160376545807298,0,-2.51311461821478,0.33263202591730245,0
5,40,432,2,5.494216298445478,0.07886099218948717,0,2.446430555752578,0.391985853205185,0
5,40,433,2,3.656406371419327,0.26625707790264846,0,-0.08417884967550847,0.9820494529179065,0
5,40,434,2,7.6800498239492,0.038415431500567615,1,0.10833323638549465,0.9717267710420248,0
5,40,435,2,4.4617322794042895,0.12067480075418384,0,3.367859879939692,0.19697035006453065,0
5,40,436,2,6.8259393455838016,0.016056503762325185,1,-0.9963370534316373,0.7608797838474286,0
5,40,437,2,3.8230013878164635,0.28255688123655914,0,-1.2543260223042363,0.6863563754216562,0
5,40,438,2,5.8170080318240345,0.04709992165319308,1,0.5197042700445081,0.8756298591020673,0
5,40,439,2,-2.9365663391070687,0.314634877331895,0,-8.036673723612232,0.016185357340200334,1
5,40,440,2,2.5506190545251495,0.39969196179847877,0,0.7622967142120979,0.8060964548525023,0
5,40,441,2,8.455935777342791,0.03593069568440191,1,-0.9571321509220876,0.7715812780028501,0
5,40,442,2,1.6261534591755167,0.6004460457473463,0,0.5983808717206488,0.8664127431929657,0
5,40,443,2,0.3084448734566914,0.9274783788776204,0,-1.1587514798362268,0.7692238131635937,0
5,40,444,2,3.9157731451691187,0.24458567227906816,0,3.742425485028337,0.20533883857006233,0
5,40,445,2,8.2624245562185,0.02446936592705277,1,2.5406232708078305,0.43190932873179966,0
5,40,446,2,1.6614340610589977,0.575531497208182,0,-6.203589866254946,0.04414918679491482,1
5,40,447,2,8.285509604821051,0.012738087765121447,1,6.042312560016007,0.03478590604647521,1
5,40,448,2,8.251517632229785,0.0047386186648368306,1,-0.9166547729015383,0.7932568689742824,0
5,40,449,2,6.006688022077745,0.035370414418955796,1,-3.265244715698017,0.29021330833064185,0
5,40,450,2,1.5613354544307783,0.5715320717072556,0,4.199371126709999,0.20926163709149748,0
5,40,451,2,6.0069201334463065,0.07228721328261284,0,-0.13758199395242487,0.9702905039239575,0
5,40,452,2,1.2811803735222511,0.6358643935222347,0,2.254311021553688,0.48647437005788086,0
5,40,453,2,3.2769668547493835,0.36126573962952124,0,2.6821204181306575,0.4806219188602773,0
5,40,454,2,9.105558898138932,0.001059552557960615,1,0.7195916858418558,0.8175990917852541,0
5,40,455,2,0.15938270895051784,0.9624169369159314,0,3.7051509379165903,0.26022173854976033,0
5,40,456,2,3.131372472029994,0.3508949163169264,0,-1.8298345304973296,0.5064310680251988,0
5,40,457,2,-1.3841000197790667,0.6756576680287391,0,-5.656638819344383,0.03267948702259991,1
5,40,458,2,5.41442134351315,0.03409934720533507,1,0.1115862751474364,0.9636635074019697,0
5,40,459,2,5.348053910328085,0.13536117323382119,0,1.9176066331430681,0.5510573764765272,0
5,40,460,2,3.0012947509241252,0.38988156815003927,0,-3.4208907595640463,0.33175471587690575,0
5,40,461,2,6.546657613144573,0.04603363976683886,1,2.1355802573144596,0.4796279232572942,0
5,40,462,2,2.7755704109518606,0.4070655520810522,0,-1.5715426636573686,0.565016971303075,0
5,40,463,2,9.502409839816501,0.0037388088586441754,1,-0.8802612351813487,0.8059741966272658,0
5,40,464,2,10.456910585657374,0.0020194982331189926,1,2.2345810322311985,0.359133843721956,0
5,40,465,2,6.187416407745887,0.060457721211752455,0,-0.24089870057612223,0.916779403160634,0
5,40,466,2,-0.05966850989358852,0.9835992937137815,0,-1.472905579658622,0.6660576829033518,0
5,40,467,2,0.3034304679975339,0.9273483209938063,0,1.2102641867706427,0.6052729314143024,0
5,40,468,2,3.4572307543161602,0.2347020076644528,0,-2.8145541774789273,0.43313365137576476,0
5,40,469,2,7.962530348229685,0.035060927141803803,1,4.125222310935034,0.2758118907265887,0
5,40,470,2,1.4674264421552845,0.6567707334337083,0,2.9089135884781023,0.34110812610027674,0
5,40,471,2,8.730051691119803,4.326788425254515e-4,1,2.4550304517371573,0.4368261345135245,0
5,40,472,2,8.934565445074842,0.0024781704715279183,1,1.3958334594231865,0.7049987591048288,0
5,40,473,2,7.498892638522995,0.015651493576924042,1,1.1254623255280185,0.715545637927687,0
5,40,474,2,7.348352046634529,0.002741848805647392,1,-0.7080036263752103,0.8254267992732118,0
5,40,475,2,2.421796531416969,0.366120850332153,0,1.6765605903364733,0.5838125848341762,0
5,40,476,2,13.94514114907225,6.032602984233409e-5,1,2.3994751398948195,0.430281673075975,0
5,40,477,2,2.832898115128326,0.35841055602011596,0,-4.001505756973952,0.25005334699684806,0
5,40,478,2,4.6969946151010475,0.1389326799178289,0,-0.4610905648093364,0.8986395119638917,0
5,40,479,2,8.022987144517602,0.012386385007941014,1,-3.1094085326560648,0.2744062520796732,0
5,40,480,2,4.493943374757908,0.09067598339517427,0,-6.972494805179407,0.030824062184418636,1
5,40,481,2,1.9339987120925504,0.4876587096858337,0,-0.44485419493412964,0.8830775879603974,0
5,40,482,2,1.7309176680655263,0.6207751984658292,0,-1.4784416878876125,0.6585576077177817,0
5,40,483,2,4.021800799554283,0.21539673448998137,0,0.2455708061611796,0.9474748418612454,0
5,40,484,2,3.8669983213207506,0.3322339818333673,0,-1.1582007961143668,0.7609154764454271,0
5,40,485,2,5.994333395341474,0.05356929633062531,0,-2.305475584134148,0.4978350455663705,0
5,40,486,2,6.985271690874445,0.016789107555069183,1,2.5621956933088903,0.36676836196356766,0
5,40,487,2,-0.7528192088589911,0.8336715856429192,0,-9.277236295137486,0.0023366705859906188,1
5,40,488,2,9.30927745285345,0.00485840347834979,1,3.389810970138014,0.24440287288992527,0
5,40,489,2,2.615053788707023,0.41871951139128205,0,-0.6389501059030126,0.8415891731516855,0
5,40,490,2,1.96063355947556,0.5056025471862582,0,-2.459671583230346,0.4391450543251795,0
5,40,491,2,3.829658865248556,0.1960094417658352,0,4.417801114138127,0.17574847143213665,0
5,40,492,2,8.781928291017023,0.023759752441233416,1,-0.9194196083024059,0.7146735921052187,0
5,40,493,2,2.127520301174649,0.5499921295626709,0,0.5699484384229608,0.8617224577624898,0
5,40,494,2,1.841911076646495,0.5167236048615521,0,1.6467364194135339,0.6167274912458185,0
5,40,495,2,7.07178428282579,0.010539231331272263,1,0.6620465987589029,0.8343158369449865,0
5,40,496,2,-2.1469524162083395,0.49290343131271097,0,0.12416008362064226,0.9711914280087763,0
5,40,497,2,8.08811619645534,0.021658015116128273,1,1.9322743858906242,0.4695598987821036,0
5,40,498,2,9.570273314609969,3.05755006191334e-4,1,-4.6705437215299375,0.1184149724745432,0
5,40,499,2,5.305161383608363,0.05526761189948824,0,-1.8433978014821835,0.597576589806746,0
5,40,500,2,3.9887103196360467,0.24559911634808065,0,2.0719492591535706,0.5078242598398527,0
5,40,501,3,8.560641211044523,0.006119126803423349,1,-3.9771274267946155,0.23395590717953638,0
5,40,502,3,1.159252463545309,0.6946616978515048,0,-4.178641966541404,0.14287120155865665,0
5,40,503,3,7.447230996622587,0.02215176292302325,1,7.757778198831064,0.04444681406817954,1
5,40,504,3,2.4810189135891534,0.43495882691862064,0,-2.1757823852490543,0.5307989591974696,0
5,40,505,3,4.0574252296513995,0.27434337980369516,0,-1.2281845053424871,0.6929502092635034,0
5,40,506,3,2.7111683452262807,0.378020148013823,0,1.0893549682555208,0.7175875789289903,0
5,40,507,3,4.803198990244036,0.18340319650152861,0,1.2316705263371,0.6910840479112218,0
5,40,508,3,3.371400124624937,0.324128021816498,0,0.17990461305029593,0.952196851972275,0
5,40,509,3,2.572980481331314,0.4399012208754439,0,-2.7077790647465787,0.44086637730435096,0
5,40,510,3,6.778456518328231,0.014386928467395158,1,0.9177442131834335,0.759629179785569,0
5,40,511,3,8.773904409583226,3.4422294775333505e-4,1,4.473784559674863,0.23090270597537296,0
5,40,512,3,2.961321934391156,0.34738062625916866,0,0.7671308072078336,0.8186050698135425,0
5,40,513,3,-0.14118841608077873,0.9560204876450495,0,2.2362962872194974,0.4330342487944099,0
5,40,514,3,9.28644982968722,0.004462623897051414,1,0.6526379161548927,0.8521290390702405,0
5,40,515,3,6.256213357427784,0.034783495064817885,1,-5.32893282960048,0.09051323754800081,0
5,40,516,3,6.601071837264282,0.0338924514999694,1,1.55685748002975,0.5722616148951634,0
5,40,517,3,7.835861033296838,0.02425221807058503,1,4.092071249752025,0.21870044271750053,0
5,40,518,3,9.699640425828488,0.0010099568787509325,1,3.598342126327081,0.2991273865835729,0
5,40,519,3,11.159582770480698,2.3570630312461115e-6,1,3.701085961794333,0.26981417434764193,0
5,40,520,3,5.4288274981879905,0.06187119127622933,0,-2.235511253200036,0.438995639643038,0
5,40,521,3,2.1481882658618776,0.4709780866422598,0,-2.440844326044367,0.46599742586264314,0
5,40,522,3,5.545147731077262,0.018308476895679233,1,4.753254743905384,0.09488644362507331,0
5,40,523,3,3.3451335300430864,0.2793256378767403,0,-0.4488145067835395,0.8974943532052597,0
5,40,524,3,2.733199729023877,0.40576108736828176,0,1.9543331611480244,0.45515203606069665,0
5,40,525,3,4.053846875060839,0.2340019078329743,0,4.568202643579477,0.1392951351134416,0
5,40,526,3,4.797329886353985,0.12552837582848309,0,2.7984697248611776,0.44307128646925176,0
5,40,527,3,7.712801138527393,0.01262988042405483,1,-6.621533587517728,0.031330302557178474,1
5,40,528,3,7.758774725652398,0.01995011540116267,1,2.2815113241541805,0.5743863062740773,0
5,40,529,3,0.6279974310417605,0.8422759066426291,0,1.2937260616209427,0.7226919817156328,0
5,40,530,3,6.69792180774421,0.06608961206957142,0,3.4571492272447872,0.33762415844227,0
5,40,531,3,1.648871046569819,0.665227057684485,0,0.07860336097655056,0.9763980506452226,0
5,40,532,3,-2.82864606771073,0.28209791274015245,0,5.120408346223647,0.013875729315619787,1
5,40,533,3,2.0150337844792916,0.5854236627753701,0,0.8745008733973082,0.8142216736691001,0
5,40,534,3,3.2502150034879818,0.2577823108524865,0,-2.2293024217982884,0.45956680316217224,0
5,40,535,3,7.498228702305916,0.016097556849141836,1,4.293452398249504,0.16905683876539804,0
5,40,536,3,-1.9488128856458502,0.5585418854917894,0,0.8433861575900393,0.782411411224107,0
5,40,537,3,6.969063206527675,0.012278708667320861,1,-3.1804071569527865,0.2951444812506143,0
5,40,538,3,4.513928191011011,0.12509730292976723,0,4.089312211299654,0.20731544986234426,0
5,40,539,3,5.041783760196716,0.07976158816443253,0,1.0200662639244873,0.7380747337135568,0
5,40,540,3,1.174018397040403,0.6732589365466399,0,-1.7242051195990675,0.631975497882727,0
5,40,541,3,9.206415777545798,0.0037164784025955563,1,-4.10526887834134,0.20493110978417714,0
5,40,542,3,3.5813611253533266,0.24747454816628556,0,1.1742429912931083,0.6459518599133807,0
5,40,543,3,7.37622868959594,0.017220646457598587,1,8.787611499065326,0.01025388898170167,1
5,40,544,3,5.505801105363816,0.023325921181648505,1,1.253354654201936,0.7287533585499499,0
5,40,545,3,8.99954883444943,0.0019662400416460093,1,-0.15654723179713836,0.9680373786952613,0
5,40,546,3,5.944770899089209,0.029430172873255153,1,2.876496701650158,0.37485902080883227,0
5,40,547,3,4.329848298336534,0.19647896054343514,0,-2.2182955605112746,0.5329706004988314,0
5,40,548,3,1.2985794906354093,0.7106963870450425,0,-1.979212585581857,0.5519994678123867,0
5,40,549,3,4.4591625593157005,0.12912964069698937,0,4.662384556705832,0.14087811018144966,0
5,40,550,3,2.695170424151638,0.42267665951577904,0,-1.592708558666893,0.6593125419434724,0
5,40,551,3,0.9454957657710545,0.6853763724764792,0,-1.457841089662333,0.6922546454300147,0
5,40,552,3,6.186606555384516,0.03148642970952212,1,2.8874015040876997,0.4341262761937801,0
5,40,553,3,4.576518569868537,0.17804331836020557,0,1.982733985394558,0.5756693235640047,0
5,40,554,3,3.912882970268217,0.15953688423283724,0,4.78290770942573,0.16110160996450185,0
5,40,555,3,2.4442996561876136,0.4138833474452056,0,-1.133033203332137,0.6940365411127436,0
5,40,556,3,-1.4619733888495037,0.6808009457247967,0,-2.679518585204048,0.4099430061110013,0
5,40,557,3,3.121860573761619,0.34754630000801,0,2.352474865848305,0.4859666629963504,0
5,40,558,3,2.7723834476886253,0.4483316358530388,0,3.9368905337074276,0.21861430374888566,0
5,40,559,3,6.517738730168432,0.035639546764328914,1,-0.13903818017774838,0.9640712079323888,0
5,40,560,3,5.838747876860811,0.06365989735350301,0,1.1713756144026313,0.7075878469804011,0
5,40,561,3,3.099159204362972,0.30621694163289714,0,-1.3101370489779074,0.6721038372992039,0
5,40,562,3,7.24534709542852,0.02684938425652667,1,-4.321998286600506,0.11247165829864608,0
5,40,563,3,1.2175659542924275,0.7256810529456913,0,1.8750686540599466,0.5167445567859363,0
5,40,564,3,4.651633486572612,0.21507064733119088,0,-0.19060163154666926,0.9426648661297972,0
5,40,565,3,1.3157908221735402,0.6708805674206979,0,3.2640619080154503,0.25143016997691964,0
5,40,566,3,9.392588463360893,0.003756697885850871,1,4.285851035383386,0.2206568618631691,0
5,40,567,3,7.5765126694709055,0.01489470167007288,1,-3.162522648146273,0.3868051816808955,0
5,40,568,3,2.7589556852127095,0.35789076082839566,0,3.5415202484584896,0.2697993301304093,0
5,40,569,3,0.7176937181926802,0.8233330590105874,0,0.2705333238983722,0.9292045040854252,0
5,40,570,3,7.051062307074861,0.03363501693110538,1,5.543890124394829,0.1043262127457873,0
5,40,571,3,7.737187887784777,0.02434209066058548,1,-2.068543103083746,0.524020512510331,0
5,40,572,3,12.630502420818813,1.1448294713806116e-4,1,0.23719917389906794,0.9212729102259352,0
5,40,573,3,10.090919850266387,0.0012507938948694013,1,4.153295418967913,0.16585983527362516,0
5,40,574,3,5.542887040070191,0.11942560214306763,0,-1.5361132818902978,0.5784785917059532,0
5,40,575,3,8.613978109825862,0.018056623673092038,1,0.8611774621697608,0.8298864788655135,0
5,40,576,3,6.813794958593784,0.02933362960429714,1,3.5286096383756234,0.22050491041655265,0
5,40,577,3,-0.005452411368181356,0.9983224588036543,0,2.798005091341577,0.18557224345470102,0
5,40,578,3,3.258701312389544,0.2909009537153739,0,-1.42294095254618,0.6404732029722697,0
5,40,579,3,1.4712917957133802,0.6384835595021101,0,-0.3043014700043852,0.9233670638758339,0
5,40,580,3,5.188608929958617,0.1442111893437865,0,0.2920188310905137,0.9308496272905427,0
5,40,581,3,6.583142457277276,0.0365370899895213,1,-1.0954641742932452,0.7274387010395658,0
5,40,582,3,2.9702053352543945,0.34926593629751324,0,-1.3454196851025926,0.6786560686174101,0
5,40,583,3,9.080058751846202,0.005066672181614111,1,-3.9160346931494505,0.17393029088495987,0
5,40,584,3,1.9651423095078207,0.5218675776550747,0,-0.5084899138097375,0.8863750734861011,0
5,40,585,3,4.353809738748077,0.25995158847014016,0,-0.49277913444058435,0.8926999704538486,0
5,40,586,3,3.975114715812681,0.2086346099204517,0,3.0524877208398697,0.39634577644710445,0
5,40,587,3,3.769091262565103,0.20815687841523886,0,-0.2855976882035416,0.9353994794302102,0
5,40,588,3,5.5000266855469375,0.10214611009938603,0,-0.08752978971973442,0.9772331392532103,0
5,40,589,3,2.896469119523393,0.3354096658231108,0,3.1856394886522192,0.294376717541952,0
5,40,590,3,6.357303568396208,0.057520273288893635,0,-3.334022116512651,0.26955615471900135,0
5,40,591,3,2.745816201715229,0.35622384498820003,0,-4.15954979272412,0.2985465059797414,0
5,40,592,3,9.149063229319054,0.011980266890308662,1,2.6583729214292733,0.45862002135840907,0
5,40,593,3,3.194827429020286,0.32484322787912046,0,1.6550218262154155,0.5494631786035679,0
5,40,594,3,2.9705503441576955,0.2746904538109159,0,0.04078617654227678,0.9900611956948798,0
5,40,595,3,2.125965030377383,0.45892821532824646,0,-0.2988947318344874,0.9307934542327883,0
5,40,596,3,5.185895128857501,0.06065798609205129,0,3.5385805240016532,0.32526342237133277,0
5,40,597,3,3.131428863045648,0.32378010046819183,0,-0.13992226963858007,0.9589754211867427,0
5,40,598,3,-0.1374710527207088,0.9668507852042907,0,-2.8603560380294257,0.314003408548857,0
5,40,599,3,9.016973695732819,0.005140993370031717,1,-2.356275578071405,0.39911320175346676,0
5,40,600,3,-0.2502249132764903,0.9422919922629686,0,0.9434263903776213,0.7502522649564448,0
5,40,601,3,12.199260214522656,4.775064357840806e-4,1,0.9725268174870297,0.7220493542503587,0
5,40,602,3,0.11401338553562457,0.9734218899815235,0,-0.32606051313812046,0.9172043244315204,0
5,40,603,3,1.403913256845112,0.6420239834943724,0,0.5651934139280541,0.8507447237533687,0
5,40,604,3,7.312355404231239,0.010812019839942425,1,-2.602244412266683,0.389041758449194,0
5,40,605,3,6.083432920381871,0.07018549911175921,0,-0.5765769198212066,0.8565508313093033,0
5,40,606,3,4.3437042800961105,0.1566786583271439,0,0.4394239440855046,0.888439202099651,0
5,40,607,3,11.058827249372584,3.8178291753225086e-4,1,-2.13595736635634,0.41988309258012446,0
5,40,608,3,4.898984274385492,0.09152408737921017,0,-0.6308193781599407,0.8637569438446971,0
5,40,609,3,5.0074152800297895,0.19059317575102258,0,1.8210775967952662,0.5316611228283634,0
5,40,610,3,6.109258767862461,0.04502226597758668,1,-6.535001590538078,0.013497979393874905,1
5,40,611,3,5.0068948764463865,0.12539483049216477,0,0.5245829208518409,0.8690973061489565,0
5,40,612,3,7.029461276620758,0.03141304476694878,1,2.9456434518217893,0.3319028667269682,0
5,40,613,3,3.8898505378325514,0.20021716431039724,0,-0.28190152339069885,0.9318541573377193,0
5,40,614,3,4.583033482060875,0.15940611338635188,0,2.6800766164663683,0.48108283121324125,0
5,40,615,3,1.0793822446386176,0.7291962279848413,0,10.85916452233085,4.971853163118632e-4,1
5,40,616,3,1.5966359029323258,0.5620115535349435,0,4.6950123865676225,0.16057909310870572,0
5,40,617,3,1.4259937160200156,0.6753318664046533,0,-3.5045154899958497,0.20162535564244283,0
5,40,618,3,5.640392703251511,0.03804714512798232,1,6.1579648654826675,0.03661991837561847,1
5,40,619,3,1.2521593954610077,0.6779799857783377,0,0.5274279727534914,0.8573068177386796,0
5,40,620,3,8.009475271440966,0.02965609904498431,1,2.949656828929043,0.3727184788141521,0
5,40,621,3,6.285807680125213,0.05573321400077079,0,5.1936286252895645,0.10571554470764122,0
5,40,622,3,4.63272396912149,0.16876234139047014,0,4.884401182057949,0.1484435664585591,0
5,40,623,3,6.607200418263919,0.054357152720324105,0,-5.255196388186622,0.14167761838337728,0
5,40,624,3,5.030993502582516,0.13201291497499548,0,3.444401718067076,0.15925667166204543,0
5,40,625,3,2.2130007427784,0.5177080002285536,0,2.971079754990648,0.35249616971498654,0
5,40,626,3,7.847486908094641,0.010596113329993646,1,1.9606635828043424,0.5762084728878001,0
5,40,627,3,2.1428633922849665,0.45124734046995263,0,0.3017148217124322,0.9277467026209426,0
5,40,628,3,2.1990152744230245,0.39644637223933177,0,2.4405462007024017,0.35176054078652685,0
5,40,629,3,3.784326002789511,0.2593669044588381,0,3.211922585481626,0.27348481833835436,0
5,40,630,3,9.118152499480676,0.01797132599519737,1,2.8047909323761777,0.2627059790268987,0
5,40,631,3,3.754272883939872,0.2964540156161029,0,2.8870741717603843,0.3435433920011771,0
5,40,632,3,8.51497137747399,0.003183349992184398,1,2.135104196441511,0.43664901466916506,0
5,40,633,3,-2.3375813444837754,0.4719861969135718,0,-5.1439158507417195,0.07969718160180776,0
5,40,634,3,7.134956181470842,0.08084948690723068,0,-0.7379880924001047,0.7486574703172659,0
5,40,635,3,2.6070392295989393,0.37052337231948484,0,-2.188957752118058,0.48906181347134814,0
5,40,636,3,0.8372930519387534,0.7888267359181607,0,3.0469938273281048,0.38751362988585236,0
5,40,637,3,4.840295791805504,0.10737643749664762,0,-1.8240853545515086,0.5177787730274248,0
5,40,638,3,6.409772434260703,0.07653108120140009,0,-5.343821329632285,0.07872580935957671,0
5,40,639,3,1.9754546489039897,0.5264647204682344,0,1.6700524383286246,0.5862172045162376,0
5,40,640,3,8.15790630373124,0.007575735653480955,1,-0.11683334296762407,0.9668027034901361,0
5,40,641,3,-1.634966362201664,0.6689047121549605,0,3.808205691063922,0.2136299966361218,0
5,40,642,3,1.9796384006430512,0.4584245966606695,0,2.836376171276568,0.3964775747220617,0
5,40,643,3,2.0294069473175766,0.5029305772677308,0,1.5622423579708482,0.5755917579536798,0
5,40,644,3,2.9905716806353992,0.3758257436529485,0,-2.415020615703669,0.49082636901254273,0
5,40,645,3,1.6527936323305579,0.5695740056751162,0,0.039098143603348956,0.9901085321167911,0
5,40,646,3,10.771748757353238,0.0010633712804097603,1,-1.280652576891779,0.712489228396209,0
5,40,647,3,4.44366475081238,0.14181729547256133,0,4.238103496537504,0.11865683076029113,0
5,40,648,3,9.677546421035805,0.006236531770821604,1,5.099285616622972,0.050393738954841664,0
5,40,649,3,0.0761176758444939,0.9808881216832139,0,0.463019254253178,0.8972829024807688,0
5,40,650,3,7.495879736799187,0.02575137932477098,1,0.18894902641153097,0.9525233412990876,0
5,40,651,3,2.511176590918504,0.40351824514619883,0,1.3273181468955624,0.6782672972382882,0
5,40,652,3,5.823442690328415,0.04000313825039223,1,0.4784727868958065,0.893979247130079,0
5,40,653,3,1.3984061509263843,0.6685083902659876,0,2.491714231324243,0.48687558709848766,0
5,40,654,3,1.0192551244382777,0.7719305003023862,0,0.6018765255106138,0.8522798401775105,0
5,40,655,3,1.0350573161209322,0.7535943010493868,0,-4.698773537051705,0.14966927280065245,0
5,40,656,3,6.404459069770188,0.04520890431179842,1,-1.0793134379332567,0.72554095356851,0
5,40,657,3,3.864442571106814,0.25166303349424607,0,-3.2600781848884712,0.3267699721907231,0
5,40,658,3,9.715507786914403,0.013067751298291278,1,6.884135276964137,0.03528903677814618,1
5,40,659,3,7.654100827496368,0.013987676296465005,1,-0.7304845656598828,0.8118341889853601,0
5,40,660,3,11.055890246094023,0.0015171440349059087,1,2.7247310022931903,0.40034017228666974,0
5,40,661,3,6.116329170058177,0.049179028342220155,1,-0.9050544109396427,0.7665360474091092,0
5,40,662,3,6.573739349479028,0.059686385559814495,0,3.787028672487804,0.3268194097329773,0
5,40,663,3,8.242449275788253,0.013324375878578772,1,-3.801727166502784,0.23056469989165754,0
5,40,664,3,11.393661160603877,0.002523702342976451,1,-4.106743019534894,0.14222022582604546,0
5,40,665,3,0.49558869542424083,0.8651782022647323,0,7.863261844523919,0.004819772528992204,1
5,40,666,3,5.6195633744545495,0.11440425814925248,0,5.941514642940937,0.046188551088273924,1
5,40,667,3,4.912078636073184,0.08978651059217178,0,3.803301191805291,0.15035349413467677,0
5,40,668,3,2.3583053941085987,0.49853679662385764,0,-3.867262406499127,0.2686000543615147,0
5,40,669,3,1.0652917108293523,0.7706806794001857,0,0.48386004318249237,0.8880825998603206,0
5,40,670,3,1.864948708563371,0.5532427176148784,0,1.9491759905718293,0.4989544567068994,0
5,40,671,3,1.651624396249469,0.5497621418520107,0,-3.702305046364098,0.2598795141299692,0
5,40,672,3,5.705129131642676,0.10025357672308317,0,5.7185519989809785,0.047189580309720466,1
5,40,673,3,2.7252122591599393,0.41875810612508946,0,-1.1364316495484392,0.7377895199731883,0
5,40,674,3,13.063131198609025,1.1878756547065741e-4,1,-1.52301726340031,0.6486486742845906,0
5,40,675,3,5.344030546439059,0.04417063113951131,1,0.3432252009497534,0.9354958050164295,0
5,40,676,3,0.35835907308466763,0.9221398515729189,0,0.8812256009263423,0.8317987630760819,0
5,40,677,3,3.882104294519023,0.25944046756483674,0,-2.128135705988154,0.5176864246944018,0
5,40,678,3,7.382098923562721,0.02589707804734589,1,-3.085609797186968,0.25413751635194487,0
5,40,679,3,1.2014076942931506,0.742631362198271,0,-1.815448011168108,0.6079156339160743,0
5,40,680,3,6.016475599358517,0.07482908384214333,0,-2.894605017134744,0.23997712329620652,0
5,40,681,3,4.931969024007642,0.09469377242726765,0,0.854604700120977,0.798092484261946,0
5,40,682,3,7.9280986425270275,0.016789145512167807,1,-1.26443534625294,0.6569611964654143,0
5,40,683,3,6.803435835566249,0.01626404106308544,1,0.7486861436846567,0.8379790991738287,0
5,40,684,3,-1.0320516451721513,0.7353400047400336,0,-1.9197166167081696,0.4907389270557996,0
5,40,685,3,0.8561588011873148,0.764592217224134,0,-3.981329892868204,0.1689808499177329,0
5,40,686,3,-1.7633806713254565,0.5838416369939441,0,-0.10927824314460463,0.9710406702999455,0
5,40,687,3,4.983662460684297,0.15737401096382658,0,0.5179278442160127,0.8628687450056186,0
5,40,688,3,6.142827525581051,0.055420674769216145,0,-8.064817039140582e-4,0.9997725118821723,0
5,40,689,3,9.731018358020297,0.0054520361036887255,1,-3.948938631471419,0.2762856062023568,0
5,40,690,3,4.5673059311945465,0.22406838813416372,0,-2.6077478652567496,0.28889424562723576,0
5,40,691,3,7.617892685287022,0.0072924059428320165,1,4.543071044839639,0.1277803619506694,0
5,40,692,3,-2.0387129964097257,0.4347259391442475,0,-4.9134198175829376,0.14145204458017904,0
5,40,693,3,0.4643519029134883,0.899977140886663,0,-0.7960634013757126,0.7535438473231373,0
5,40,694,3,4.921735129089423,0.06232880875673012,0,0.9353156833191778,0.7780685234846832,0
5,40,695,3,2.505605071912795,0.38756587123703445,0,-2.6726220004475865,0.38240378247962037,0
5,40,696,3,5.646299634286245,0.05808901107008622,0,5.541407767042315,0.0877715379890742,0
5,40,697,3,10.558125713510432,1.417883879600511e-4,1,2.5705022134049913,0.40771897113469113,0
5,40,698,3,6.3554518752459055,0.05167088697495787,0,2.299401395878149,0.4533413951107419,0
5,40,699,3,8.783766602355067,0.020861728974499418,1,-2.8290195463309744,0.427664031626385,0
5,40,700,3,4.579512878936545,0.16388718679598657,0,-4.181784845234303,0.20894095250695738,0
5,40,701,3,-0.703410475311811,0.8101880041727973,0,2.337882248399701,0.4398853826320074,0
5,40,702,3,3.469718279139005,0.26012202418953234,0,-0.3684753699302825,0.8980935772129628,0
5,40,703,3,2.8892462036301483,0.3454763892727688,0,-2.3311974029617177,0.4105743163969834,0
5,40,704,3,8.81364494936823,0.005011638985231863,1,-1.4977446360234865,0.5981135675822922,0
5,40,705,3,8.062633209387185,0.024980536449716928,1,5.564605667838021,0.11146427953773051,0
5,40,706,3,7.16214191827616,0.036318754859453135,1,-0.4082079602946976,0.9036875377403409,0
5,40,707,3,-0.6669135106712748,0.8213255578163103,0,1.1058190643740418,0.7622097134625477,0
5,40,708,3,4.582387898036002,0.22460834534514387,0,-0.8558732145440314,0.7942190946905913,0
5,40,709,3,2.316407527786342,0.4893119149950549,0,-0.6161895286957624,0.8264391205692209,0
5,40,710,3,2.170047861007703,0.4210670656675364,0,-4.207943046612625,0.1496121213278443,0
5,40,711,3,1.8544453468159108,0.4229347409575164,0,-0.4844735465111683,0.8812638280448495,0
5,40,712,3,6.531505214152801,0.041641757307726804,1,3.8947168418891907,0.26045983463311767,0
5,40,713,3,5.142005467530993,0.12316853655680961,0,3.473612029678377,0.3697978329740209,0
5,40,714,3,5.248051869521438,0.09535901418362062,0,1.2574193481930054,0.6882905291951565,0
5,40,715,3,8.950398072975212,0.00982913822711306,1,-3.988620433176113,0.20931339048106037,0
5,40,716,3,2.0266453441339296,0.4880367581816457,0,-1.000747544085777,0.7176984233019452,0
5,40,717,3,7.099141068873662,0.03464235645822173,1,0.736985836662989,0.8044087020353612,0
5,40,718,3,5.832522354149862,0.055586799732263034,0,2.175906566779372,0.5436211576282328,0
5,40,719,3,9.201937859149966,0.0057334927317994975,1,5.594168331666089,0.05945924868450759,0
5,40,720,3,6.345656841754793,0.05878894113675532,0,1.0910240871653702,0.7308709071487999,0
5,40,721,3,3.4509916054872427,0.3269987029908291,0,-1.0534677367637888,0.6922200628562312,0
5,40,722,3,3.8343015163147434,0.21044472327884153,0,-2.422917660862523,0.4676410977299641,0
5,40,723,3,3.7088090162352754,0.27628428342596295,0,1.5179026097205768,0.6265098537252103,0
5,40,724,3,9.789979722928802,0.0036744168686218613,1,-0.7838439217448984,0.7821676777806764,0
5,40,725,3,13.791900360703098,6.4914921406055865e-6,1,-0.9682154398814419,0.7614711103259648,0
5,40,726,3,6.113556479092757,0.08260759829143469,0,-0.16858584628422052,0.9613054826708549,0
5,40,727,3,2.7918530931004066,0.36946797752414473,0,-4.024769097361113,0.28297718878951666,0
5,40,728,3,6.006361354091066,0.08334587850483917,0,0.4200418442063491,0.8973522273638503,0
5,40,729,3,4.016031476877566,0.14656813187666562,0,-0.7193744598860308,0.8194812966476122,0
5,40,730,3,5.268720961998029,0.07694173914892607,0,-2.078715556864869,0.4722435718416005,0
5,40,731,3,7.312427074040796,0.017006135950056702,1,-4.936709939269714,0.14496916289477058,0
5,40,732,3,8.17373867079808,0.02063204416503995,1,-7.215453679864836,0.025776842975395023,1
5,40,733,3,2.8162693679414215,0.42931305500196526,0,3.126447703718467,0.36332346257293147,0
5,40,734,3,7.781427968479674,0.005821536847979006,1,-2.4791560337798373,0.4243171467172294,0
5,40,735,3,4.8524597516506,0.09880156840657013,0,-1.6962173128759332,0.5231474453194983,0
5,40,736,3,2.2119434350214475,0.5872194028203848,0,-2.426088030172746,0.40279284521074576,0
5,40,737,3,5.895313538540126,0.07230232066914065,0,7.116315840702429,0.039485468694437205,1
5,40,738,3,1.2216614748449763,0.7138985919850886,0,-3.636594068132694,0.3046755506302746,0
5,40,739,3,0.33376751149417144,0.9236225881281335,0,0.435534352815097,0.8878629105812537,0
5,40,740,3,5.809805091774224,0.03412598734650659,1,2.6528278528934046,0.4168850591338251,0
5,40,741,3,10.283238464291228,8.499671522865833e-4,1,2.4691717863085705,0.3565586491522412,0
5,40,742,3,7.543773811682332,0.027719560705634208,1,-3.5658176078989245,0.1918175730488062,0
5,40,743,3,-0.677857508503919,0.8268091233727557,0,-0.27092650069693847,0.9349673491355062,0
5,40,744,3,9.65188882460075,0.006306990108103471,1,1.4623553274468408,0.7103272264771754,0
5,40,745,3,-1.3335096156264485,0.663919802356271,0,-2.0699780904152285,0.5550422864005574,0
5,40,746,3,6.240500053110168,0.061180325778494325,0,1.9211950375836429,0.4464425717277761,0
5,40,747,3,4.779736393147918,0.1321488902774307,0,5.034600327191597,0.1229364945437549,0
5,40,748,3,0.9788545685406506,0.76988637432568785,0,4.209110764022639,0.1530325217970628,0
5,40,749,3,7.292465888909183,0.014410855989830159,1,0.6900360234081414,0.8344265353995514,0
5,40,750,3,6.773074584828969,0.05968486737635335,0,-1.4424562668407555,0.6512291126901051,0
5,40,751,4,6.964469505606505,0.021234937811101664,1,0.3223402462138499,0.919063378660007,0
5,40,752,4,6.224893550058005,0.04948196059995676,1,1.7564723767784942,0.6502377527242649,0
5,40,753,4,1.226298657239018,0.6997776147310449,0,-2.3387724122905027,0.5172258018022557,0
5,40,754,4,2.788780207470124,0.14919897118462133,0,0.1172960343115977,0.9719609867657342,0
5,40,755,4,3.9898089694139545,0.19033634179347977,0,-4.498450873795823,0.13508356539929559,0
5,40,756,4,4.161900100720802,0.18861238267166722,0,-2.61315817341919,0.3969264466572172,0
5,40,757,4,7.972290867746356,0.021335724562867444,1,-2.011789059025019,0.520333376785411,0
5,40,758,4,11.2245784940525,5.3553102394319e-4,1,-1.700566797202608,0.6150177907895626,0
5,40,759,4,4.513248897403124,0.1511176245911771,0,-1.4189375801474111,0.6782201571166685,0
5,40,760,4,-0.8979577778558476,0.7918560262919848,0,-0.3242490100439331,0.9278736743385687,0
5,40,761,4,1.3803525949518938,0.6459168711218363,0,4.442445019928168,0.16850320805518915,0
5,40,762,4,4.9151824226341105,0.15518541122677249,0,1.1189383569410736,0.7417468565986105,0
5,40,763,4,3.3149941158960594,0.38741559412369886,0,-2.027107598239123,0.6145531455795643,0
5,40,764,4,2.5545593635263235,0.39463489537001983,0,-4.212697200392453,0.08737849771801066,0
5,40,765,4,1.5783686094798743,0.6697334161416086,0,-1.589528158027441,0.6338512585955242,0
5,40,766,4,8.956636449110214,0.003388578882117336,1,2.433388227029961,0.4690443635087205,0
5,40,767,4,3.9574001870678908,0.20439486311493785,0,6.500540033460261,0.07576158387391642,0
5,40,768,4,4.1770366388793665,0.1569728782278529,0,-2.2924282115036845,0.5082261835066306,0
5,40,769,4,9.199454210523793,0.025285127174121853,1,2.266546983004987,0.5786530968941519,0
5,40,770,4,7.030166464078811,0.042950306266982284,1,-6.331218140991681,0.024481804467930732,1
5,40,771,4,6.735704182754276,0.034430069603816164,1,-0.18977319627690123,0.9635763595538227,0
5,40,772,4,8.322876016709854,0.02771210728169066,1,1.147646561953171,0.7340158937808957,0
5,40,773,4,1.563630098557539,0.5875167848193928,0,-0.1043916615120984,0.9745178287408902,0
5,40,774,4,3.577562010316975,0.19049538717929912,0,-0.7649178232130248,0.8383090245945596,0
5,40,775,4,3.4294557229284925,0.25889311201845866,0,0.6394998689410074,0.8485174952145875,0
5,40,776,4,5.147030100125758,0.13916062540728236,0,-3.8816858678003885,0.26755827946763794,0
5,40,777,4,5.390541953776779,0.0630233103980113,0,1.7612000442987705,0.6321018394091547,0
5,40,778,4,9.222486520529003,0.0018816815039355275,1,6.1982673191961,0.06291473702390446,0
5,40,779,4,10.017640088971252,0.0018591721534733166,1,4.724104144138276,0.09495119031383352,0
5,40,780,4,10.50874946807236,0.003002425239797699,1,-5.255391113399112,0.17282349043152015,0
5,40,781,4,4.045130210642845,0.1934367529855276,0,6.931719502070255,0.018597305481423056,1
5,40,782,4,8.811721484211478,0.02132986368147671,1,-3.2648782959502234,0.34431988881171616,0
5,40,783,4,1.3988433386748442,0.7193859686087174,0,1.2181663779559166,0.6703496554883149,0
5,40,784,4,9.787282391761678,1.7193752321586464e-4,1,-4.787732492989628,0.13257505196554556,0
5,40,785,4,4.452517716500835,0.17087515600890138,0,-1.8659082394668283,0.5546764833671283,0
5,40,786,4,2.595942247698685,0.3155072737650619,0,3.9734901102716345,0.1385672033628032,0
5,40,787,4,6.156711916059561,0.07373493365760278,0,-2.1506741467638286,0.4924996740154194,0
5,40,788,4,2.16800423224759,0.4093259763506236,0,-1.6030870211836648,0.6230978031430948,0
5,40,789,4,10.189232601906749,0.0033561778314379668,1,1.0188336295360851,0.7602716585884216,0
5,40,790,4,6.219956768660989,0.06826169557811007,0,2.3541270487149677,0.5163407099079191,0
5,40,791,4,4.0181017480751775,0.1452549467431762,0,-2.650761745811829,0.4610316482219542,0
5,40,792,4,6.104989084587043,0.07744328773620218,0,-0.6384735061307454,0.8411256677997954,0
5,40,793,4,3.839750303530432,0.23188442391131509,0,-3.794055015243213,0.21179940237682757,0
5,40,794,4,5.339050971269878,0.10207182802278882,0,1.2496393859888042,0.6794216016525585,0
5,40,795,4,6.170443174702452,0.034972592179619844,1,5.977819038257274,0.05199782480451261,0
5,40,796,4,6.558244004219226,0.023046483259772845,1,-0.8721522436001369,0.7986384180440846,0
5,40,797,4,7.421098932485346,0.005527489774175929,1,-0.2426016451296677,0.9441102759824715,0
5,40,798,4,11.695890313233672,3.8640059714282706e-4,1,2.0415009627876133,0.5498932238100424,0
5,40,799,4,8.546334868395016,0.0057897638493758456,1,0.3915781305213522,0.9045043407854068,0
5,40,800,4,7.14978730962037,0.07130968122481114,0,-0.8695207289297051,0.8102277306928106,0
5,40,801,4,2.2721541947964874,0.5578858550710212,0,7.13401825755435,0.0358381236981371,1
5,40,802,4,7.543677815458861,0.002436297836613018,1,2.1869566521329147,0.5660990728764079,0
5,40,803,4,0.5620202709195332,0.8796144658256905,0,4.4742635331594505,0.16160427681988632,0
5,40,804,4,5.9674663407585875,0.1577834682044792,0,-3.1831206048527623,0.3446557913944841,0
5,40,805,4,5.181028924703436,0.10448886136605207,0,2.9111878601091066,0.3378049385511057,0
5,40,806,4,4.76777753564886,0.13254223644568439,0,1.5791610101956146,0.6172510696315007,0
5,40,807,4,7.511106012196836,0.04352972967035194,1,-2.3193360101781857,0.5008536355100937,0
5,40,808,4,9.736944261408158,0.0040119054549904885,1,1.6172429498990568,0.6092113679294346,0
5,40,809,4,6.372734163685436,0.041730076255292244,1,0.7219771559097634,0.8111717482905008,0
5,40,810,4,3.2394863994845635,0.27524711054707807,0,-0.7345440290864618,0.8048127583303883,0
5,40,811,4,2.582180493096536,0.4598602929431246,0,-3.2405821173728517,0.3063466939028152,0
5,40,812,4,8.290664866579077,0.011967051634062295,1,-1.5488672386879658,0.5313332986451207,0
5,40,813,4,3.534948166936219,0.3026597715752798,0,-1.4496207858810821,0.6744735551062361,0
5,40,814,4,6.844317063637704,0.010381393690034334,1,1.0455073324513682,0.7788610540624757,0
5,40,815,4,6.262421338269109,0.05539827386666355,0,-2.1062444829087186,0.46741501219934967,0
5,40,816,4,1.258279225554705,0.6910303959917814,0,-1.0518759819501313,0.7377279072476985,0
5,40,817,4,5.934413604359507,0.037045964307597386,1,-4.850424002228758,0.12062911482169353,0
5,40,818,4,8.309850452068309,0.017615525815258534,1,-4.347499812664731,0.22426273016888046,0
5,40,819,4,1.6868762527593513,0.6260312413650476,0,0.1275910574642345,0.9619314321839972,0
5,40,820,4,7.585159949902969,0.00515783166588659,1,-3.186633075475989,0.3974567177844689,0
5,40,821,4,3.0964452405602803,0.32683154752718835,0,6.469528196654214,0.062066756230257966,0
5,40,822,4,0.6537113820347579,0.8103922819434751,0,2.335742155447244,0.47295223651365903,0
5,40,823,4,2.4101050052906774,0.41026698618493396,0,-1.5714622867704569,0.6200904585388654,0
5,40,824,4,3.151136668077449,0.3660794013554308,0,-2.1744272935299587,0.48256055623491356,0
5,40,825,4,7.800477504445293,0.006812815237898567,1,0.8917353978014745,0.737219314655116,0
5,40,826,4,-0.778379470895276,0.8345070477353748,0,6.114575521384105,0.06876370474710425,0
5,40,827,4,3.2831375594430274,0.2857073441600092,0,-3.463236709917825,0.2477567255130192,0
5,40,828,4,2.7553262421901312,0.44282093846598103,0,1.0047893723800423,0.7467457882500426,0
5,40,829,4,1.5531183809183697,0.6791706919396139,0,-0.651837421200554,0.8626002610418235,0
5,40,830,4,9.209202900334674,0.010769973222098361,1,3.7887713242747587,0.247989204398133,0
5,40,831,4,9.693780432447602,0.0024945464468395743,1,2.043872293285423,0.5439812144486527,0
5,40,832,4,1.803063439300201,0.584676669281087,0,-3.2759663500291154,0.41813605509122276,0
5,40,833,4,0.09904951452937813,0.9794765692329279,0,-1.6204491755182702,0.65616829718906,0
5,40,834,4,8.727698048115249,0.007193216496682399,1,-0.4602957956222677,0.888720647649847,0
5,40,835,4,-0.08309491469287017,0.9811874934597113,0,-1.2795434507071182,0.6448161361036673,0
5,40,836,4,4.930208051384742,0.06265589694860488,0,-5.524379817749118,0.05609283123995638,0
5,40,837,4,2.1878898920091365,0.4452640289784199,0,-3.2726409080560663,0.3204978942563781,0
5,40,838,4,5.912356701096191,0.030555857058099878,1,3.543792920692953,0.26407272380702673,0
5,40,839,4,4.371834029284432,0.20304935304771504,0,0.26764936254278027,0.9473871086765796,0
5,40,840,4,8.518785666026613,0.01229575843710698,1,4.947056768248969,0.11008855023632774,0
5,40,841,4,6.691856954132862,0.024247526751263127,1,1.0821700224122048,0.7376931887385589,0
5,40,842,4,5.484463237213751,0.15018024302164076,0,-0.25534518588647465,0.9427815918647253,0
5,40,843,4,5.837344912442408,0.048227824483334715,1,2.339661191803585,0.42437227108960685,0
5,40,844,4,3.434517919902721,0.2913533297620894,0,-0.3176261793003844,0.9164851925558,0
5,40,845,4,6.883128648334693,0.06254945090673318,0,-2.251797924731843,0.4137688599932584,0
5,40,846,4,5.58743557049911,0.15401599528728727,0,3.419122767762025,0.36782663100075796,0
5,40,847,4,6.735892368785786,0.031932731463313935,1,-1.5696578483642976,0.6283127067404704,0
5,40,848,4,0.44822262951858777,0.8798654525428644,0,-0.5414712673226806,0.8431778535472604,0
5,40,849,4,1.7106542978387018,0.4599221172193787,0,-6.945399130914676,0.020526583358068486,1
5,40,850,4,9.493218949373672,0.003260618162241795,1,3.4956848614838534,0.2999727674244983,0
5,40,851,4,0.7354671600469977,0.7879918192378765,0,-0.6896156064340644,0.8228692664332639,0
5,40,852,4,4.739570001690814,0.19197992442730963,0,-2.226638723871153,0.4852922376413952,0
5,40,853,4,6.673796706670233,0.03875988100716537,1,2.3007433983417256,0.4078359391989177,0
5,40,854,4,3.8300966714169182,0.3364007255045115,0,-1.4349916604752622,0.595940103401212,0
5,40,855,4,6.734320463740724,0.056598514973183404,0,2.1513632495065167,0.46286272996429456,0
5,40,856,4,6.811339134080415,0.006650786298796651,1,-5.834605730448006,0.11195357297997982,0
5,40,857,4,-1.1692840758489593,0.6539977710343019,0,4.68702872967118,0.17322810905215374,0
5,40,858,4,7.866309908325745,0.020130523671482575,1,-2.342028027777679,0.42595172758496647,0
5,40,859,4,6.044572427414836,0.05169779207826677,0,-1.716781430450947,0.6086562085920699,0
5,40,860,4,3.6276872386548997,0.18054998205219336,0,0.07714769924314717,0.9799474812201598,0
5,40,861,4,4.59005072035478,0.1750210469754953,0,-0.014582856485816434,0.9959907327591409,0
5,40,862,4,8.758240956712356,0.008130103090456352,1,-2.5491890550993617,0.33606263293586114,0
5,40,863,4,5.361247897164782,0.1520035653113762,0,-0.9285722722423373,0.7793985364223442,0
5,40,864,4,13.11331732478168,2.7084332210219952e-5,1,-2.97773082016108,0.33310375477150245,0
5,40,865,4,6.046709258890359,0.08520454223487799,0,-1.6491042333611243,0.5808680890131376,0
5,40,866,4,8.077115834060693,0.016752771951815924,1,-4.627766250186456,0.11466433634501472,0
5,40,867,4,6.270780583810612,0.07133714236728994,0,0.18884773789737416,0.9560975780277836,0
5,40,868,4,0.7531552723740607,0.8181468224945071,0,-4.334935883465111,0.1626779630069853,0
5,40,869,4,6.298064658969255,0.02692260444305385,1,-0.6618321757207813,0.8549249387090454,0
5,40,870,4,-1.9129843050434308,0.4852164821899725,0,0.7248007253006618,0.7900202628811972,0
5,40,871,4,4.3494199491461965,0.19330512871711758,0,4.099719258492628,0.3030369014027918,0
5,40,872,4,5.15777584825136,0.08305704251731451,0,0.5208165116690039,0.8597842143126173,0
5,40,873,4,6.780172943263578,0.00777243512174032,1,0.09388299346680631,0.9737337673487919,0
5,40,874,4,6.334368988618843,0.03430330667128142,1,-4.863785431321416,0.17864444578456193,0
5,40,875,4,8.50458048165253,0.013438417354606961,1,4.424450163306294,0.18080743163154192,0
5,40,876,4,4.82220469702328,0.10330621271120917,0,2.1744173506133104,0.4292709989202146,0
5,40,877,4,7.404189205944533,0.024804409882736658,1,-2.854935142438792,0.38777555496869487,0
5,40,878,4,5.295021912378526,0.11206713479227116,0,1.360229559078888,0.6281967093662577,0
5,40,879,4,6.919079548756384,0.015644906729295378,1,2.2752606659155052,0.43866186483987557,0
5,40,880,4,0.4987824010447496,0.8795020747258226,0,-2.737135325882875,0.37581385070080864,0
5,40,881,4,-0.9663809921711695,0.7494899342609334,0,0.6577181719745899,0.815783495991511,0
5,40,882,4,16.110392197878024,1.1053861134388718e-4,1,4.221608321471231,0.20100125486768272,0
5,40,883,4,4.050779740096652,0.17806226165235822,0,-0.8241434329143354,0.7867444667337503,0
5,40,884,4,7.157694827791815,0.024424848390103948,1,-4.023772911079435,0.2079237864293969,0
5,40,885,4,0.02075862316755823,0.9958153766059095,0,-7.7980077680802085,0.031348697066509924,1
5,40,886,4,5.575088851043191,0.04354335136983511,1,-2.582831376971657,0.36869255930025124,0
5,40,887,4,1.4292103242802356,0.6325714144335438,0,2.6560484962056754,0.32829214553640773,0
5,40,888,4,2.256224857468382,0.41972587306947173,0,1.7016081104478937,0.63043312079936,0
5,40,889,4,-1.0699559354189228,0.6230979695891081,0,6.09042590744368,0.11451948413675339,0
5,40,890,4,1.2531599897102224,0.6784872029904703,0,4.434075173280978,0.1387963706246311,0
5,40,891,4,6.2607354297890625,0.06623752653000191,0,-2.2977349837904977,0.48602782291909896,0
5,40,892,4,4.233377857613497,0.12675039727938406,0,-1.6297498366595318,0.6381873125983778,0
5,40,893,4,7.030927916670636,0.006053928820449405,1,0.7052054332084307,0.7998795919507552,0
5,40,894,4,7.227478088612052,0.02954363274965753,1,0.6187478846780411,0.8739568792572496,0
5,40,895,4,10.586023424112609,7.607500157251848e-4,1,-0.9615327820191893,0.806346496995755,0
5,40,896,4,4.577071341228713,0.09560495045416866,0,0.7858608932623722,0.778641704059604,0
5,40,897,4,6.128221808708416,0.08950412072001743,0,-1.1261492326025329,0.7421444057372686,0
5,40,898,4,7.314494456588511,0.008191517105036862,1,0.22658695687773453,0.947855074166901,0
5,40,899,4,12.300132073136764,8.623535921135881e-5,1,1.0793452270531656,0.7775824980840293,0
5,40,900,4,4.695356237659204,0.13045936862767527,0,-0.8930677349646058,0.8152026730428396,0
5,40,901,4,4.918430721398643,0.11862258475190558,0,-2.8660546625569725,0.4545145288643033,0
5,40,902,4,6.557233138578614,0.042679993942815485,1,-4.211364459855946,0.2771026644504366,0
5,40,903,4,8.957320876274347,0.008971334583547357,1,0.6341976536493987,0.8270467406813145,0
5,40,904,4,5.627098624810331,0.07404622333369498,0,-3.5960409722199924,0.22809182625257599,0
5,40,905,4,1.7106582685640652,0.5449498727538755,0,1.2871460841117262,0.7020170274786448,0
5,40,906,4,5.696507727895886,0.12056077781637936,0,-4.139101259818451,0.23672340238417525,0
5,40,907,4,7.466445328220812,0.026644125572200125,1,0.269699129838617,0.9337741786284153,0
5,40,908,4,7.92220404068948,0.014745865242524966,1,1.356919155516821,0.6731963422615084,0
5,40,909,4,8.894675642466028,0.025091483293504666,1,7.539942997913969,0.04572238113780456,1
5,40,910,4,2.5896006416975212,0.43219958331732766,0,-4.163593073458878,0.16312408154559407,0
5,40,911,4,9.688335792100913,0.0033653012963940584,1,2.0473418110057935,0.44549569606715334,0
5,40,912,4,8.295509591276824,0.017673582892696722,1,2.930110439817295,0.3233233774056843,0
5,40,913,4,6.951904264502436,0.018941379904945668,1,0.32337141399170855,0.9077263245371934,0
5,40,914,4,9.458328189654594,0.0044625156868983865,1,-2.719227101666938,0.4467174315148914,0
5,40,915,4,3.0283092355028605,0.41509692238241325,0,-0.1576321956961738,0.955164516065556,0
5,40,916,4,5.865007518253436,0.05014545614702724,0,-5.2238937122601445,0.10724267643341408,0
5,40,917,4,-0.82867469575923,0.8045553504204158,0,3.177161204819203,0.26837566956833403,0
5,40,918,4,3.4647801294587706,0.2588745678165867,0,-3.66897105069404,0.31828269544276333,0
5,40,919,4,7.68013975902161,0.005316297326364294,1,0.017289775610619933,0.9959846553098736,0
5,40,920,4,4.382542092151558,0.1226732083281929,0,-1.7003404859318947,0.6339373184413164,0
5,40,921,4,3.6799399958709764,0.18196568184792974,0,3.6759376111423294,0.2435473975432484,0
5,40,922,4,6.961567906421503,0.03779002387058658,1,-0.9312375638732633,0.7782811792763248,0
5,40,923,4,3.827655477021145,0.23528269653039488,0,-1.895262843973372,0.48913227274175153,0
5,40,924,4,5.0990693589125184,0.10680764947119208,0,-1.7431416958401267,0.6494862169392226,0
5,40,925,4,3.052317726177145,0.3459258003138659,0,0.5883662307963489,0.8457956690693774,0
5,40,926,4,5.4803889555163074,0.08546427289275439,0,-1.7914301160933601,0.5093355310900852,0
5,40,927,4,5.7503398167050115,0.06651709477369229,0,1.6134558997123971,0.6635218714916842,0
5,40,928,4,5.501168837222949,0.05997363052268995,0,3.8289741744381125,0.20578518054845946,0
5,40,929,4,7.9026413540777964,0.006753431213823551,1,3.9830154635685275,0.22978087714761006,0
5,40,930,4,5.715790497083654,0.09546242012066779,0,3.9394784655856934,0.22134378157376577,0
5,40,931,4,7.2309764563980625,0.004369692467183445,1,0.9826019798593227,0.7641085055428134,0
5,40,932,4,6.6023190043977795,0.040804397715551034,1,3.6253184449631837,0.24405331467461716,0
5,40,933,4,0.9997740379874923,0.7882645333081235,0,-7.366866065749806,0.01796568022194243,1
5,40,934,4,4.743289672893159,0.1358650550268191,0,4.5568384531491875,0.21866312182020636,0
5,40,935,4,9.455825445314627,0.004543539176387434,1,-6.259922268063991,0.05760251215579377,0
5,40,936,4,3.5855469611422897,0.17646270092527722,0,-2.68968561484413,0.393614473179447,0
5,40,937,4,6.500465507807282,0.07599680598009223,0,3.731767388924042,0.2707965055186591,0
5,40,938,4,8.347872682758492,0.009199342877023607,1,0.09153414828190572,0.9804214250142266,0
5,40,939,4,5.8073055604968555,0.10596932926108607,0,0.1525889992192273,0.9589178454845075,0
5,40,940,4,4.979497835160516,0.1615807955552086,0,3.7146347028282944,0.25122399186134375,0
5,40,941,4,7.656132767910207,0.007253277177876378,1,4.518002626305318,0.19504204881461681,0
5,40,942,4,-1.4641449057780431,0.5766024733655846,0,-1.4519078976713313,0.6099385747645272,0
5,40,943,4,1.8761067942405172,0.5211066821925949,0,3.289222834728154,0.33489437351151874,0
5,40,944,4,2.3353240277260796,0.5031513239382248,0,2.0653250500273757,0.4989864242633475,0
5,40,945,4,2.948928916280919,0.434645029973471,0,-3.905093361880265,0.22882202799614568,0
5,40,946,4,4.426551153176225,0.16076041835893873,0,0.06323325933338711,0.9818597634442754,0
5,40,947,4,2.399642684528156,0.4078015720139505,0,-0.09629927898516545,0.9780172967587808,0
5,40,948,4,-3.587719792062221,0.2566648271820359,0,5.212945240405696,0.08857861026571517,0
5,40,949,4,5.056960959775995,0.12391317144012425,0,1.7378648061685187,0.5705642107106599,0
5,40,950,4,5.001501846207794,0.1724912661280426,0,-4.181507863563141,0.21744556827132286,0
5,40,951,4,2.166975629156793,0.45505332635455986,0,0.7254466123962942,0.8370703398900088,0
5,40,952,4,1.1545616268617227,0.7115545960075205,0,-4.6741177593140675,0.08790140791583607,0
5,40,953,4,9.287972616287743,0.004636659408147214,1,2.871353543967961,0.2692627673258088,0
5,40,954,4,2.6677086193286597,0.42115957675878213,0,-1.7271838188302264,0.6325001433809279,0
5,40,955,4,-1.0727167481309574,0.7202990625497787,0,-0.36529455817015155,0.9110135092972098,0
5,40,956,4,2.441524817273408,0.42458391962308384,0,-3.674328731075955,0.19992315248939135,0
5,40,957,4,5.911937175698132,0.05251856420498777,0,-1.8603753475213376,0.5682550821374475,0
5,40,958,4,7.868875351752804,0.025286614644989585,1,0.007802356478811079,0.9978311088303675,0
5,40,959,4,4.927006711027626,0.11092170342449986,0,-1.6055763123344657,0.6663637068650579,0
5,40,960,4,6.036857720959647,0.07123918653928683,0,-5.387290490806496,0.07472241452238496,0
5,40,961,4,6.8004255514811245,0.03551575277654728,1,-2.301835792371434,0.4632657397397677,0
5,40,962,4,4.877266452417523,0.07226969899422113,0,-1.3990818922823522,0.6848612851296907,0
5,40,963,4,6.5813420640788065,0.041514233155396575,1,0.5275615449069376,0.8482829879787435,0
5,40,964,4,3.4153254562669133,0.2718004597350755,0,-2.9698878904924717,0.29269793867931304,0
5,40,965,4,3.28169807022389,0.3355119887026129,0,5.237189565995813,0.08397714131908504,0
5,40,966,4,3.4782411128220234,0.2850836705860544,0,-3.250204054145143,0.26591021396450504,0
5,40,967,4,0.5975137663321759,0.8395577626922899,0,-2.2793880436072556,0.522922218140425,0
5,40,968,4,4.0627665974630975,0.13711009924212897,0,-4.442428570042287,0.12228073340933143,0
5,40,969,4,1.5139339140611214,0.6614148486326747,0,0.9348310814781164,0.7796189749401324,0
5,40,970,4,9.554821393942447,0.012318871674634196,1,3.2040402458751807,0.29247242601255335,0
5,40,971,4,-0.004287350470078942,0.9989199211719457,0,0.7875481712299112,0.8187786449852524,0
5,40,972,4,1.715907620483751,0.5918650690894285,0,-0.32669622397046666,0.9116807780460997,0
5,40,973,4,6.525012898933016,0.06270250346313619,0,4.254117821973716,0.17140698213534078,0
5,40,974,4,4.639207867038051,0.17490543087311788,0,-2.0291559708801,0.5539841083372734,0
5,40,975,4,1.985712475018265,0.4531043517083564,0,3.534752065242728,0.24366983592669553,0
5,40,976,4,2.4629252721081714,0.49326812333333026,0,0.012167481921385163,0.9966922208388014,0
5,40,977,4,7.377542764691366,0.030189024602955406,1,3.0519168465487145,0.32866554074573007,0
5,40,978,4,5.280555590905366,0.11654391283627226,0,1.529754382359258,0.6329567439998411,0
5,40,979,4,0.894135892177866,0.7155594916135745,0,-3.932556332033822,0.25776987363892484,0
5,40,980,4,2.4695276924565692,0.43208222292438936,0,4.965220282511187,0.14932345979754363,0
5,40,981,4,7.924959167121601,0.00885718608576496,1,-2.223062897878296,0.4893574864496679,0
5,40,982,4,7.380528377055331,0.023484186960106478,1,1.1827394266798779,0.7142906901251433,0
5,40,983,4,4.929081922022122,0.08511923256869042,0,0.46271379800097207,0.887997126636132,0
5,40,984,4,7.867135144525533,0.02963651693684924,1,-3.0977093439193877,0.30532055362872973,0
5,40,985,4,9.334244763844923,0.002448565453038571,1,6.404350930552405,0.08115512845818952,0
5,40,986,4,5.263225820398382,0.07547800413358248,0,-2.871804707153037,0.38089757576330296,0
5,40,987,4,4.9954134901374445,0.1055479249800542,0,2.9504439112142644,0.4225665661318134,0
5,40,988,4,5.314321512410552,0.11965470306091726,0,-2.3269305577779678,0.499035191042254,0
5,40,989,4,-0.11330447460507079,0.9710363066103431,0,0.11036789804016157,0.9697966122324186,0
5,40,990,4,3.4921084655561567,0.30871169182390834,0,-4.447771208177974,0.0989865506261905,0
5,40,991,4,5.455966902041645,0.05316191831093103,0,-4.903667305656744,0.1547505066035667,0
5,40,992,4,9.615219762744811,0.008975481303479681,1,-1.7110737347537512,0.5446870926605221,0
5,40,993,4,-0.6824778568986416,0.8033235126030084,0,-4.424774905942273,0.12963849517957954,0
5,40,994,4,6.786129967222279,0.05493330917356305,0,-3.573347024900909,0.31572073702239933,0
5,40,995,4,5.172640919380764,0.12643060865074762,0,1.6654059016443206,0.5744029661883179,0
5,40,996,4,3.613768463628232,0.28053311723396923,0,0.29026727990371154,0.9273280481021202,0
5,40,997,4,4.8382400886521655,0.0827334533238904,0,-0.356068046009148,0.9105174547177861,0
5,40,998,4,7.953006407548736,0.0030622884705274914,1,0.3007994023288982,0.9356653753243008,0
5,40,999,4,8.294073455303714,0.03709782543723058,1,-1.9896905474026845,0.5514302244939682,0
5,40,1000,4,4.868734273156782,0.161962392313946,0,2.5205147983475436,0.4432677630715831,0
5,80,1,5,4.299644297717477,0.08342970803006784,0,-0.7464214530525479,0.7414371237538167,0
5,80,2,5,2.6505663716054912,0.3452135509690015,0,-0.5697598008589836,0.7841888561912045,0
5,80,3,5,4.080769306345009,0.10201520914463949,0,-1.7178824737916216,0.4963964796308048,0
5,80,4,5,4.944162148006514,0.023052556350462647,1,-3.5607640706791757,0.09253749024848049,0
5,80,5,5,5.981765077682467,0.004755040063343953,1,1.9228804982475232,0.38728320072179734,0
5,80,6,5,7.122280812614284,0.0011195609726073993,1,-0.08445816336351004,0.9709161440467283,0
5,80,7,5,4.8476674505964725,0.028141177364114638,1,-2.5920874999763033,0.2459634089696343,0
5,80,8,5,4.914361503931921,0.04738406630616654,1,1.3335654828316468,0.554288430483477,0
5,80,9,5,4.364657495779152,0.02304634272765023,1,-5.017347131291915,0.019816105454927624,1
5,80,10,5,3.941707463671455,0.07753988165499058,0,-1.0956079989594187,0.610025709768504,0
5,80,11,5,5.786201031253251,0.010388308223039273,1,-1.1605092123683505,0.5989805514648182,0
5,80,12,5,7.817493022336845,9.206535562665996e-5,1,-3.8741728010082914,0.05737574408539687,0
5,80,13,5,7.527451519408358,1.2910363319939376e-4,1,-0.5261274412679123,0.8140791994213596,0
5,80,14,5,5.274296934241396,0.011778657701203985,1,2.4087666054401,0.28097868709767726,0
5,80,15,5,2.1388599919757953,0.34200192693159215,0,-2.975334630323305,0.23599470009479673,0
5,80,16,5,3.781037857829511,0.0960302062793309,0,-0.4299449394733233,0.831495458950567,0
5,80,17,5,7.191158989988492,0.005066197533707381,1,0.6503876951640389,0.7672633158919425,0
5,80,18,5,5.779630971391666,0.016063782871657887,1,2.9066823006249227,0.2411653235547444,0
5,80,19,5,5.667887821686778,0.019429839146915387,1,1.7361444964806592,0.4020140512767806,0
5,80,20,5,6.032170915824651,0.00887841102973842,1,0.48365694985489066,0.8104385564056815,0
5,80,21,5,0.3597870315150233,0.8419706196082475,0,-4.9641706216800605,0.05197917451196304,0
5,80,22,5,7.289111948386684,0.0010884526842703495,1,-4.45259839415811,0.058366577155878376,0
5,80,23,5,4.83041863762171,0.01805789515171779,1,1.8740786943621777,0.43857383597733524,0
5,80,24,5,5.268091287683718,0.02640366348891021,1,4.415576713835709,0.05470404210587959,0
5,80,25,5,5.767903075867326,0.011964880105728841,1,1.165266878369038,0.617161115763118,0
5,80,26,5,7.386698446706029,0.002753835605181548,1,1.640850133257413,0.4313698327519333,0
5,80,27,5,3.4326783344458334,0.14520046181383658,0,1.6195593663292642,0.46932329089973523,0
5,80,28,5,7.027485879442179,0.003668098701797479,1,-1.010463302742683,0.6503833952330361,0
5,80,29,5,5.481332513356393,0.01594193661964347,1,-5.059821441229622,0.022920345707513112,1
5,80,30,5,3.745487327570127,0.13646373947323895,0,-2.4755639641426397,0.1991889826495515,0
5,80,31,5,2.841987013672406,0.3209732180218098,0,-3.385167948364874,0.15251140305867047,0
5,80,32,5,7.598497061940485,5.035520644511908e-4,1,1.8939691844668392,0.4536497160179024,0
5,80,33,5,4.739782001407064,0.05793736398326511,0,3.4792739308268503,0.1037542811608223,0
5,80,34,5,7.527853196177893,0.0015941650685307946,1,0.634609550938405,0.7671948224165511,0
5,80,35,5,5.867530473816119,0.014988017185711794,1,-0.54057427444689,0.8143693443115458,0
5,80,36,5,3.7505306998380816,0.09597191180528711,0,2.742407532691154,0.20328752587795024,0
5,80,37,5,5.074831601812644,0.012739356120489365,1,-1.4152339121708972,0.5450148274701232,0
5,80,38,5,5.62148297268298,0.019984946145069935,1,1.2558926731601383,0.5859836667726979,0
5,80,39,5,4.787893433169184,0.027001263143016617,1,-1.0197700083937997,0.6316888753349276,0
5,80,40,5,1.8454476851963553,0.42946381998072014,0,-1.9063773467108833,0.4637422589671535,0
5,80,41,5,4.362602001764962,0.06684062810841106,0,-4.2949319677546685,0.053248147093369856,0
5,80,42,5,6.072652775658483,0.002208096220925241,1,1.1202584447352797,0.600545191642073,0
5,80,43,5,5.732794415749968,0.012832437185741705,1,3.309385329864724,0.13860051566445317,0
5,80,44,5,5.063994228017916,0.049491330297545016,1,-0.43283516339820716,0.8637246901727883,0
5,80,45,5,4.619512037735124,0.02343464514080681,1,2.4301411264704638,0.26628112050454694,0
5,80,46,5,8.254070549289539,6.595172277231587e-4,1,0.025993620885361467,0.9912479164217176,0
5,80,47,5,4.02429858323809,0.09155467868752128,0,2.172124615949433,0.3388991016607503,0
5,80,48,5,4.835023865523423,0.0193226435908282,1,-3.5453509723988117,0.11946971149714414,0
5,80,49,5,0.6641887252556038,0.7524016491282082,0,2.5600073050974306,0.19462507797551817,0
5,80,50,5,1.3954513544732006,0.5171815490213003,0,-1.3091559245540165,0.5837256239569485,0
5,80,51,5,8.438158606705562,3.7944970027884795e-4,1,2.61217473328085,0.2995712501177757,0
5,80,52,5,1.7141191994292877,0.4644702588860955,0,-0.8877960846933799,0.6967375755868106,0
5,80,53,5,1.4459100249023145,0.5078057408698626,0,-0.1996022504997854,0.9343647745503962,0
5,80,54,5,10.096865833527064,2.6464788811108364e-5,1,-2.209970750124469,0.2931352839263219,0
5,80,55,5,3.543192104564015,0.11944828400769415,0,1.3937512365564355,0.557858722201177,0
5,80,56,5,3.223399634064031,0.19203325884302533,0,-0.5782200736922645,0.8281113805745315,0
5,80,57,5,2.275822875255555,0.2949019862388915,0,0.9937341828964686,0.677188379383736,0
5,80,58,5,4.84203811904299,0.024270595014199908,1,-0.9127440770103391,0.6630242924604135,0
5,80,59,5,8.110059295037368,5.384494074113732e-4,1,0.8728018526699569,0.7527213143455447,0
5,80,60,5,3.235601430899503,0.18853606295120282,0,-3.0412349917588264,0.21119671903420226,0
5,80,61,5,2.69179774861025,0.1899205621994465,0,1.3851301653585086,0.5344071414968609,0
5,80,62,5,5.951306359732853,0.004822304832545008,1,-2.053757534887826,0.3874147069121413,0
5,80,63,5,3.2673346994622654,0.17257802320688068,0,0.4800514945165501,0.8388644278755089,0
5,80,64,5,5.332686465244693,0.009847440041015579,1,3.33118882497164,0.11084051366518768,0
5,80,65,5,5.255523119826779,0.034314650427336196,1,3.9415919532147448,0.061500639357366334,0
5,80,66,5,0.3792150738071869,0.867407219245914,0,-3.7479519023432255,0.06046586536788134,0
5,80,67,5,8.43142961410212,2.113782058740157e-4,1,1.4579810013572634,0.5238509311472666,0
5,80,68,5,4.677728113858178,0.04224635576374647,1,0.6288933378018687,0.7729953921497148,0
5,80,69,5,4.29438069836172,0.05503493782020277,0,-2.9340467118922198,0.1977889902827894,0
5,80,70,5,2.623003002700448,0.2731215850444661,0,2.8156828819674877,0.1824679419952512,0
5,80,71,5,4.9039116789591155,0.03518842976698044,1,2.100991768435819,0.31896609351944855,0
5,80,72,5,4.601449504043156,0.020233004553815825,1,-0.617916103732476,0.8056526376399666,0
5,80,73,5,5.62719800851852,0.006982186420725113,1,-2.2049327756308843,0.32411950574249593,0
5,80,74,5,4.751445234347111,0.0518856579173774,0,0.7448308131163885,0.7161649969852275,0
5,80,75,5,5.72804627090246,0.020381078313481352,1,3.284632393528955,0.1323493173818875,0
5,80,76,5,3.584657749808424,0.07603403142699218,0,3.7546699371012595,0.10463123681866351,0
5,80,77,5,2.924951796387319,0.22546395815683376,0,-0.45254117230820834,0.8467953937622814,0
5,80,78,5,3.020962710930172,0.1124315488878023,0,-4.10238660322306,0.09511527094007832,0
5,80,79,5,4.446862676947538,0.06205837801712596,0,-0.5590028675328319,0.7946578843552563,0
5,80,80,5,7.798070445149768,1.3485914988359984e-4,1,-1.987232118450353,0.38024058437559716,0
5,80,81,5,10.06525936947454,5.890120110804082e-6,1,-1.1237020876584505,0.613458276520378,0
5,80,82,5,3.32568204187029,0.15609142196507883,0,-2.789801963901777,0.14444176778186893,0
5,80,83,5,10.929830642759377,2.0532347232683646e-5,1,1.725715587862582,0.4457489113089359,0
5,80,84,5,1.9919861549951323,0.35546495136081846,0,-3.6807304268296015,0.11992161487292982,0
5,80,85,5,6.4710019373578405,0.007076889369725031,1,-2.5096032776318173,0.28449530357374164,0
5,80,86,5,7.027068825882467,7.632761150475723e-4,1,0.28733711771239495,0.893073696351262,0
5,80,87,5,5.934664291138159,0.021230117717452878,1,-2.816698734688973,0.18931005680630902,0
5,80,88,5,4.741499235301421,0.036184109783885504,1,0.2429265409610355,0.8958999719354455,0
5,80,89,5,2.2348159782525956,0.36713145427730387,0,-0.8461903324179728,0.6743544650465998,0
5,80,90,5,4.966205276131177,0.06773995666517826,0,-2.1968801635464126,0.2934359987588768,0
5,80,91,5,3.2572678612636454,0.15453568642660834,0,-2.155567304248263,0.3277374489961893,0
5,80,92,5,8.539368176624617,1.0065781658718459e-4,1,-0.29742864996079765,0.8819774104989134,0
5,80,93,5,2.822751748945174,0.19916577537058444,0,-2.657935982502523,0.23301271549834904,0
5,80,94,5,4.496046748210405,0.025556579913360043,1,3.664497326248843,0.11716224072356095,0
5,80,95,5,2.115035764290626,0.39410808766696837,0,1.0614894143764164,0.6460630459035308,0
5,80,96,5,9.527414993540116,1.1905116275349397e-5,1,-1.5243405608007856,0.49637173477677554,0
5,80,97,5,4.7417127769977485,0.018973537535077304,1,-0.9931000772543942,0.626400005534035,0
5,80,98,5,4.420028038892297,0.06076281581516145,0,-2.3393013713363424,0.3138048020747433,0
5,80,99,5,4.1379916031533694,0.07486118863192333,0,-2.913177019889054,0.1673685879964805,0
5,80,100,5,4.191985501083845,0.05407582397893804,0,-2.183575635933578,0.3516752950618883,0
5,80,101,5,5.074824792008806,0.02306655259572659,1,-0.04725180703079933,0.9832133775649017,0
5,80,102,5,3.3803566386680908,0.11852336222335051,0,0.187474186084967,0.9337224446628762,0
5,80,103,5,3.6276273759327244,0.09747614020153658,0,-3.4347283818360843,0.17127623898965946,0
5,80,104,5,3.424349627300402,0.13079746397180209,0,-2.591886992755642,0.2383905433881492,0
5,80,105,5,6.6611558528764565,0.0025203823941776656,1,1.6710349542252232,0.45923200671947007,0
5,80,106,5,7.606236668164221,9.663056514368749e-4,1,-0.05897357981265475,0.9789868252951633,0
5,80,107,5,11.983457101949028,5.368908207758579e-7,1,-0.13415056296857175,0.9444865059411776,0
5,80,108,5,4.892710026096446,0.048055969010547886,1,1.727586054771367,0.4574772700496117,0
5,80,109,5,7.319376448373561,0.0013422048013979398,1,-0.12871916511805861,0.9545526023272244,0
5,80,110,5,3.659058334582382,0.1279075760589178,0,0.1982240714529249,0.9342941044793533,0
5,80,111,5,5.078717439279165,0.0330245297665098,1,2.607090664818771,0.23143815073124846,0
5,80,112,5,4.029351903390564,0.08870013223823527,0,-4.825635827306138,0.04194979769333117,1
5,80,113,5,3.4825224837719353,0.10598892284457202,0,-0.6626100042405471,0.7572158067502681,0
5,80,114,5,6.566392673818491,0.0013964983352295133,1,-1.7931811961283233,0.4162579668904005,0
5,80,115,5,6.526976465606751,0.00925930533822481,1,0.32977801905024406,0.8988753607800125,0
5,80,116,5,-0.990916433501811,0.6630882689608065,0,-4.893485705038859,0.011398286097305695,1
5,80,117,5,3.6999406695019315,0.1349859462108706,0,-2.7446631480754284,0.1832996047305622,0
5,80,118,5,5.0955387825292435,0.04099783489619883,1,3.7133744800853012,0.10249543240650809,0
5,80,119,5,8.632664213669726,4.0565575305072734e-4,1,-3.6378682199508994,0.1529983395447167,0
5,80,120,5,4.619002564133078,0.03109056387279867,1,3.0613344808611673,0.1779617083137234,0
5,80,121,5,3.5629809300504647,0.12336014434864935,0,-0.5915569878623632,0.8143804941872301,0
5,80,122,5,7.621864915352652,0.0018466569002451739,1,1.077364957338552,0.6299867998211957,0
5,80,123,5,5.009448955940634,0.025553082298595983,1,0.25811897800960876,0.898792168277284,0
5,80,124,5,3.609793405737244,0.14105213908758943,0,1.2986397909024683,0.5188292516697479,0
5,80,125,5,8.604597782421589,1.5515070675688376e-4,1,-4.597794874283521,0.06443007792029334,0
5,80,126,5,2.2720383777955298,0.37736438330859856,0,1.6624440934913456,0.3744745163111277,0
5,80,127,5,4.629351103339017,0.051011737663817135,0,0.3669536716968208,0.8779465716607338,0
5,80,128,5,2.853765404317274,0.1800460165417762,0,1.7381844965618942,0.3859761755133264,0
5,80,129,5,4.182984130195945,0.06055447683781675,0,0.36503142251094933,0.8703838435985768,0
5,80,130,5,0.9599980237857272,0.6418929457616482,0,3.535967292948958,0.11943308934490639,0
5,80,131,5,9.050019408093716,1.466405888137804e-4,1,1.3483425053356421,0.5347057402913202,0
5,80,132,5,6.919201155640407,0.003098965229568484,1,1.1497865379068029,0.5785397307098703,0
5,80,133,5,7.786588797026166,0.0023641960727240016,1,-0.970513054202033,0.6467425783499752,0
5,80,134,5,8.052238677917343,1.5224771013604065e-4,1,-0.4144314529738763,0.8627603353052902,0
5,80,135,5,3.187140884793758,0.07489400545900937,0,-2.5882222130000088,0.20380871966489983,0
5,80,136,5,3.8220100606407215,0.09807798288615036,0,0.1339805768867702,0.9409561754820397,0
5,80,137,5,4.33728399568945,0.019548002048437436,1,1.2899786347583793,0.583646181334296,0
5,80,138,5,6.891953940453333,0.005299113975038229,1,2.2226764757593944,0.3185291415563595,0
5,80,139,5,5.56466460903834,0.014397761847259128,1,-0.7911599918848107,0.7418996155654278,0
5,80,140,5,7.42341706108015,9.452514453944383e-4,1,-0.7017087627925823,0.7331998619239352,0
5,80,141,5,3.8909991749847808,0.1274407947343107,0,-0.40418305616497285,0.851452436118566,0
5,80,142,5,4.603072781665867,0.03976720613564242,1,-1.706511871276606,0.3909452597731774,0
5,80,143,5,5.550008036355394,0.013747431610449867,1,-0.07838748243179784,0.9740960459304697,0
5,80,144,5,7.781163247566825,9.282278562890708e-4,1,2.4041853509992257,0.28595914681647217,0
5,80,145,5,1.5927508549887752,0.4300431808709151,0,0.07088741649140819,0.9718200625811948,0
5,80,146,5,7.017824684515099,0.008349734434987965,1,-0.3894021107695645,0.877395037547442,0
5,80,147,5,4.277100456667393,0.0460838146339959,1,2.3619970349430512,0.2813983924175958,0
5,80,148,5,8.612457601158267,0.0011927201632689237,1,0.35573139511373547,0.8604386070146475,0
5,80,149,5,4.592260391286948,0.04561129302668792,1,-6.723617575813679,0.004279209541491516,1
5,80,150,5,5.102219253660163,0.018042371593803317,1,2.8999535315107208,0.193523163483397,0
5,80,151,5,7.11967795763097,0.006943248091089856,1,1.9174128529273797,0.4278319736846542,0
5,80,152,5,3.9611823723675785,0.06194645815906844,0,-0.4068006347577847,0.8594741503329971,0
5,80,153,5,5.389649696197559,0.010861275135241155,1,1.5236288352401484,0.4949298153506937,0
5,80,154,5,6.480807083643657,0.0040996120527344495,1,-0.7676345781591247,0.7265900068581536,0
5,80,155,5,5.212405659031486,0.030851580223869197,1,-0.51368584378082,0.8460968886654779,0
5,80,156,5,5.140373974337283,0.026347977583664865,1,-0.07035818039986239,0.9752144627102712,0
5,80,157,5,7.227038766804726,0.0010728006075626708,1,1.7969913800218333,0.364764556343802,0
5,80,158,5,3.6439365452497494,0.068500275969265,0,1.2775243315230638,0.5217600825647226,0
5,80,159,5,4.852685458471094,0.04561623823390621,1,-2.274721469436485,0.35393382573508303,0
5,80,160,5,7.791658618175793,2.467370755208626e-4,1,0.5174378711653921,0.8355054426402101,0
5,80,161,5,6.2832729615894065,0.011522117542748468,1,2.929601502376722,0.12914067913870866,0
5,80,162,5,7.826761225806637,0.0014792986533359686,1,1.202075938087381,0.5998325119222208,0
5,80,163,5,4.161225744971596,0.04427642686315992,1,-3.0997597375350447,0.15129320097933008,0
5,80,164,5,6.396844246897146,0.00954801928515534,1,-0.2752488717789964,0.8822905183064234,0
5,80,165,5,5.097950783807467,0.03280318078639463,1,-0.17751603207834485,0.9289828622104841,0
5,80,166,5,7.788721530548963,8.83579699147972e-4,1,-0.6018096141517215,0.8093532166227346,0
5,80,167,5,6.283273034899382,0.009348213431744438,1,-2.1001834219352054,0.3036552534501657,0
5,80,168,5,2.4271880595654327,0.3217693165276685,0,-0.38080058132706823,0.8731991198314252,0
5,80,169,5,1.4356859545346286,0.4737702948164023,0,0.5232678049256576,0.8139954997576997,0
5,80,170,5,5.161647608133514,0.012341319200555178,1,-1.8861393169610339,0.41364650305962747,0
5,80,171,5,2.174797889287901,0.3966947060853756,0,0.9482033413941215,0.6854447913543151,0
5,80,172,5,5.195021234253497,0.003992844935926105,1,4.454523735883077,0.04948301886432374,1
5,80,173,5,9.285006503854122,1.8641334509619402e-4,1,-0.2012628279383812,0.9252340876831812,0
5,80,174,5,5.9712075679822,0.01398812239865265,1,0.49860334050126576,0.8166978599629219,0
5,80,175,5,4.086896767470091,0.09360524305208466,0,-3.677821375216628,0.11008138606215498,0
5,80,176,5,3.8678169615688285,0.07431569210525261,0,1.4403095781068844,0.5066810088103668,0
5,80,177,5,7.074985792689491,0.002565727727452963,1,-0.7708493142397992,0.6648997215532181,0
5,80,178,5,8.3424747200318,9.480320621240611e-5,1,-0.34135549466130827,0.8739685031615723,0
5,80,179,5,5.782175734290422,0.01420792257503154,1,1.3701737667229144,0.5526290139783809,0
5,80,180,5,3.0796186825856426,0.20142775153564546,0,-4.151912795900142,0.05885865058369049,0
5,80,181,5,4.6876042840917265,0.052118120517303745,0,-2.7101682445481363,0.22648059918548377,0
5,80,182,5,4.628103054881188,0.06135552474503685,0,-1.8147609660753792,0.35926452513835283,0
5,80,183,5,-0.5425096481071352,0.8244516468688775,0,0.8081714308006286,0.6867758951439022,0
5,80,184,5,3.798220803819425,0.09203734656003583,0,1.3653004938359203,0.6042939013447646,0
5,80,185,5,5.6213752502193,0.026354625520242918,1,3.0501481125518626,0.18774435579550108,0
5,80,186,5,3.6531666270087424,0.10344625085311443,0,-0.11343031960499893,0.9601162991946344,0
5,80,187,5,1.1028714399286934,0.5585548292890896,0,3.662516078186874,0.07467957774493028,0
5,80,188,5,4.9975933126343905,0.036068515734034204,1,0.6739161210314774,0.7783108814852473,0
5,80,189,5,8.772847562810743,4.010702963220614e-5,1,0.46306218620824324,0.8401602148199693,0
5,80,190,5,3.1744150185932005,0.13517380104562554,0,0.139367084685664,0.9531378112389717,0
5,80,191,5,3.7947739739710546,0.078221439381907,0,-2.0881811331648468,0.3113302970955362,0
5,80,192,5,6.353402974539163,0.006439765551982688,1,0.8559763363229205,0.6967895229391504,0
5,80,193,5,6.455430188181035,0.019450760332960775,1,-1.053714777420783,0.6222445071785871,0
5,80,194,5,5.546402294073055,0.014496696454983183,1,-1.7460376014318761,0.44752047915437454,0
5,80,195,5,-2.8560232989685685,0.19590216398932445,0,-1.4281601612429162,0.526883711784278,0
5,80,196,5,9.563032651694705,2.3364677175437973e-5,1,-0.3818106718444736,0.8604506719994701,0
5,80,197,5,6.015281242737179,0.005377430136588648,1,-0.3154746958981793,0.8710438502960378,0
5,80,198,5,8.762488349784213,7.054895109336152e-4,1,0.20671648639997545,0.927845395264906,0
5,80,199,5,2.3781453449583734,0.270433539391176,0,-0.6567487222294308,0.7863277461838133,0
5,80,200,5,6.760063212706312,0.0043391522970904145,1,-0.8301703885647225,0.6869912491957837,0
5,80,201,5,4.960582430673508,0.034901562350593635,1,-0.6291518994738162,0.8041375592994355,0
5,80,202,5,3.9321259026652937,0.0598111937266943,0,-4.156810810782947,0.08878840837738171,0
5,80,203,5,1.6039667074231416,0.4186018224996545,0,1.5044061367085388,0.502549880937339,0
5,80,204,5,6.143830234399044,0.007078291241793053,1,1.0011079633808668,0.6374075320492099,0
5,80,205,5,3.8544201610340023,0.1122597838571628,0,-0.4552576833867774,0.8566740644308024,0
5,80,206,5,1.914238232063524,0.3573316302872003,0,-0.6227089604013342,0.7756090817153114,0
5,80,207,5,8.57463303316122,5.105764301624524e-4,1,1.3773677652278635,0.5398425902107981,0
5,80,208,5,5.184758244789341,0.03960421665241622,1,-1.9232784849374909,0.4204709535072467,0
5,80,209,5,7.707645190148283,4.912704668481172e-4,1,-1.101676662184215,0.6672799175286726,0
5,80,210,5,7.919631157679383,7.700167259094804e-4,1,-2.36567489277518,0.2731839706127837,0
5,80,211,5,1.2112794002612735,0.5579131111730216,0,-3.656684362620745,0.10404874323675098,0
5,80,212,5,4.566653244021394,0.038072981480446064,1,-0.5027388543393175,0.8338203142960329,0
5,80,213,5,5.164852239001715,0.011138135257811804,1,-0.5732715077102195,0.8030515559382095,0
5,80,214,5,4.803968370750181,0.02988002774833836,1,1.5428027994637605,0.5042838755737158,0
5,80,215,5,7.035436700875787,0.0045929878317269544,1,3.5993737681982663,0.08944519710194425,0
5,80,216,5,6.849768817102728,0.003923485352680676,1,0.9244595593131529,0.6806326415893759,0
5,80,217,5,4.542889135096919,0.04269036690409994,1,0.2971590414544277,0.8791384569947609,0
5,80,218,5,6.912272548871305,8.594866699753046e-4,1,0.6057595994124146,0.763624014367781,0
5,80,219,5,6.362243114905289,0.009049909496145866,1,-0.5387429044106857,0.8149974561232722,0
5,80,220,5,4.947636583580856,0.03483124942016794,1,-1.1707082382380207,0.6451907489070823,0
5,80,221,5,6.516127269085604,0.003847198353709206,1,-1.491176145655527,0.44869775696806324,0
5,80,222,5,6.908099570463105,0.001511517028778738,1,-1.642403323749244,0.452705270587503,0
5,80,223,5,3.8477852822554213,0.12049885820915582,0,1.5524705861868786,0.539453231448155,0
5,80,224,5,4.331789227880831,0.051965800331117376,0,-0.8687670046942365,0.7138246208909019,0
5,80,225,5,3.1566236713246774,0.19933465906436765,0,-1.9098619392865033,0.4052244653341326,0
5,80,226,5,5.969813396548001,0.004473402257419539,1,1.3313988916703496,0.5432284724321154,0
5,80,227,5,2.9119893967513866,0.18169460231288306,0,2.0728220262849333,0.382648492314828,0
5,80,228,5,8.149432158636928,0.0015597127293993742,1,1.452041791451701,0.5289502559563811,0
5,80,229,5,7.450723347634495,0.0022354704741784337,1,-0.5852575989693226,0.7642627376291001,0
5,80,230,5,6.761188939271442,0.0012197778483762712,1,-2.6047462780044786,0.2571696997376005,0
5,80,231,5,2.40029463460543,0.28212007441430914,0,1.208330334552225,0.5802047665109833,0
5,80,232,5,6.468596386594138,0.0013589245060055429,1,2.4510040549427976,0.2217209150026093,0
5,80,233,5,8.084311315501186,3.6527756494088195e-4,1,-4.421412223362362,0.07515733962971619,0
5,80,234,5,2.0164794786618403,0.3621635906308869,0,1.1777961111105975,0.5816470301566022,0
5,80,235,5,6.0381487299169185,0.005195440333460041,1,-1.1510412796714746,0.6333519714064573,0
5,80,236,5,8.454546799085472,3.0497189497163545e-4,1,-1.484844185084096,0.49403285111397477,0
5,80,237,5,8.77211380185692,8.601907295457625e-5,1,0.08009638243827434,0.9748386829891027,0
5,80,238,5,6.826203241546634,0.002550781734540685,1,-1.5899390305173426,0.4691777657386469,0
5,80,239,5,4.604464182907215,0.05409232407781404,0,-0.15197574978411268,0.9485354105692783,0
5,80,240,5,8.160920612085718,5.296132489426846e-4,1,0.44842590509167024,0.8587448049125563,0
5,80,241,5,2.340409735204219,0.27386264783410497,0,4.564888769974423,0.05172885827998451,0
5,80,242,5,2.738313465387754,0.2578271575946224,0,1.1827888783755427,0.6437155459507726,0
5,80,243,5,10.144259867845701,5.726261014969458e-6,1,3.0694654381351043,0.20408389266482704,0
5,80,244,5,8.390849445014217,2.808785577205894e-4,1,0.5426011287675638,0.81980019458942,0
5,80,245,5,5.776460266155232,0.016421218183795293,1,-0.06966467748072223,0.9737378615554214,0
5,80,246,5,3.275274873987194,0.17885002770417044,0,-0.5370794008742227,0.8254445230734986,0
5,80,247,5,0.7166030942839673,0.797410606023536,0,2.9856851495074372,0.15179360760592758,0
5,80,248,5,4.816851821042302,0.07026405215254479,0,1.7771932918496018,0.4879229261717448,0
5,80,249,5,2.5528350257354475,0.1789561915692475,0,2.4794607352685953,0.29055904911383373,0
5,80,250,5,4.51282477573456,0.04225269350377197,1,-0.37866851706901083,0.859555396338064,0
5,80,251,6,7.771507924444692,7.788443282967068e-4,1,1.164342226512089,0.6625412159312253,0
5,80,252,6,5.687946541338547,0.013165799618168076,1,1.5471941697111995,0.49382978554904167,0
5,80,253,6,3.8478509005896764,0.08503828725342999,0,-0.3856989025003116,0.8536211149312798,0
5,80,254,6,2.583323454996796,0.18740624582563928,0,-2.0594325793857227,0.30284277478104865,0
5,80,255,6,0.9133655442630033,0.6194465030825906,0,0.42457338955577484,0.8697658321085668,0
5,80,256,6,7.271262111832592,0.0035097929353091746,1,-1.3597336508791233,0.5576889126257674,0
5,80,257,6,2.5094611778494564,0.28582949233447774,0,-1.5956858363855442,0.5420806977226762,0
5,80,258,6,7.563010633656684,0.002027799952189343,1,0.4354978638142268,0.8606123735930392,0
5,80,259,6,2.6808059714018886,0.22991075745837478,0,-4.392192155663904,0.027655775436685907,1
5,80,260,6,6.4006044042447,0.002822689569709035,1,-0.9553298684250372,0.683217613451097,0
5,80,261,6,7.459095083963355,3.1782548334429903e-4,1,2.27227723070527,0.30235973403083033,0
5,80,262,6,2.8776459857021988,0.20053783508891324,0,-1.5027528492002318,0.5028604211753559,0
5,80,263,6,1.6912423901287172,0.4250068176131483,0,0.8858623929533572,0.7249816304699138,0
5,80,264,6,4.112016046246471,0.09329735273612502,0,0.4925627490957225,0.8381279520861096,0
5,80,265,6,5.540801838419951,0.013021993955274298,1,0.9448957175652224,0.6619034512039408,0
5,80,266,6,7.390900193794544,0.0023033518240767577,1,1.1062582043368554,0.6272270575048454,0
5,80,267,6,5.895367606088148,0.010694034495025538,1,-2.1722514453170167,0.3591931706529683,0
5,80,268,6,2.603619908839245,0.23063056635378884,0,-3.8556432233764153,0.06535007800782187,0
5,80,269,6,5.900732186918866,0.02280553260577729,1,3.803123229134837,0.11547941715701378,0
5,80,270,6,3.6476860163055798,0.1353040654928022,0,-0.16128840235008257,0.9393176894380613,0
5,80,271,6,6.850516208804135,0.005932334462071933,1,-1.5069279733055638,0.5078930871401841,0
5,80,272,6,8.836333898499927,0.001018919987410494,1,-2.22935995658818,0.42391383958998874,0
5,80,273,6,5.163665642889722,0.016128046240989374,1,4.930330524908312,0.03448971052786521,1
5,80,274,6,7.371202170730369,0.0011723513008549376,1,1.675811031357512,0.36704213006374864,0
5,80,275,6,3.8251944465265924,0.07586657744506424,0,-3.624947505458737,0.10836654898873159,0
5,80,276,6,6.98750515568744,1.6868770866314668e-4,1,0.03169582149335857,0.9891514375037966,0
5,80,277,6,5.365595736499172,0.017284076964865,1,3.7992958525707,0.10712937121099035,0
5,80,278,6,2.7924502851504296,0.18566606898008176,0,2.703650370186011,0.2635565556105457,0
5,80,279,6,5.666488225132156,0.006369992536060597,1,-4.542603824998739,0.042880277149893606,1
5,80,280,6,6.823493496998351,0.002244309216936548,1,1.5610945086440409,0.4223272617230647,0
5,80,281,6,2.2707713295549006,0.3345100326685726,0,2.037314711500318,0.27536242621413276,0
5,80,282,6,8.271518642212351,5.604407382402577e-4,1,-2.107243054091157,0.3956153849925187,0
5,80,283,6,8.77863678884233,6.002409810223659e-4,1,-0.5840888048365381,0.7893031843811358,0
5,80,284,6,7.550524263184014,0.0022650043984664735,1,0.614539907405052,0.7633166964545655,0
5,80,285,6,4.351939525208551,0.09931196749610872,0,1.1336179313733128,0.5757111580432336,0
5,80,286,6,0.2635298153950486,0.9114339835793156,0,2.663031870251402,0.213533660094633,0
5,80,287,6,10.763606869173582,6.7573921497765065e-6,1,-1.654865335959298,0.436245173647559,0
5,80,288,6,4.389287326100082,0.04927968387054336,1,-1.030150508411249,0.6673247339400304,0
5,80,289,6,4.994549306245253,0.042735953163928704,1,-0.1742508447526803,0.9435791599582146,0
5,80,290,6,6.732304917713994,0.002875108708057162,1,-0.3822278873674541,0.8802229129295551,0
5,80,291,6,3.8180331481493113,0.06249593983308184,0,4.8080801333423855,0.014835289221648323,1
5,80,292,6,2.8232584629858555,0.15942011444048024,0,1.2985991981536356,0.587024673265656,0
5,80,293,6,4.206882821647869,0.06161232916118478,0,-1.5565687604455958,0.47112612565939505,0
5,80,294,6,0.9549531358944251,0.6727610158950528,0,-4.88095184817729,0.014776193977288979,1
5,80,295,6,4.995688879493133,0.0303062694556317,1,-1.4899697139025934,0.5153273356661806,0
5,80,296,6,4.267288934696482,0.07722629855705544,0,-2.576787497706807,0.2445394957370595,0
5,80,297,6,9.0589430063646,0.0010559066257100464,1,0.36059476697598847,0.8667859681529131,0
5,80,298,6,4.589625071752452,0.028780940846813288,1,2.749173904200221,0.23049756694953583,0
5,80,299,6,7.913617868489641,1.03304969094096e-4,1,-3.3921823885174085,0.14404525288407427,0
5,80,300,6,8.98019102987995,4.4697672469639667e-4,1,2.453017239062643,0.30733427866269614,0
5,80,301,6,0.6139847313300458,0.754322637453806,0,-0.19072283906678786,0.9298791155798123,0
5,80,302,6,1.5341702707209173,0.5096758961193059,0,0.6295875677792437,0.7746909031673408,0
5,80,303,6,7.264330797668691,0.0029754614816246716,1,-2.7992138040014347,0.23100139811364745,0
5,80,304,6,8.026825422252005,0.0014165219084675553,1,-1.1763801415593274,0.5902548338178772,0
5,80,305,6,4.241926265884766,0.05877900868523216,0,0.9144795428395331,0.7211323360143298,0
5,80,306,6,3.4555596800983817,0.1353880046171349,0,-1.6848549702854585,0.4241247917722497,0
5,80,307,6,4.775042680618058,0.03955329931029478,1,-2.762124919781708,0.20110104149777122,0
5,80,308,6,5.209461439921472,0.00973966805038975,1,4.0474979871949035,0.07248232402275245,0
5,80,309,6,5.382546771904913,0.00651350869924004,1,0.2627393266030472,0.9073112850861357,0
5,80,310,6,5.5147408980669015,0.02063084521643345,1,-1.0673397139007317,0.6445820105010405,0
5,80,311,6,4.470170078761602,0.04700278725927509,1,0.41296867732211273,0.8515657848352098,0
5,80,312,6,3.3574607181095217,0.12678661382592699,0,1.440013073337876,0.5097540678679476,0
5,80,313,6,4.596441740010619,0.043792904602992816,1,-2.9116040421823852,0.21397595291618174,0
5,80,314,6,6.387371535936802,0.004721075767672883,1,1.45680239183042,0.5458977158301349,0
5,80,315,6,2.42532305304049,0.2459139275307095,0,-0.6696587544591,0.7664272884584867,0
5,80,316,6,4.553286576858112,0.030079751573151126,1,0.049620343506430006,0.9820127406582265,0
5,80,317,6,3.9896245745191528,0.08339411891543709,0,3.4329127232263215,0.147590744496774,0
5,80,318,6,8.074651854519098,4.5524293603162283e-4,1,-0.6389823421877093,0.754455105858628,0
5,80,319,6,3.4949919518722807,0.07134191558475342,0,1.0881142359022766,0.6433050561807052,0
5,80,320,6,3.954033457534436,0.13260446199127918,0,-1.0766952895652067,0.6316856298133968,0
5,80,321,6,3.016006248779068,0.0962886462049895,0,-0.46173550695604143,0.8342768906555981,0
5,80,322,6,2.1305874066476376,0.3326531714309936,0,0.6587774339849478,0.72086841357878,0
5,80,323,6,8.58400022675142,1.4916659559644697e-4,1,2.700125133041893,0.2636990719483458,0
5,80,324,6,6.064782197273084,0.021035887585192262,1,2.018303009169371,0.3488345175826293,0
5,80,325,6,6.036238846419641,0.003288437105314071,1,-0.042836592862688656,0.9860365981662699,0
5,80,326,6,7.197082633865609,0.006079998034973866,1,1.2877804129169572,0.5517007100126601,0
5,80,327,6,3.485014281267303,0.10303547851994885,0,-1.9553107068074431,0.38500684407843944,0
5,80,328,6,3.9961379688558454,0.05162801760714605,0,1.058757794804113,0.5989974585346326,0
5,80,329,6,4.655094576577921,0.04459123605117905,1,-2.7698644333811635,0.21800697887726686,0
5,80,330,6,5.825380698908855,0.014818952678074994,1,-0.22205692828859358,0.9304986921497994,0
5,80,331,6,9.576008862361084,3.461692421638314e-5,1,-0.8934707388748703,0.7051295815376859,0
5,80,332,6,5.532418768153246,0.009665370830332474,1,-2.263646766213048,0.29782882758237267,0
5,80,333,6,3.7106765115010325,0.07096310405370757,0,3.0270465679871252,0.19394723382586676,0
5,80,334,6,5.8671605138623955,0.013569081583675823,1,0.6604361164089739,0.7703587109635337,0
5,80,335,6,5.63173334784083,0.03469102404597701,1,-2.2146659579347046,0.27167161152673763,0
5,80,336,6,5.453925492491876,0.01549682600898327,1,-2.6475972817684736,0.19283680499141356,0
5,80,337,6,3.0771173035529684,0.20504411326371144,0,-4.258615097166517,0.052357205856980504,0
5,80,338,6,1.895872871060407,0.4526698448766632,0,-0.7014696119560739,0.7547292762664899,0
5,80,339,6,8.146721344407695,0.0017320263897849185,1,1.2818669493313268,0.5436416297337062,0
5,80,340,6,1.4153223214279986,0.5802412951696381,0,-1.1103897515076062,0.6153123514185281,0
5,80,341,6,9.131956849967223,1.3044716244960708e-4,1,0.5980703535233728,0.8193964262895033,0
5,80,342,6,-0.699936868970965,0.7775783045736593,0,0.26650099794026294,0.9013451351162507,0
5,80,343,6,1.5218424190177282,0.46975598209996505,0,1.1826741669202774,0.5939121695891184,0
5,80,344,6,3.973587818207484,0.11015998957923509,0,1.7714911977064993,0.4657389971365682,0
5,80,345,6,4.579785786662187,0.029196176388969625,1,1.0571231828727652,0.5856503910096991,0
5,80,346,6,2.654212082719431,0.25269001997222823,0,-2.6982378375362543,0.24200834496168674,0
5,80,347,6,4.989933459751348,0.021867748077939096,1,-5.262232262873691,0.024265248542917,1
5,80,348,6,2.487995033997725,0.2523303358241477,0,0.037409006700571415,0.9852223468630417,0
5,80,349,6,6.294507392133395,0.004742025627971091,1,-1.2649090266727092,0.5682274112166168,0
5,80,350,6,6.338585828939211,0.0051960733570558405,1,0.56063750409446,0.809287459149909,0
5,80,351,6,0.3704926566667985,0.8762970828982615,0,3.857536539955643,0.08243820597650531,0
5,80,352,6,5.754575877671566,0.014293257693776752,1,-2.496626758939587,0.2673235227006694,0
5,80,353,6,3.8558075576316693,0.08484517414526202,0,1.6477941041501203,0.48214349567452763,0
5,80,354,6,4.886611470740582,0.024441358238348285,1,2.0367273370504697,0.3534230772458248,0
5,80,355,6,9.32007621128103,2.7710661233731578e-5,1,2.9482160926570042,0.19262426887725106,0
5,80,356,6,8.285234143431303,2.0379171375490578e-4,1,2.8831838687093327,0.2229067390853517,0
5,80,357,6,4.055110185310004,0.057778943455059496,0,-1.560882247831751,0.46335732391836604,0
5,80,358,6,3.3235248055594604,0.1591159945437285,0,-2.5230686486230787,0.21825303560603723,0
5,80,359,6,4.828749093343903,0.0797921212655749,0,-0.4126137425857274,0.8567416787588299,0
5,80,360,6,3.8032423116171237,0.07868933866795497,0,-1.5592234166915684,0.47776448517499204,0
5,80,361,6,8.125263465485665,6.388429491696192e-4,1,5.1482309510861155,0.0057798677418968375,1
5,80,362,6,2.2812885588676406,0.24445984747764632,0,3.7840138462091346,0.10961129238918647,0
5,80,363,6,2.9227448563661658,0.1760366675187964,0,-2.66939741405571,0.1743705647527652,0
5,80,364,6,1.1148191804127454,0.6580272624772459,0,0.7262974133593837,0.7408225891638046,0
5,80,365,6,2.9062412288315733,0.16346882223506218,0,-1.601732517177576,0.4705492387974928,0
5,80,366,6,6.4791443721277675,0.003111914077353544,1,1.4771186517561918,0.5009821555042477,0
5,80,367,6,5.274511546039885,0.026830164009236532,1,-2.719872186240143,0.12851669170840513,0
5,80,368,6,1.982890485118338,0.35718391645406544,0,2.2810385474131873,0.33558916764443114,0
5,80,369,6,7.85744703208488,0.0019356092478654973,1,0.07097500191988614,0.9755724395973049,0
5,80,370,6,1.3631527627301785,0.551693993014347,0,0.5818331761175283,0.789608306516397,0
5,80,371,6,1.6310375474679495,0.5088832482234695,0,-0.8539664725276449,0.6940892105070453,0
5,80,372,6,5.677198335094952,0.009123198029093256,1,1.0031302706697873,0.6814719820386362,0
5,80,373,6,6.51129906485739,0.004624069323111821,1,-2.2265004062278777,0.30672383964065325,0
5,80,374,6,4.815338156854725,0.039670761514586414,1,0.031145647299865156,0.9874048434616207,0
5,80,375,6,2.6387989699203698,0.2552408484188902,0,-0.710663000621501,0.7320562263337795,0
5,80,376,6,7.623641138170002,0.0028919178140337457,1,0.18855357083690763,0.9267826398206804,0
5,80,377,6,3.9348787533421534,0.05352895788700669,0,3.200207606791089,0.1267344491835725,0
5,80,378,6,4.756881253207839,0.07463499770635551,0,1.8377917152270913,0.4347746394651605,0
5,80,379,6,5.4033190368875506,0.031216573417121522,1,-1.1661838860917564,0.6345547488368165,0
5,80,380,6,5.391137430059498,0.017953157054505745,1,-2.3661090979853037,0.24874135016724389,0
5,80,381,6,2.855825709361107,0.19305168157385366,0,-2.6395622043035187,0.2776635166266484,0
5,80,382,6,7.2556954980306845,0.003082886499892403,1,-5.25330519849781,0.01943274102150305,1
5,80,383,6,6.453950422536802,0.005161444538960725,1,1.4442497112335602,0.567312578140353,0
5,80,384,6,4.516087575739067,0.043454646597126514,1,3.450008448617333,0.16244566477618477,0
5,80,385,6,3.7786055809537,0.08613301290051119,0,-2.8144539464582845,0.1918907733855165,0
5,80,386,6,2.480104281333284,0.21123362666044052,0,0.06328596239366277,0.9795918578050625,0
5,80,387,6,6.911550252147648,0.001312660469533656,1,1.6687091597713573,0.47855637630306747,0
5,80,388,6,7.7064936666840085,0.001890913607642336,1,1.1076378137997052,0.6352727108270857,0
5,80,389,6,2.819740133762721,0.19081301650302387,0,1.177938421566423,0.6162135948198468,0
5,80,390,6,2.8372995141605166,0.26432147533048916,0,5.017853533773636,0.06499321102569036,0
5,80,391,6,2.1401312428646637,0.36208639782649754,0,-1.49713026814804,0.4764605336231782,0
5,80,392,6,5.141607563120896,0.029733057660501154,1,0.5223492509138563,0.8117367982968116,0
5,80,393,6,7.894270811819025,3.88229115822529e-4,1,2.8156565756551863,0.24625164323997803,0
5,80,394,6,5.836601115620844,0.017162563945567304,1,1.7946475385392084,0.4152951611945752,0
5,80,395,6,7.281964616943629,0.003293643496561257,1,0.4683510497449704,0.8395473596522376,0
5,80,396,6,6.128920036989143,0.005657391467543265,1,3.8632204362595535,0.06775798310579505,0
5,80,397,6,7.640470678282145,2.0936131221312133e-4,1,0.829708242581346,0.6936687783564264,0
5,80,398,6,6.0931788604055654,0.009849859152547756,1,0.19215749326135426,0.9316681380812135,0
5,80,399,6,5.064511823354938,0.018187615619565597,1,0.1521862078895289,0.9514967916211344,0
5,80,400,6,3.7431280245682252,0.10020913387022198,0,-1.87576737330992,0.3949001364062713,0
5,80,401,6,6.070034811184101,0.0033247528870610464,1,-0.1337421999821374,0.9498742505522437,0
5,80,402,6,7.280691818955782,0.0016709375937379273,1,1.1404280445389303,0.6339400982417522,0
5,80,403,6,8.853458668209703,8.775407959358591e-5,1,-3.558301700704999,0.1235118170488475,0
5,80,404,6,7.259505290082083,0.0023406133408710636,1,2.505622333964017,0.2582912462296721,0
5,80,405,6,4.979164582320884,0.03172809893546515,1,-0.312631489066658,0.8836407799494226,0
5,80,406,6,4.827615418170247,0.04383020232695438,1,-2.148808282002075,0.33263822483891115,0
5,80,407,6,7.648322441041428,0.0025556190496137756,1,-0.45288712174854495,0.8496065290736812,0
5,80,408,6,4.609814979957952,0.04357794486782719,1,-4.243820805345708,0.06686295568512059,0
5,80,409,6,6.682202024825758,0.0026485642360714948,1,-2.853254443753149,0.20922024763151428,0
5,80,410,6,2.3549850384825417,0.2997155014266603,0,0.6455192874029103,0.760863227375871,0
5,80,411,6,3.996343235963248,0.08840261383904956,0,0.8904873730430968,0.688450147394404,0
5,80,412,6,3.6856175104775937,0.08565167669703447,0,-0.8629589425212328,0.6880757082910303,0
5,80,413,6,3.617554904147128,0.08452568959964371,0,0.688789042545864,0.768364410799038,0
5,80,414,6,3.9745364406274835,0.08079001309792692,0,2.246794921408021,0.32339311733499576,0
5,80,415,6,5.1244143841165775,0.007089399397780013,1,3.2135912865060217,0.1254305870639923,0
5,80,416,6,6.480334029689942,0.007887290435491015,1,0.7539608033021765,0.744320807078391,0
5,80,417,6,2.034061763435815,0.41930873406257607,0,-4.451716213967741,0.04452003355563431,1
5,80,418,6,6.945940093296701,0.0019117429570240684,1,1.7924661408568567,0.4516119278249501,0
5,80,419,6,6.9553102672908285,0.0011828535013896726,1,-1.0762469688088077,0.658098593757602,0
5,80,420,6,6.675225432085978,0.00835493262791196,1,-1.4733058914477164,0.5303376416383432,0
5,80,421,6,5.26374750840758,0.027849589317437636,1,-2.786867097649819,0.25900991063568457,0
5,80,422,6,6.635727092069583,0.0024735804364425166,1,1.5711547642827033,0.54214621719607,0
5,80,423,6,1.97938297623308,0.3562509673593778,0,-3.5221728521920372,0.09277674639063176,0
5,80,424,6,3.8171771577174205,0.12619927072612463,0,-1.035335683730179,0.649435418329371,0
5,80,425,6,4.0212768032124,0.11967746530336917,0,-0.7641177596029297,0.7373301883175785,0
5,80,426,6,8.827804464572148,1.3451882879537958e-4,1,-2.0145971653023658,0.4249161319920637,0
5,80,427,6,3.1300092699017954,0.1642643290160664,0,2.065392320674922,0.32297311734904666,0
5,80,428,6,8.00561294324249,1.3897442015854165e-4,1,-0.4651234631372999,0.8461547059977109,0
5,80,429,6,3.6913071342422463,0.12974219026470596,0,-1.2162251741404326,0.6240000604019859,0
5,80,430,6,5.685648404030474,0.031008714282523876,1,2.660622563735692,0.1843545906794757,0
5,80,431,6,4.349631384023727,0.04628390911729085,1,2.8428475021980995,0.18405637023914126,0
5,80,432,6,3.592618051462293,0.1914682005895525,0,-6.44318122563119,0.009081632173632335,1
5,80,433,6,3.131737349505524,0.1569727424881443,0,3.1528141063957515,0.16180676801179728,0
5,80,434,6,5.810654695957148,0.005048317013802018,1,-2.2744531649916206,0.30786195234789365,0
5,80,435,6,3.848038541303061,0.0730053001791498,0,-0.1440572109387872,0.9522503150838988,0
5,80,436,6,6.497020162629151,0.01239607108639953,1,3.2635297512704065,0.16793776244073091,0
5,80,437,6,0.7217345610393411,0.7825690335970527,0,1.5319755744630745,0.49686202769727605,0
5,80,438,6,3.4902969259853096,0.09259215680913414,0,-2.0368925692116164,0.31742733462192646,0
5,80,439,6,7.217347872286539,0.0026215569834409356,1,-1.6142505934361764,0.4585142472575101,0
5,80,440,6,3.176281321661753,0.18937473709334696,0,-1.8723234675930809,0.44207566131124487,0
5,80,441,6,7.088410882958415,0.002128467623067872,1,-0.03736564627316916,0.9868626219398173,0
5,80,442,6,3.130238142988774,0.19687184017254833,0,-3.7911220123772535,0.0554361238307413,0
5,80,443,6,4.8673227595918265,0.040268879515007384,1,-1.9157105737563642,0.378513726974698,0
5,80,444,6,6.449375815951339,0.007152108049814811,1,2.6606518041360765,0.15062368837072157,0
5,80,445,6,8.297045461012832,5.006330460760372e-4,1,0.7692405209970984,0.7388920602666786,0
5,80,446,6,7.096139208415297,3.2121355133423943e-4,1,0.8065783641865101,0.7227485375656055,0
5,80,447,6,5.079609389299319,0.009298067180189568,1,-1.7730241523541483,0.4309167563306159,0
5,80,448,6,2.070886360614695,0.32439639414108035,0,2.838896845087379,0.19309795756616513,0
5,80,449,6,7.936910511886197,9.7106974181876e-4,1,2.5393660144308354,0.2464338638473756,0
5,80,450,6,5.674924253173178,0.0027243615381034375,1,0.2769221057104412,0.8844050366554753,0
5,80,451,6,4.255417817207863,0.03271859962202909,1,-1.0096106151443385,0.6596854054548601,0
5,80,452,6,5.5130852094034175,0.023591749410557757,1,0.38062298251879007,0.8641674544818211,0
5,80,453,6,6.047447924250121,0.007868424392135146,1,3.6353125883344837,0.11240675522656567,0
5,80,454,6,5.120847324181612,0.050234429368327414,0,-0.6365598630921444,0.7624856082366203,0
5,80,455,6,1.705104615846849,0.440520337850846,0,-0.15004314225814003,0.9493142445056953,0
5,80,456,6,7.482933173149782,0.001788205320843988,1,3.038738691107484,0.14490828140978754,0
5,80,457,6,4.463025048683734,0.04595562304965908,1,-0.38054898422763533,0.8620683321650635,0
5,80,458,6,2.849180603810982,0.15191537765536486,0,-1.7449071410465706,0.4357385434840134,0
5,80,459,6,5.294010583724217,0.020307129122075756,1,-3.0057706767350956,0.14903139961111006,0
5,80,460,6,1.3840757993800041,0.4996937345352378,0,-1.6790738215841836,0.5033647918528417,0
5,80,461,6,5.048992906081124,0.032794936821031836,1,-0.22606257400971244,0.9168193797503084,0
5,80,462,6,4.977577177711944,0.053389981713375174,0,-2.027320187385445,0.37712702590648906,0
5,80,463,6,4.223152072677829,0.10080848640341342,0,0.6511935612021481,0.7805159771325687,0
5,80,464,6,6.040955006622258,0.0044082979056927745,1,-0.29814811616610504,0.8986049279656961,0
5,80,465,6,3.7137960345454326,0.07567695207212786,0,-1.7333855564721234,0.43815370131636333,0
5,80,466,6,5.32407608987188,0.0282180916857634,1,2.126072535293243,0.3126115942129998,0
5,80,467,6,4.8361629144619975,0.0320405772832614,1,-3.590126712746775,0.12152073891605042,0
5,80,468,6,6.752500312970842,0.002391320518689159,1,-1.9555056753157392,0.4144290769875778,0
5,80,469,6,4.939168405570786,0.03390565826008917,1,-1.4451817435428813,0.5124769594304717,0
5,80,470,6,3.1703083501127227,0.12414619492743054,0,-0.3627913647858659,0.8723680473021814,0
5,80,471,6,5.80524540621142,0.0014902366846384287,1,-0.7918179301922046,0.7130513525854363,0
5,80,472,6,7.82091356964908,1.8361350944562474e-4,1,2.049243132210755,0.38754584750821586,0
5,80,473,6,6.3113688421679495,0.0054193032511803295,1,1.6981066395995605,0.46097168143529965,0
5,80,474,6,6.501222462508027,0.0034352586747460703,1,-0.009764354783069239,0.9965959433664235,0
5,80,475,6,3.7194875146287116,0.09577612854221468,0,1.4128858356148675,0.5188469566073897,0
5,80,476,6,1.564583964722719,0.3854922285189678,0,2.0436388876408875,0.38650349721469135,0
5,80,477,6,2.9994425673341527,0.22210093070210038,0,-1.7269971611675163,0.4782159612042429,0
5,80,478,6,6.380313567504994,0.00890865199829379,1,1.8106415010092853,0.4364785469438106,0
5,80,479,6,4.8165652498661125,0.045269522726143395,1,1.2677306890001823,0.6129106878283124,0
5,80,480,6,4.2757514374385535,0.05744584868354351,0,-0.6984031468454379,0.7721540221419815,0
5,80,481,6,5.27795685764695,0.00519162622138378,1,-1.8425169703042492,0.42974174711357616,0
5,80,482,6,5.197735322119943,0.026368067806861566,1,-1.5618313734431997,0.48548172751067187,0
5,80,483,6,7.36009661532364,5.003403315655968e-4,1,2.1631032869680147,0.39295515028151506,0
5,80,484,6,5.982341772242378,8.516736350920867e-4,1,-0.9538060704971809,0.6455233996756928,0
5,80,485,6,4.591324438272742,0.05652171545118691,0,-0.4910158604360757,0.8290028814250157,0
5,80,486,6,4.287692340797935,0.07708797960685469,0,-2.8161908528828796,0.2172357851043828,0
5,80,487,6,6.579056792719406,0.0018827043520779207,1,1.7028059494269736,0.48861101789385364,0
5,80,488,6,1.9853010991656082,0.36964512924585624,0,1.4982680146156782,0.4959283269613667,0
5,80,489,6,-1.5871850179975475,0.5404658723544933,0,0.2552198517508545,0.9057273013111115,0
5,80,490,6,2.5122108711575692,0.26266573366593127,0,-1.670439018045239,0.4044525511858966,0
5,80,491,6,4.681285365562264,0.038903987216323786,1,-0.7116343314215609,0.7617764952612267,0
5,80,492,6,3.0248811573462504,0.16877567749255487,0,1.0436858698820406,0.601738933890273,0
5,80,493,6,6.0683808002825845,0.0074332487002663865,1,2.933546407542608,0.15103771683215655,0
5,80,494,6,5.316802604271811,0.012544620680350562,1,3.0401052878171084,0.12651065535750922,0
5,80,495,6,3.9286114838832233,0.08381142144542887,0,-1.7614151156771438,0.4247979738639126,0
5,80,496,6,4.029903350895212,0.10458431858772109,0,-1.4132804577324907,0.5369887654274978,0
5,80,497,6,5.159928682971806,0.03299637859972221,1,1.0097762853731178,0.6648741201388657,0
5,80,498,6,4.187888383442437,0.051739738631946114,0,-0.8546000526761085,0.7339504434572612,0
5,80,499,6,4.976720040529458,0.00919710251665787,1,1.0195994469904957,0.68545041045349,0
5,80,500,6,7.6619903377796765,0.0016286466237796656,1,0.027480201715683945,0.9911549291237245,0
5,80,501,7,4.83989158094204,0.03461195755456925,1,-2.185090995777706,0.29262980921243203,0
5,80,502,7,8.585193795713433,2.116701173987708e-4,1,-1.769693365008301,0.46925864582101806,0
5,80,503,7,6.026621326048766,0.007011322145829248,1,2.343272900550413,0.2961197865985417,0
5,80,504,7,4.733370936538325,0.05223046016247259,0,-0.4094287924498125,0.8774482811248181,0
5,80,505,7,3.891278189487693,0.058421183547373884,0,1.8043802338390067,0.4337276296874236,0
5,80,506,7,5.911598612256788,0.008518708668556186,1,-1.7679790878564372,0.4738527126685397,0
5,80,507,7,8.133441013494775,3.8281112537250774e-5,1,-0.2430609743647118,0.9085014444780497,0
5,80,508,7,2.22196534757607,0.34052762327661124,0,0.41893388046102975,0.8590033351094776,0
5,80,509,7,6.884252078939455,0.003152271470676786,1,1.0645720441358755,0.6395282121402144,0
5,80,510,7,6.372899579224837,0.005122694640225415,1,2.750388344067867,0.19776377259258068,0
5,80,511,7,2.64974865007779,0.24917909915268932,0,2.2898554910708198,0.3031167616088749,0
5,80,512,7,5.288658174375015,0.014656512322977204,1,-1.248958869383892,0.608054623622434,0
5,80,513,7,9.071389123913036,5.966264889401185e-6,1,1.5188317559885502,0.4711938378113768,0
5,80,514,7,5.078025957221027,0.016930510159902046,1,0.31765147917145264,0.8959719833970481,0
5,80,515,7,2.4923269357671693,0.24771362110963108,0,-3.337429616979259,0.14841952413038142,0
5,80,516,7,4.079700275671477,0.03707266842588939,1,-4.092484108312533,0.07136574480078588,0
5,80,517,7,-0.7726650779130734,0.7313768563492165,0,3.5035305103223644,0.13723491861602916,0
5,80,518,7,4.915817991997579,0.011660280135184777,1,4.398987445018081,0.06805235240546048,0
5,80,519,7,5.512869915072292,0.010962742280633729,1,0.17754689107812402,0.9356263930034447,0
5,80,520,7,7.731242573635608,9.503243052464189e-5,1,-1.937742543121246,0.3839042360753411,0
5,80,521,7,3.079255910329105,0.18514024480436708,0,-0.8803045022660655,0.6711806003422836,0
5,80,522,7,5.066558340862127,0.01648562837560645,1,-1.7363690438672839,0.4843210371840485,0
5,80,523,7,1.4776892417204137,0.513646939810144,0,1.1144278819237223,0.575700351346399,0
5,80,524,7,3.730643047991924,0.07096647819466785,0,-0.9436005051239948,0.6421074639106609,0
5,80,525,7,7.130666725869831,0.0011593321806068974,1,-0.9357433667331891,0.6526177099377136,0
5,80,526,7,6.941482772300535,9.139548661317476e-4,1,2.1495991123811113,0.3698387923909733,0
5,80,527,7,6.982127493858525,0.001609386111106675,1,0.9265011287833147,0.6346558520598289,0
5,80,528,7,6.04409214379234,0.0012486408431466223,1,-1.6413880558097764,0.4457577020887171,0
5,80,529,7,8.241528909812368,3.491675840233152e-4,1,-0.12563509184952787,0.9529616174868372,0
5,80,530,7,9.67367029753795,7.4277385504752375e-6,1,-4.479360482751243,0.03825527129512677,1
5,80,531,7,4.604997901541457,0.06674296641395315,0,5.996310217890975,0.021203019902375247,1
5,80,532,7,1.3218191888388537,0.5220922823479383,0,0.3159726974221558,0.8853629852638785,0
5,80,533,7,3.483899144324114,0.10428478940318746,0,0.6547600916502433,0.7572701840123935,0
5,80,534,7,3.903893958169877,0.0993283689330801,0,2.141475406519334,0.2633015091038748,0
5,80,535,7,5.316834095977494,0.018049753540699705,1,-1.3421476448635903,0.5666710988943489,0
5,80,536,7,7.0620273846955905,0.00126312534500257,1,-1.4689497896761137,0.4816032093588707,0
5,80,537,7,5.248940740666243,0.033731269871259156,1,-0.7239711358107224,0.7013234554860666,0
5,80,538,7,6.842330557492312,0.005307480730729602,1,-3.779744271926879,0.10767019126547916,0
5,80,539,7,4.889525350334102,0.03309645237181119,1,0.8583721181291326,0.7003335825687318,0
5,80,540,7,3.1831653269787648,0.08307243327961882,0,5.78088472416634,0.021009295095888433,1
5,80,541,7,0.9734456122511657,0.669108572908216,0,1.7767389625662828,0.4281418351848105,0
5,80,542,7,2.7731233873586474,0.21161181852534522,0,1.5794291857314504,0.48837784302971066,0
5,80,543,7,3.066173050779199,0.11965402019307005,0,4.9944199790961585,0.04090697071398571,1
5,80,544,7,4.097629285947227,0.09850807696321794,0,-0.04194362940713952,0.9843107998352146,0
5,80,545,7,4.333948836559999,0.06181646632593781,0,1.5979875074782348,0.4896130174092679,0
5,80,546,7,6.011559732155046,0.020570848436184192,1,-3.505013492981389,0.11049514662247119,0
5,80,547,7,5.73354440592624,0.026112016293821667,1,3.1692016619836476,0.16327328463072577,0
5,80,548,7,11.55719854026305,4.3742184549453254e-7,1,1.5438179913567407,0.4808200452830321,0
5,80,549,7,4.56400826408031,0.039781105684033854,1,6.3254335961556265,0.003890697725913728,1
5,80,550,7,2.902134688812613,0.20720806074648968,0,-2.775589487101446,0.23425900855663004,0
5,80,551,7,7.644531755143339,0.0013467984268930424,1,2.7777699978295347,0.194774326081818,0
5,80,552,7,1.0450959400510815,0.6203319127276652,0,0.3381983433269737,0.8915254273204944,0
5,80,553,7,8.49078287657683,5.865595581615223e-4,1,-0.8746201541972085,0.7213940473291449,0
5,80,554,7,6.204889266760214,0.004717560378062441,1,-2.804281156895828,0.26604352439550244,0
5,80,555,7,3.0306996959921,0.21533328035640856,0,-1.2178299838131954,0.6570997105144687,0
5,80,556,7,7.069190864707492,0.001640570600311484,1,-4.433672811451043,0.054574978869885514,0
5,80,557,7,4.266946841715328,0.052350999377775945,0,1.2734974094680627,0.545556287944185,0
5,80,558,7,1.6010668594080237,0.4853972369254429,0,-0.5827269487987767,0.7896382323516811,0
5,80,559,7,6.355059014306479,0.0048808241451822445,1,-2.1210416589882173,0.3072065917977553,0
5,80,560,7,7.222552741225395,0.0012227314256580025,1,5.125122454896302,0.021531362660074944,1
5,80,561,7,7.874310337236934,7.023244580253592e-4,1,1.2732063430595961,0.5638915349580789,0
5,80,562,7,2.79553928137254,0.19016109250507252,0,-1.6141057143038866,0.4923732996041609,0
5,80,563,7,4.798123123779605,0.026446094310477453,1,1.9847080804606918,0.34532081731088493,0
5,80,564,7,2.2369506948856825,0.32559713138948077,0,-2.061044933341353,0.37501334108677964,0
5,80,565,7,6.171210928838906,0.004668661260358522,1,-0.20879565469601385,0.9144507525535174,0
5,80,566,7,5.488358218148431,0.017927050754917448,1,-3.6698233726375116,0.12224240455969493,0
5,80,567,7,1.3444841735528628,0.5591841845425911,0,1.2642992186310738,0.623283642017382,0
5,80,568,7,1.9733148590698208,0.42527341648339434,0,1.835741900193496,0.36171014622294706,0
5,80,569,7,4.811284734242203,0.031414421268582564,1,1.7036703418547066,0.4403549047468135,0
5,80,570,7,8.761703312667231,3.014221098516422e-4,1,2.1054474434472903,0.3237729657623315,0
5,80,571,7,5.242842168105618,0.01740836767770459,1,-1.1074159930335936,0.6255348990571852,0
5,80,572,7,6.880515472918504,0.0018844062830308162,1,-1.3824922877837438,0.5352541501947172,0
5,80,573,7,1.568989022604422,0.488431330086484,0,0.2956429670230515,0.8971666519183735,0
5,80,574,7,7.15192694126363,0.0046262018054219305,1,-1.9528066574296297,0.44596140407670326,0
5,80,575,7,7.062587561244802,0.007129673020447836,1,-0.03421629648646683,0.9882238691883235,0
5,80,576,7,6.551484243534927,0.005774769427681902,1,3.638317733647992,0.13637297259191775,0
5,80,577,7,1.3582492982652878,0.5266753050819148,0,1.3983827584457116,0.5848943349782314,0
5,80,578,7,4.546084350260724,0.028682499128461537,1,-1.524194237739394,0.5225346761430852,0
5,80,579,7,5.267663624786429,0.029108168947800273,1,-2.7757933280488998,0.20908948743912592,0
5,80,580,7,1.9133178300483713,0.4193450546871835,0,-3.30065899008252,0.1329041633227886,0
5,80,581,7,5.05233545810524,0.014992022949411508,1,1.5107616124331116,0.5251515297041875,0
5,80,582,7,6.219174618198408,0.004884714928458873,1,-1.4639842189670096,0.4875665967565602,0
5,80,583,7,3.4658143333522884,0.12936820661183168,0,-3.3650790884049604,0.15455031525137533,0
5,80,584,7,2.9712182373592504,0.20679452844328672,0,-0.4914301443244392,0.8336040877947541,0
5,80,585,7,2.2767254623782627,0.26226892003298047,0,0.3867536541813069,0.8486428172846183,0
5,80,586,7,1.3513389031271235,0.504499948195094,0,-0.6064035455273775,0.7515507721515022,0
5,80,587,7,5.0513257876683015,0.023863937912670267,1,-1.3556739247328187,0.6015692803319332,0
5,80,588,7,6.312758673091249,0.0022073349525559127,1,-0.268910315966734,0.8944444190907066,0
5,80,589,7,4.275869422696238,0.056817183442260326,0,-2.137843723685291,0.38880124994556187,0
5,80,590,7,3.185390393420509,0.21376367241457672,0,-2.6804070568017293,0.23665009355196218,0
5,80,591,7,4.472104392526835,0.037627482985468405,1,1.7166824389783257,0.39973016992196897,0
5,80,592,7,4.541792087611353,0.037878752793344295,1,-1.1031263714399866,0.6457488386806258,0
5,80,593,7,6.1805358102948444,0.006631328511257555,1,0.7544842104746791,0.7452671533126316,0
5,80,594,7,4.591866306733515,0.031107744766034867,1,-2.187630027796372,0.3332289039795049,0
5,80,595,7,4.0721002776508355,0.06739043292611371,0,-2.589402358830582,0.28623162171186,0
5,80,596,7,6.105500423043237,0.027400319801745933,1,-0.18183451250616073,0.9405950390656621,0
5,80,597,7,4.5670459149796425,0.07653902566994071,0,-6.50213805592454,0.004714174837034733,1
5,80,598,7,3.267955950864938,0.16831977545122628,0,-0.668510409949005,0.7100133409794996,0
5,80,599,7,5.6442341421952396,0.00941307837262267,1,2.5534865151261745,0.2222393546667165,0
5,80,600,7,4.058580512232641,0.11226393560888373,0,-1.6409246906517911,0.5123471013515661,0
5,80,601,7,6.661049898658323,0.0025660296364144347,1,3.190124984407376,0.11927131071306538,0
5,80,602,7,2.006295019921398,0.3866347569367913,0,0.15360228627920522,0.9438901888213744,0
5,80,603,7,4.089712285228877,0.10781772363565749,0,-1.7488219405926453,0.3100696940128075,0
5,80,604,7,1.9330979630458454,0.389095377327598,0,-1.2604909033944507,0.5650974080900673,0
5,80,605,7,7.689668592044468,0.001842473967610854,1,-1.6642342436998439,0.46907607165974397,0
5,80,606,7,3.6944294040491705,0.11557780221737816,0,-3.1998190994085545,0.09938024197430469,0
5,80,607,7,4.335340361644987,0.05730895601370656,0,-2.9785164731044373,0.20285374354641156,0
5,80,608,7,5.966715112255453,0.004319809678154058,1,-2.141673845295169,0.3276603242188276,0
5,80,609,7,8.894007893655653,5.832447157981371e-6,1,-0.26524982035909533,0.9137609179741326,0
5,80,610,7,4.725425454968858,0.016422918267133827,1,-0.825259689034249,0.7178107042953832,0
5,80,611,7,4.964595878070936,0.03969369229788053,1,-3.575441744717908,0.0826848300465911,0
5,80,612,7,3.8142011479666715,0.1154455945657599,0,1.2684174673974,0.5511021738934192,0
5,80,613,7,5.5911419841641345,0.011002088262242143,1,1.7969811033762535,0.3949471142950888,0
5,80,614,7,5.856182719213118,0.013487838449885032,1,0.21651354135370426,0.9092001273637608,0
5,80,615,7,6.166056215845808,0.007619329101960769,1,5.113070380580914,0.0296152986353818,1
5,80,616,7,2.6190850178795655,0.1862878621080563,0,0.7372091229821107,0.7466978290126531,0
5,80,617,7,2.384242181813539,0.2329651022454187,0,0.4577654186517399,0.850828329793303,0
5,80,618,7,3.157058739453414,0.14888291219800265,0,-3.222233204000955,0.13587972539601148,0
5,80,619,7,2.064389532897735,0.3216473086617372,0,1.4568681895565763,0.516931434103779,0
5,80,620,7,4.442845426203281,0.05476404791343918,0,1.0094025463961838,0.6570100988008172,0
5,80,621,7,7.554737856067015,0.0017140037192735912,1,-0.5978992134111671,0.7625883718441963,0
5,80,622,7,3.7972700605015763,0.09455998610277878,0,-2.5785655159720235,0.21078860622767512,0
5,80,623,7,7.127326761152295,0.0018625625231026481,1,3.8504855085377048,0.08329259373251267,0
5,80,624,7,4.795778409944675,0.05475062170445349,0,-0.60810306782341,0.7903621428204994,0
5,80,625,7,4.291108044977557,0.05916667662633249,0,0.6294680382660512,0.7731123053987052,0
5,80,626,7,5.7882164279453985,0.009555697395336923,1,1.7936979336362355,0.3975359084423271,0
5,80,627,7,7.216166237451074,0.0011149918484344903,1,-1.7897785261458055,0.4138190481110061,0
5,80,628,7,4.533896429451291,0.04567509032878575,1,1.4871169845786816,0.5585785659882944,0
5,80,629,7,7.451198749086018,8.903802396441795e-4,1,-4.078753017428065,0.07606689312905877,0
5,80,630,7,4.054174075225211,0.0775863055285742,0,0.11625996722509663,0.9607800924817174,0
5,80,631,7,2.5094930220999796,0.286676892686136,0,-0.03829568540408902,0.985918338789965,0
5,80,632,7,5.422011539642297,0.023779600794704602,1,1.1259781904630957,0.6619211540704778,0
5,80,633,7,1.3898062603729835,0.5769628153656894,0,2.74566766655528,0.234483253083771,0
5,80,634,7,3.3853869350249144,0.15528587771289493,0,2.7429679516227683,0.19318195865697274,0
5,80,635,7,8.616617462061685,1.6644968840015745e-4,1,0.18222382374317908,0.9258039107489331,0
5,80,636,7,4.840652326351674,0.03054725339472608,1,-0.8552332482892234,0.6614195410716166,0
5,80,637,7,2.3156795479626133,0.31172325379011784,0,2.6560602236131587,0.25717551709430747,0
5,80,638,7,7.6681175374862125,4.409738401902514e-4,1,-1.9914625733514275,0.3521438865139309,0
5,80,639,7,5.591738780652656,0.013355917142243384,1,-1.7633555339608808,0.4740266305513433,0
5,80,640,7,2.4235905526003716,0.2636238083517636,0,-2.21910996686065,0.25711814515833237,0
5,80,641,7,3.79390453471735,0.061348957955965955,0,-1.6411179472934951,0.4688566382519871,0
5,80,642,7,6.20620760404632,0.015358122693554223,1,-1.1308247176716593,0.6654866985439998,0
5,80,643,7,6.630020792271147,0.011989779042315376,1,-2.4468953109732596,0.28905051391895775,0
5,80,644,7,2.365260048645365,0.2356468190089956,0,0.15195294819210373,0.9434295579352014,0
5,80,645,7,6.9882329609398015,0.0026836979061754087,1,-0.37263877909466836,0.8511362392060948,0
5,80,646,7,3.4674389450501772,0.15310671503459525,0,-2.0086887009882557,0.3467074441616087,0
5,80,647,7,5.295546739780702,0.015076958367342195,1,-0.7209005228072296,0.7413145204111633,0
5,80,648,7,2.6322879852567866,0.23209684639091854,0,0.690144064395756,0.7512760242669791,0
5,80,649,7,2.843298426869811,0.21124286241512574,0,-0.9285066467260584,0.7053350557463454,0
5,80,650,7,3.5238224698880094,0.14923638583936913,0,-2.415179663936924,0.29318131587800367,0
5,80,651,7,3.3139174495057295,0.1355207648166269,0,0.3371905397938207,0.8660348320925206,0
5,80,652,7,6.1724094064015285,0.011861471407182618,1,0.34247418077689706,0.8824046410155955,0
5,80,653,7,3.077600849949397,0.16614596153247885,0,-3.833618393294882,0.08308654204907787,0
5,80,654,7,5.818272961287767,0.007761783701389283,1,1.1293846847320899,0.6165557868295553,0
5,80,655,7,3.2744323726335445,0.17297490861923895,0,-2.6959313969143315,0.2311245214040127,0
5,80,656,7,1.994245504450674,0.3361389173506446,0,-0.8226789310243344,0.6876775824804519,0
5,80,657,7,3.8284383346269717,0.1265236050911066,0,-2.3410322738279934,0.26950654379782224,0
5,80,658,7,8.433717656756109,2.497835464947056e-4,1,-1.7670243341338072,0.4195479975953035,0
5,80,659,7,6.134084961236938,0.0024913235212251227,1,5.684537311748395,0.006223257559945313,1
5,80,660,7,5.927749423481017,0.009989724037560111,1,0.6530495793465442,0.7765905540179657,0
5,80,661,7,3.3930004897130206,0.11465887606958591,0,-2.0328184459361687,0.413359589008067,0
5,80,662,7,6.665377583360734,0.0010994505502809153,1,1.6717919301204942,0.49122952207156967,0
5,80,663,7,3.112521007763365,0.17263677198672184,0,-2.4343277938183157,0.2814873374803495,0
5,80,664,7,5.103973749495526,0.03688692728041464,1,2.7958629609829373,0.22140136818810227,0
5,80,665,7,5.690770125292439,0.01090826249814075,1,3.026836594999981,0.17428110699584567,0
5,80,666,7,3.8601838541639433,0.0569182784545056,0,0.7358881024437623,0.7435997843364734,0
5,80,667,7,5.709557722559909,0.00957026381165748,1,-1.343218365869842,0.5133421391977528,0
5,80,668,7,3.7150110129120475,0.15152405106527922,0,0.7994384234927401,0.727266263348006,0
5,80,669,7,10.244242457704214,1.175971400115904e-5,1,-2.2710471330863116,0.294410214690696,0
5,80,670,7,4.356465863890264,0.07496519345050714,0,-2.1365869227541876,0.28387518423607916,0
5,80,671,7,2.5273188905579707,0.2836482686488582,0,3.0521553265577945,0.1969118880945884,0
5,80,672,7,9.528239508049078,6.149655843067842e-5,1,1.5026161561259488,0.43160276153766,0
5,80,673,7,3.8520700531838594,0.09178598600506296,0,2.7240388407655267,0.20228319244633142,0
5,80,674,7,3.476798833994493,0.15908078666655023,0,3.5192843373379916,0.10573406204787852,0
5,80,675,7,2.3697004001151964,0.2623767942641052,0,-0.22868291490472845,0.9149927492475565,0
5,80,676,7,6.374453879763703,0.005536874017514256,1,-1.1005795902726256,0.563215519471665,0
5,80,677,7,4.37143387519154,0.02699158057711394,1,-1.0561274108970033,0.6202830783495062,0
5,80,678,7,4.518465803155,0.05300119524085151,0,-1.7827075976532842,0.4225621982415654,0
5,80,679,7,2.434525190363496,0.2940186274295527,0,2.6058510128391847,0.23842115926577143,0
5,80,680,7,7.324946271289582,0.0022478632277355827,1,1.367274798038412,0.5567554407896627,0
5,80,681,7,4.341621162428661,0.02969572507904981,1,4.727786439828837,0.03556078351335806,1
5,80,682,7,5.507026227475221,0.017890307461503118,1,-2.388278620036649,0.24761564171862338,0
5,80,683,7,3.6803455573838373,0.11433070958984604,0,-4.048943857071101,0.0442229743214455,1
5,80,684,7,3.849004573518048,0.07353778923473808,0,-4.535789713025995,0.05971350995248348,0
5,80,685,7,4.703068698164997,0.023880552943949827,1,1.8128614202049544,0.4469772724000046,0
5,80,686,7,2.5315585315477196,0.2622911525242945,0,3.554104626752126,0.10872968047166848,0
5,80,687,7,5.994578858236366,0.0014405252546503518,1,0.48219660793404084,0.8386252905399629,0
5,80,688,7,4.626754130652058,0.0395806742077737,1,-0.7783928395460304,0.7279396380336605,0
5,80,689,7,6.349116300279399,0.0031576310394946542,1,0.5045195001849515,0.8047086939827293,0
5,80,690,7,5.74873373606563,0.008455010676400126,1,1.4714633403897261,0.5413153008377274,0
5,80,691,7,6.947089228499639,0.0018802879886518188,1,-0.7907759515068024,0.722782800595694,0
5,80,692,7,3.6767313959964665,0.11860315005033613,0,-0.40377774083122053,0.8562306177208603,0
5,80,693,7,3.947925384439423,0.08362148445536711,0,-2.3913147714394944,0.2967994376084057,0
5,80,694,7,3.4548584461600154,0.11890470483753864,0,-4.122162157508246,0.06480055606742938,0
5,80,695,7,5.589302668940197,0.01571147543391411,1,1.8386945591729595,0.35459457444418196,0
5,80,696,7,7.442307697318441,8.894916501231072e-4,1,2.378878678344406,0.2747228921495382,0
5,80,697,7,6.995811413679187,0.001322210562307707,1,-2.187556957343995,0.38408363929660416,0
5,80,698,7,7.592636760049431,7.453432938866084e-4,1,0.5964657807447868,0.740237713191218,0
5,80,699,7,4.094946368266104,0.09219734951273963,0,-0.5933840137734874,0.8179074787295313,0
5,80,700,7,5.277957484885813,0.026219555935487547,1,0.7076638272133244,0.7338688938748641,0
5,80,701,7,8.206448335848815,0.001674282831311896,1,-1.2867819767246962,0.535680296206439,0
5,80,702,7,5.947259256739535,0.008067611932322971,1,2.0354490135290786,0.37843012964135525,0
5,80,703,7,4.453972664609457,0.03778483012180445,1,1.2577109006676845,0.6219605987162814,0
5,80,704,7,2.257482978977728,0.37326826778797495,0,1.1848755847886094,0.5917716855631543,0
5,80,705,7,8.091424020500417,0.001480969229143821,1,-2.2797183075395955,0.31806864715314487,0
5,80,706,7,4.182177136757459,0.0643033366590393,0,2.5501741836720617,0.23494264157628822,0
5,80,707,7,7.981526552251158,0.0014805484542274457,1,2.605847990732079,0.3299256652637409,0
5,80,708,7,5.963022294647021,0.006939264168662415,1,3.0960243697299394,0.2298962842174524,0
5,80,709,7,3.534592051483121,0.11742762547741539,0,-0.5696949219070233,0.8009342777885708,0
5,80,710,7,3.3642346856866183,0.09715207590315797,0,1.4371840788628854,0.5452657928738822,0
5,80,711,7,7.767073043496663,5.94968694745958e-4,1,1.750237979570991,0.4689972250502811,0
5,80,712,7,7.430644559333202,5.377612849176013e-4,1,-0.44460753525908436,0.8225513470341927,0
5,80,713,7,6.3928925852917855,0.006656493431085126,1,-2.264310709720831,0.3118331115933753,0
5,80,714,7,4.24448875732399,0.03518609419140885,1,-0.7350493232990583,0.7244581107650154,0
5,80,715,7,3.5767211872704854,0.09451982132187474,0,-2.3534933360132873,0.27153492699227205,0
5,80,716,7,8.247784888490997,3.8000649660186286e-5,1,2.821957683438078,0.2400717626917396,0
5,80,717,7,5.426243364023145,0.0314033078072979,1,0.628552682993221,0.780903211366311,0
5,80,718,7,3.6644249440275596,0.16371946231361473,0,3.869321791269975,0.05303487632577012,0
5,80,719,7,4.8933894745312925,0.019076644750244124,1,-1.0473917114489448,0.6342266240615131,0
5,80,720,7,6.59326358244924,0.0033391873632674486,1,-1.5178147228142973,0.5009649789995805,0
5,80,721,7,4.738018298223698,0.050902874755450314,0,-0.08916051937415666,0.9679495847364918,0
5,80,722,7,5.293413294979893,0.02172341180094399,1,1.6564445849328033,0.4591177593889857,0
5,80,723,7,3.0880033845641908,0.15376422839055104,0,-0.48310184706366194,0.8339517352325598,0
5,80,724,7,5.561487484652525,0.00931453379497219,1,-0.3207046801587135,0.8900245062245536,0
5,80,725,7,2.616846493244712,0.22134759181273386,0,-2.5892200451327017,0.2852860498853625,0
5,80,726,7,9.367537909276543,1.5542299569202888e-4,1,0.04315561240006026,0.9832610159428389,0
5,80,727,7,6.094422286413734,0.0050679759115099055,1,1.2741604807764553,0.558887945665763,0
5,80,728,7,2.7710004886311594,0.15581557195195492,0,-1.1318517647171826,0.624365125836729,0
5,80,729,7,7.201907309998777,0.0015334054838128193,1,-1.4664843363492448,0.4928714096889497,0
5,80,730,7,4.620365366578543,0.038212091011172164,1,0.15598071343108397,0.9446613158888492,0
5,80,731,7,5.982607579778834,0.005145031408250111,1,-3.5115464995336962,0.10357406740300985,0
5,80,732,7,9.299131036728195,3.768644369561741e-5,1,-1.1401119724130777,0.5476848131627301,0
5,80,733,7,7.882852054193701,5.114959685324337e-4,1,-0.08116114990749336,0.9690035597521305,0
5,80,734,7,8.608047858440004,7.20565672213746e-4,1,-1.659021877434594,0.43380415923447624,0
5,80,735,7,3.3542755082597746,0.14951622215535718,0,2.3742429023307063,0.22713032964843044,0
5,80,736,7,1.8683486523320285,0.44196031616971876,0,2.08068832407129,0.4041337529425847,0
5,80,737,7,5.773831527451867,0.012303100127860208,1,-3.3798630005695256,0.1441682691561331,0
5,80,738,7,3.6827213262863867,0.062021741150505516,0,-2.786917074038472,0.19134667771707844,0
5,80,739,7,5.186831324079107,0.014382033867139772,1,-0.6972921367186563,0.7466129766768478,0
5,80,740,7,4.569656489947488,0.04476361635107181,1,-0.20784662205478885,0.9200125419397538,0
5,80,741,7,5.714475597790827,0.021445866684622485,1,0.7836778908723637,0.7189598056984677,0
5,80,742,7,4.463687895684633,0.01927750298287945,1,-1.0541330489507066,0.657261915692156,0
5,80,743,7,4.8149477087260815,0.013810272026191756,1,1.7962400969452474,0.470628472800655,0
5,80,744,7,7.047727742622776,8.945731308233527e-4,1,0.45417762871739054,0.8521456740352933,0
5,80,745,7,5.115683992670992,0.015223865377705233,1,4.251980840506202,0.06194568047840622,0
5,80,746,7,4.010981829824115,0.10090571413823696,0,-2.3167318098046636,0.33756847895549225,0
5,80,747,7,7.417938237095004,0.0027284964899470764,1,0.8332088274874568,0.714541823861365,0
5,80,748,7,2.1246481658629097,0.35771550844616584,0,0.6871393609508244,0.7444708405335947,0
5,80,749,7,2.8885168931987297,0.1783261559239636,0,0.605370665167695,0.7806644290982516,0
5,80,750,7,3.0919469229060854,0.16357548993676174,0,-1.6790231736716401,0.5144063945852388,0
5,80,751,8,3.2791851877932348,0.17508403065830924,0,-3.285283558452125,0.14825313076432717,0
5,80,752,8,0.39092028084117886,0.8610975270895969,0,-2.207558362312923,0.29890224594650017,0
5,80,753,8,3.5846402217522164,0.1374186214711099,0,1.9857204410318663,0.2608391619011031,0
5,80,754,8,8.130605370795596,1.0798562660366556e-4,1,-0.12723162508908176,0.9597756150593693,0
5,80,755,8,7.347995691936855,0.0029808048485457954,1,4.105402608497173,0.09286180938103683,0
5,80,756,8,4.085535670520962,0.06603112019124205,0,-2.557507563990336,0.24811419654644248,0
5,80,757,8,-0.6164604228833583,0.7553468308129747,0,2.2264012980226457,0.290069742857916,0
5,80,758,8,-0.029002704266533754,0.9907095650286972,0,-2.3471821511680298,0.28338285714769584,0
5,80,759,8,5.914104971606629,0.02847716247473495,1,1.9150159771101052,0.3589319953875242,0
5,80,760,8,5.899371207739192,0.020207158804059197,1,1.4573384107401688,0.5344523923493938,0
5,80,761,8,3.05069335205554,0.1870782368603373,0,1.9698932425406488,0.35932794266092516,0
5,80,762,8,4.364680573443023,0.0759579424935929,0,0.576369440183333,0.8126435807224264,0
5,80,763,8,3.3368605863741805,0.15512068698386605,0,-0.6751727037538108,0.76478171710626,0
5,80,764,8,5.902260863226509,0.02597447492063099,1,5.691802453653121,0.009243944698125376,1
5,80,765,8,9.174329820447833,5.6244929963545806e-5,1,1.8541686806576925,0.3811853529986,0
5,80,766,8,2.2801782839848483,0.31231149351180115,0,-1.9342673554004197,0.3579993156117791,0
5,80,767,8,2.0437213268743504,0.37978326263360607,0,2.2276013062846625,0.29584640474826296,0
5,80,768,8,2.2314871474534317,0.3254452060646391,0,-0.512614929084148,0.8196293693378917,0
5,80,769,8,4.6168791480350535,0.06193686066299874,0,-1.2244169449443245,0.5820858735318041,0
5,80,770,8,6.42254925873235,0.008220732382950539,1,2.241012493885294,0.3538488532531595,0
5,80,771,8,8.826193852526332,8.760976254066767e-4,1,-3.8372218750233196,0.08975913767245713,0
5,80,772,8,3.830463989108639,0.11865784556718864,0,2.0054558744913975,0.33028461219254157,0
5,80,773,8,3.9708593044057126,0.06491428499574196,0,0.2849172608827002,0.8998105156920334,0
5,80,774,8,9.492174721631386,4.2577616695601055e-5,1,2.1745409286288915,0.35071210376242257,0
5,80,775,8,4.841564440889933,0.030324266374666734,1,-0.6097197934846472,0.7861242557914714,0
5,80,776,8,6.163772632999262,0.004904662479130708,1,1.8168666189624891,0.4306023299181564,0
5,80,777,8,4.457098491615107,0.06191015065596151,0,-2.5923842552061593,0.2825774248095886,0
5,80,778,8,3.0131342515465835,0.16094607076050635,0,-1.3803856257210272,0.5385701240923629,0
5,80,779,8,6.86266224841863,9.951642481691404e-4,1,-1.623197854099225,0.45317508331637557,0
5,80,780,8,6.2295614310323515,0.007481909911467839,1,-3.8663931268048404,0.0709032144778568,0
5,80,781,8,5.321365472215901,0.013119696903568429,1,2.837908388653619,0.2580853367566012,0
5,80,782,8,5.003420123112284,0.031826654428002206,1,0.9453393457710461,0.6875054796013534,0
5,80,783,8,6.029376102714376,0.01370566433769873,1,-0.9340612640384168,0.7266639564189357,0
5,80,784,8,5.366265453262173,0.013074222972751372,1,0.8286616148622226,0.7516121247814107,0
5,80,785,8,10.368812653016727,5.120758816359865e-6,1,2.36756321611283,0.29803950086479825,0
5,80,786,8,6.526136888692051,0.005444222157193081,1,-1.9055672277916895,0.43094469407603975,0
5,80,787,8,8.808871872228524,1.0588828189767099e-4,1,-0.5760421838350698,0.7731676292415419,0
5,80,788,8,4.076289892366519,0.06359113798609904,0,-0.6407606064914705,0.7593376901318887,0
5,80,789,8,3.2730299449493785,0.11349551005589473,0,-2.3751903041750895,0.3273103952130344,0
5,80,790,8,2.7875887841336433,0.21354672333012686,0,-2.4906414951091853,0.269338575073858,0
5,80,791,8,6.086788825878989,0.006461183960349971,1,-0.36754431431788664,0.8830871285729773,0
5,80,792,8,3.4409191972423643,0.14923312076564743,0,2.657744147760137,0.1703172917306181,0
5,80,793,8,0.41725744571673173,0.8491527262954163,0,2.4400687416872113,0.23706701827369603,0
5,80,794,8,5.0085021312301885,0.01977234009089031,1,-2.201195946942025,0.3151898615691952,0
5,80,795,8,0.8816134557148688,0.7178152119623042,0,3.7909939531439116,0.12278961609509043,0
5,80,796,8,5.581813951532162,0.00960992852221272,1,1.313752095209974,0.5993470213420049,0
5,80,797,8,4.729079470087832,0.05750368277541186,0,-2.534393829289706,0.23272621707156882,0
5,80,798,8,3.7645219026620764,0.10304372179215084,0,-0.62776718718051,0.734551955261764,0
5,80,799,8,5.936927909219015,0.009575743688992968,1,-2.6731125872901313,0.2187148254963767,0
5,80,800,8,4.101973892709022,0.08794896143410592,0,0.7626569555909294,0.7294896879278399,0
5,80,801,8,5.70243678375822,0.013060639528762906,1,-0.2902267731151723,0.8827771098602477,0
5,80,802,8,7.126960811355368,0.00303483712518738,1,4.086974120793279,0.07522466196915778,0
5,80,803,8,7.306946591171075,0.0025179573803819273,1,-0.08039578309687719,0.9718463861900448,0
5,80,804,8,7.535347870024611,4.5768833606801184e-4,1,3.9027094877154838,0.07088054608606921,0
5,80,805,8,1.6539328034303016,0.45115983060099163,0,-3.093553329365781,0.13740322413753936,0
5,80,806,8,8.08545731129714,2.5169724800229687e-4,1,-2.3274781023004065,0.2746880246159116,0
5,80,807,8,2.9501203006114487,0.22971919337409885,0,-0.956541028791129,0.6059700980100962,0
5,80,808,8,7.3834222791561,6.420817611691483e-4,1,-1.9580275128234452,0.4315915397637442,0
5,80,809,8,5.503405143559078,0.013048306784830375,1,-1.7464879013620886,0.492379207547022,0
5,80,810,8,3.644770090383204,0.1048376259968194,0,-1.8648605209323927,0.4284252728096539,0
5,80,811,8,2.9936754291174714,0.1686358342203769,0,-3.5615349139544477,0.10926978328940275,0
5,80,812,8,3.1109359953304034,0.1644281942771115,0,0.10189740043731695,0.9617452711144758,0
5,80,813,8,5.127599868461766,0.019336337333436225,1,0.5099801945392698,0.848859129622589,0
5,80,814,8,6.522561115458889,0.007144193708043043,1,-0.22466000031327296,0.9043211853405488,0
5,80,815,8,3.5838815819991248,0.09920015520164009,0,3.2489231124409668,0.10950869754341215,0
5,80,816,8,5.208183031813386,0.021773127161696316,1,-3.786734165843032,0.14097624821744395,0
5,80,817,8,2.7902986083328054,0.23696497421330853,0,2.3157197157138376,0.32420008257716926,0
5,80,818,8,2.6856964991520034,0.3322834772642578,0,1.187984065534384,0.5813403815546381,0
5,80,819,8,4.708698139488279,0.05325972448300724,0,0.14996062120210094,0.9469354098674698,0
5,80,820,8,3.5438591272977247,0.18418199646553446,0,-1.7647188472008544,0.4037251302816185,0
5,80,821,8,6.425389980101913,0.011843593269295911,1,-3.251000987973189,0.15173787453457238,0
5,80,822,8,6.1250766912592605,0.004536852454700082,1,-2.361344914624246,0.2917855410879317,0
5,80,823,8,4.300444759226914,0.02048962584067474,1,-0.7468496687218914,0.7317469863434214,0
5,80,824,8,7.028875297255228,5.33547787837558e-4,1,-3.3538471712248814,0.09357058494011021,0
5,80,825,8,7.778388013770177,0.0010313233510540012,1,-4.913849238066546,0.03427044844731181,1
5,80,826,8,3.0057736663038463,0.23461830892068425,0,4.287577530141308,0.05354951409641589,0
5,80,827,8,2.7749137317119876,0.20152046978511687,0,0.8408191517254613,0.7287399844990494,0
5,80,828,8,9.417147257100497,1.4664667958114839e-5,1,-1.9762467090277944,0.3721989726477001,0
5,80,829,8,6.155704061634436,0.009995142907165192,1,2.841775078423747,0.2291416295234899,0
5,80,830,8,8.073505451545442,2.0916469731495206e-4,1,0.5548758655163641,0.8065343121379043,0
5,80,831,8,4.201945208353301,0.04366336359555246,1,-2.866564302007098,0.24368525208081515,0
5,80,832,8,8.089369962294617,3.6707782783764137e-4,1,1.480450205886048,0.46740829998511346,0
5,80,833,8,2.8316097902690958,0.21103092818869643,0,1.6752164777707743,0.4559940084774725,0
5,80,834,8,7.147224421206794,0.003212704853112162,1,2.1931694758913354,0.3251913219103414,0
5,80,835,8,6.856148525227638,0.004212450432138462,1,1.0209741927930134,0.6503091196705998,0
5,80,836,8,4.817435315079392,0.060484813722126385,0,-2.8568472369743936,0.2010780502322392,0
5,80,837,8,8.87358758180702,9.005493246005898e-4,1,0.7559517403125964,0.739980264768666,0
5,80,838,8,6.757914074204493,0.006844848062075173,1,2.187987835146287,0.32181920454435753,0
5,80,839,8,7.5982336014917555,5.622355467174176e-4,1,-1.085962213276749,0.6466084069473534,0
5,80,840,8,6.554147212777908,0.006430159462218229,1,1.897844599088384,0.3948190331359278,0
5,80,841,8,3.5377870092764647,0.0829018910666514,0,-1.575470558289953,0.5118404462898785,0
5,80,842,8,5.709277918731357,0.02771972294892803,1,2.2905998556196336,0.29127408022250284,0
5,80,843,8,6.341994295796891,0.002080374590540312,1,-2.7172187875834224,0.24758583768586978,0
5,80,844,8,5.8977941510346295,0.016179066448624876,1,1.730965351378471,0.4463664527526344,0
5,80,845,8,5.35451919959912,0.032820433321933316,1,-2.7288069194742692,0.2513735858386192,0
5,80,846,8,2.5160612432675205,0.3334727611650228,0,-1.1859119030996639,0.5530953582139291,0
5,80,847,8,7.333295031039483,8.612255363039241e-4,1,-0.5347010948722035,0.8009546976976538,0
5,80,848,8,0.5651993970205428,0.7658925264825833,0,2.4010133358392607,0.3262104585642789,0
5,80,849,8,9.620070345693522,5.966266016070573e-4,1,-0.5562863473583184,0.7958143800448685,0
5,80,850,8,1.400679711214721,0.572408557561165,0,2.4453138830247045,0.25158428154534657,0
5,80,851,8,5.066525223699,0.020300109146287215,1,0.7931265853662468,0.7383389086211279,0
5,80,852,8,5.764858311494582,0.010513092129445595,1,2.073889903159177,0.33781413106667846,0
5,80,853,8,3.9639085782521857,0.035642471892547094,1,0.30806802543655815,0.8878425251643606,0
5,80,854,8,4.958576902283017,0.02800457559567062,1,-3.2438750070730817,0.11898723941003393,0
5,80,855,8,3.990734218974194,0.1477044977957809,0,0.008428584069985715,0.9971945300858047,0
5,80,856,8,4.5306939710923055,0.050674276183607266,0,3.0988968342182504,0.1806302993893795,0
5,80,857,8,3.739145643050228,0.08680477767401963,0,2.056761697055751,0.36541687240338094,0
5,80,858,8,7.53447036437695,0.0010680324264545813,1,1.4652975983844247,0.453473492068473,0
5,80,859,8,6.400280938458474,0.002424711580100607,1,1.5458452356275727,0.4851882466181716,0
5,80,860,8,5.325426594053248,0.017239493268342523,1,0.2081588553087385,0.924837582721596,0
5,80,861,8,7.533983921948497,0.001973805453196448,1,-1.688116590192729,0.4634569435887105,0
5,80,862,8,2.1860634837123585,0.3131418893103208,0,-2.2943694078138086,0.3225962901421804,0
5,80,863,8,4.695198008865487,0.025758365628528537,1,0.6365563313038856,0.800935309619585,0
5,80,864,8,2.5963383373132456,0.23311564640397708,0,4.074828635143757,0.09547352729298898,0
5,80,865,8,7.3876159517016635,0.0012861012769643828,1,-1.8205026052943611,0.41132111267117843,0
5,80,866,8,2.571967927495256,0.3122070647725336,0,0.10897395312852472,0.9630859016189861,0
5,80,867,8,3.795858341664381,0.042140358535470504,1,5.6086366699013075,0.013503387586900523,1
5,80,868,8,4.131462858904042,0.080417157735453,0,0.5605530241940196,0.813865540361115,0
5,80,869,8,2.633682856500166,0.2070997196598988,0,-0.12660117249632388,0.9533485088401812,0
5,80,870,8,1.7741558185998125,0.43046565173561036,0,2.417440452943,0.3028055311888502,0
5,80,871,8,2.5470496938327645,0.30085413490104596,0,2.2758961165762805,0.30579743604787485,0
5,80,872,8,5.361951530063097,0.005645599434686998,1,3.5386720934909137,0.13800483730045937,0
5,80,873,8,3.008596901333337,0.18601648675110438,0,-0.0034093236126368073,0.998684284969461,0
5,80,874,8,4.715396784909615,0.04023541936795594,1,-0.9993665524201858,0.6934128211017909,0
5,80,875,8,4.601890425588361,0.027605806476379936,1,-0.48727194236827787,0.798574602933362,0
5,80,876,8,6.602143017014004,0.013683669323073154,1,-0.3771508547981407,0.8623137467845019,0
5,80,877,8,5.795987546290364,0.011763054805330915,1,-2.800667000707571,0.21652640497593167,0
5,80,878,8,8.133160380351315,2.4156799729961617e-4,1,-0.9894327572954555,0.6735886238082722,0
5,80,879,8,4.015983141452059,0.09331510266587116,0,3.772933935845658,0.08824225369318398,0
5,80,880,8,3.571748198050711,0.07790197260364741,0,0.16124655690747866,0.9491370805585847,0
5,80,881,8,1.5210255534210642,0.5100003530871302,0,-0.6043114536591163,0.7989973338859407,0
5,80,882,8,2.598895212705301,0.24787123801971295,0,0.5235260934351563,0.7945780984333514,0
5,80,883,8,3.6699561468376367,0.1081489359323222,0,2.6847255507879395,0.23410536905958407,0
5,80,884,8,8.240006874068955,4.525188212363737e-4,1,-0.8801689656241483,0.6970918579905692,0
5,80,885,8,7.015402002658982,0.0019534476282402203,1,-2.4468730193253614,0.29830680201775306,0
5,80,886,8,4.21775222487901,0.06482955560037934,0,0.1739681261006257,0.9403644299177144,0
5,80,887,8,3.637446551603838,0.12153780865938299,0,0.8669961173524002,0.7156199611109197,0
5,80,888,8,2.701074876988614,0.245289730640416,0,-1.5822259652550985,0.48712531527053327,0
5,80,889,8,4.352711937379739,0.04454702713658509,1,3.340025363024591,0.10132991617315895,0
5,80,890,8,4.488842287864065,0.04005885103064327,1,-0.3777722554174235,0.871674324191329,0
5,80,891,8,7.008290665461322,0.0015698443460263355,1,2.800373092284615,0.1873686193701939,0
5,80,892,8,-0.9703626128245448,0.633864437729698,0,0.8074839659694183,0.7146865170058511,0
5,80,893,8,3.8305483038816153,0.08997869977568083,0,1.8032786673456265,0.34567639463808664,0
5,80,894,8,6.002161193512522,0.006914427370652546,1,-1.8599276702120238,0.43640241524288126,0
5,80,895,8,3.793113362087274,0.08684694565771156,0,1.8289230667736542,0.4632003071530114,0
5,80,896,8,5.22326047721811,0.017722474642351438,1,4.163039047332387,0.055317926428380924,0
5,80,897,8,4.080591905351448,0.053396235049840715,0,-0.14293358022424246,0.9521934054309142,0
5,80,898,8,3.5272391134045917,0.06684475992193921,0,0.4417000018809869,0.8454258050169148,0
5,80,899,8,5.133460332844368,0.009628345441669059,1,4.3588770737987765,0.05069687404226481,0
5,80,900,8,8.039235364897758,0.0012859451908437804,1,-0.23376673038561396,0.9229850066457601,0
5,80,901,8,6.474257406048673,0.007979216959582905,1,1.2538096873486537,0.5693667651197127,0
5,80,902,8,2.1545612507813523,0.3289035459060511,0,1.0794665734070144,0.643278342166328,0
5,80,903,8,3.818387035230484,0.07065227876729921,0,2.6731505443817114,0.23640995588266714,0
5,80,904,8,2.878666739735922,0.14566677370871903,0,-3.2711002127204427,0.11559336593418401,0
5,80,905,8,6.414061154083386,0.01616018940838514,1,-2.5722563519506205,0.22873440144550655,0
5,80,906,8,5.44676223223885,0.011622005940356497,1,-2.3935702109389694,0.31998228291269437,0
5,80,907,8,5.300365049425792,0.02989213520671852,1,-1.630279297764391,0.45166558406119395,0
5,80,908,8,6.307857794577273,0.007437928548306463,1,-3.773172289960284,0.12216019870072077,0
5,80,909,8,3.2843276669127293,0.08892657069365278,0,-0.4658869474337706,0.8383185709750485,0
5,80,910,8,6.482550497811784,0.01294997019616838,1,3.1261711114671686,0.13373712834614013,0
5,80,911,8,-0.31459971251569,0.9002217383021893,0,1.1478561397098654,0.6336115300551581,0
5,80,912,8,7.640400503390314,5.258253479854246e-4,1,-2.6975356269504056,0.24423150631888188,0
5,80,913,8,7.120209583949541,0.001473262442392481,1,4.1605430781604875,0.070426446423247,0
5,80,914,8,2.6698767680231197,0.21993655403602896,0,-2.7490446899025316,0.18680626217556376,0
5,80,915,8,7.098900617790697,0.0010668592895255013,1,-0.42797553306263475,0.8558147806820864,0
5,80,916,8,2.246245306350747,0.3536816681286178,0,-0.0817626584552063,0.9725309989551615,0
5,80,917,8,4.113339473070258,0.086813394193843485,0,2.4146954094240067,0.26147993629423044,0
5,80,918,8,4.750544597490578,0.034405150801452525,1,-1.7697033237251478,0.35532054426075366,0
5,80,919,8,6.112623948827532,0.0040138638958083575,1,3.5983451569045317,0.1321898784995476,0
5,80,920,8,6.375333590117005,0.0045926217543580845,1,-2.0414867778883656,0.32675462585728954,0
5,80,921,8,6.020212320141495,0.009985755596870703,1,5.713121371334641,0.0067720611816932865,1
5,80,922,8,4.051818173045984,0.08310958529676427,0,4.277993775179931,0.03897936289973739,1
5,80,923,8,7.734050891447231,4.09262931521132e-4,1,-2.1384673964787417,0.3205859045453172,0
5,80,924,8,4.302605796953605,0.04407106186867084,1,-0.023201596003058687,0.9911631737494229,0
5,80,925,8,5.430401019674048,0.019091523764575544,1,0.8341618900365219,0.7356820681957457,0
5,80,926,8,5.273715783397477,0.011355677551470118,1,-4.509242056255783,0.08050292087555991,0
5,80,927,8,3.544233699031339,0.17551476673034913,0,1.916884266428522,0.3445059875069856,0
5,80,928,8,5.834617227032545,0.008890683594742136,1,0.29303288170041686,0.89822112578626645,0
5,80,929,8,9.21745382723197,8.231672230499812e-5,1,-0.7800000267948274,0.7231166170366137,0
5,80,930,8,5.75498459160329,0.01915925607357556,1,-2.6983433069393716,0.25090587731678776,0
5,80,931,8,3.6283905902979687,0.15186326301142286,0,1.7596402683228438,0.4453331304125806,0
5,80,932,8,6.412647429075348,0.008581486038287903,1,3.598212191943577,0.11647494811936215,0
5,80,933,8,9.227055076659815,1.8501439293798966e-4,1,1.0005065563432574,0.6613858732138992,0
5,80,934,8,9.001246924556835,1.4143198817229407e-4,1,0.5665253932665867,0.7949500321583708,0
5,80,935,8,7.754180094045418,8.799766404886742e-4,1,-1.5754557119425525,0.4836851944182534,0
5,80,936,8,7.550979561857573,2.6095123778206204e-4,1,0.5150667993035645,0.8114213331542953,0
5,80,937,8,4.723192485213192,0.015784949957533524,1,2.805176736533128,0.25102102821643,0
5,80,938,8,5.677950467993117,0.042009894327323286,1,2.766795736011649,0.19533394043910732,0
5,80,939,8,3.3093679811666465,0.15174077295755228,0,-2.8688910896744577,0.1712951383558278,0
5,80,940,8,7.018284375501249,0.0034724061502323534,1,-0.4480192569283249,0.8452515305178312,0
5,80,941,8,5.557402816958401,0.008960154133930455,1,-3.128537484906659,0.18198108496369897,0
5,80,942,8,3.4942124149450575,0.08860378711032793,0,-1.4774393748284378,0.5511840627699085,0
5,80,943,8,4.012562641266914,0.13098327608319354,0,-3.131438730041067,0.16428980393691842,0
5,80,944,8,4.530314745593799,0.05977081771463823,0,3.1634869483560344,0.20077099656918043,0
5,80,945,8,3.4554107089572144,0.10984565312258979,0,0.7855203507524358,0.7275466242633344,0
5,80,946,8,7.731906403053604,7.338928713637227e-4,1,3.1296852961138053,0.1582867592708404,0
5,80,947,8,6.797279933489135,1.8627401656815814e-4,1,3.4122760510579964,0.09213507432462655,0
5,80,948,8,5.893139771722861,0.011761818084555745,1,-0.3405185745273004,0.8693398053838154,0
5,80,949,8,3.132812718285052,0.23595878988460575,0,-4.284240047104818,0.07238941587024741,0
5,80,950,8,2.1550282331663184,0.33916075893500475,0,-2.0744713802591837,0.34438589527581753,0
5,80,951,8,4.112806678385283,0.067165796029082,0,-3.2713010426145206,0.13055018371391783,0
5,80,952,8,2.990458530121992,0.2154617138047218,0,1.4034827480819538,0.5713072833694182,0
5,80,953,8,3.6715618350513037,0.1291160904917843,0,-2.0138739401579633,0.4237495439187936,0
5,80,954,8,6.380426927146003,0.007435101968138847,1,1.1805760238744556,0.5798223138487897,0
5,80,955,8,5.839143878150339,0.009679958682851401,1,-2.7135455415236955,0.2092492649223693,0
5,80,956,8,3.2756947167768056,0.17092358051683135,0,-5.0266570636299654,0.026573576562917183,1
5,80,957,8,4.916585751182825,0.03151354553912366,1,1.2034370379965194,0.6111154424152314,0
5,80,958,8,0.5026592186438789,0.8274486928587166,0,-3.993571592047462,0.05025526458273353,0
5,80,959,8,4.318184543510819,0.05981659093012438,0,-1.4612391841683203,0.5316718590264002,0
5,80,960,8,6.139548351311276,0.004685660033748335,1,-0.7366804754774917,0.7584803046831385,0
5,80,961,8,7.0176684944441385,0.006237661752452091,1,-0.36000572126508634,0.8775686212219905,0
5,80,962,8,6.445801657037506,0.0038072399371154495,1,-1.3391019286023862,0.5537444130060148,0
5,80,963,8,5.584302954613621,0.015136938477261315,1,-1.1776390309300242,0.6080092382877726,0
5,80,964,8,0.5426069045450493,0.7670715009753332,0,1.878620185042543,0.357184144229058,0
5,80,965,8,7.567859107421823,4.7249096837775076e-4,1,1.4040062895179846,0.4797308298756642,0
5,80,966,8,3.1320786062685935,0.16508114960282214,0,-1.413003719618854,0.5096638567762888,0
5,80,967,8,9.163458710722916,1.3376991471810882e-4,1,0.014204799877567688,0.9947623684532187,0
5,80,968,8,4.264900942072244,0.07533479319270535,0,-2.2110118840735313,0.30121995138795726,0
5,80,969,8,7.063762608894571,0.004794843374517734,1,0.5719104442253256,0.781366731985098,0
5,80,970,8,4.231129395980914,0.06923631710793704,0,1.4147510959391525,0.5044558408151061,0
5,80,971,8,4.6729756137513805,0.02507760214032893,1,-3.513428629258936,0.11115820503479465,0
5,80,972,8,4.521939525920005,0.051955937993579594,0,-1.459610573573415,0.49241288207482303,0
5,80,973,8,5.29254938014319,0.013497710250519704,1,-0.6810506360714838,0.7681874865362666,0
5,80,974,8,-2.093758456654264,0.3967580644250488,0,-0.8233326821116103,0.7192301474587839,0
5,80,975,8,6.961685918134382,0.002417725292045192,1,0.3375747168238147,0.8904135678747702,0
5,80,976,8,3.043423616843232,0.164924864123187,0,1.6231859083437352,0.5214034358516206,0
5,80,977,8,3.9796980696710804,0.045951041258543254,1,3.163502776701425,0.15072411699373509,0
5,80,978,8,4.088903711543405,0.05579057475151138,0,-2.689757528390797,0.2702120525590671,0
5,80,979,8,4.0075081926296905,0.10407963849756412,0,0.18199126855505887,0.9369523747137729,0
5,80,980,8,6.32730444415927,0.008145757331368192,1,-1.5263313284707511,0.4575434982915936,0
5,80,981,8,4.359545576444817,0.062290412689388806,0,0.5211805945267993,0.8081894231990331,0
5,80,982,8,3.0224973576971297,0.19849875933155028,0,-4.714943330638835,0.035271008186511674,1
5,80,983,8,4.028675163889326,0.07736325090280663,0,-3.539309965241641,0.135200336442541,0
5,80,984,8,6.502145572811551,0.0031491457872677665,1,2.1780446048528628,0.35039611889926936,0
5,80,985,8,8.283246032191537,9.18605212066039e-4,1,-1.5553134040346779,0.4372953102297683,0
5,80,986,8,5.259432778803396,0.017964551671339216,1,-1.6289112247906103,0.37562544935311826,0
5,80,987,8,10.936855563353724,3.053731303893173e-6,1,-1.8479415783820259,0.38445985498684154,0
5,80,988,8,4.133896184318658,0.07891706412061085,0,3.763547583041347,0.08823464388205492,0
5,80,989,8,2.832767815032904,0.23268566809622424,0,-3.72343237803824,0.10621763304676748,0
5,80,990,8,3.621150813224324,0.0946369418435663,0,-1.893026820681203,0.4124008945893154,0
5,80,991,8,5.792265553238922,0.007379207288328583,1,1.27923734726615,0.5279687618179116,0
5,80,992,8,7.448817151917017,2.3076764197866982e-4,1,-3.041838885868984,0.18423058696068062,0
5,80,993,8,4.560993059335993,0.040987585881067413,1,-0.9273714099994229,0.6415408800817051,0
5,80,994,8,7.988425037760639,6.591802219886267e-4,1,0.8165686443183062,0.7325812953883276,0
5,80,995,8,7.109027571927581,0.002809974697546231,1,0.6360579615506489,0.7608912087677009,0
5,80,996,8,5.2804105667806285,0.035162803130803374,1,-0.8857314827034425,0.6875699048010102,0
5,80,997,8,4.862137218998079,0.061126082158638025,0,1.8148384163230922,0.4078634401170287,0
5,80,998,8,6.035964884067657,0.0049700352613922475,1,-1.0172382791158765,0.6521093653617038,0
5,80,999,8,4.152316520833621,0.05037023885157688,0,-2.1665944277089118,0.31735803110281297,0
5,80,1000,8,7.388598502885836,0.0012994574753980922,1,0.2979546616622495,0.9080077215321423,0
5,120,1,9,7.250114928481893,1.1437187738532244e-4,1,-1.533644964801054,0.32069114495716133,0
5,120,2,9,4.736493492288394,0.005350866781068256,1,0.6501585061316965,0.7223385342824238,0
5,120,3,9,6.244989140913519,0.001242985646594746,1,-2.5382662465480195,0.20072277147430675,0
5,120,4,9,4.842334998502027,0.011980311823721237,1,-1.4064006228991943,0.4464475634144679,0
5,120,5,9,1.93135128322425,0.29328454849967783,0,1.912978477727798,0.28712979275111816,0
5,120,6,9,5.601921326317834,0.0033237177731696597,1,2.919175272903384,0.12407482479495852,0
5,120,7,9,2.0060258268664963,0.27555362171251396,0,-2.6753869662171663,0.12860641372044573,0
5,120,8,9,9.341630414972345,1.1639252600069604e-6,1,-2.2888529198448095,0.20590533714872522,0
5,120,9,9,7.7852466438989865,4.1008514296178864e-5,1,-0.16325759180397192,0.9353530555156168,0
5,120,10,9,6.845426457057781,4.5505244756708064e-5,1,-1.73651231170221,0.3748303544480982,0
5,120,11,9,3.66693299865711,0.0722911085890626,0,0.015442677716567002,0.9937355643327624,0
5,120,12,9,6.882052473333072,4.661937073887816e-4,1,-4.112155018540934,0.038156070952841986,1
5,120,13,9,1.9159023049559598,0.24349649728569867,0,-3.0885864211990737,0.08277765166330689,0
5,120,14,9,7.330419952474104,3.477227196239818e-4,1,-1.3115814804416126,0.4358954225282353,0
5,120,15,9,1.4947913796974728,0.4139095709636046,0,-0.41707834617529355,0.8014868396501664,0
5,120,16,9,6.433531724980587,3.654260668036573e-4,1,2.7774221072838934,0.1636638090229656,0
5,120,17,9,4.950390582132896,0.012708278868084713,1,2.436779812379806,0.188342149959647,0
5,120,18,9,1.9288610927821943,0.31006876512735565,0,-0.560033285197817,0.7585287228930775,0
5,120,19,9,6.343180869268253,4.8730122036549727e-4,1,-1.6216050622416955,0.3883385285183131,0
5,120,20,9,4.665960593705672,0.01391251878612281,1,-0.3098494019193074,0.8790926392251723,0
5,120,21,9,4.48064003801198,0.018662410640642217,1,2.4668873453551146,0.17912339294743976,0
5,120,22,9,4.86717879872101,0.013376717329889699,1,3.9936755507359853,0.03774381515761629,1
5,120,23,9,3.4808142229884482,0.039853682363786204,1,-3.937052889332143,0.021475431360451918,1
5,120,24,9,2.838411630043387,0.12066831226388668,0,-1.131765714956855,0.5594890266604757,0
5,120,25,9,6.8587783169315335,8.103944838319056e-5,1,0.046038218200067274,0.9788651410855822,0
5,120,26,9,7.2375416405963895,9.078684291996787e-6,1,-0.44589348709066956,0.7878958252380878,0
5,120,27,9,4.508707877190388,0.023454233787374747,1,0.3423836816878279,0.8547446412598975,0
5,120,28,9,1.3260228754871617,0.4631584703366072,0,1.9968669237946934,0.2833827233519348,0
5,120,29,9,5.070696411051194,0.0104432724979448,1,-0.4861956972564521,0.79760758188382,0
5,120,30,9,2.203483802561227,0.19057533957145573,0,-1.5545981114131309,0.3474629048214175,0
5,120,31,9,6.920701390454266,9.13597836846022e-5,1,3.2673482251951356,0.09613394160759442,0
5,120,32,9,8.741703610561352,8.243315268281395e-6,1,1.9885786256386422,0.24046203369462527,0
5,120,33,9,4.786853305058161,0.005312339732343781,1,-2.2140752984933556,0.17894836955224278,0
5,120,34,9,3.761568549373662,0.04794786667398356,1,1.4271196822841987,0.42431438342513106,0
5,120,35,9,6.706496977717563,4.95681826797234e-4,1,0.6197370849986699,0.7211813412457733,0
5,120,36,9,6.717333409746491,2.3193674952003067e-4,1,-1.8032995036993034,0.3484130324518948,0
5,120,37,9,4.516309411103028,0.014689346894526011,1,-1.0905152666048492,0.5514990819949483,0
5,120,38,9,3.541315485313649,0.04907468988694961,1,-0.199421737169826,0.9228829049583271,0
5,120,39,9,7.685780352967053,5.1041642447471905e-5,1,2.8846425293567313,0.13061861287918522,0
5,120,40,9,7.16079734237086,1.34717019480132e-4,1,2.7929836934183796,0.14685639381928234,0
5,120,41,9,2.5579258281388197,0.1809299893883334,0,1.6282078768646924,0.3403554428608705,0
5,120,42,9,7.565649555001989,2.744280621406671e-6,1,-1.0841764683378992,0.5505742034179958,0
5,120,43,9,2.8287762201735513,0.11986142681705247,0,2.676723283139944,0.096356807745841,0
5,120,44,9,1.0887897776031914,0.5439904268087945,0,-1.6026658354566279,0.3923940818028294,0
5,120,45,9,4.141885474934984,0.024617430849226463,1,1.021688597732165,0.5701821871713955,0
5,120,46,9,6.878776874267015,2.441725822593192e-4,1,0.4339347843489516,0.802106313837564,0
5,120,47,9,7.363012180450002,1.5687240413319188e-4,1,-2.1716072018839188,0.26177579141215396,0
5,120,48,9,6.611610499608437,4.425649637279805e-5,1,-0.695320638231059,0.712100279639209,0
5,120,49,9,3.317908849743677,0.06981744570703352,0,1.5220195862792938,0.3987170532575083,0
5,120,50,9,3.476875866112779,0.047179388457768985,1,-0.033566585083981554,0.9857818137826024,0
5,120,51,9,3.784521303844523,0.04152280375046701,1,-1.6780620484901039,0.31216432824900875,0
5,120,52,9,7.437702521009491,1.6874204090130897e-4,1,1.2990892985612028,0.47573935344144824,0
5,120,53,9,6.413305003086093,8.428670208566818e-5,1,-0.5570106858607864,0.7422703240697344,0
5,120,54,9,5.178880351019857,0.0013590717668926738,1,-1.318692695252208,0.45772552956991064,0
5,120,55,9,4.403631878151471,0.015541782423858938,1,-0.13940674881222115,0.9358587063251962,0
5,120,56,9,3.2531967380594264,0.07344246087796329,0,2.7195182470115586,0.1441098766871476,0
5,120,57,9,4.6734429063923635,0.014027675085761743,1,1.1136153994097295,0.541858252090264,0
5,120,58,9,3.2646678910447604,0.08889192139012235,0,-0.059014705038590604,0.9729283096309125,0
5,120,59,9,3.628043787265744,0.03388876149019257,1,1.722714466749163,0.3570888115047093,0
5,120,60,9,6.6137135785878245,7.697481828832679e-4,1,-0.45908054828960204,0.8138851158256943,0
5,120,61,9,5.628918932585179,0.002849535005664745,1,-0.33798189825797437,0.8607998732199972,0
5,120,62,9,5.18246759572541,0.006100188650083292,1,2.3932217593845952,0.19047930104047603,0
5,120,63,9,2.8307448283605834,0.1347720430940235,0,1.6544275317086827,0.32471941494261625,0
5,120,64,9,5.571743908229017,0.0015884182953462898,1,2.688940874693441,0.12681838630904685,0
5,120,65,9,4.375129328358624,0.0333554771287476,1,4.636475991885888,0.015184041950743639,1
5,120,66,9,7.173295205291927,1.0809885374145426e-4,1,-1.4626152750966976,0.35440222111398423,0
5,120,67,9,2.3738081999600116,0.24136130930598268,0,0.42912586025776417,0.8012939718616141,0
5,120,68,9,3.28955335728008,0.06396778947623112,0,0.024607517830313987,0.9896415414137538,0
5,120,69,9,5.04304402503544,0.012026184840944738,1,2.457509284081706,0.15753667558021284,0
5,120,70,9,2.970761212186055,0.12368690035128185,0,0.9787408706429457,0.5912277000765352,0
5,120,71,9,6.718632810967587,4.377590036032045e-4,1,-2.4839859725914426,0.18019814000117737,0
5,120,72,9,4.304995003328212,0.022819360564558726,1,-0.18190546935511187,0.9188611922925798,0
5,120,73,9,6.126342000597341,0.0011267442772391668,1,-0.3775548431103655,0.8339242648996341,0
5,120,74,9,4.758474485922836,0.006656470360921309,1,-2.2623239173807566,0.27124095183902464,0
5,120,75,9,5.350065674611449,0.0068428440970579015,1,-3.49058372350373,0.056736535494608206,0
5,120,76,9,2.03932180551768,0.2509011153650472,0,-1.342320121647025,0.4272312703053469,0
5,120,77,9,2.4659541503717213,0.19040283345698003,0,0.8426236548828757,0.6343254504392641,0
5,120,78,9,2.2426919157300813,0.23626444325067936,0,0.9905717787534327,0.6103840201090287,0
5,120,79,9,4.489855571954699,0.021345948318088344,1,-0.2521950359316854,0.8997817169678708,0
5,120,80,9,4.532933909107186,0.014823883346044025,1,2.2700508130558275,0.22078789645073718,0
5,120,81,9,8.089267956646117,1.8716642434005806e-5,1,0.6641996201489313,0.7060004276644943,0
5,120,82,9,5.332318652284717,0.004065299373347452,1,-0.994417730425723,0.6174245822106654,0
5,120,83,9,1.8294121551755205,0.3109401045317277,0,0.6508852853965177,0.7086557455042506,0
5,120,84,9,4.14315231873803,0.03391034254540293,1,1.0713498843738218,0.5708538352716879,0
5,120,85,9,5.118207303928026,0.013688735229700565,1,-0.5098070128538823,0.7531575178331016,0
5,120,86,9,6.2835780250903515,4.2813956986662564e-4,1,-1.7183985933748842,0.33471261418015263,0
5,120,87,9,2.008230674681149,0.28451733828580655,0,0.46734082336561533,0.798718137896766,0
5,120,88,9,4.900078472969477,0.00841229224618041,1,0.14177181614640208,0.9307184910643538,0
5,120,89,9,6.955341859600427,4.3989842934541516e-4,1,0.5618483327954614,0.7538931654225475,0
5,120,90,9,4.198988570544992,0.018498235838563876,1,-1.0772184762507007,0.6043766760063622,0
5,120,91,9,7.755763703406369,1.0148866752106915e-6,1,-1.179482303052487,0.49880959815304915,0
5,120,92,9,6.263478332955311,1.252611841554789e-4,1,1.7069232881564638,0.3784882600990057,0
5,120,93,9,8.578961692788845,2.482756630988362e-6,1,1.3867216415604073,0.43918706356965453,0
5,120,94,9,2.950302878274096,0.09134061296029587,0,5.423540615605894,0.003293472154232226,1
5,120,95,9,7.70985455985217,4.278484453893704e-5,1,2.625254912436783,0.14012719728371656,0
5,120,96,9,4.961094244841953,0.008854796770485432,1,1.8349820547370934,0.341763725659916,0
5,120,97,9,3.0248567357941734,0.07545507818717394,0,-3.584088602295827,0.035978395327097026,1
5,120,98,9,6.047354421290813,0.003986156966162687,1,5.588141670724516,0.0016540345165490253,1
5,120,99,9,3.2041659097851527,0.09935677838695817,0,-0.49222228814628527,0.7784066093002086,0
5,120,100,9,3.361115336336602,0.03598806725711911,1,0.772095060226473,0.6756171882845314,0
5,120,101,9,7.742078980306211,2.1136022632669982e-4,1,0.6722038678397033,0.7034428548965701,0
5,120,102,9,5.386764353477614,0.00881291624575637,1,0.4727926394538025,0.7935690769363747,0
5,120,103,9,5.875869725731562,0.0022502375040580965,1,0.15030416948361602,0.9300716137787449,0
5,120,104,9,3.9370924553061837,0.03437401007184879,1,2.452040228911395,0.17921898496427294,0
5,120,105,9,4.966467306242087,0.009331548190393429,1,-0.09836384871279856,0.957918885703873,0
5,120,106,9,7.309849745195949,3.3240055088726224e-5,1,-3.278971034659892,0.05715314625061929,0
5,120,107,9,8.196310686653877,2.7774134986158212e-6,1,-0.31692331345743846,0.8678601364144432,0
5,120,108,9,5.97601155151035,0.0011309860938237307,1,0.15965637086566992,0.9249013023241762,0
5,120,109,9,5.390028028370838,0.00471731172752386,1,1.7191556697114163,0.3149085317297666,0
5,120,110,9,3.745960437265868,0.06990391597060222,0,1.1331229167406107,0.5615113289160885,0
5,120,111,9,4.876936542848944,0.004561339757674781,1,0.6719762616397801,0.7068732648075073,0
5,120,112,9,3.8950339396582265,0.04038632521680556,1,1.9777698628310219,0.276896484767317,0
5,120,113,9,5.471708311635002,0.003114702382649552,1,-3.560019044762933,0.0407612049920706,1
5,120,114,9,4.856489547704686,0.011031748685278455,1,-2.534198036512209,0.17908390700179355,0
5,120,115,9,1.6161436944257936,0.37992635728594626,0,0.7602954550512366,0.6797032164597309,0
5,120,116,9,4.6318671079861735,0.010501809851188567,1,-1.2324150540727898,0.5455629402377861,0
5,120,117,9,3.707458820202239,0.050938253734038215,0,0.35435121004055475,0.8355164575842278,0
5,120,118,9,3.264202575609348,0.09314462057096737,0,-0.28921758343227216,0.8726833870999775,0
5,120,119,9,6.122730559417323,0.0016989966852822675,1,3.4617366572809862,0.07227854602493936,0
5,120,120,9,4.235278722697521,0.0378213649758831,1,0.9959342700036512,0.6121898628761306,0
5,120,121,9,4.663319801624952,0.009899325526439979,1,-2.2470571227478864,0.26307978698407963,0
5,120,122,9,7.176789573192445,2.171913610017009e-4,1,2.02626253515778,0.2639217980584494,0
5,120,123,9,5.046846834357243,0.015433638428960532,1,0.7582490189592169,0.6844508302769283,0
5,120,124,9,4.338180961735127,0.015361909770830018,1,2.848880337864992,0.10109109704050008,0
5,120,125,9,2.1192978818946284,0.23101407737371918,0,0.02600189135371646,0.9885250430008912,0
5,120,126,9,5.279776849593491,0.011241198968806185,1,2.308737411608791,0.2416002523637921,0
5,120,127,9,4.988563979008479,0.011964652101144807,1,0.2876547134582045,0.872681976640424,0
5,120,128,9,6.9536137820617006,9.732896726049173e-5,1,-3.441295655782155,0.08124028299919384,0
5,120,129,9,4.607043417044782,0.01472447859057901,1,3.1476392705225376,0.10189555377991887,0
5,120,130,9,3.2029683921299745,0.06187021825317335,0,-1.985337307648145,0.2167368348143595,0
5,120,131,9,8.47191863306651,1.6037783560935888e-5,1,0.8292028738993431,0.6691388303377543,0
5,120,132,9,8.344486547426836,2.877876101167784e-5,1,-1.5105450913503995,0.4021052433386697,0
5,120,133,9,6.815183722805835,3.601554249557295e-4,1,-0.3675939704943181,0.8559458429750443,0
5,120,134,9,5.047699792033849,0.006854001803889957,1,0.010034004223941117,0.9954844045637885,0
5,120,135,9,4.894688814178696,0.006989137262758403,1,-2.2282461417603687,0.23847424795997357,0
5,120,136,9,3.267204134230906,0.057432801949154975,0,1.0623557162232427,0.5584893315810797,0
5,120,137,9,3.1939679781918158,0.1064211392125846,0,0.22417838294367254,0.9005129121159684,0
5,120,138,9,7.363033763721316,7.014946618905899e-4,1,-0.3583430724437158,0.8596327112965874,0
5,120,139,9,5.762745173156054,0.0013386167273682743,1,1.852110872408975,0.28713305759529945,0
5,120,140,9,4.036758311635719,0.030421869766637317,1,1.8023377789849677,0.3222829398366991,0
5,120,141,9,5.716254700229491,0.0021717091924703075,1,-3.66854388503288,0.04444489703096412,1
5,120,142,9,4.348917647578061,0.0141179437660817,1,1.275590146806974,0.5054563267386369,0
5,120,143,9,5.976962944291477,0.0011215214388515563,1,-2.33930449366493,0.213789898384207,0
5,120,144,9,3.2993878892832362,0.0807572893320736,0,1.336039274569831,0.4710379581427917,0
5,120,145,9,4.113067720185711,0.01759977435156123,1,1.5893587050583309,0.37058917860852336,0
5,120,146,9,5.113198188240978,0.0016391281826711808,1,-0.6369614173979017,0.7159233998244359,0
5,120,147,9,9.414705975219444,1.5441593553590168e-6,1,-3.161062781757868,0.0425344355729282,1
5,120,148,9,4.831697267739818,0.007786443771900469,1,0.6925791858102711,0.6892623067473551,0
5,120,149,9,5.918607434007272,0.0018157282427433553,1,0.24352934749087113,0.9029182008548466,0
5,120,150,9,4.064299769418321,0.0336440725702757,1,-1.267503512201469,0.4998869203991604,0
5,120,151,9,4.832386858600927,0.0031485232201094782,1,-0.15022923395614515,0.9378234512984545,0
5,120,152,9,7.002112046356506,4.151205056236852e-4,1,-3.207709809128001,0.07581848720588116,0
5,120,153,9,6.052859114667657,0.003271390632919693,1,2.15110095161777,0.26986759251707526,0
5,120,154,9,4.410230766617706,0.02550746430840116,1,3.0399200877239916,0.11553513036891883,0
5,120,155,9,3.207935408322573,0.0793123403316,0,-1.9917652515848203,0.2958534977193368,0
5,120,156,9,6.669444611472163,0.0015011894674931366,1,-1.454467962172991,0.4398992709097628,0
5,120,157,9,4.852649343812432,0.0065915128988695065,1,-0.6056088084541791,0.7538444047406452,0
5,120,158,9,2.5116609007172968,0.17253308315610227,0,4.195808887178235,0.030340849897571746,1
5,120,159,9,2.870648819521993,0.1371532110823122,0,0.40038434832910685,0.8413355030971201,0
5,120,160,9,4.197952524077825,0.03155241856822178,1,-0.48280919717140447,0.8181390701982794,0
5,120,161,9,7.2714730345416,1.0236245333232229e-4,1,2.3588086008882345,0.1952724242795408,0
5,120,162,9,5.335079905231745,7.546437740936488e-4,1,-0.32413981646025464,0.8462871092315272,0
5,120,163,9,4.246195947370127,0.016102987158716334,1,0.026891109309391488,0.9877406546037494,0
5,120,164,9,3.114587433241508,0.0986168035049078,0,-2.9061310848840156,0.10173208710247768,0
5,120,165,9,3.588956889278769,0.035538512200140995,1,-1.0137631143196484,0.5695625653352157,0
5,120,166,9,6.122481089055794,0.002502094593738806,1,0.21934130201932994,0.9159810915909852,0
5,120,167,9,2.87422297559447,0.15749860793079254,0,-2.3507654810425525,0.191318584287319,0
5,120,168,9,4.024784023633492,0.01720775293767716,1,3.4814479212668394,0.04161831318459119,1
5,120,169,9,2.3520733653222217,0.16582641883797583,0,1.9206863642973424,0.25414680832960534,0
5,120,170,9,5.326255046134086,0.004182671439630709,1,-1.719802653512546,0.3286639557235175,0
5,120,171,9,4.599831060997866,0.0133581764490383,1,2.5359015673991627,0.21475125246544638,0
5,120,172,9,3.208597510964564,0.0972362045635681,0,1.7754447126837019,0.3456773130332411,0
5,120,173,9,2.655752839831621,0.16031679957187486,0,0.23554578634233928,0.9026510034025268,0
5,120,174,9,6.579816429707144,0.0014656033343188296,1,1.611818990530523,0.3619735487078132,0
5,120,175,9,4.2558080624858565,0.017671422019089826,1,0.25807745692215783,0.8879414977035689,0
5,120,176,9,1.2672155782870267,0.533291523196395,0,-0.9143553000258149,0.6094195624116949,0
5,120,177,9,3.8635578656746357,0.04066860181470125,1,-0.3300305459808361,0.8519004404385921,0
5,120,178,9,4.960101737735311,0.008477989799773357,1,2.667874561767373,0.15000768466160613,0
5,120,179,9,4.640415929503792,0.013588114671909342,1,-0.8766453783084752,0.6408146709017238,0
5,120,180,9,7.322395400865371,3.1085341358445866e-4,1,-2.0039374558647722,0.2775456460961487,0
5,120,181,9,4.805570171975326,0.012568454893265895,1,1.933623360324584,0.2626591725996027,0
5,120,182,9,6.151652824498734,0.0019362256514633433,1,-0.5177512826364329,0.7882728756566169,0
5,120,183,9,3.833252445908045,0.019413416869363962,1,-0.6193501638183649,0.7139647317007407,0
5,120,184,9,4.187791650365782,0.01770754018912257,1,3.019260289632894,0.10474508224971667,0
5,120,185,9,5.466443400916176,0.003010204681301567,1,-0.3214534203580272,0.871224544413598,0
5,120,186,9,5.339136563213511,0.00228630256591672,1,3.7422101625900432,0.055748446409514214,0
5,120,187,9,4.266587645209825,0.017496858374007638,1,0.2780740748656788,0.8782208386315151,0
5,120,188,9,3.3865584670155484,0.032804694386019344,1,0.6100441964242342,0.7463820738157648,0
5,120,189,9,6.891780405316423,5.556422065753039e-4,1,0.8546837641323652,0.5820439683834029,0
5,120,190,9,6.090030780125482,0.0021549086077866865,1,-1.9729956271775304,0.25325000524423424,0
5,120,191,9,4.348247676315123,0.024281017231929408,1,0.7509215517080459,0.7069092135879653,0
5,120,192,9,5.865142847954761,0.004511672810469269,1,-0.4817326666124395,0.7539518342410025,0
5,120,193,9,4.771379044063844,0.011659152446373017,1,-0.6792128731472031,0.6869942041175884,0
5,120,194,9,8.882859344833095,4.5025979759218165e-6,1,-0.9725660810373655,0.573490152387953,0
5,120,195,9,2.203234758358952,0.23472426505657806,0,-2.078648524782885,0.23127003561778128,0
5,120,196,9,6.4086590281736795,0.0014138448062476642,1,-1.714941911331166,0.39248695638577313,0
5,120,197,9,5.312685565401951,0.003742290230262046,1,0.7807771303160823,0.6520977866588413,0
5,120,198,9,6.310727896301351,3.6066705337169135e-4,1,1.4847728527652,0.3935895882635031,0
5,120,199,9,6.34962005336044,6.254014391718057e-4,1,3.353317085633751,0.049699223924617175,1
5,120,200,9,8.16677637962323,1.0514851009887416e-5,1,-2.1758208669687256,0.30915587633124914,0
5,120,201,9,4.539851422492528,0.013688906497577662,1,0.7320871575162758,0.6824856653263773,0
5,120,202,9,3.2533651195722886,0.0934927174269884,0,4.70691782977859,0.019735664052128142,1
5,120,203,9,5.650156809473141,0.0013609227218287314,1,0.7388366014676727,0.7099944572071288,0
5,120,204,9,2.5451437839991744,0.18979937823183143,0,-1.7154035642504055,0.35024160254423353,0
5,120,205,9,5.886550304030126,9.188981571476865e-4,1,0.3740685713891046,0.8265242446927751,0
5,120,206,9,8.855291807390907,5.150467266139754e-6,1,-0.18748748286535813,0.9161604042415108,0
5,120,207,9,4.097610679450214,0.035100175391676786,1,2.1382389860178073,0.24584366099352392,0
5,120,208,9,6.926958630001411,3.726009934062755e-5,1,1.1240853478176798,0.47032373048504583,0
5,120,209,9,2.302322325178495,0.20689569182993559,0,2.2284417092661273,0.2376953073948085,0
5,120,210,9,5.842224240135845,0.0011607952598083348,1,0.7429119412684676,0.6682455706158406,0
5,120,211,9,7.282497887975154,1.2044319832430849e-4,1,-1.0452786710144533,0.6163244199903678,0
5,120,212,9,2.929309546615158,0.06867554202741397,0,-1.7786497591938355,0.3265087093314626,0
5,120,213,9,4.886467852933781,0.012331656553289917,1,-0.5063392217991867,0.7925299756635436,0
5,120,214,9,3.0909462163745602,0.10465221294708361,0,-1.977892423785941,0.22379499386858262,0
5,120,215,9,4.426880658492676,0.01920411698751463,1,-1.5538011308319113,0.45198246641730444,0
5,120,216,9,5.329428128566703,0.002737389154578409,1,2.298378310825128,0.1556621179772023,0
5,120,217,9,3.8197632506118575,0.03651819882038238,1,-0.5832481343936012,0.7332874543469734,0
5,120,218,9,7.132088278534689,1.1729896487781461e-4,1,-2.9177088880107145,0.12418757997621896,0
5,120,219,9,2.7472016454302155,0.0843035105976057,0,-0.9753226765859276,0.6091441044017873,0
5,120,220,9,3.679571217080017,0.08038080051413785,0,-0.9285198941370667,0.6245288015574806,0
5,120,221,9,5.7612850477499205,0.004416501551881562,1,-1.3741960126935415,0.47289150179145445,0
5,120,222,9,9.793416972780111,1.2774962957526646e-6,1,0.6516146343282808,0.7168230455697724,0
5,120,223,9,5.53904980827353,0.0016658496856909646,1,-0.0190459171301675,0.9921103259721212,0
5,120,224,9,1.2250510637025895,0.5037769319021728,0,-2.521582108650271,0.21927038477539146,0
5,120,225,9,5.691144003501297,0.00421721981855277,1,-1.7896362546233433,0.3529152222667239,0
5,120,226,9,2.3417583076534725,0.18497631775068746,0,-1.3322044125835406,0.46670956151931664,0
5,120,227,9,4.86750895003494,0.006481596989675853,1,0.8056342630734378,0.6514702991769734,0
5,120,228,9,5.648384283450512,0.005520739541465188,1,1.8343309399888592,0.3235732485725732,0
5,120,229,9,3.8608613113416457,0.02974960599204542,1,-2.3978187333653147,0.16122611559026276,0
5,120,230,9,4.495196418364068,0.012420280089802244,1,-2.4609048336533608,0.1900261693464816,0
5,120,231,9,3.421516492171258,0.05599814965734086,0,-1.4708816771938593,0.43386257933628425,0
5,120,232,9,4.525985534797402,0.0209626211294484,1,-0.5484173689086076,0.7765960116781017,0
5,120,233,9,5.477706352748431,0.004186828847304749,1,0.904728772312293,0.6084547078999616,0
5,120,234,9,6.572802904884963,6.609944487481914e-4,1,-0.8855100164740836,0.6327759793354684,0
5,120,235,9,4.231776937736443,0.011380267039248554,1,1.3328883764104544,0.44581725834275643,0
5,120,236,9,3.4082720289217887,0.05480473142058255,0,-0.24578413641448313,0.8981329940759846,0
5,120,237,9,5.26283626994044,0.005871861945545028,1,2.1338111623707756,0.18140253677285528,0
5,120,238,9,1.315419359545221,0.49677818531390494,0,0.6171168283240772,0.7342424311141041,0
5,120,239,9,6.459680696595613,5.364372218373195e-4,1,-1.2176239738055736,0.4862127481320355,0
5,120,240,9,7.777962011551999,1.0788205199684178e-5,1,-0.06299366999364786,0.9725656049153897,0
5,120,241,9,6.404564926700118,8.8710723374344e-4,1,3.276751479790742,0.06768821616434616,0
5,120,242,9,5.770162090709989,0.0026373919971397564,1,-3.411258739590209,0.08097756725771203,0
5,120,243,9,8.048493507120785,1.1095989012156575e-4,1,0.17158243338978868,0.9212579770093907,0
5,120,244,9,4.738637796072441,0.011767858518864647,1,-2.1247631949977794,0.2372059971729492,0
5,120,245,9,5.241924395721123,0.002572084182640357,1,1.0208792239458626,0.6148576115409148,0
5,120,246,9,4.750530986264518,0.012981671398720415,1,3.145067924510839,0.08763861836977656,0
5,120,247,9,-0.02884133332213875,0.9879268194418024,0,-0.8233581896428382,0.652990319112657,0
5,120,248,9,5.869005800903981,0.0014900554014779352,1,-0.3340688436990252,0.8649629116384814,0
5,120,249,9,4.365537758361269,0.011586612246351614,1,2.374521296176116,0.21179920091271723,0
5,120,250,9,3.03429270529128,0.10531139764908455,0,-0.30509185789384446,0.87182280973677,0
5,120,251,10,4.27005401574181,0.02789730867217795,1,0.24040493859215037,0.8969798605002937,0
5,120,252,10,7.718701789404279,5.7991329631509616e-5,1,-1.8990033615517328,0.32044841123298134,0
5,120,253,10,2.4960530497019704,0.09463681535667919,0,1.647013387527595,0.3638049992819412,0
5,120,254,10,6.006581306282376,4.600235575656466e-4,1,1.8026767571697682,0.3150092357225569,0
5,120,255,10,3.751540458461454,0.03143405176372028,1,-1.7346134857835818,0.348332347949734,0
5,120,256,10,7.697507675498644,1.3187865906911713e-6,1,-0.03216075745625137,0.9857049767687482,0
5,120,257,10,4.879491506171082,0.019328922464128647,1,-1.576153470895413,0.362509280095038,0
5,120,258,10,5.2605234749880925,0.001379981781419997,1,1.2095617266123242,0.5001095597713929,0
5,120,259,10,4.547433720101952,0.014703238401459168,1,0.408954994270993,0.8279192921730678,0
5,120,260,10,7.695036212752584,2.140706664821894e-5,1,-1.3972391954333467,0.4590150440756413,0
5,120,261,10,7.108258411439383,1.1783231369462809e-4,1,1.159560949080647,0.4795447812244408,0
5,120,262,10,4.772379730493697,0.007245827241718938,1,1.4526314045727442,0.48991386025603234,0
5,120,263,10,4.610542373516329,0.0056987180739310524,1,-1.6593521763610617,0.35487177375258994,0
5,120,264,10,1.8330995104386356,0.3598674760241135,0,-0.4074646332596104,0.8282103451665532,0
5,120,265,10,5.2475832114075835,0.003786544804795618,1,1.3217957450620481,0.37833816227095407,0
5,120,266,10,6.277614795520696,2.5625207181425544e-4,1,-0.815988982078797,0.6800553918088106,0
5,120,267,10,5.822308291541301,0.00212333043396149,1,0.8920179994880223,0.661314238791811,0
5,120,268,10,7.021267146319965,3.317618388904189e-4,1,2.056878865606404,0.2585669516344801,0
5,120,269,10,5.826751296123615,0.0024291653662208046,1,-0.6375113857795237,0.7189999277766117,0
5,120,270,10,5.715584482706189,0.0028548873375859657,1,-0.2309912049220127,0.8989013985201544,0
5,120,271,10,9.142169364739567,1.0200056361478341e-5,1,2.0141911693462573,0.28984735617424645,0
5,120,272,10,4.600117448393822,0.012139818945902181,1,0.3792004690660817,0.8442623993147765,0
5,120,273,10,4.711532247030102,0.007439473121539391,1,-1.437484025689214,0.4356873305791843,0
5,120,274,10,6.4145929434987865,1.0089576422135563e-4,1,4.759011122346471,0.013743758406909683,1
5,120,275,10,3.9429716109928363,0.05765330359288186,0,0.8940729438975942,0.6246461724588586,0
5,120,276,10,3.3556076305276634,0.09192261476466916,0,-0.36799006484265817,0.8467020253927895,0
5,120,277,10,5.013025189263417,0.004054792573943497,1,0.8484514230642757,0.6534196164584973,0
5,120,278,10,4.791399670969508,0.006600499548751902,1,2.4945107916484663,0.2412473850629938,0
5,120,279,10,3.5498710175234454,0.04836033111652463,1,-4.060134891402519,0.03244522437948013,1
5,120,280,10,4.661341562931502,0.005860871929060194,1,0.14779413035178354,0.9311294541536601,0
5,120,281,10,2.1120979388537235,0.20317541012858037,0,2.964292961967589,0.10989200374822623,0
5,120,282,10,7.03875510979281,3.081044953859612e-4,1,-1.4951944054104693,0.4123821912194594,0
5,120,283,10,5.14101931497588,0.004549983892939765,1,0.3156419757962116,0.8471236517796176,0
5,120,284,10,3.2696100224116837,0.094242580627664,0,-3.347226011933867,0.0893892755269948,0
5,120,285,10,1.4733289465705381,0.4412351880394225,0,1.666545846315999,0.293524587730119,0
5,120,286,10,4.600653229346374,0.016285188450940454,1,-3.886639288956195,0.05528618247453368,0
5,120,287,10,3.5738714072671702,0.06381806451955316,0,0.7704588512332184,0.6794162849404897,0
5,120,288,10,5.105829341247517,0.009883729309837974,1,-3.5885895977422275,0.047913880172591655,1
5,120,289,10,3.4048419969669235,0.07620296704666811,0,2.1239361449368146,0.22623148275431995,0
5,120,290,10,5.244762566535097,0.008495983032085378,1,-0.6971060661817557,0.7061125987803538,0
5,120,291,10,4.880433792480398,0.004493265142369295,1,-1.7380149823801778,0.3328244552728149,0
5,120,292,10,-0.7664050057889643,0.6709404514648594,0,2.874481332622844,0.12054827521843918,0
5,120,293,10,3.3003963370121636,0.09323748080755336,0,1.6436935328399669,0.30868911649708164,0
5,120,294,10,7.612459079875841,1.130067393439937e-4,1,1.2039914399222724,0.48604685778439605,0
5,120,295,10,3.759691194641488,0.05756073570359742,0,0.0585645952758344,0.9755527779601681,0
5,120,296,10,8.21057797304703,1.8424881613690568e-5,1,4.305369898489928,0.025160462919695308,1
5,120,297,10,4.850106192018307,0.005988046672847849,1,-2.508772223489952,0.15676055147833906,0
5,120,298,10,6.1675057827465976,0.0015301940649130325,1,3.2716584464999974,0.10264774761947859,0
5,120,299,10,5.096734868155969,0.013208912843801364,1,1.9500045518494913,0.277363256352333,0
5,120,300,10,5.648755783305381,0.0016260045334639292,1,-0.38601085762718124,0.8391340147820527,0
5,120,301,10,3.008652932936993,0.11578238184756119,0,1.42542695611016,0.43166941676741855,0
5,120,302,10,3.844684223118872,0.04726229489990197,1,0.8202356328927787,0.6729608742816605,0
5,120,303,10,8.007339060093278,1.0886074068433841e-5,1,-1.4250792340945238,0.47743659923703186,0
5,120,304,10,6.749903346331198,2.700319480699098e-4,1,1.4196553090761321,0.4510963117422985,0
5,120,305,10,7.143631701566356,2.2424027006951824e-4,1,1.7687396592954425,0.38290918572057187,0
5,120,306,10,4.258652921036009,0.01853823933827687,1,-0.702570580326632,0.6854205507882348,0
5,120,307,10,1.6173493877573997,0.37472512105438494,0,0.5133524735444788,0.7799178324717324,0
5,120,308,10,8.380922755901373,6.23284434320627e-6,1,2.5785791502864663,0.14036001931463976,0
5,120,309,10,10.434193489377728,1.2375115346968563e-8,1,-2.5260719979700146,0.1493948282498868,0
5,120,310,10,5.776651101467205,0.0011530537394998548,1,0.5902628895675228,0.7384101634899775,0
5,120,311,10,3.4306095117165767,0.05515591837844874,0,-3.5799557681627956,0.03631686332448793,1
5,120,312,10,5.122061866642648,0.004549379230973591,1,2.0468939456333475,0.2558310689200762,0
5,120,313,10,3.5191108551714074,0.07837235251914051,0,-1.4855238895222027,0.3832626191756592,0
5,120,314,10,7.457035533479612,1.6233349505938604e-5,1,2.8459522579973537,0.08188171453507105,0
5,120,315,10,6.15252629783108,1.4706431585667542e-4,1,1.9548390169666072,0.31903170693031163,0
5,120,316,10,3.362263274746484,0.055266238051053,0,-1.034159204779556,0.5976123587511077,0
5,120,317,10,5.911997957096035,0.0013611608750119819,1,0.8480461643637619,0.6934310101064753,0
5,120,318,10,8.028749146394862,5.028247479639695e-5,1,-1.4442952156693718,0.4097316942046202,0
5,120,319,10,1.1500541252022325,0.48197381180320165,0,0.01876244354891948,0.991806385437079,0
5,120,320,10,5.79372123764963,0.0013369887841476085,1,-0.5606351558839704,0.7264324863949838,0
5,120,321,10,5.8786146941029465,0.0024954754808930385,1,-0.2932238541162568,0.8798441387587024,0
5,120,322,10,5.638406187611404,3.6835193595786487e-4,1,-1.2896576927215866,0.482942154996962,0
5,120,323,10,5.092492989141825,0.003568744989459761,1,-1.3280238951568528,0.4393341522008929,0
5,120,324,10,6.064178652246362,0.0023561756115349046,1,0.6952979496494375,0.729943222918509,0
5,120,325,10,4.792534378184468,0.014018165633198184,1,-3.9077247935515906,0.041479925556607074,1
5,120,326,10,3.3510739887942553,0.06416825843859786,0,1.685976063605908,0.34552657507371587,0
5,120,327,10,1.5633935512642323,0.42368189877357354,0,-1.7586067867556183,0.29461257496086135,0
5,120,328,10,2.4273216004516214,0.1647039789973493,0,-2.7772594146686935,0.09115695870862196,0
5,120,329,10,4.684140485202805,0.008556530030084523,1,1.7236143917433078,0.38266397700357746,0
5,120,330,10,4.896743662608552,0.00480849400465404,1,-1.548886294500717,0.3809783952231507,0
5,120,331,10,6.450734782093122,1.1485732863608367e-4,1,-1.6362059818268293,0.4087245608761433,0
5,120,332,10,3.2802091025429543,0.0647080935525084,0,1.3272779339190308,0.46998472655850076,0
5,120,333,10,5.143331265307148,0.0061783439230264706,1,1.1668881052176399,0.5207637123437028,0
5,120,334,10,0.15346406889735528,0.9321342986697958,0,1.0979177212848694,0.5839825218713308,0
5,120,335,10,4.5897143876645226,0.008322031871064414,1,0.7189628665039448,0.7268897071564266,0
5,120,336,10,4.952125964179571,0.005746529575798905,1,1.9309267661214948,0.2965282242046259,0
5,120,337,10,7.8447298324962,4.257934485859287e-6,1,0.7014779056894176,0.6860888593979675,0
5,120,338,10,7.011131253340778,1.6352855157902708e-4,1,-1.7333599284905923,0.3445953945006571,0
5,120,339,10,7.700685530024021,4.970673753599304e-5,1,-1.2718578345429177,0.4208009039763243,0
5,120,340,10,6.604144639332299,3.752749732681868e-4,1,1.6221932272921629,0.36988048977812626,0
5,120,341,10,4.2714535671973985,0.01926041536398284,1,-2.9979565902914387,0.09865751480407119,0
5,120,342,10,5.311252030735023,0.006737792750339001,1,5.008986143494891,0.010634762319206022,1
5,120,343,10,7.985113563258771,1.088420739068334e-5,1,-2.0464966371269866,0.2682219799409,0
5,120,344,10,6.261025858446219,0.0012269487864001727,1,0.8463849409111915,0.6600234913309178,0
5,120,345,10,5.812062141237091,7.661034175274894e-4,1,0.015582978042282552,0.9929126287472301,0
5,120,346,10,8.460021201132744,4.6583592311900625e-6,1,-1.0361529481184917,0.5457312997334898,0
5,120,347,10,3.5177234536310897,0.04727631599879887,1,0.8365398100151793,0.6080024619051942,0
5,120,348,10,6.058742974740614,0.002685435253139407,1,0.9681284320235645,0.5808071919769318,0
5,120,349,10,7.994732329220298,8.069963695710728e-5,1,-0.32925760182927866,0.8624131981252569,0
5,120,350,10,4.033474676523459,0.04112083211002028,1,-4.73554214527727,0.016915307533640823,1
5,120,351,10,7.485364231513741,1.2465631327539714e-4,1,-1.8601986974022384,0.32633504836827365,0
5,120,352,10,6.731502651793084,7.273944792719286e-4,1,0.7741157334900918,0.6717332006909598,0
5,120,353,10,5.690864234757107,0.001772781046960912,1,0.48282874012085275,0.805699660769947,0
5,120,354,10,3.156541228486061,0.08970220983480302,0,0.34953354105325496,0.8597237714818179,0
5,120,355,10,5.2553495939401484,0.0018023164641160767,1,-1.7462341924816918,0.3230141134104111,0
5,120,356,10,7.427477901303386,5.5739042445592034e-5,1,-0.14141834468158657,0.9437303934656206,0
5,120,357,10,4.452317075206896,0.024276711499483676,1,-1.321474108310407,0.48282136959798927,0
5,120,358,10,4.735381512966537,0.010123325337545737,1,-1.1687005725041588,0.49566280179553013,0
5,120,359,10,1.4098762703690677,0.4082114643134438,0,2.4701176067529773,0.13967332301537053,0
5,120,360,10,4.02376226920235,0.021930143301298645,1,3.658491122968874,0.05698461440047916,0
5,120,361,10,4.601878531281431,0.013476267317759017,1,-1.0255419545702673,0.5705727456348729,0
5,120,362,10,1.1267655118795572,0.5594324568779874,0,-2.572351609235455,0.10127692404844128,0
5,120,363,10,5.082820988351943,0.005899028291204236,1,1.5052670594697501,0.443854310252611,0
5,120,364,10,1.6816327418078796,0.31006311809834364,0,-1.428069103339939,0.46822009813315413,0
5,120,365,10,3.114633135887022,0.038224297067091156,1,0.9894370596593612,0.6033909821000863,0
5,120,366,10,2.0529231676634745,0.32746123818328354,0,0.8544053948234581,0.6165814117700964,0
5,120,367,10,5.203396606472347,0.01416919403704528,1,0.7772074075826255,0.7076152064590979,0
5,120,368,10,5.914626778287682,9.010949878516643e-4,1,0.053978160594992185,0.9756057399137166,0
5,120,369,10,6.342561454167071,0.0012494359961325453,1,0.2737992396850354,0.89034180067245,0
5,120,370,10,8.780415358896859,2.6014050973002727e-6,1,-1.3496911149988624,0.4223494537547483,0
5,120,371,10,8.049642653692679,1.4296665933209814e-5,1,-0.5543348993194241,0.7611834546081971,0
5,120,372,10,6.9241298724144045,2.2798943621142877e-4,1,-1.2704667658792954,0.49857225861034793,0
5,120,373,10,2.674294548059771,0.16397838590391484,0,-1.33477983508333,0.4268024907218836,0
5,120,374,10,3.248277161134588,0.058644403383119756,0,-0.12193663571646131,0.9453245772294661,0
5,120,375,10,3.5517579820507943,0.03336199386205292,1,-3.220619296727449,0.11013367962046376,0
5,120,376,10,3.714991609270984,0.0407134880558399,1,-1.7844654588472353,0.3070986924088352,0
5,120,377,10,3.9536237176539517,0.03172286538417981,1,-0.6400053176475474,0.7066300858310214,0
5,120,378,10,7.483961947031661,1.6852551906359594e-4,1,3.6730452287058766,0.03659132707580489,1
5,120,379,10,2.1557059369291895,0.28816130538653406,0,1.6692338725333355,0.38167961838026976,0
5,120,380,10,5.81187433484859,0.0014168975587048709,1,-1.4965215552970341,0.42453662771414724,0
5,120,381,10,2.9525130767568792,0.10982931051290093,0,0.36855744002881435,0.8628607469003419,0
5,120,382,10,6.083617320464251,4.6253121271127933e-4,1,2.941968340600302,0.0919033180436571,0
5,120,383,10,3.889430550055053,0.033334905612478316,1,1.4636339659230886,0.4233431874101611,0
5,120,384,10,5.415794688511674,0.0030057315059550545,1,-0.04410873728833833,0.9795870470750602,0
5,120,385,10,1.8513244482334006,0.31835657293276204,0,1.335890371868993,0.48276510385978166,0
5,120,386,10,5.589990346999893,0.002944386032224053,1,-0.106313766451499,0.9528822764824313,0
5,120,387,10,5.076350492703819,0.018013919364903746,1,-0.49431639757776835,0.8086991318871173,0
5,120,388,10,3.7183327912834407,0.030764297541198277,1,-0.6465635676829917,0.7129881657580078,0
5,120,389,10,7.070187243997637,0.0010397494050485296,1,-2.2193839619074547,0.18335413270940681,0
5,120,390,10,2.9310553350159028,0.12658144313242542,0,0.6279444254276703,0.7282339797058699,0
5,120,391,10,2.6872532290854623,0.16575970804797147,0,3.3294824886005427,0.07742272603266238,0
5,120,392,10,5.0823941212155415,0.006113026966523084,1,2.740192764886275,0.14876023229802038,0
5,120,393,10,6.386958037405318,2.9492682737063103e-4,1,-1.146516265019769,0.5212354157559804,0
5,120,394,10,6.080310119621236,7.478249881263195e-4,1,-0.17638854739742033,0.9276170630464202,0
5,120,395,10,8.500545514743047,3.5521016783623686e-5,1,1.5086614507374454,0.4342272411735584,0
5,120,396,10,4.248902039152127,0.02376018528931665,1,-0.986905781809417,0.5711984776750894,0
5,120,397,10,6.35492204857454,3.714039089001908e-4,1,2.6324472196541917,0.1767114859040545,0
5,120,398,10,4.803213678622986,0.012158131084992068,1,3.3805323408123296,0.06937785625200672,0
5,120,399,10,2.832115113548985,0.07667845758124336,0,-2.274309521669998,0.24671307765351014,0
5,120,400,10,2.757989746754955,0.10873645087071425,0,-2.6795040815966855,0.12412675169475818,0
5,120,401,10,5.269608136413078,0.005010732464789269,1,0.4220316505887216,0.8306042984282569,0
5,120,402,10,3.222892343307426,0.07831459518494487,0,-1.9201029178792708,0.3170119576223905,0
5,120,403,10,7.468708983169427,1.0968231359675956e-4,1,3.091282029283719,0.08228322135919208,0
5,120,404,10,5.08774292205147,0.007075678541148046,1,-2.759993183513243,0.10819240131446715,0
5,120,405,10,2.682285635945794,0.17407250638524988,0,3.0418589589977096,0.10461977332403281,0
5,120,406,10,7.467613007976426,1.1207217439640012e-4,1,0.05249160243643203,0.9783025390484725,0
5,120,407,10,6.883287948633699,1.8143132164276756e-4,1,1.5344780386477002,0.41792489866662785,0
5,120,408,10,4.180486044920494,0.015643540763858977,1,2.6169002315037044,0.1385293021110633,0
5,120,409,10,3.8317810943484893,0.02754312838401256,1,0.6175008784761096,0.7564348282692617,0
5,120,410,10,2.977590172246924,0.13054649905682342,0,0.647419103938901,0.7239267556152928,0
5,120,411,10,2.5256372278263295,0.18563946942418816,0,-0.9097936339248964,0.584309957959408,0
5,120,412,10,6.097273820311257,8.46218074394834e-4,1,2.908156511088606,0.10299284246557203,0
5,120,413,10,8.466981796452075,2.0857819843075325e-6,1,2.7462120299595436,0.14985379661589132,0
5,120,414,10,5.171344772302314,0.0040604932037612024,1,-0.37079543434588286,0.8508606565814991,0
5,120,415,10,7.867502991463349,2.6335832358697334e-6,1,-2.275751004411905,0.22431371417803506,0
5,120,416,10,3.3673560050915814,0.05108479917337016,0,-2.649381223307831,0.2005277383225623,0
5,120,417,10,6.75330274325762,0.00156451341648364,1,-1.0305764074869184,0.5619590467929698,0
5,120,418,10,2.9758563623559784,0.11439786555627976,0,0.01636865073870285,0.9931891377185937,0
5,120,419,10,6.600343131791921,1.305062462443058e-4,1,2.0151131034495027,0.26605784488432516,0
5,120,420,10,4.670789243583539,0.012244965604703225,1,-3.3084557468641282,0.08136992812647684,0
5,120,421,10,3.016313829058075,0.07078013404472075,0,0.09975474999247665,0.9538145474753801,0
5,120,422,10,4.405291024492502,0.017678766753258492,1,-1.3027630256618663,0.4806260501718551,0
5,120,423,10,2.03275705857867,0.24175424809044438,0,0.8879215302126613,0.6169092218666695,0
5,120,424,10,8.434323037351488,1.6246744833518566e-6,1,2.0358188037732643,0.2692124469048879,0
5,120,425,10,3.0018910692044014,0.06537080062675961,0,0.8874521559843257,0.6027939561909113,0
5,120,426,10,6.632625986752191,1.1382023481090336e-4,1,1.1741156282184275,0.5432874893680586,0
5,120,427,10,3.704139346938386,0.05702040325526251,0,0.20441779318078374,0.9103202125578749,0
5,120,428,10,1.7221325950738062,0.3418505356830208,0,-0.7607582489063925,0.6578292296264733,0
5,120,429,10,5.4243040763186245,0.005763276305100947,1,-1.5292858124181503,0.4134364584109296,0
5,120,430,10,2.110621234178899,0.2383851222301696,0,-0.36554957628238477,0.8277240794256531,0
5,120,431,10,6.012591616398379,0.0013018054462551778,1,-0.16272955377628315,0.9262590526573948,0
5,120,432,10,3.8734677485180717,0.040895248107703085,1,-0.39154330673602744,0.831433907461325,0
5,120,433,10,4.6137995712578075,0.008601281590582271,1,-0.03258311757171325,0.9866482862625916,0
5,120,434,10,6.866030828299856,3.773905085953341e-4,1,0.2011196737276539,0.9011742271394065,0
5,120,435,10,6.911028000672224,8.769309983315998e-4,1,-2.2431537715398497,0.22482599163711367,0
5,120,436,10,2.934920740289269,0.08440380145678796,0,-2.3603810033247292,0.20100984411685688,0
5,120,437,10,6.736256786512711,5.060244769261799e-4,1,-1.7919181006635705,0.2587109200824928,0
5,120,438,10,4.774761978615458,0.01370155504081034,1,1.5456378722746775,0.4220087876697872,0
5,120,439,10,4.170984050877421,0.04183168734287754,1,-1.8150869241718077,0.324596939424592,0
5,120,440,10,1.9380640152644464,0.2875252238028835,0,0.27045685228372157,0.8901447068600061,0
5,120,441,10,3.3248659696951,0.045341138948814884,1,-1.483371968391735,0.3975135196324504,0
5,120,442,10,5.8032294326869005,4.0313662520614734e-4,1,-0.15711134205438565,0.9262104445952514,0
5,120,443,10,6.905458159724161,8.452674089428594e-5,1,-0.2577441764493908,0.902961872638175,0
5,120,444,10,4.1208302889386275,0.011138401620619673,1,-3.3212984556099276,0.04400968612970222,1
5,120,445,10,6.285132079740337,0.0016393213458297975,1,0.8013966659267244,0.6666710090739791,0
5,120,446,10,4.449251155994334,0.01910016121360358,1,0.33136117399376297,0.8648998687865366,0
5,120,447,10,8.101626765120384,7.86790885768533e-5,1,-0.99609781831509,0.5743909940636354,0
5,120,448,10,6.302928188329072,0.002147355145171757,1,1.3683094241417564,0.43754026912743726,0
5,120,449,10,2.4176199956277085,0.19128126124794892,0,-0.3290760513043735,0.8452349543394443,0
5,120,450,10,8.651986629075314,5.308130437366369e-5,1,1.8762755337582004,0.23144317205740658,0
5,120,451,10,7.433423633853099,2.3841511017150794e-4,1,-0.9459311765951357,0.5857434133217421,0
5,120,452,10,4.979129389179674,0.011830247356113493,1,0.0760166667207921,0.9637780889579144,0
5,120,453,10,-1.445740415152339,0.4192791512596883,0,0.9219515482072799,0.6252683611574998,0
5,120,454,10,8.064800073531917,4.4145136726279914e-5,1,-0.45727899174339326,0.7928910179200617,0
5,120,455,10,4.2535006931693,0.012424120220721674,1,-1.669677617622249,0.3449925699982116,0
5,120,456,10,4.487117471506244,0.017529877170395797,1,1.0096517436889305,0.5593964954164243,0
5,120,457,10,9.338722457475011,5.722151193010188e-6,1,-0.33336456081831184,0.859936132212997,0
5,120,458,10,6.613163819450406,5.452610953585416e-4,1,-1.2754836810923,0.5100065888125441,0
5,120,459,10,3.02286000786877,0.08666258313349666,0,-3.322557760822723,0.07785525092254585,0
5,120,460,10,4.845294481899912,0.011194839000692092,1,0.16381109838817515,0.930081670291091,0
5,120,461,10,4.615956262847503,0.008537313132519252,1,-2.5562733292391453,0.1657312042347272,0
5,120,462,10,5.125445585810301,0.00647089408610468,1,-0.5890543185585372,0.7489205183663179,0
5,120,463,10,6.112061611336152,9.075492315897206e-4,1,-0.2562919686995534,0.8985613381136668,0
5,120,464,10,2.24025205736006,0.22011574084547364,0,1.8446837626483046,0.34847591005131073,0
5,120,465,10,5.885329542399116,0.002403161842348094,1,-2.0063535493079643,0.2577614141029365,0
5,120,466,10,3.435441807246452,0.07556827816067303,0,0.3832501863517446,0.8338342705325484,0
5,120,467,10,8.647530242134454,3.777213040286381e-6,1,-2.4974223127981827,0.1685962852221909,0
5,120,468,10,5.086699415919151,0.005307356481009379,1,1.8205393188580357,0.3105168970709541,0
5,120,469,10,4.552395565309168,0.007753938015531521,1,1.585051040493223,0.3047301902837141,0
5,120,470,10,6.097311261394618,8.142960857362977e-4,1,-0.7868238137889888,0.6819103061786711,0
5,120,471,10,5.524977109337576,0.002521554409821769,1,0.9255503165478741,0.5874620177126626,0
5,120,472,10,1.7934050524891807,0.3315104544943779,0,-1.0159020936689886,0.5548947924681349,0
5,120,473,10,2.467789186021197,0.1730179367111077,0,0.9521480163211202,0.5735985979352044,0
5,120,474,10,7.6268626846066985,4.050660035617437e-4,1,0.2813125702846236,0.8620698084304168,0
5,120,475,10,6.633520486167276,2.3010636312875934e-4,1,1.9371245266515744,0.27087481474945113,0
5,120,476,10,4.314700814541816,0.023105952445192115,1,-1.584513445253853,0.3865752613083594,0
5,120,477,10,4.230318748739034,0.04123200826881092,1,0.3365775330046013,0.862847026474673,0
5,120,478,10,5.683963501969428,0.005079280601656707,1,0.6622708424669174,0.7124456312831349,0
5,120,479,10,4.640636937798234,0.009379033771570348,1,-0.8955024316755548,0.6338472546547962,0
5,120,480,10,4.880982578833115,0.010929575189911448,1,2.9810437959787706,0.08662353894016939,0
5,120,481,10,5.165370681820651,0.002891910667538152,1,-0.5690303548502119,0.7713902046239117,0
5,120,482,10,4.371388592685145,0.01940778700563045,1,-1.7695189498310013,0.32721612650586085,0
5,120,483,10,-0.20540376379893344,0.9024336650015914,0,3.3258066849833665,0.08503448816066142,0
5,120,484,10,5.496757575958059,0.0014774627062447113,1,0.33380394312759476,0.8684228964723986,0
5,120,485,10,6.927097729327715,3.982337145056116e-5,1,0.9420556097045357,0.5584110318457292,0
5,120,486,10,8.75458508924639,3.1201650527446682e-6,1,0.17933285425693563,0.9188358467978466,0
5,120,487,10,6.936014772022646,2.9798445968138275e-4,1,1.314266838790464,0.43759799218847284,0
5,120,488,10,9.31950906886712,3.531232732585563e-6,1,0.6525162613408988,0.7015983880801737,0
5,120,489,10,4.699132299403753,0.01790705460390445,1,-0.13641798082780596,0.9435948732199562,0
5,120,490,10,6.45849344916522,0.0011343620699000502,1,0.7261066714169746,0.6538184194590735,0
5,120,491,10,7.33543548593931,7.070828172420064e-5,1,-0.20013892355190788,0.9182995710773711,0
5,120,492,10,5.767354703970962,0.0021147197331841602,1,0.5104402228641022,0.7714738145483869,0
5,120,493,10,5.922452506399272,0.004175805785435182,1,3.3457281937778705,0.058787297418659665,0
5,120,494,10,4.787099966868397,0.011835312014030848,1,0.4744439770563856,0.7882438560096383,0
5,120,495,10,6.4293158666838535,7.048304444639141e-4,1,-1.4117432458844454,0.45581557989097155,0
5,120,496,10,4.073156252720161,0.027543734576302055,1,0.9908538148471211,0.5910357716028326,0
5,120,497,10,2.5259767978371035,0.15844652738646642,0,3.922959515126527,0.04670268805268489,1
5,120,498,10,3.9859868293158702,0.01506683681440605,1,-1.3691793515871193,0.44826409746072404,0
5,120,499,10,5.459337481134688,0.003133579972671976,1,0.8365783558875479,0.635611524084728,0
5,120,500,10,6.741050347221293,7.945995771329812e-4,1,0.7997306550330957,0.6179728574764478,0
5,120,501,11,7.473627441106717,4.564112692765711e-5,1,0.8067255775625012,0.6178139446576012,0
5,120,502,11,3.7661066677248916,0.042810753793451055,1,-6.324203222190163,1.9109153445852223e-4,1
5,120,503,11,4.378043216931865,0.018867287497035715,1,-1.1627109091001921,0.5406072445312984,0
5,120,504,11,3.800002017350006,0.037785382769804456,1,4.017080592893909,0.03826569239691942,1
5,120,505,11,3.075949915356319,0.12256319739498689,0,1.7293551773721754,0.33380570569455803,0
5,120,506,11,3.0306375007977007,0.09430676574662393,0,1.1073137531262272,0.5758827618904292,0
5,120,507,11,5.1528072400040035,0.008901249877360821,1,-1.7034901973727181,0.40731766392713187,0
5,120,508,11,5.376255834126037,0.004136711545137763,1,0.6255840074392224,0.752048994304684,0
5,120,509,11,5.625772740446261,0.006157975761611943,1,1.1400296043938984,0.5567982105306439,0
5,120,510,11,3.2681323121981105,0.08689828893799585,0,-0.0806221935591647,0.9638535251265254,0
5,120,511,11,5.762283805081839,0.00337957003022853,1,-1.5891377512053835,0.39221594758104716,0
5,120,512,11,4.0920340861281,0.03400250522950635,1,3.315325109564605,0.07202985845985915,0
5,120,513,11,5.509739126592463,0.004334335930129199,1,-0.21080837813111816,0.8945465298828394,0
5,120,514,11,4.305830496487927,0.02883631845303365,1,2.1406328784681583,0.22066409694878109,0
5,120,515,11,2.0876719805548136,0.31958008746148886,0,1.065417525545967,0.539252309925595,0
5,120,516,11,6.322374786491544,5.105848556003964e-4,1,0.6633812102245658,0.6926591785427356,0
5,120,517,11,4.861781650343427,0.013297856821624663,1,0.9887107474953473,0.5945675006568398,0
5,120,518,11,6.332542343854226,6.908134453443729e-4,1,4.978953816966069,0.010481554863952336,1
5,120,519,11,5.906018807596479,0.0017762603966076501,1,-0.91202463666215,0.6213234434144435,0
5,120,520,11,4.488893768505697,0.017621167448688,1,3.0767532335045975,0.10808921109499108,0
5,120,521,11,5.826302013436539,0.00407466142719941,1,0.7414672034286086,0.7017014809223254,0
5,120,522,11,6.610982903899793,8.362295190824862e-5,1,0.7503323727220225,0.7085265109150727,0
5,120,523,11,4.006784362048455,0.03582748845631548,1,0.846128405165864,0.6347867063201262,0
5,120,524,11,4.273898948693554,0.018862888145891113,1,1.5603710869810992,0.41407340280133675,0
5,120,525,11,5.892645979677023,0.0016347592419024071,1,-3.961521041428309,0.04994848633572244,1
5,120,526,11,8.883644670503935,3.351244213722499e-5,1,-1.459023938490631,0.36254581798822916,0
5,120,527,11,4.495524031564111,0.015822526741406988,1,0.11339628822844315,0.9451507429944077,0
5,120,528,11,5.194294496112055,0.012180874958001521,1,-1.582685730213464,0.3876973916263352,0
5,120,529,11,5.2134717736840965,0.0035170968822370178,1,-2.710988986606231,0.17199000681128773,0
5,120,530,11,3.4858134051536402,0.04933038139223784,1,-1.8235780935505053,0.3156092528921664,0
5,120,531,11,5.634887640931373,0.005730065024532648,1,1.5460239424025624,0.4175445243716993,0
5,120,532,11,7.456270503429918,6.920782200523463e-5,1,-2.070589004369984,0.213641538611866,0
5,120,533,11,8.656927593347552,2.0961069725097865e-5,1,-1.155405669094348,0.5285915788632709,0
5,120,534,11,4.301100120642446,0.02677022103831528,1,1.86963457553064,0.27966170531103574,0
5,120,535,11,1.1985510590183723,0.5292134713199088,0,2.8868591790086344,0.10798261457825634,0
5,120,536,11,2.9909116252062002,0.12167896562753487,0,-0.039096410655151743,0.9807290473846577,0
5,120,537,11,7.032966284513651,1.211770863205736e-4,1,-0.9757769253046191,0.515612004457058,0
5,120,538,11,0.9326770211053299,0.586925133748462,0,1.0333261508052378,0.580166722393895,0
5,120,539,11,5.288991652777917,0.005892973379306455,1,-0.41591078653036767,0.8162464629878782,0
5,120,540,11,4.023724847312252,0.02555304853788282,1,1.1681825735807239,0.5450356902857421,0
5,120,541,11,7.041167741413975,8.544506958355808e-5,1,0.797204852560844,0.662676144030874,0
5,120,542,11,3.790488122454765,0.060053232397977385,0,-4.04493410128601,0.02221892417353605,1
5,120,543,11,5.906927338410794,0.0026232634200404163,1,2.2466646205537657,0.21117027549632797,0
5,120,544,11,4.16460783643135,0.02500582612139893,1,1.484465467029814,0.3840612928265761,0
5,120,545,11,7.44732128283074,2.9151948429812096e-5,1,-0.5042433524259055,0.776250504416784,0
5,120,546,11,3.076620699531798,0.09965560203574733,0,-1.8670830601267099,0.30624385250411273,0
5,120,547,11,4.0362806858769975,0.014379143441097947,1,-2.2242546065146147,0.24247906623875518,0
5,120,548,11,6.616625413415583,0.0019074186807347042,1,0.32579064357859905,0.8726901327772856,0
5,120,549,11,3.374569492227805,0.034489638165616246,1,2.4699686460061083,0.2159248832135646,0
5,120,550,11,5.137592718808918,0.004166849132054422,1,-0.5335407120115436,0.7860170704554635,0
5,120,551,11,2.9493387631988193,0.0785649405050411,0,0.17742928815727427,0.9193510196131733,0
5,120,552,11,2.56151157399944,0.15612305861709866,0,-2.4435031350585454,0.17617409166241174,0
5,120,553,11,4.712201769099621,0.012029972071588662,1,-0.26906210423553834,0.8930176483144283,0
5,120,554,11,4.86167853206718,0.006618658737176849,1,-1.744106549084728,0.3301346329879222,0
5,120,555,11,1.8358088270815744,0.3230925253842648,0,0.3927356526485778,0.8079367385979319,0
5,120,556,11,6.329341228258871,1.6815630276146396e-4,1,-0.2060600201290949,0.9092509041671744,0
5,120,557,11,1.7558013191504815,0.35297211366273595,0,0.5147747647149274,0.7694362371305963,0
5,120,558,11,0.5622129089242012,0.7378366298314409,0,0.7497992969784848,0.6791224775208315,0
5,120,559,11,5.483389107466614,0.0065045964942250945,1,-1.87071946557602,0.2962373724976193,0
5,120,560,11,7.440726777753848,4.964046511389211e-5,1,1.3972543935677266,0.3883246661617876,0
5,120,561,11,3.914656995818292,0.030656303729331834,1,-0.7551055324924537,0.6460773041236291,0
5,120,562,11,6.429581354625619,9.756406888709892e-4,1,0.13579428923211376,0.9420323086032609,0
5,120,563,11,5.626043165478419,0.0023893359602985033,1,-0.8965988695361222,0.6109591009510582,0
5,120,564,11,7.073987706827635,5.824573623609496e-5,1,0.5808397874124923,0.7478427839264052,0
5,120,565,11,2.0269855495446367,0.2857385288778114,0,-3.329013782903088,0.09605196090687736,0
5,120,566,11,1.1014048693796674,0.5834803883937392,0,2.195082741264714,0.22440711662768537,0
5,120,567,11,4.686222781812062,0.008204113235914377,1,-1.2428310744441073,0.48681670218781325,0
5,120,568,11,1.4877936410867125,0.4355115812870378,0,-0.2690545431117832,0.8843371522537982,0
5,120,569,11,5.56964247712432,0.00407710769441917,1,-0.00282392580622209,0.9987777490859632,0
5,120,570,11,5.703982784271769,0.00438653792969253,1,2.219369081592967,0.21156348410538267,0
5,120,571,11,7.562915101806198,4.0269812878469604e-5,1,0.18451423929530186,0.9254082662986645,0
5,120,572,11,6.434946168807444,3.050613574824785e-4,1,0.26496008312760316,0.8803813139050155,0
5,120,573,11,2.3035025649318213,0.2280964433048274,0,-1.8372282465183987,0.36129596995624436,0
5,120,574,11,5.300548312518691,0.008534908541804422,1,0.3479463198644472,0.8466998809525341,0
5,120,575,11,7.539851148103468,4.205002958002956e-5,1,-1.6491498496113723,0.30153791427127635,0
5,120,576,11,7.068367142818688,6.14447804677424e-5,1,-4.897231565383575,0.006291453345120411,1
5,120,577,11,1.7823772266774185,0.2964381372876995,0,2.259967090112532,0.23479547226858805,0
5,120,578,11,6.6011420472315665,6.579354828840264e-4,1,-2.923598046311701,0.11946994550267284,0
5,120,579,11,4.28816487973042,0.013147197660998202,1,0.6757694949906329,0.7270931552680905,0
5,120,580,11,5.108796904557655,0.003148750669699407,1,3.4183838553797226,0.06316239218151476,0
5,120,581,11,3.932152468375902,0.03010358100878749,1,2.120476674704297,0.2724888063207632,0
5,120,582,11,4.505552002116661,0.00859956866515681,1,0.5348967057319302,0.7948815681324823,0
5,120,583,11,4.757088125803334,0.014395387690880326,1,0.2224663977297965,0.9077289127386713,0
5,120,584,11,5.061457522508422,0.011528468999864662,1,-0.5674939018126408,0.7393261395569863,0
5,120,585,11,3.5960629881016715,0.019730927906447867,1,-1.0254287187475641,0.5622549146450535,0
5,120,586,11,5.998352584992033,7.103037486116692e-4,1,0.8887344510544024,0.6323270433315351,0
5,120,587,11,3.198958160189547,0.08313346720278723,0,-1.7470406133766645,0.32980498861722685,0
5,120,588,11,8.722740422264028,1.0489994708233344e-5,1,1.7547893479298666,0.3472716703740888,0
5,120,589,11,7.848703121143213,5.062040037361955e-5,1,-0.8041508409354091,0.6468385926415567,0
5,120,590,11,3.689436133249045,0.04376113806957495,1,3.255278724040413,0.06250747708612493,0
5,120,591,11,4.500402458091192,0.008082978347382062,1,-0.10474113669363624,0.95004645087188,0
5,120,592,11,2.5263060202589487,0.1425816321509606,0,1.3972290357899857,0.44069329909294686,0
5,120,593,11,4.822406505939845,0.00863063612376876,1,0.1918566934748977,0.9174705073495283,0
5,120,594,11,5.375848920325396,0.002233139355092074,1,-1.7668040693946139,0.3592326353436571,0
5,120,595,11,5.960735084211369,0.0016754442963693003,1,-1.4612881155819193,0.37042491417206924,0
5,120,596,11,3.6741164847737697,0.033307318656243645,1,-1.6439131966841727,0.37877518853495473,0
5,120,597,11,4.421420978930839,0.010794009279625656,1,-0.24153144462104198,0.8967530891843336,0
5,120,598,11,6.746030346150222,1.9056625498865314e-4,1,-2.1539797556575024,0.2939091475457788,0
5,120,599,11,4.401637371467226,0.020196438403917324,1,-1.6465588042275239,0.3709498975087341,0
5,120,600,11,4.726926619028367,0.005234964168880843,1,0.3785387973942061,0.8219263839005868,0
5,120,601,11,5.445573744915814,0.002629212844776326,1,0.1303124877511274,0.9436390789909399,0
5,120,602,11,5.76277530266092,0.002300121476257551,1,1.3522094691554483,0.4371898414013695,0
5,120,603,11,4.01138966796816,0.012539952376062605,1,-1.0964843416977919,0.5486546221561996,0
5,120,604,11,4.746577178978384,0.0047234140953737475,1,0.8121966687112011,0.6976604564470106,0
5,120,605,11,4.240404068153606,0.03641382440840466,1,-0.2323661878999229,0.8959983592537597,0
5,120,606,11,7.851957696872482,6.556209881998203e-5,1,1.1846327270770889,0.4817666261716763,0
5,120,607,11,6.717943792420567,0.001388499452323962,1,-0.3879748359913155,0.8268153419142271,0
5,120,608,11,4.399764234270351,0.016822274313984663,1,3.0698257384938312,0.09628996038283975,0
5,120,609,11,4.052927811006348,0.01048019251889694,1,-1.4381936156059154,0.4557659409531274,0
5,120,610,11,5.875283973960466,0.004166502201660248,1,-1.4311168324760075,0.4342179688756157,0
5,120,611,11,4.229433660494126,0.03556940841788856,1,0.8817549160310065,0.6352970809818074,0
5,120,612,11,4.603155714571822,0.015928848166081765,1,1.2933026029327566,0.5195421635273924,0
5,120,613,11,6.679997015018765,3.607699067148338e-4,1,-0.15719907566549396,0.9353692896761132,0
5,120,614,11,1.5787413542961293,0.34302827044714723,0,-3.478462486742701,0.06684714007908439,0
5,120,615,11,2.209937172289404,0.1941467686073411,0,-2.1336767778750785,0.24452062022800386,0
5,120,616,11,5.272781461398562,0.004455184465117314,1,-0.6989320790229726,0.7129856280351548,0
5,120,617,11,6.055423575877708,0.0010134056718499238,1,1.5887100515468884,0.40126147642704324,0
5,120,618,11,6.591297720769884,9.371205392291896e-5,1,-0.011213234167725178,0.9941009264108515,0
5,120,619,11,4.739660443011437,0.006083781315041427,1,2.215266095187573,0.24590718417099108,0
5,120,620,11,6.756453268624735,1.0104485804936854e-4,1,-0.001009627854580281,0.9995289303969139,0
5,120,621,11,2.4504030778033563,0.18161464387225643,0,2.686960266453178,0.1302223335242848,0
5,120,622,11,5.181683399937973,0.009993244615012315,1,0.06322919359561063,0.9736472903253163,0
5,120,623,11,5.040839534907377,0.0031945168024250983,1,-0.5121875575827942,0.7883405227755091,0
5,120,624,11,8.18458550115769,1.8527482591873436e-5,1,0.9096318635476585,0.618673731069888,0
5,120,625,11,2.808611328714388,0.14694254358265432,0,2.020734234779479,0.2703599019601991,0
5,120,626,11,5.9542016166960625,9.039807397098884e-4,1,0.3273380819439982,0.8539007413428381,0
5,120,627,11,4.340299368798191,0.01871093967976839,1,-2.9584488393650754,0.06554229703940774,0
5,120,628,11,4.179948169600492,0.0364657754077487,1,-0.32713394388326905,0.8676279092684956,0
5,120,629,11,4.549306546593903,0.019194136020269148,1,-2.758649908552479,0.07889168368367658,0
5,120,630,11,5.735180387446652,5.216744799170044e-4,1,1.5529436383178223,0.42769481611987314,0
5,120,631,11,7.622236820424061,9.419648628427338e-5,1,1.2710414873214475,0.46422503547343863,0
5,120,632,11,5.5690005461223375,0.004319252196172679,1,1.7089335198291606,0.38379063783173595,0
5,120,633,11,6.615172582763079,9.216445389173619e-4,1,-2.1991519327634466,0.2678527583628604,0
5,120,634,11,2.919774948328578,0.08623792500846073,0,-5.027212860138138,0.005844881135398283,1
5,120,635,11,2.923522565560727,0.149584779975499,0,0.9181234826215198,0.5887461505079618,0
5,120,636,11,8.726200409396249,1.1901311783602721e-5,1,-0.3738910379253681,0.8355622777637187,0
5,120,637,11,4.2286963942268505,0.03322510319997665,1,-1.6688351381585225,0.32610173217268745,0
5,120,638,11,4.8741574918598,0.005700574347966123,1,-0.518796277560271,0.7884401887375198,0
5,120,639,11,7.854159584656224,2.6837628031990525e-5,1,-3.34326740715926,0.08779274588290455,0
5,120,640,11,4.6926909696348025,0.014747623130230399,1,-2.633855092094653,0.10202093384789297,0
5,120,641,11,5.540649943060398,0.002353061664135963,1,-2.1114521170397555,0.24877388900025396,0
5,120,642,11,5.039214064319583,0.006135620218046135,1,-4.330009609760265,0.011492922900420397,1
5,120,643,11,5.878749241083214,5.872999453155536e-4,1,-1.1128159821661734,0.5773160240841246,0
5,120,644,11,3.569741488925799,0.06387137464715965,0,0.19669368912904991,0.9191371424280783,0
5,120,645,11,6.15229348921498,0.0021040872027457583,1,0.27335779841169056,0.8855060821528141,0
5,120,646,11,4.68087888398885,0.011386793870858105,1,0.682271067634398,0.6912412439720428,0
5,120,647,11,5.570900299892732,0.003203463766554806,1,0.013012498785028534,0.994412096412868,0
5,120,648,11,3.0614719291889183,0.06509801128528754,0,1.2581712977699413,0.49732929985685637,0
5,120,649,11,5.102074069291883,0.006226546328404033,1,-0.8198166707142511,0.6784485764228426,0
5,120,650,11,6.083733504584213,4.411805031044724e-4,1,-0.3287208041167929,0.848468847653932,0
5,120,651,11,4.1419174896596775,0.017932883572851457,1,-2.883477451835261,0.12274370343753252,0
5,120,652,11,5.098052692140294,0.008921974388271366,1,-1.1724155763683612,0.5008048990408165,0
5,120,653,11,5.848822022066696,0.0024366434900866415,1,1.73937654434803,0.33409730037472396,0
5,120,654,11,5.202313919389688,0.006719358631520418,1,-0.15365669488341785,0.9371799826352111,0
5,120,655,11,1.5231088059830642,0.42399802621640426,0,0.5045023128034596,0.8075958758301437,0
5,120,656,11,5.207190292007535,0.0068767581739527,1,-0.576583577368537,0.7453603359136116,0
5,120,657,11,6.261499562333716,1.3863364652365898e-4,1,1.3659179966695434,0.43278914433975313,0
5,120,658,11,2.357284859574534,0.14318638823134802,0,-0.9668360372485115,0.5950616300672583,0
5,120,659,11,2.393494694632134,0.18723677378913994,0,-0.3659956677901355,0.8429373116169248,0
5,120,660,11,5.8175386801485915,0.003220809005005255,1,0.4923549881396406,0.7791942839847609,0
5,120,661,11,2.0564660640701713,0.28820164633543066,0,-1.2362693633468576,0.4417468913460437,0
5,120,662,11,3.4632778356720406,0.09065730253351692,0,4.5498757411237145,0.020307393205767663,1
5,120,663,11,3.2873512279666226,0.06806925331282142,0,-1.1331453746464788,0.5100817085770111,0
5,120,664,11,4.822759937566383,0.0025995992638878592,1,-2.465902936900486,0.2053935438196302,0
5,120,665,11,6.229931802267885,1.6555233641681714e-4,1,2.2143662878554213,0.22805785559234523,0
5,120,666,11,2.9011131486520947,0.1253950437817073,0,-3.5990874581169074,0.041503385153031,1
5,120,667,11,4.281056052897844,0.028208046232063144,1,-0.31170776612951123,0.8610765413582613,0
5,120,668,11,5.740391455716167,0.0025320083883068343,1,-3.3257117690570173,0.09393454694044626,0
5,120,669,11,5.955447536719423,2.7033277951896785e-4,1,-1.5563986630873279,0.4018197523081686,0
5,120,670,11,5.977117168824339,0.0025037757290104243,1,2.2859982445733356,0.21522616087358876,0
5,120,671,11,5.518221154131098,0.0029712006976933734,1,0.0314776413104064,0.9858021122165713,0
5,120,672,11,3.3925994579558103,0.08043141888941195,0,2.462031114731667,0.1688020686847649,0
5,120,673,11,2.996899069838944,0.1098686547935931,0,-1.601120565197145,0.36046203812387334,0
5,120,674,11,3.8098466391887773,0.03734800326827966,1,-1.0816449018180507,0.5114261594028316,0
5,120,675,11,4.815083443269749,0.010170750901233601,1,2.019885792999098,0.22114417595247604,0
5,120,676,11,4.762605169718417,0.011196205873984589,1,-1.4543801122276923,0.46026183123186226,0
5,120,677,11,4.683230608835744,0.015242832918070326,1,0.6891613736136745,0.6924716410741121,0
5,120,678,11,7.654643281936903,1.0361174218209156e-5,1,-2.464757694816741,0.15656512305917802,0
5,120,679,11,3.6612720457677104,0.06621657239143078,0,-0.5553320891641764,0.7590505919286694,0
5,120,680,11,7.1702637617113805,3.769948235665928e-4,1,-2.628162496217151,0.1627960157235588,0
5,120,681,11,4.254423907937751,0.016329625496904674,1,-2.7625077886357623,0.19428039697217972,0
5,120,682,11,2.7151065691096496,0.13842671626692535,0,-2.688401819436181,0.17998631636935805,0
5,120,683,11,9.122268654402683,2.2421276622943832e-7,1,0.5867123977413625,0.7368852814212872,0
5,120,684,11,1.91574010189937,0.31676335118077864,0,0.5917799408042418,0.7355780534619076,0
5,120,685,11,4.296827190875115,0.0313413765252925,1,-1.1313745001456486,0.5597355688530041,0
5,120,686,11,3.4773524976635986,0.05454554479107862,0,-0.07435231780894788,0.9701087989355104,0
5,120,687,11,3.611611803949978,0.06088506500441094,0,1.1819900142125617,0.5430643288313504,0
5,120,688,11,5.327834932073832,0.002306155312614029,1,-1.597898615512872,0.37578030289660147,0
5,120,689,11,1.7436689219809896,0.32403902451988886,0,-0.3325153631073255,0.8490955166841533,0
5,120,690,11,5.413263767015843,0.0017313535914274306,1,1.3838269835904704,0.4585710424883733,0
5,120,691,11,6.441828146020434,3.148623483016662e-4,1,-1.941763556151656,0.30352291515903684,0
5,120,692,11,3.2843415739117945,0.06681301798613516,0,-1.8794228648920548,0.3116393134714477,0
5,120,693,11,2.1125172042272498,0.28541030868194855,0,-0.06112889877438473,0.9743850689788008,0
5,120,694,11,5.6781368105708,0.0021351783586851573,1,0.0024520397909931673,0.9989481581744495,0
5,120,695,11,6.803681753594687,3.1438429427269407e-4,1,1.864591063435486,0.2486594695255354,0
5,120,696,11,4.400807727866538,0.017322815912502284,1,-2.7711991207527493,0.10706577399531758,0
5,120,697,11,3.3419352520150327,0.09825818147364127,0,-1.04699957157367,0.5748280761639903,0
5,120,698,11,7.737401847002468,3.245705105059622e-5,1,-0.41221737561626054,0.7991808555585194,0
5,120,699,11,5.509168623561535,0.003339700756685322,1,-1.7611213464591764,0.30362688195400034,0
5,120,700,11,4.868385518893258,0.005266292967127264,1,1.1513956375892558,0.5739021343823615,0
5,120,701,11,4.438304298991072,0.020098746453309252,1,-2.1992245378596817,0.23164493227410887,0
5,120,702,11,7.417455699525445,2.161937181749101e-5,1,1.5614841195584008,0.34589504776756874,0
5,120,703,11,5.564052433806379,0.0034159409969817586,1,1.5946224008155476,0.35283937895459305,0
5,120,704,11,5.269174838306538,0.002338187525208136,1,0.17591790205594224,0.9256762161995247,0
5,120,705,11,4.835389444238322,0.010414117395289036,1,0.4121951527535994,0.81471812752271,0
5,120,706,11,5.328958719781344,0.0013583067876118485,1,-0.22368949136496794,0.8987741143275145,0
5,120,707,11,6.357171483967654,5.133055322429993e-5,1,-3.1755009083144747,0.11505641477969265,0
5,120,708,11,6.7916037814036745,2.928040642195004e-4,1,-1.3132689445615644,0.510210239008641,0
5,120,709,11,3.423096429510054,0.04760700770723684,1,0.3185068251033691,0.8832894731420504,0
5,120,710,11,7.569857577787351,2.7306935464598856e-5,1,0.602859638028463,0.7576318617802577,0
5,120,711,11,2.078028468453374,0.24063496485795458,0,-1.2639960991339523,0.47303256125846915,0
5,120,712,11,1.866375437098574,0.286998211221248,0,1.554647786434089,0.33742840963237697,0
5,120,713,11,4.8674615419487735,0.012946589864547027,1,0.06629745692269998,0.9728544050421316,0
5,120,714,11,2.57413970210977,0.16798323343975818,0,-0.1824817610964933,0.9153803300649099,0
5,120,715,11,3.5443715276545134,0.034056543707194666,1,4.19879814565403,0.015792414029825345,1
5,120,716,11,5.598958024528406,0.005522872057822028,1,-1.9880883299926133,0.24191902071960722,0
5,120,717,11,7.657103939252212,1.674760408660725e-4,1,-0.07289759792919596,0.9633047019965624,0
5,120,718,11,6.773947294507914,6.357513893561706e-4,1,-1.747815085887868,0.36281653070235886,0
5,120,719,11,3.8380150889507525,0.0378866771056127,1,1.9510903687574794,0.2966065213926765,0
5,120,720,11,5.2972828371045155,0.007453514686390268,1,-2.159166782038724,0.26298692787174327,0
5,120,721,11,6.964252103166414,1.6367083932226133e-4,1,3.2869759776376797,0.07237228650170194,0
5,120,722,11,5.2987349254790415,0.007065392259459274,1,-3.0658187733023863,0.1232985692002071,0
5,120,723,11,4.503232391466371,0.012574747080212494,1,0.6582286546089512,0.7294401897916235,0
5,120,724,11,1.6303101864100362,0.3393676260837427,0,-0.2876606373988223,0.8707858722771562,0
5,120,725,11,6.335997957163727,1.166061820775568e-4,1,0.5575164728698745,0.7892609085354201,0
5,120,726,11,5.532435727049175,0.0029630793011792265,1,0.6605919944295364,0.7195510535636693,0
5,120,727,11,3.533528214555378,0.03259776485565654,1,-2.2893272961059803,0.2753076565931847,0
5,120,728,11,2.5077489163078455,0.14686481744265745,0,0.5776321701653084,0.7421053590035843,0
5,120,729,11,6.933767389990811,4.884073284965136e-4,1,2.8522695193694374,0.15898934695855146,0
5,120,730,11,2.391442978627685,0.1740228506228288,0,0.17865210657154193,0.9203326929380474,0
5,120,731,11,6.187848975427004,7.54441478040827e-4,1,-1.2177527869372151,0.46875836059805154,0
5,120,732,11,3.30882560572849,0.06257828267838889,0,-1.7113557569901992,0.3689424402883872,0
5,120,733,11,9.880594986452463,1.0179112462341866e-6,1,-0.15966379321085264,0.9300149846150366,0
5,120,734,11,5.243774494289712,0.005493060786757359,1,2.638421542615381,0.16866261201590302,0
5,120,735,11,6.4948930081423635,0.001178044312434589,1,1.5019053052976685,0.4313749057410645,0
5,120,736,11,4.934386895530811,0.00842562809952849,1,-3.0776358124293752,0.1295409579591652,0
5,120,737,11,6.46333222547674,4.6337538650861046e-4,1,-2.6001737608443793,0.1579838960408477,0
5,120,738,11,6.011822435653347,0.001257269142730844,1,1.213382525815941,0.46940201447501184,0
5,120,739,11,5.870964417936194,0.0014408486211530116,1,-3.1027287609207597,0.08713277089239699,0
5,120,740,11,3.3905084102874983,0.08816210368530045,0,-0.40891821057297356,0.8390896604149408,0
5,120,741,11,5.686917206268962,0.002357648457835631,1,-0.5564094881605713,0.7494613460373521,0
5,120,742,11,5.281625175415521,0.002244146609966517,1,0.3191711134264157,0.8618393631272775,0
5,120,743,11,6.296222486880051,1.9589715862194357e-4,1,-0.7371137487947543,0.6472659863750367,0
5,120,744,11,5.01954958222036,0.010092756258550425,1,-1.3883988651117203,0.39826909599151106,0
5,120,745,11,4.376135621105709,0.02572507030920088,1,1.129598769115932,0.5820290509589254,0
5,120,746,11,6.246227165698247,0.0017982040068427955,1,0.539443027674437,0.7731512030406549,0
5,120,747,11,4.550753517040266,0.006078786074354741,1,-1.373293970882412,0.48270706193029245,0
5,120,748,11,8.447385830380195,7.312896571492613e-6,1,-0.43163301422538275,0.8067750136034421,0
5,120,749,11,9.462815408101603,1.8155889055949807e-7,1,0.1761945085824354,0.9175507436490291,0
5,120,750,11,7.812950246624865,2.5860165107216297e-5,1,2.642871978997353,0.127270195689734,0
5,120,751,12,4.595670571430441,0.014365484447641184,1,-1.6788496469804486,0.3760400338175641,0
5,120,752,12,3.5065266805110853,0.05483346451490805,0,0.9628157010359636,0.6215788565954639,0
5,120,753,12,4.06362372666838,0.07077263458744137,0,-1.9971270171535815,0.19348199398802565,0
5,120,754,12,6.940239589175284,2.6894715842390834e-4,1,1.1302592784426109,0.5306309627866439,0
5,120,755,12,2.9784264388349735,0.13048846718474066,0,2.7016628008389776,0.13286148956476498,0
5,120,756,12,4.721400522873306,0.011014563051994258,1,2.5062550421974192,0.20873776507410632,0
5,120,757,12,5.7315558037823875,0.0017581395295529806,1,-2.1955618908639973,0.23591160508489492,0
5,120,758,12,3.105577406478594,0.09392466034833077,0,3.59105267121662,0.027576715750456393,1
5,120,759,12,1.7824381417695236,0.2795892915308861,0,-1.7828807858841622,0.29849454524693325,0
5,120,760,12,5.346770523085177,0.005544077959438124,1,2.2687150979985815,0.2392504963260329,0
5,120,761,12,6.748711304942897,1.63720381285821e-4,1,-0.4379354772275672,0.8254644445062607,0
5,120,762,12,3.98398429681709,0.031085800423016372,1,0.37590022261141603,0.8370315380302683,0
5,120,763,12,7.942804863577296,5.343787444989387e-5,1,-1.4519341922720181,0.45880607105913873,0
5,120,764,12,0.7923972556713181,0.6562480554874129,0,1.734750354221979,0.34901709326902874,0
5,120,765,12,3.3579529684877194,0.0762701749919048,0,-1.5610958161412158,0.3778375370877767,0
5,120,766,12,4.89392290427241,0.006549235284444064,1,-0.9218987357600266,0.5943015594377676,0
5,120,767,12,0.9615829025524549,0.5741198426741195,0,1.7742761159297038,0.33452275832445133,0
5,120,768,12,5.59467521763486,0.0014618460308907064,1,1.624779224790563,0.38365384500965816,0
5,120,769,12,3.976842634502547,0.04217652770533522,1,0.8460380172540886,0.6666696676824554,0
5,120,770,12,0.6535937388841538,0.7033140818525957,0,0.22689594909110591,0.9040279906206904,0
5,120,771,12,1.930245050340775,0.32508607927551636,0,0.5832884406575114,0.7534932216628274,0
5,120,772,12,4.673602826769938,0.004375277776277137,1,-1.9752123310559833,0.2798144799775612,0
5,120,773,12,3.138721821525863,0.051655443321445955,0,2.2884065207592768,0.2519755082374685,0
5,120,774,12,6.45792472675959,0.0013279675941992445,1,2.03454696449565,0.30625959261569724,0
5,120,775,12,2.7867138464031216,0.11235247707773667,0,1.9693781722884163,0.2245832426550698,0
5,120,776,12,6.031478973463255,7.373050252537313e-4,1,2.600114209712512,0.15197993892403303,0
5,120,777,12,5.094672059042825,0.00319093866515939,1,0.030976849391205496,0.9863094332274662,0
5,120,778,12,3.625403959422109,0.06660592112752323,0,0.7043754342450008,0.7216796552692635,0
5,120,779,12,1.11356666600303,0.5165963144411772,0,0.32873720526154787,0.8587215353173331,0
5,120,780,12,3.7850760779924224,0.05580242017542805,0,0.052326896428880464,0.9770771211498852,0
5,120,781,12,3.8852324160211533,0.039215856991391976,1,-0.6739164373850746,0.7207203318420781,0
5,120,782,12,3.137837992094201,0.13440533071907182,0,-1.097431232273868,0.5285790793462983,0
5,120,783,12,0.031138909949963437,0.9851082874987489,0,0.9903304531157497,0.5763731614018246,0
5,120,784,12,3.313131945194811,0.04607055869678859,1,1.3690904064282103,0.48499285331289443,0
5,120,785,12,3.044960157503675,0.12790227106102778,0,-1.1030062094526336,0.5575538715917125,0
5,120,786,12,4.685639537999617,0.00834253787918507,1,3.627918194261081,0.06201722910329786,0
5,120,787,12,3.8488384001073412,0.03984285027921387,1,3.1497114412443334,0.13374736815039268,0
5,120,788,12,4.168691993085728,0.024537556494551867,1,-1.5069295595279704,0.4304451229444638,0
5,120,789,12,3.947860450708875,0.02784959474852409,1,2.209884554175782,0.24028286079306876,0
5,120,790,12,5.925085005169074,0.0019090221157317502,1,1.2232330395619728,0.4945517583053938,0
5,120,791,12,2.1445201364154554,0.23446174444573104,0,-0.6145198986735991,0.7302247384933587,0
5,120,792,12,4.275342474715881,0.008272415481935271,1,1.0951391296971809,0.5465426012918748,0
5,120,793,12,7.175341928401237,6.068090395597196e-4,1,-2.073781335321474,0.2997144408476758,0
5,120,794,12,6.84182736572377,4.442130651514768e-4,1,-4.030905835313077,0.02663310663539245,1
5,120,795,12,4.404599967208824,0.024295891028225464,1,-1.9025580723486017,0.33574226727288725,0
5,120,796,12,5.666691050927996,0.0026184431781588963,1,-0.472675503684202,0.7914390229506723,0
5,120,797,12,5.770877692711007,0.0014022235903113458,1,-3.093155170300305,0.09511672407139693,0
5,120,798,12,0.9363119678954258,0.6561923662398923,0,0.7786486967786307,0.6559147889682267,0
5,120,799,12,4.522212861049197,0.014276939411072033,1,-0.46582059872945086,0.7851225895214722,0
5,120,800,12,5.525029612626281,0.005381554634402899,1,0.24029368159608971,0.9083058104277979,0
5,120,801,12,4.23042098319502,0.019483714628292497,1,-3.36648763524127,0.06794886208334681,0
5,120,802,12,5.210149414790364,0.0033794482088015053,1,-2.4785263029500735,0.22776729906778395,0
5,120,803,12,5.0930511918384385,0.007279295228724428,1,-0.8416162327226859,0.6405720237928375,0
5,120,804,12,5.022763190112725,0.006501566912322204,1,2.442303328238428,0.18266334104480703,0
5,120,805,12,2.839197944625619,0.1270510900887776,0,2.044599502984474,0.2486858915728241,0
5,120,806,12,5.726053113001473,0.005310196006740955,1,-1.6330116258959462,0.35151755617223635,0
5,120,807,12,4.001920185893076,0.04913005680052579,1,0.11852702115853836,0.9477599027176009,0
5,120,808,12,4.358088144056965,0.00885687549209679,1,0.796281028458219,0.6301241740758466,0
5,120,809,12,8.179041160720484,4.474307640941111e-6,1,-1.0396305451097787,0.6087981256774332,0
5,120,810,12,6.891155599530787,2.663689747920857e-4,1,-0.3608186538161204,0.8290146954739812,0
5,120,811,12,8.015962903764194,7.083507341160089e-6,1,2.093750613770175,0.2557675522480726,0
5,120,812,12,1.100853793669833,0.5311290132393283,0,-0.6624774836875079,0.7097038766627997,0
5,120,813,12,9.091762737741773,2.811313033954129e-6,1,1.1635677096134545,0.5579003456980773,0
5,120,814,12,6.354258912709526,6.483000443219274e-4,1,1.8102496915330524,0.2823813749494726,0
5,120,815,12,4.752322616905506,0.008493021130959079,1,-1.5156814208349854,0.42053584913129183,0
5,120,816,12,0.6911583440473857,0.7021957694125909,0,0.556428259141174,0.7839756122724536,0
5,120,817,12,1.965331118310763,0.24407698359416435,0,2.4254213934126216,0.16779371541685154,0
5,120,818,12,8.43637305398393,9.386313574505523e-7,1,-0.058405322615492666,0.9750994161796783,0
5,120,819,12,4.3948947493551564,0.01121553649501924,1,-1.066361450523416,0.5895079763038436,0
5,120,820,12,3.439952594867026,0.05150041491057757,0,-0.3984406514351055,0.829097205602639,0
5,120,821,12,6.295430867307441,5.531755694110667e-4,1,3.4454999825457597,0.05799850493596822,0
5,120,822,12,5.62089901821028,0.002158361731472939,1,4.040985100573857,0.05208617794209737,0
5,120,823,12,5.922539541495104,9.10238407507245e-4,1,0.30371402188530483,0.874427162822651,0
5,120,824,12,2.095389021091328,0.21045401747080592,0,-0.7284456797956461,0.7188374398359376,0
5,120,825,12,6.9821145976434,1.4803243912606473e-4,1,-1.0834475203356084,0.5158283129296263,0
5,120,826,12,4.8832271544274555,0.004169797797375565,1,-2.351522765378347,0.21607394856280351,0
5,120,827,12,8.635018554174504,7.677947663886511e-6,1,1.147011257004753,0.49875234373087673,0
5,120,828,12,7.066465568470242,7.828674675767904e-5,1,0.8903279178767398,0.6386050579005208,0
5,120,829,12,4.786894574515028,0.006497381496635359,1,-0.6445700997800733,0.7282986498021558,0
5,120,830,12,3.27730689904343,0.08223357085383885,0,0.6878960475758349,0.6821859659304634,0
5,120,831,12,3.4870366046739596,0.0646527158620127,0,0.16419720587872833,0.9196539905175418,0
5,120,832,12,5.615303910343874,0.0019773645565928748,1,1.5775051024453575,0.4242690053320658,0
5,120,833,12,7.257988506286515,9.287754085316905e-5,1,0.6036908787186253,0.7291910178314004,0
5,120,834,12,3.18895816357576,0.09817309744535742,0,-0.43466752375486584,0.8043469495313095,0
5,120,835,12,4.308880383969932,0.02323124756137267,1,1.7874725650626653,0.3520672593900408,0
5,120,836,12,4.489053979671689,0.011965523110857267,1,-0.9935175740560781,0.5920057918727293,0
5,120,837,12,3.1189573250325346,0.06167348247856778,0,-2.61016944429509,0.15011001907913626,0
5,120,838,12,4.129970315525652,0.027771413407193243,1,0.23115577493913284,0.9019213658171517,0
5,120,839,12,6.9983699933465555,3.2796112053768285e-4,1,-3.1661068602951397,0.10864846973924469,0
5,120,840,12,5.997006408292514,4.7824842021719824e-4,1,-2.7531051893845886,0.12471315097603024,0
5,120,841,12,3.6151299030494983,0.0705083424975936,0,0.1243668393099478,0.9462421336302573,0
5,120,842,12,5.539832664054019,0.0025636937469665903,1,0.3658327575686704,0.8439985839877311,0
5,120,843,12,3.0222626121464327,0.12381417572038156,0,-3.332711153744541,0.03686263519857557,1
5,120,844,12,5.379550564004783,0.004679019157568317,1,-1.3273763732465143,0.46547170734087584,0
5,120,845,12,4.266140552450758,0.01636297177009626,1,0.13666663966146633,0.942831786310925,0
5,120,846,12,7.171617272902159,2.252994827935026e-5,1,-0.8150184501292699,0.6491165077722549,0
5,120,847,12,7.93004976750592,2.504985109554395e-5,1,1.9010432841082374,0.31564768839422164,0
5,120,848,12,6.538352083259306,3.834064570086826e-4,1,-0.41048659843353297,0.8238057308356193,0
5,120,849,12,6.460431479372768,5.865532821643734e-4,1,-0.816886214124197,0.6007059556317822,0
5,120,850,12,4.540683510402684,0.022845106238560432,1,3.145036504429468,0.06113056789338261,0
5,120,851,12,1.9331080185697336,0.27570831773321414,0,-1.7685323577055256,0.3044494441271572,0
5,120,852,12,3.698728244204337,0.042991976938444136,1,1.5234102070800501,0.40878817669671386,0
5,120,853,12,6.783125240852135,4.6758216596145505e-4,1,-1.714862608769283,0.3591518005193375,0
5,120,854,12,8.141515539109408,2.0166961286798344e-5,1,2.6008359037720914,0.11450649146549806,0
5,120,855,12,1.0318227414939987,0.5088488147266483,0,0.12613413097150045,0.9473750420226353,0
5,120,856,12,4.507990740678872,0.018897409430245884,1,-0.8429792776652064,0.6484591931329857,0
5,120,857,12,4.4951181197170875,0.04079379360960787,1,3.944213006296801,0.03165809945955431,1
5,120,858,12,4.93614590531668,0.002984270985298696,1,-0.6269752292674584,0.7418304773585095,0
5,120,859,12,8.435548535367134,4.962335132620277e-6,1,0.34912421461607046,0.8387083176877029,0
5,120,860,12,2.864536272955667,0.10227473153467789,0,1.4520715074179904,0.4703364269030039,0
5,120,861,12,1.7802263582229065,0.3453251218333373,0,-0.5165468674092171,0.7768908040818903,0
5,120,862,12,2.845009962814396,0.12518189801531085,0,-2.9770960924111396,0.09223837319022377,0
5,120,863,12,7.5140285317418805,1.0416500860400071e-4,1,-0.08912589424258319,0.9577650570061862,0
5,120,864,12,6.542471236688141,2.8449687012368043e-4,1,0.5343947855988446,0.7530686046140849,0
5,120,865,12,5.398430212831388,0.008541006989262585,1,-1.1101904494505965,0.550824542527074,0
5,120,866,12,1.122339929140806,0.5388100538595322,0,0.3214016560244818,0.8557064593289159,0
5,120,867,12,6.395525862203882,5.931544370871345e-4,1,2.9371284572777387,0.12676828838378484,0
5,120,868,12,4.719281408272599,0.015515643451528035,1,1.4696300165870937,0.4488361117884009,0
5,120,869,12,4.111293846455001,0.03964467326694749,1,2.0855261121232265,0.21877229925707584,0
5,120,870,12,7.474540169656239,1.2102663726530875e-4,1,-0.6652861126994694,0.7248067327485763,0
5,120,871,12,5.405659907797828,0.007980252542209272,1,1.0642169633532856,0.5169755591611449,0
5,120,872,12,7.035068258637233,2.9228159662276397e-4,1,5.054308714799023,0.00264872468068317,1
5,120,873,12,7.043888623147685,1.1633628853203733e-4,1,2.0754343210165316,0.26409673164910075,0
5,120,874,12,4.008289018243084,0.03836724473661514,1,2.8622221893821287,0.1305159250535275,0
5,120,875,12,4.596569652666261,0.00884560269092278,1,-1.1214121296558794,0.5154176679628936,0
5,120,876,12,3.75202596316725,0.06122769161332247,0,3.361055790245312,0.07626816453415533,0
5,120,877,12,8.591816812953105,3.1871403063560477e-7,1,1.207307259950724,0.49061228109088106,0
5,120,878,12,6.406368958331716,0.0011652583079471046,1,1.8726802540557927,0.27412328715272594,0
5,120,879,12,6.956571508586037,6.64308716267955e-4,1,0.07599533090172943,0.9694215768083875,0
5,120,880,12,4.457903998069224,0.01981320833850687,1,0.6729908491921622,0.6915761094638033,0
5,120,881,12,4.894230827938615,0.007532686050766456,1,-1.5738082038662062,0.37183955788170187,0
5,120,882,12,6.603136480144991,4.474141995766741e-4,1,1.4884392897180119,0.3929091791907763,0
5,120,883,12,8.931453319906302,3.0935940834679554e-6,1,-0.14914726340951695,0.9351603458806875,0
5,120,884,12,6.697573529369866,5.120057435995656e-4,1,-2.565121943455816,0.1855877576082078,0
5,120,885,12,3.802282110775856,0.05259643362969963,0,-2.4861343085315664,0.15893090461592646,0
5,120,886,12,5.183428971368795,0.0013306706510112858,1,-2.4230719171602497,0.20045169598519108,0
5,120,887,12,8.796657898857879,1.532548759872591e-5,1,-2.103934822393808,0.26036770987863245,0
5,120,888,12,8.033239473101194,5.004565878420838e-5,1,0.40846561907366297,0.8420786154849607,0
5,120,889,12,5.200576774088665,0.005180886389182402,1,-1.8528184012876447,0.3094332696271547,0
5,120,890,12,2.394722338592095,0.22252736872464213,0,-0.11667229294998889,0.9489569890622849,0
5,120,891,12,4.33081511449698,0.024265968274125208,1,-1.4467824339932758,0.44531756878642736,0
5,120,892,12,6.690717179990468,7.5916670850425e-4,1,1.8620045495878028,0.25973972619145147,0
5,120,893,12,3.912371637292781,0.03159947877552813,1,3.5100283501434886,0.04664546672410921,1
5,120,894,12,8.163751011068834,3.291998415118051e-5,1,-0.8765261355779065,0.6548312882531309,0
5,120,895,12,3.713100235002762,0.047641261696509375,1,-0.9690256036110395,0.5827827953331531,0
5,120,896,12,4.9684224508867025,0.007120713024495126,1,-1.1244367845210677,0.5389255692227441,0
5,120,897,12,3.960726981148723,0.0531193255302349,0,0.08986665148628441,0.9625889046961518,0
5,120,898,12,3.827547071638582,0.051318856937329176,0,0.7206164350915241,0.675923718469456,0
5,120,899,12,4.650935924717993,0.009502196438070706,1,0.5238547418405629,0.7722314969371671,0
5,120,900,12,3.8512952612791596,0.029360335654224985,1,-5.397673636693198,0.0023887840903331617,1
5,120,901,12,4.112785665521244,0.010419606924582107,1,0.6972333262076739,0.6932289965369324,0
5,120,902,12,8.619929365605076,2.007357140813012e-5,1,-0.5637608373525461,0.7663796078665575,0
5,120,903,12,2.7829859492872018,0.12463533237737519,0,0.4492445776069829,0.8099314061004986,0
5,120,904,12,5.880480942699787,0.004059412257442219,1,0.35907199547755636,0.8546421787605891,0
5,120,905,12,8.459675596282512,4.669104469060378e-6,1,0.5564467086462649,0.776969162921805,0
5,120,906,12,9.373847920811837,8.792563983047437e-7,1,-0.5403459321406052,0.7607134431377522,0
5,120,907,12,5.854204736174588,0.004188970715264985,1,-0.39133024847102776,0.8246528264273968,0
5,120,908,12,2.7508381261444037,0.1669203608302666,0,-1.53697585098857,0.40311275441967265,0
5,120,909,12,3.6923806637470924,0.05541814081251916,0,1.1915686696504955,0.5476760481727883,0
5,120,910,12,3.3992954793183237,0.07448370172015084,0,-0.10902277810854581,0.9471602658226728,0
5,120,911,12,7.769943055993742,1.9350620337682785e-5,1,1.8595078698654088,0.3245848048291785,0
5,120,912,12,4.019728209631866,0.019723811749672346,1,1.10425740612394,0.5223863456495661,0
5,120,913,12,2.3626247576962736,0.21905028496975817,0,-2.192576855207751,0.24925814966254406,0
5,120,914,12,5.710190500242668,0.007877668234314003,1,0.9829937906623176,0.6173712435039262,0
5,120,915,12,3.474007215054243,0.050744731818912425,0,0.7612333461559463,0.6619035214878413,0
5,120,916,12,5.215893388223257,0.009934591040477348,1,2.2284902750898503,0.2494559262527136,0
5,120,917,12,3.6206240871173168,0.0466555477952593,1,-0.40011291319763587,0.8218828723522056,0
5,120,918,12,3.1172483249500673,0.08529398117537673,0,-0.3248549024865337,0.8563226911507663,0
5,120,919,12,3.659269354134426,0.05550190561184993,0,-0.9084419155124234,0.6114734624560517,0
5,120,920,12,4.388008027096536,0.017645194749767685,1,0.3769892338268136,0.8321990679345304,0
5,120,921,12,6.4515662938357945,0.0015101015014749074,1,3.47832349274212,0.04103521778271193,1
5,120,922,12,5.838143895700048,5.459222330236874e-4,1,-0.4818034779670308,0.785065987000366,0
5,120,923,12,3.570886371424595,0.054715325912866666,0,-2.8220795211306613,0.09085817381201935,0
5,120,924,12,4.506891508725721,0.02090513779066248,1,0.8268692354123884,0.6487955747479015,0
5,120,925,12,8.414968234328342,3.106361337722478e-5,1,-1.9859777688256872,0.28188836683805085,0
5,120,926,12,4.041691675119416,0.06876793254956207,0,-2.1027638256516195,0.24274401702477688,0
5,120,927,12,3.2874341070355753,0.05367103031925732,0,1.8110081800227145,0.3253978032066467,0
5,120,928,12,4.921136728633748,0.005513947105159428,1,-1.6812062782672903,0.2991706233390174,0
5,120,929,12,5.9495032184285295,0.0012923935141743342,1,-1.2540940098224815,0.4795268585155733,0
5,120,930,12,7.536448201598536,5.5664730044188236e-5,1,-1.2952158304736836,0.47617647365376436,0
5,120,931,12,3.7646793985109848,0.05846775579915543,0,0.8459192106812038,0.6069129889585616,0
5,120,932,12,1.9512699591582963,0.2854377379384859,0,0.002479932736904819,0.9989118823707916,0
5,120,933,12,1.4198314694680323,0.3972510181339748,0,3.0345011723002107,0.07602648343388632,0
5,120,934,12,3.994131080779707,0.0374260516720346,1,3.104910463275345,0.11585253864373819,0
5,120,935,12,3.4129960970402187,0.0535027048658967,0,-1.9889001982314172,0.24300113450779692,0
5,120,936,12,4.9544419935559745,0.012177688308099547,1,-0.44200689335320975,0.8103583540936629,0
5,120,937,12,1.9929697873446925,0.2885864219087023,0,-1.9460974528067072,0.2881807672203038,0
5,120,938,12,5.418617512200955,0.002540980113910448,1,1.8200777173284057,0.2600403745804898,0
5,120,939,12,4.818880610760644,0.027997147352701108,1,-1.090498685910013,0.5672497897842456,0
5,120,940,12,6.929702194800037,1.9805392816668677e-4,1,-0.834675488302831,0.597122177874732,0
5,120,941,12,8.840677483370035,9.829889744780003e-6,1,-0.465659912474954,0.8022544970262209,0
5,120,942,12,5.621388145454228,0.0026870402887433278,1,-0.422287025309733,0.8403592037241037,0
5,120,943,12,7.630910029356557,1.7506223289399663e-6,1,2.6754188586341443,0.1496072386751372,0
5,120,944,12,4.84686351696347,0.005243752718245239,1,2.503204473064347,0.2091778316937164,0
5,120,945,12,4.502491842641409,0.010804382879403062,1,0.3353083457163793,0.8709435652373408,0
5,120,946,12,0.9774366268060269,0.5887328578290629,0,-1.5332364842823447,0.3940951587095217,0
5,120,947,12,6.309915666942942,4.074459722160262e-4,1,0.24985433804008433,0.898133386133662,0
5,120,948,12,3.987502242389993,0.04085208183507395,1,-1.7464905000871849,0.2984544528240733,0
5,120,949,12,5.152187003785008,0.006544790088600758,1,-0.555609277536264,0.7452399629549211,0
5,120,950,12,2.4628327518911277,0.18527335682890844,0,-2.1287090945933445,0.24719346292344702,0
5,120,951,12,3.831508412883774,0.06364026043424395,0,-2.084195845152559,0.24156314138793494,0
5,120,952,12,4.9937353117278,0.004457448559448731,1,2.1446679371403823,0.3059569956367961,0
5,120,953,12,8.112012039142963,4.22082164890796e-5,1,-1.8859090147817912,0.22460210010241138,0
5,120,954,12,6.697347485139242,2.4624474472850104e-4,1,-1.3701497800464149,0.4319244699876703,0
5,120,955,12,5.9456742499624875,0.0014240960757070688,1,0.3040046937499697,0.8622487606548455,0
5,120,956,12,4.559619258337206,0.02227301241796329,1,3.0639502402983383,0.07292340670003412,0
5,120,957,12,3.2443941883742964,0.09266367097209968,0,4.044222156921004,0.029388162341974323,1
5,120,958,12,7.174731634623919,2.2021602030850978e-4,1,1.344726451419409,0.478500952816879,0
5,120,959,12,4.08933257790882,0.0227732736057878,1,0.819910936772467,0.6116335477056043,0
5,120,960,12,3.7581580571893225,0.032065250115626116,1,-0.7226653237351416,0.6923199120474763,0
5,120,961,12,5.20249353050642,0.0074791435037788925,1,-1.1911480372516083,0.5414530772968498,0
5,120,962,12,3.474535249256727,0.03941896640634179,1,1.6592424601945277,0.3503674070387205,0
5,120,963,12,4.567391714281333,0.011500471474985962,1,1.812862711450377,0.3479894340866052,0
5,120,964,12,5.166407331244142,0.005482147390450549,1,-3.6466667469719134,0.06216888345400368,0
5,120,965,12,3.8573221739857106,0.027268592106454246,1,1.1008230447085752,0.5072472238374015,0
5,120,966,12,6.4606919614354315,2.166600657859349e-4,1,0.19268115757389445,0.9199651158600224,0
5,120,967,12,4.246717632382517,0.010690979267307306,1,2.0181343397830265,0.2533981158289733,0
5,120,968,12,5.553399871020258,9.867053907137006e-4,1,-0.4466070629583524,0.806438346371118,0
5,120,969,12,2.989297234874605,0.09782417025795984,0,-0.4970759754192815,0.7803558618244626,0
5,120,970,12,5.873322540103159,9.708574165906904e-4,1,0.692276429291905,0.6967522389618656,0
5,120,971,12,5.221450852914849,0.0068675373181256135,1,1.9670268961290187,0.29137256811233303,0
5,120,972,12,5.100875295603415,0.005501430754040951,1,1.1291715298696023,0.5362479065098449,0
5,120,973,12,5.497012701677351,0.006110921194884844,1,4.136226068765091,0.00958888688538121,1
5,120,974,12,3.9059566722357135,0.04250832002840777,1,-0.9641052545681196,0.5297772138583214,0
5,120,975,12,5.8423245194874,0.0021570735342671993,1,-1.379600146412971,0.4671837325333481,0
5,120,976,12,5.0807654242969935,0.004743263234456526,1,-0.5651321371185298,0.7596930642799858,0
5,120,977,12,2.5760381555848317,0.10986030353770056,0,1.58396243144767,0.39137041098442205,0
5,120,978,12,6.107788467968909,7.860629543939552e-4,1,-0.1783014497517457,0.9309248172058161,0
5,120,979,12,2.691213449360171,0.135946586072755,0,1.258655622960286,0.5478674618960202,0
5,120,980,12,5.736442539409595,6.78986458652805e-4,1,-1.4618966769100405,0.41914437575858865,0
5,120,981,12,5.707381938735228,0.002408624593405928,1,1.1440169953729333,0.5206680905497483,0
5,120,982,12,5.449770897975874,0.0029924553856761284,1,-1.474721672171444,0.437857598100756,0
5,120,983,12,4.052522848106551,0.022192092838366262,1,4.88786742173752,0.00318978056684437,1
5,120,984,12,3.0732484975818037,0.07870827634405986,0,-0.8228466432165981,0.6641946246049519,0
5,120,985,12,5.57566260678458,0.0017626276842094809,1,0.633409061643885,0.7374306506993631,0
5,120,986,12,3.5538166579962365,0.03622800319134194,1,-0.7127931625315462,0.6991928189185749,0
5,120,987,12,5.429401905853551,0.005470130365941338,1,1.35462376727462,0.45782853277156665,0
5,120,988,12,5.902393396288811,4.1576505728859164e-4,1,-0.2822624978140689,0.8876368179365066,0
5,120,989,12,2.801617601921375,0.09515798318356793,0,-6.462555381392308,4.450977413275002e-4,1
5,120,990,12,5.58493242695843,0.001964309292194296,1,-1.678391274667465,0.3715458831642271,0
5,120,991,12,5.872572052593585,0.001996878754727642,1,-1.355816140260399,0.4720335781216175,0
5,120,992,12,4.308748035513905,0.020718140382356056,1,-2.59123498162923,0.1958436703936421,0
5,120,993,12,5.449237936368692,0.004042891563808515,1,1.9476250791138092,0.2981151383789578,0
5,120,994,12,6.447099504366009,3.0665087185431243e-4,1,-0.6000796950088038,0.7544453583000719,0
5,120,995,12,4.541071367226807,0.012463828646030416,1,1.3132909345549337,0.46096409323893794,0
5,120,996,12,6.714811195401083,2.3808375284091295e-5,1,0.8612290161822754,0.6319191775853786,0
5,120,997,12,5.617104040836446,0.0037079491468207946,1,0.5525667351913501,0.7489773225869678,0
5,120,998,12,5.691951615823133,0.0012135411640930925,1,-0.8630004290289768,0.6490472604795083,0
5,120,999,12,5.979619776478133,6.894552478612226e-4,1,-0.31217651837200416,0.8710951648679133,0
5,120,1000,12,4.271912712256639,0.02880759173242558,1,1.2165420933502291,0.514695632103382,0
5,160,1,13,5.33656611769178,0.00187106315850829,1,-1.1210311850851316,0.4874716545724088,0
5,160,2,13,6.389317166086155,3.3212092288800727e-5,1,-0.03961074033543665,0.97938657942148,0
5,160,3,13,4.895152951072062,0.001427586795504214,1,2.169860285251946,0.1937558059206189,0
5,160,4,13,3.4975684374475375,0.032975634768426444,1,-1.240804020768624,0.4652244132548493,0
5,160,5,13,4.762769852904772,0.003868666328683519,1,2.3500850406861913,0.12947345310671596,0
5,160,6,13,4.00570658648162,0.017316522641566717,1,-1.8429455745810048,0.23340661770193852,0
5,160,7,13,8.50571322844121,2.9370641324028484e-7,1,-2.3827242197526046,0.12314896934864084,0
5,160,8,13,5.777640255136972,8.016425195784218e-4,1,-0.12731567810363825,0.9393981677504507,0
5,160,9,13,6.693033737329193,6.987806575230976e-6,1,3.0538564206843857,0.07494945125140016,0
5,160,10,13,4.039122231651045,0.017637301395215795,1,-0.9096381635329757,0.5600816853624424,0
5,160,11,13,7.027975822168533,1.3961428030745309e-5,1,-1.1736571274811591,0.4339114528606779,0
5,160,12,13,6.435453472580489,2.096408828434706e-5,1,1.7699185476063883,0.2801667017758869,0
5,160,13,13,3.3826506053418193,0.038462738039609444,1,0.0909742109383858,0.9527300200028959,0
5,160,14,13,5.019081868771097,0.0020745980881146436,1,-1.7978466586634827,0.2598135203096101,0
5,160,15,13,5.189085161861511,0.002104806595452738,1,-0.33646060726586785,0.8352910361439404,0
5,160,16,13,4.298627189499727,0.006394593147836018,1,-1.3296555623376884,0.4023391528226872,0
5,160,17,13,2.210037712657987,0.11270360706722896,0,-0.534871301726179,0.7589307292040777,0
5,160,18,13,4.565254472617242,0.004274257946320027,1,-0.5116467412805507,0.7615033019132196,0
5,160,19,13,2.370016160695146,0.13831867508226003,0,0.6181068034601074,0.7094552000397676,0
5,160,20,13,6.737744110031707,1.2560681553819876e-5,1,-1.128435446803701,0.47228176843712744,0
5,160,21,13,5.984615953233486,1.8638142724161375e-4,1,1.736163068697198,0.2753833974536165,0
5,160,22,13,5.037318960986961,4.5415194439012006e-4,1,-1.2998302561711468,0.44587080566031156,0
5,160,23,13,5.902617897214813,3.50184205842974e-5,1,-0.24205010946299804,0.8792696377040483,0
5,160,24,13,4.520814982722835,0.00628331162858996,1,3.217285152605667,0.037908615539268,1
5,160,25,13,6.7877335306512006,1.5595063987791186e-5,1,-0.13964851218765992,0.9252760847797266,0
5,160,26,13,5.7894115819571415,1.4129730468656108e-4,1,-1.1390166196469613,0.47116851003073257,0
5,160,27,13,6.54268210502277,3.433760594906829e-5,1,1.6394536129002621,0.2401173442219757,0
5,160,28,13,6.192799701237619,2.0113658263778308e-4,1,-1.8913705637274671,0.23630603931776742,0
5,160,29,13,3.5684501278685965,0.025764851016581707,1,-0.8796019897681381,0.5651723536384813,0
5,160,30,13,3.149207866618031,0.061673629895358094,0,-2.005502605527523,0.22142629623725568,0
5,160,31,13,7.835267538158795,5.353755873618081e-6,1,-1.0629723708538377,0.533715209181568,0
5,160,32,13,1.0605030963324082,0.47679127613789973,0,1.7785883926357535,0.2396993248641532,0
5,160,33,13,8.603117147467685,3.521118853337173e-7,1,-1.3824421522073993,0.38205961237891517,0
5,160,34,13,7.641928832288273,1.1444776144234304e-6,1,-0.6377294860613588,0.676778485997453,0
5,160,35,13,3.8659648697917,0.017074994719102857,1,-1.213314741495873,0.44355465916391923,0
5,160,36,13,1.83042712113046,0.25741092250991,0,-4.829762732467575,0.0012339490495891295,1
5,160,37,13,4.964502726762274,0.001973113326586775,1,0.608960870712815,0.7151027600782738,0
5,160,38,13,5.177041012207091,3.005226888070108e-4,1,-2.619299659608064,0.09424563952593798,0
5,160,39,13,2.543396748099374,0.08423569028913003,0,-0.2188998848080822,0.8914060553016567,0
5,160,40,13,4.065861756227237,0.007611932324391075,1,2.994660337552802,0.06783204726314211,0
5,160,41,13,6.5128297814472464,9.146014464883026e-5,1,0.5720151772827233,0.7251292969188534,0
5,160,42,13,7.045512569283778,1.2973709477113414e-5,1,0.19243888425000458,0.8920394694836901,0
5,160,43,13,5.810829169324244,6.544384812688711e-4,1,-0.6620604129219502,0.6687933230217514,0
5,160,44,13,6.383791186917125,3.062357241180837e-5,1,-0.744705318255352,0.624487237882729,0
5,160,45,13,4.595387995151283,0.005984417204756017,1,0.2902753755354401,0.843800426951461,0
5,160,46,13,1.4909105355641608,0.34765502180231445,0,-0.39443752928865955,0.8099077031358273,0
5,160,47,13,4.657542209638677,0.0038454539723434683,1,2.9643896986252645,0.06095102360953544,0
5,160,48,13,6.119134199865858,5.8949908094528706e-5,1,-1.6376724583305917,0.33753015074146253,0
5,160,49,13,7.378583204527347,4.395377771139637e-7,1,-0.09731305642233447,0.9513581472581631,0
5,160,50,13,4.317636232223177,0.005486753882850374,1,3.374313426128353,0.027887043711427698,1
5,160,51,13,3.7893567775939383,0.011137119969087663,1,0.026569754900484438,0.9870358851728472,0
5,160,52,13,5.224071818139865,4.309099622948486e-4,1,0.9903262695508039,0.5517370283818195,0
5,160,53,13,4.987295728697928,0.005547057982309189,1,-0.8071937850631961,0.5789402982312393,0
5,160,54,13,6.0327406668675945,1.412946936923489e-4,1,0.09141601784537601,0.9565213036896527,0
5,160,55,13,5.388120952045148,2.27961180847634e-4,1,2.6579836289435064,0.08339289410899053,0
5,160,56,13,4.850015165988845,0.0024440835477297835,1,-3.826651909565747,0.01632904388016572,1
5,160,57,13,4.005012146871393,0.022224332559078283,1,-1.6621114578257636,0.2575551154632116,0
5,160,58,13,4.697231090250583,0.0012800331961888727,1,0.04352540312990862,0.9777423316242583,0
5,160,59,13,5.633362848051064,1.5125407634703633e-4,1,-2.3814204839259974,0.1353029427246981,0
5,160,60,13,3.6447303322988542,0.028669649848209668,1,-0.35854183781417387,0.8211943798001085,0
5,160,61,13,3.5851177333161752,0.016631703821945096,1,-1.1122375033210912,0.5038875214838857,0
5,160,62,13,6.53557226591877,3.561272012561289e-5,1,2.900773138784616,0.05094031196914019,0
5,160,63,13,4.4799044489385915,0.004049838466890306,1,-0.1403086346253577,0.9255341415945538,0
5,160,64,13,3.3747188344790913,0.030014554309731545,1,2.7045868789637235,0.13023722222504944,0
5,160,65,13,2.5718115647275273,0.06372936506066268,0,0.4487248657491239,0.7536707016826153,0
5,160,66,13,6.030526300348708,2.774807573481426e-4,1,2.3261872097052856,0.13842958407840783,0
5,160,67,13,6.165047503428347,1.1370263061268362e-4,1,-1.6347724964736248,0.28514423927757043,0
5,160,68,13,4.974916757211697,0.003720490324001382,1,0.48026750594518725,0.7579604208773171,0
5,160,69,13,6.547181497565955,3.8010243108766615e-5,1,2.2515881359686785,0.14042454323875492,0
5,160,70,13,4.444788031476588,0.002530118442695195,1,1.0447977278275309,0.5086451780352953,0
5,160,71,13,7.715696778462573,4.071918730061714e-6,1,0.002653074000903173,0.9985745983298422,0
5,160,72,13,5.399550502904842,6.833625184624372e-4,1,0.6012560461309652,0.727004581005226,0
5,160,73,13,4.577545547760323,0.0015182272966240168,1,1.652834135719039,0.3062819103605505,0
5,160,74,13,2.5613815726061455,0.10923323790136268,0,-0.21915844211314184,0.8834721447649511,0
5,160,75,13,1.8140076662790154,0.2557515379246824,0,-0.34463618745876556,0.8327621656993425,0
5,160,76,13,5.737796037877249,4.4972670603048474e-4,1,2.334264482750431,0.16733777200086455,0
5,160,77,13,3.390143879231272,0.022951910522833917,1,0.04120693803111178,0.9791526754780746,0
5,160,78,13,7.086241076301399,1.975359456439025e-5,1,-0.6064685642711231,0.707510139775203,0
5,160,79,13,3.069045056354044,0.04010698504735329,1,-0.4656475895062732,0.7900526064485299,0
5,160,80,13,2.5308121621101356,0.13462786808660063,0,0.8356448765088892,0.5998184427219821,0
5,160,81,13,5.457459962439697,9.36236696685552e-4,1,1.3285929875352638,0.38995101136722377,0
5,160,82,13,5.192672759226153,6.626127481104131e-4,1,-0.13589292534391736,0.9320990189231819,0
5,160,83,13,2.1267451037526723,0.2052270629870297,0,1.3525548515143673,0.37664491977223324,0
5,160,84,13,7.700709071106929,6.471229754707403e-6,1,0.3517679722522577,0.8226534474423145,0
5,160,85,13,6.503399435223602,1.2288813514290496e-4,1,1.5668186104694195,0.32166270614373293,0
5,160,86,13,5.0347027581226484,0.0018756382040781062,1,-2.5023851331833344,0.0901984067176511,0
5,160,87,13,5.165528324098629,0.0023228930941117153,1,-0.804962199059802,0.6169273672673398,0
5,160,88,13,3.977248683052173,0.02159222855048355,1,-1.9310765334196363,0.19526836983500276,0
5,160,89,13,3.846579180853812,0.0216387054878395,1,0.12987656172927028,0.9389516044421028,0
5,160,90,13,-2.835964707693286e-4,0.9998663386433121,0,3.00053728688297,0.07821073006416457,0
5,160,91,13,2.3269914743715856,0.1584853098683512,0,0.26065066793613445,0.8502083066090113,0
5,160,92,13,4.325020532293931,0.00483018708134031,1,-1.7258282767399846,0.2619958670674272,0
5,160,93,13,3.2702913279540593,0.03690154984666965,1,2.8626244206838436,0.06374390370343562,0
5,160,94,13,2.8631400946695083,0.0763125202067102,0,-2.775896343876372,0.038474202649506975,1
5,160,95,13,3.131401925347494,0.054105155297114065,0,0.4559550319033657,0.7671349652119899,0
5,160,96,13,4.809971919057518,0.0025070741183651156,1,1.6994079613174076,0.2808682059473107,0
5,160,97,13,4.048144777882099,0.017148095920662926,1,0.6054549196290968,0.6955393907980076,0
5,160,98,13,6.053301399412621,3.9487065002568103e-4,1,-1.1361379047348554,0.48470824523172984,0
5,160,99,13,4.510395735724424,0.00794718760155206,1,-0.18210799051713444,0.9055009675682377,0
5,160,100,13,4.719559026121501,0.0025146828699664264,1,2.862615331331501,0.04572504351066391,1
5,160,101,13,4.7773778062718275,0.004467414054427226,1,-1.2672028860842643,0.4287352573786136,0
5,160,102,13,6.402466414751165,6.039490496183901e-5,1,3.5678057986480747,0.025211180928336716,1
5,160,103,13,6.594067252678152,1.531132383693859e-5,1,-0.1228539614027634,0.9327746793179701,0
5,160,104,13,7.553639165030851,9.005962861338369e-6,1,-1.3844294104304091,0.3644082444113286,0
5,160,105,13,5.103573191149616,0.0015506509508988046,1,2.462433323941303,0.12039722226971385,0
5,160,106,13,4.638073952711161,0.002850942553742047,1,2.0346055912044934,0.19063778558819558,0
5,160,107,13,4.331653274281879,0.004170260559892722,1,-0.6378021989454068,0.6775554511237991,0
5,160,108,13,5.672514857804082,1.5224349737052228e-4,1,-0.05783510368779666,0.9707918301087661,0
5,160,109,13,5.257550168319875,9.498853245801212e-4,1,0.0894975943609657,0.9593053332373768,0
5,160,110,13,2.9553595163098128,0.036952678833780055,1,-0.019426574044114107,0.9895242950068617,0
5,160,111,13,4.436251118747517,0.0039485619232268706,1,1.3293707057112758,0.3995328507982133,0
5,160,112,13,4.736514607410941,0.005377928396160816,1,-1.5524084939661464,0.3136387109840417,0
5,160,113,13,2.3505417708819176,0.10968123947474184,0,-0.7881942039384371,0.6210081083822838,0
5,160,114,13,5.523470054283362,9.030291622598196e-4,1,0.5862646890083903,0.7256633668356479,0
5,160,115,13,6.005393562183445,5.4625483788478936e-5,1,0.9476163587865338,0.5382493004567028,0
5,160,116,13,5.207229566444726,0.001263308144449007,1,-0.5977079520131389,0.7235001508645242,0
5,160,117,13,6.436117503775825,6.526535959306906e-5,1,2.8217091766232936,0.11215355823880191,0
5,160,118,13,3.772769642607278,0.031622306367170935,1,-1.777457168682993,0.25224006279996003,0
5,160,119,13,5.155613072583229,0.002715221249056726,1,1.9550753033374808,0.17272166248554027,0
5,160,120,13,5.8374842032663175,5.965874737883024e-4,1,-0.36529656502316565,0.8233989223874862,0
5,160,121,13,8.045178592167721,3.032032332976319e-7,1,0.9365210675189752,0.5626984994265605,0
5,160,122,13,3.335059446151268,0.03963469799860002,1,-1.2205932303086735,0.4171200550948777,0
5,160,123,13,1.305365798137094,0.3354423424872981,0,0.1314239522414804,0.9364963183514476,0
5,160,124,13,6.179626765432661,1.2050930107545769e-4,1,2.2733199424970354,0.13779832084096202,0
5,160,125,13,6.281809101416099,2.1586470322960526e-4,1,1.330376803993574,0.4043987338389784,0
5,160,126,13,4.621302932988454,0.007306325547083971,1,-2.136841464309686,0.17846250666147145,0
5,160,127,13,4.899636383045442,0.0014622348997358988,1,-0.7225833761701006,0.655428184249866,0
5,160,128,13,3.8389694172729585,0.018966971978798455,1,1.3094950926514253,0.4261010737247869,0
5,160,129,13,6.152517971652531,1.3998147746045994e-4,1,-2.156956133267794,0.15816708133104324,0
5,160,130,13,4.126854326355934,0.004029132850828228,1,1.3030419983616692,0.34618578690769697,0
5,160,131,13,4.7949700688011685,0.002057592542866079,1,0.45046897861779056,0.7765409945538496,0
5,160,132,13,5.971370331027665,1.1922353525465148e-4,1,-1.0689771078726051,0.5359448519519163,0
5,160,133,13,6.381731197766453,1.23801272460407e-4,1,0.27996545920181354,0.8572454899493598,0
5,160,134,13,4.688831601519216,0.00431878781443093,1,1.7843398153237278,0.20159619991364214,0
5,160,135,13,4.697137035286467,0.002772104861337648,1,-0.4800688450504636,0.7538801417592066,0
5,160,136,13,5.15719146404211,5.159847920815537e-4,1,-1.0591934549458453,0.49672239384635974,0
5,160,137,13,6.604543372083928,1.3379810590293545e-4,1,-1.6073343868005627,0.2643989559016793,0
5,160,138,13,3.7183062425995512,0.014988068911888282,1,-1.473886879222597,0.28307640884884994,0
5,160,139,13,6.64355101501077,3.426550546465496e-6,1,-0.01726242489520273,0.99224514511255,0
5,160,140,13,4.929181503650013,7.805880544749114e-4,1,-2.6534752285932197,0.07282751198056338,0
5,160,141,13,7.313511335169779,2.5135180682634377e-5,1,-1.5449695712742757,0.33927582097349274,0
5,160,142,13,5.735789967542277,2.9365231422698513e-4,1,-0.04945653759152876,0.9749415537992232,0
5,160,143,13,4.284888423389137,0.009877318884540152,1,-0.8506515043105711,0.57715298137138,0
5,160,144,13,3.32057137208985,0.03085734596760682,1,-3.0161459600153555,0.03579018522072075,1
5,160,145,13,1.7272060310104058,0.25816708411431827,0,-1.2095901341826953,0.42103758757526055,0
5,160,146,13,3.982312276935117,0.016904797236696825,1,-0.6954459078502272,0.6814332416834803,0
5,160,147,13,3.750554634225565,0.02650629709599685,1,0.19090771496823294,0.9041703307157906,0
5,160,148,13,5.0099602156314775,0.0033769188965075765,1,-1.071649345904722,0.5061135397117811,0
5,160,149,13,6.2554189246314795,7.369876075297324e-5,1,-0.46816523441386304,0.7530570940897598,0
5,160,150,13,4.448237108527194,0.0035802363617839896,1,2.6864003351598034,0.10748171296299129,0
5,160,151,13,5.457514649224487,7.346918865670527e-4,1,2.1721988082688175,0.18466644480279645,0
5,160,152,13,3.7595762399529153,0.010133168861487414,1,0.737390810767616,0.6249553611205934,0
5,160,153,13,4.636656983281334,0.005435197845029264,1,-1.2701792261157026,0.44161732733741166,0
5,160,154,13,6.484371698244179,1.5398649545543e-4,1,-0.3282841914110512,0.8340740734427958,0
5,160,155,13,3.5794223379679444,0.019065416843701517,1,-0.08507084655249614,0.9547765775745186,0
5,160,156,13,6.712738407039247,2.4962823926479942e-5,1,-0.2102174316560948,0.9096355603732581,0
5,160,157,13,2.9083827620700675,0.06628374715402299,0,-0.8038923066741441,0.6274639821681776,0
5,160,158,13,4.833302172270366,0.0022525268762971654,1,1.6172707675508355,0.3055662673063507,0
5,160,159,13,4.596837077973452,0.0034391358581404266,1,1.1710155630374244,0.45463576229634095,0
5,160,160,13,6.157257417682579,1.9719103805576412e-4,1,1.1315646244708608,0.44973597731089276,0
5,160,161,13,4.482636358616775,0.009066464357117648,1,-2.1593384997451652,0.20696413698903005,0
5,160,162,13,2.930752825328748,0.09634429452368512,0,-2.1300585944156563,0.17347263075053587,0
5,160,163,13,5.8996872315735045,3.792835022469712e-4,1,-0.5098696822495731,0.7468824149796977,0
5,160,164,13,3.505864072350223,0.03759980565735835,1,-0.7504963382257345,0.6026678354150152,0
5,160,165,13,6.905182533765317,3.489481898462488e-5,1,-0.48183577561694774,0.7635280922040585,0
5,160,166,13,5.44538993002825,2.9318060267317215e-4,1,-0.557323389565977,0.7368841734205809,0
5,160,167,13,5.50734591568935,0.0011189197511069096,1,-0.1468241278662176,0.9214033060022468,0
5,160,168,13,5.213683809989006,7.656173373277869e-4,1,-1.096774803401267,0.5178271144909756,0
5,160,169,13,6.587558336911679,5.19725294542826e-5,1,-0.2581391167984095,0.8719147907937194,0
5,160,170,13,4.6271978242351715,0.0025652026567074284,1,-3.852571920661458,0.009828833974323445,1
5,160,171,13,4.856994064294297,5.912291174923373e-4,1,1.3959102853599628,0.3749693228115356,0
5,160,172,13,5.534819958875605,7.409931140697068e-4,1,0.28093186925750174,0.8580027177544611,0
5,160,173,13,5.786168426570353,1.8364775744100344e-4,1,-0.3034040672439733,0.8453088466655904,0
5,160,174,13,4.274291436583135,0.00803506572783121,1,-2.2414183794478615,0.13842103863081034,0
5,160,175,13,6.608030682269661,1.3359504076490517e-4,1,-0.2309627938189798,0.8920941581495462,0
5,160,176,13,2.8931998350532506,0.07045121260284058,0,-1.0487337458204742,0.5153158300610474,0
5,160,177,13,4.471609772033222,9.577067035385402e-4,1,0.4993508210672797,0.7497900607590889,0
5,160,178,13,3.343407346188844,0.04414057966719586,1,-0.40657424488460786,0.8019707776974306,0
5,160,179,13,3.9654772719381244,0.018295817265200968,1,-0.6736882298196192,0.6840481339788115,0
5,160,180,13,5.4493632580065325,6.825359605818946e-4,1,3.7406064818837295,0.014861551734100005,1
5,160,181,13,4.079560552949461,0.009798754036890064,1,3.125922936234428,0.04711435593295583,1
5,160,182,13,1.9166268753753983,0.22225983647558517,0,0.5054245607047415,0.7400509193249937,0
5,160,183,13,4.066759316572099,0.016706958661362226,1,0.5483298732898905,0.7319302129051735,0
5,160,184,13,6.004856645710835,3.1418727433190944e-5,1,2.087028819200116,0.18486906393256428,0
5,160,185,13,2.7172922844079475,0.08868736273119852,0,1.0536754404275095,0.4669204259512896,0
5,160,186,13,4.167500968712785,0.009810586866439814,1,-1.0516957087072984,0.4695483070600449,0
5,160,187,13,4.732906507611856,0.0034443364617238576,1,0.2739786160246843,0.8583712643375189,0
5,160,188,13,6.87415776105049,4.1990167657191674e-5,1,-0.07062565257796609,0.9641569561095766,0
5,160,189,13,2.038410204036183,0.21997601854901738,0,-0.35004101759677964,0.8337471844758166,0
5,160,190,13,6.131195691215394,1.7270477056530723e-4,1,-1.1245810498581685,0.48617870576408284,0
5,160,191,13,7.104068072221532,4.8184020578463695e-5,1,0.2492784528882144,0.8773363790604978,0
5,160,192,13,3.9986517211097734,0.01772845605717059,1,5.028500249036559,9.282470772669078e-4,1
5,160,193,13,3.21609266438278,0.05185656679926347,0,2.511620948089518,0.0993971541848292,0
5,160,194,13,5.688886841654001,2.8880732596186983e-4,1,-0.40997928240690257,0.7757590482571135,0
5,160,195,13,5.885708305303205,1.9643740868550212e-4,1,0.5322899899742146,0.7571221778908943,0
5,160,196,13,5.671949722317245,5.961081912506436e-4,1,0.4479863422055612,0.7808630560352421,0
5,160,197,13,8.111647076851835,2.343822281222222e-6,1,-0.28600643169474227,0.8477379743407921,0
5,160,198,13,7.43012990697902,5.960543041429603e-6,1,-1.7877326743924666,0.2543067234266616,0
5,160,199,13,8.361804203843455,1.3229112033943734e-6,1,-0.34812550839580486,0.830143138612297,0
5,160,200,13,5.457659538275933,0.001070828582343877,1,-0.6072367047294532,0.7056005082089569,0
5,160,201,13,3.796188098781499,0.014629827945712904,1,0.950415763551741,0.5441190179000401,0
5,160,202,13,5.994642899331119,5.878264035122447e-4,1,1.0744448056988936,0.46870990032927107,0
5,160,203,13,8.248322318966679,1.3594795959136617e-7,1,-0.19864772423815488,0.8990062579869487,0
5,160,204,13,6.210571626164922,1.6599287466772074e-4,1,-1.1100886923995,0.46691951172245416,0
5,160,205,13,2.95282888874577,0.08077772188419488,0,-0.23282797852536996,0.8774374340474924,0
5,160,206,13,5.757052146945756,3.072177253396328e-4,1,-0.682671509755239,0.6553068753019756,0
5,160,207,13,6.584951345413831,5.2453724987601664e-5,1,-0.407412917354696,0.7951427431380166,0
5,160,208,13,5.383017650377111,9.11902476266855e-4,1,0.1900127647196867,0.9051771004862,0
5,160,209,13,4.275428107918572,0.006058757230804803,1,1.191126195473426,0.4476433745498113,0
5,160,210,13,5.742477999189606,6.691387049419867e-5,1,-0.5388407603245525,0.7068132610740341,0
5,160,211,13,5.835832268743483,2.0565636797796797e-4,1,-0.6823251123087868,0.6536659031040276,0
5,160,212,13,6.835011281809735,5.5189985340860916e-5,1,1.8583926131187454,0.25306950235115255,0
5,160,213,13,4.038553098189329,0.011640471098665872,1,0.5381918340206351,0.7336382484481425,0
5,160,214,13,5.183772343552417,7.734111648761172e-4,1,1.2694645218272789,0.3519476397625023,0
5,160,215,13,4.283075628643929,0.004898152720936007,1,-0.49047256528810496,0.7805126991470711,0
5,160,216,13,6.524392765228899,5.511498648726196e-5,1,2.324399898686878,0.15759433708606027,0
5,160,217,13,5.225227082132152,0.0018719368344984775,1,-1.7484768439945708,0.2735032971381264,0
5,160,218,13,4.372652034852235,0.011917036213275098,1,0.7421942570178165,0.6389459359775622,0
5,160,219,13,4.475770008058573,0.006314110613267993,1,0.9973858502315773,0.5468908080128849,0
5,160,220,13,7.072623449556076,1.8442862668073634e-5,1,-0.6052630172170932,0.6882690385128458,0
5,160,221,13,3.3550295186643977,0.030627462104850248,1,-0.6456256408368939,0.6671499978943585,0
5,160,222,13,5.930957695743913,2.896735355196302e-4,1,-1.4019330252748472,0.3239752105488899,0
5,160,223,13,5.417138504886173,4.575793678138131e-4,1,-0.07404790212832378,0.9615068329479807,0
5,160,224,13,3.4531903965455446,0.03847280219218823,1,-1.735634767768554,0.32219842840102814,0
5,160,225,13,4.593337210249531,0.008497513660875167,1,0.8133467616056799,0.5761932280730401,0
5,160,226,13,5.554805924457953,7.451064449870569e-4,1,2.132048278449498,0.1661947071030985,0
5,160,227,13,4.047297564127167,0.01717727940892762,1,-0.2950615324137255,0.8563363771371536,0
5,160,228,13,4.634528949821919,0.004303755967997546,1,1.0860415725118329,0.5050528821661657,0
5,160,229,13,5.622872402301874,9.42723079394169e-4,1,0.6834887874816041,0.6629879170711019,0
5,160,230,13,2.1442293182866803,0.2149945162660787,0,-0.8730862245776874,0.5910180273074612,0
5,160,231,13,6.470043736468967,3.695706847294292e-5,1,-1.1486131915535955,0.41888706812794574,0
5,160,232,13,4.929620269723445,7.956490956515738e-4,1,-2.5502448277023833,0.07810182734536182,0
5,160,233,13,3.1122443514426745,0.04830841275037702,1,-2.542615525369687,0.10964085455526512,0
5,160,234,13,5.3942879641070345,2.1065437529940086e-4,1,-1.5071712662803556,0.3216476620538651,0
5,160,235,13,4.320824765531143,0.01576052742764911,1,0.09991701343922181,0.9522336006341936,0
5,160,236,13,3.779782386251537,0.024415929456497537,1,-2.672270688768729,0.08923645601189305,0
5,160,237,13,3.791413082981737,0.015521235699297588,1,0.8965197583355015,0.5382057540707983,0
5,160,238,13,5.053754831453776,8.562540320723981e-4,1,0.6805721774813295,0.6396743257031915,0
5,160,239,13,3.2907498295467446,0.02370997250193915,1,1.287298463784707,0.3791883107039271,0
5,160,240,13,6.06690902825014,2.965856975664797e-4,1,-0.23389078881333158,0.884776133871863,0
5,160,241,13,3.2820537015553715,0.032321676397751534,1,1.2466042001756743,0.417119060820612,0
5,160,242,13,3.396078259132603,0.03159340258616311,1,1.2429089333079533,0.4388899187448011,0
5,160,243,13,3.48697084436957,0.019475749458651794,1,-3.1837280552606098,0.04864228505921802,1
5,160,244,13,5.508803521308156,8.182680000733126e-4,1,0.24097017093543965,0.8852869820914863,0
5,160,245,13,3.2932534889604472,0.056547707080034836,0,-0.7276125056303652,0.6315735488149163,0
5,160,246,13,2.678265524641983,0.07032294388785608,0,0.14633943863002088,0.9224551210063288,0
5,160,247,13,4.228849350984256,0.0073760454356755,1,0.5734043846610577,0.736868301319989,0
5,160,248,13,4.08508085942738,0.004050332647292442,1,-0.2478638528101685,0.8717178204005532,0
5,160,249,13,3.0672694608159263,0.05666589050953744,0,1.4811113280138455,0.36013618762112953,0
5,160,250,13,6.166596407040563,3.7610225726463344e-4,1,-0.0986206555456472,0.9465046830673544,0
5,160,251,14,7.153806656845148,3.0398225948817906e-6,1,-1.2242575653943857,0.42886345305726903,0
5,160,252,14,7.656323378495156,2.4488327392925133e-7,1,-0.6029769354331135,0.7187907887552872,0
5,160,253,14,5.158919098989519,0.004048112281465256,1,-1.3042909786347165,0.3946275269769959,0
5,160,254,14,4.174249517779256,0.009638576899210452,1,1.299144902648549,0.4347958850916779,0
5,160,255,14,5.083787810168851,4.1164065215594655e-4,1,1.1997345962400117,0.37172137652657666,0
5,160,256,14,5.77885053089614,4.011898980610865e-4,1,1.4883789922074433,0.2936696292014075,0
5,160,257,14,6.581113165508731,2.393388043345339e-5,1,0.5259596513462381,0.7327916084802648,0
5,160,258,14,5.840662036945087,1.431426525441803e-4,1,3.2898738309600586,0.03514045686804924,1
5,160,259,14,3.220618750115091,0.0474612202861861,1,-1.8205568255438063,0.24243261953914577,0
5,160,260,14,6.330037528020326,1.1182622770121157e-4,1,0.8631862862493415,0.5507315742730869,0
5,160,261,14,5.749687896854087,5.216975451957178e-4,1,-2.7650683201650486,0.09929672898650882,0
5,160,262,14,5.739223278219589,2.3725901034036555e-4,1,2.6881357661306544,0.08851838483867037,0
5,160,263,14,5.060302184633975,9.244015543697225e-4,1,-1.8999181131385616,0.22793617261196317,0
5,160,264,14,4.389444981445241,0.0104563954987514,1,1.393264781265409,0.4095574773511983,0
5,160,265,14,7.581608247905066,1.71698737759868e-6,1,-0.6813367079480758,0.6423666233161478,0
5,160,266,14,5.48682064115755,1.3008784008500444e-4,1,-1.3941715246852522,0.3521850232721804,0
5,160,267,14,4.9792843595114125,0.0019271978047248075,1,-0.24799336329705052,0.8771852653828114,0
5,160,268,14,3.514864993006523,0.03342339393450151,1,3.868606459957459,0.01631262135697184,1
5,160,269,14,5.10482905109765,9.225055236358443e-4,1,0.6143247070251767,0.694956382188757,0
5,160,270,14,6.934897578183325,3.9726107547470995e-5,1,0.17928533110217718,0.9116944602361534,0
5,160,271,14,5.477606375981756,8.782059199589462e-4,1,1.0623321653624025,0.49769288559600844,0
5,160,272,14,5.919112507857599,9.337387509122711e-4,1,0.5350273391196082,0.7515049271765061,0
5,160,273,14,5.600708141056958,1.2856742652108988e-4,1,-1.7081636906811537,0.2732658290811615,0
5,160,274,14,5.522020833480857,2.915108977139286e-4,1,0.9260218310574969,0.5631177446955563,0
5,160,275,14,6.722846791298473,7.310204811420562e-5,1,2.2763822887154124,0.17737210291497157,0
5,160,276,14,4.522982083259952,0.0069581970507513755,1,-0.4352514700489542,0.7697239474374632,0
5,160,277,14,3.478514604589784,0.04103784937203144,1,-0.9751651014454996,0.5544817342480982,0
5,160,278,14,2.7777879598003317,0.07268434980840127,0,0.047522643408332774,0.9764151983505841,0
5,160,279,14,6.337643284948868,7.48678333219727e-5,1,2.353858862920542,0.12926377248278278,0
5,160,280,14,7.217499810294605,1.2983842986640386e-6,1,-1.4600089352615988,0.3313197469203599,0
5,160,281,14,3.802280805441876,0.007605590360205976,1,1.852531994245878,0.2430077444574564,0
5,160,282,14,2.4567418759656965,0.10945100564965629,0,1.1193713776252392,0.4707557219859968,0
5,160,283,14,6.638819010802121,1.117306236991796e-5,1,1.5768359412377444,0.2723090869570813,0
5,160,284,14,3.7019410235118424,0.031921144237998945,1,1.6044730295755592,0.3400497367516826,0
5,160,285,14,5.303513512664896,0.0016270921957781321,1,4.250397814592424,0.013854023734493655,1
5,160,286,14,6.009014812090078,1.8130486385506024e-4,1,0.2151498460636921,0.9023524746880045,0
5,160,287,14,9.237187485983135,1.6318918943555e-8,1,-0.4367768331189089,0.7663703261586865,0
5,160,288,14,5.096467769241258,0.001187647662223626,1,-0.2570873389042622,0.8741987176318777,0
5,160,289,14,5.128077592007273,0.003186890960783511,1,-0.2551729873404551,0.8708771232247918,0
5,160,290,14,4.855768513706367,0.0014570935125889034,1,-1.6444626207968525,0.3338711533151708,0
5,160,291,14,5.291352495968377,0.0012917449984875238,1,1.468109795428789,0.3645498545565238,0
5,160,292,14,8.517630041360906,4.982165928598426e-7,1,-1.1034582228193273,0.5010794000777905,0
5,160,293,14,3.485700123418965,0.02654176410377032,1,-2.494929397148854,0.11178869815586391,0
5,160,294,14,6.358182438327047,6.232588172297063e-5,1,0.6968149105102566,0.6418570979354828,0
5,160,295,14,7.776741924199858,8.06050297039445e-6,1,1.5754176343542432,0.381038042871957,0
5,160,296,14,2.6641837422418133,0.10155842627307313,0,0.06068830034819312,0.9659649197280467,0
5,160,297,14,7.054614171129699,1.8295791742235375e-5,1,-1.9537701942189405,0.19042194499856338,0
5,160,298,14,3.8044598251675814,0.027971036119334335,1,-1.1979561170884154,0.45040991239199024,0
5,160,299,14,1.7416982538715176,0.23465086754979436,0,0.6243465620293238,0.6686302368773034,0
5,160,300,14,6.7228413348285825,3.9003294488242154e-5,1,-1.2775326527534405,0.39220462913737386,0
5,160,301,14,3.4226718501424878,0.01727015575112245,1,2.911498583913009,0.04872070742993692,1
5,160,302,14,4.5437428623343665,0.0069962022087712026,1,0.1320474083976159,0.9348215906148658,0
5,160,303,14,4.261081465107551,0.007865868200523787,1,0.8261066811588615,0.6239960852839646,0
5,160,304,14,5.753768363562575,6.165195157781945e-4,1,-0.5542870918917447,0.7108999658222092,0
5,160,305,14,8.79574401972848,6.542232031772267e-7,1,-1.368318162364887,0.4056303756462124,0
5,160,306,14,2.58500055723182,0.11081820110085516,0,0.9446429456678568,0.5423495859969525,0
5,160,307,14,5.341571131029092,6.127242108188219e-4,1,0.9089453708874223,0.5642649161910913,0
5,160,308,14,4.860023564324895,0.0028996666492452773,1,0.1556618649550217,0.919033889214961,0
5,160,309,14,5.9506402031649985,1.7296846964131966e-4,1,-3.1259678713113552,0.050795302274532696,0
5,160,310,14,4.557333376315141,0.0020750578510855366,1,-0.20911310511364536,0.8987752609073405,0
5,160,311,14,5.032000931643052,0.0015703713732179393,1,-0.029155677280737008,0.9832486845626724,0
5,160,312,14,6.591722650866539,1.92093033301797e-5,1,1.1871951473295643,0.4543479235033082,0
5,160,313,14,6.67640461853191,9.12657285397159e-5,1,-0.3348571725313978,0.8292792456501853,0
5,160,314,14,5.888700033141952,8.696370392008491e-5,1,-0.10141752177315361,0.9539455459662343,0
5,160,315,14,2.6347689092221063,0.0848387234543873,0,-3.6242782970723453,0.03774093456685341,1
5,160,316,14,5.528524003626433,3.0742128907280105e-5,1,1.6742156249369347,0.3203446261174639,0
5,160,317,14,2.1219834230812147,0.16834976062638665,0,0.9291291589265903,0.5400533066059644,0
5,160,318,14,2.535881482410361,0.1220736533162673,0,1.858019927412645,0.20744892244729965,0
5,160,319,14,7.359109796633708,2.092022996662446e-5,1,0.6116719031616178,0.682106988643707,0
5,160,320,14,5.4239342857270225,2.7766395386853975e-4,1,2.783250976721392,0.06545229611680109,0
5,160,321,14,7.036355986745458,5.666634327997134e-6,1,0.6529405459826096,0.6665219333204112,0
5,160,322,14,6.847220275181496,3.7051208830755743e-6,1,-0.22845929165899884,0.8864431011804832,0
5,160,323,14,3.7875349096582713,0.02842447652841139,1,1.0601157760164952,0.5116644401655753,0
5,160,324,14,3.1073272290167964,0.08426103158011103,0,0.5148096625236076,0.7422997405278584,0
5,160,325,14,5.599611728988083,6.377708446775645e-4,1,0.028754701473037922,0.9839875905459103,0
5,160,326,14,4.64006336908574,0.002041785593650842,1,-2.631471689159061,0.1054947450244248,0
5,160,327,14,5.199675806060148,0.0027115410745293133,1,0.7671305525359912,0.6042266645640395,0
5,160,328,14,4.893690438687955,0.0020028646910051242,1,-0.6426552791252506,0.6834895905568976,0
5,160,329,14,4.484781045741576,0.0034281117281944077,1,-3.2280894041634562,0.029534370637948917,1
5,160,330,14,5.419523009407977,3.822323079374354e-4,1,-1.464408153177231,0.3663353684478331,0
5,160,331,14,5.469927642101964,0.0010842794407584311,1,1.4693514369449827,0.3414781914392806,0
5,160,332,14,4.268147013939428,0.014352023884405294,1,-0.8738725495957931,0.5999474510008558,0
5,160,333,14,3.725148368533247,0.014399586266855557,1,-0.8244312867401271,0.5938605916404425,0
5,160,334,14,6.622599865317151,2.1782997700798428e-5,1,1.29795258490135,0.43186858476219947,0
5,160,335,14,4.440593753854478,0.006429864836858957,1,2.0415437690888845,0.13920686995296885,0
5,160,336,14,7.299811797334014,4.21349069992232e-6,1,-0.24043563929590195,0.8692130042210346,0
5,160,337,14,4.8791312169997365,0.003831406134058679,1,-1.6765044537894034,0.3202608354767188,0
5,160,338,14,4.483782659844499,0.011601679956907114,1,2.143282422247776,0.15033767849055285,0
5,160,339,14,2.7099779475256582,0.09530623349509439,0,-1.9480646028870656,0.22300368820660582,0
5,160,340,14,3.9802293122027046,0.012356766093056045,1,1.3154538099853195,0.3995978274009262,0
5,160,341,14,3.4347291905246533,0.02243890952271589,1,1.0003630936316747,0.5420319664963336,0
5,160,342,14,7.218430629465476,3.135976636164528e-5,1,-1.3958708800137263,0.4356478377327949,0
5,160,343,14,5.092700713874205,0.0012763977503754305,1,2.112119317875715,0.20838383031263918,0
5,160,344,14,3.5783486779345757,0.018502594060940698,1,1.0262409369311434,0.5139180585580321,0
5,160,345,14,3.5487540332152436,0.04226295610783978,1,0.3940844521645847,0.7881778786820395,0
5,160,346,14,5.66240223169581,5.728037442184104e-4,1,0.5680671630699027,0.7095940296722827,0
5,160,347,14,4.541580862424318,0.009871395973840617,1,-1.85461632281946,0.2448257036006935,0
5,160,348,14,6.117185788690916,1.7372014058599983e-4,1,0.7920238004883104,0.6635753553015368,0
5,160,349,14,7.04608528550154,5.4061770249674036e-5,1,-2.888930522402496,0.05850352766588721,0
5,160,350,14,8.433701055570994,9.790259532931499e-8,1,1.5084169367903466,0.35868286772788327,0
5,160,351,14,4.179939637747738,0.0070801181182585425,1,3.039977293269565,0.047350858315306624,1
5,160,352,14,4.414588682903283,0.0031368244854796203,1,-0.3209043102684936,0.8340507495074749,0
5,160,353,14,3.466925295196154,0.035489240202655856,1,-0.0969803565620357,0.9515654797120112,0
5,160,354,14,3.61586571692018,0.025790365076935808,1,0.1930026999050228,0.909222584381374,0
5,160,355,14,5.565735481198166,2.1451705148970896e-4,1,-0.29785461953414943,0.8428116693449256,0
5,160,356,14,6.547523955586018,6.457796389562017e-5,1,-0.9149343889559329,0.5513219681403143,0
5,160,357,14,4.5079612110034954,0.0042825172811309965,1,-1.0066953467632478,0.534242322618833,0
5,160,358,14,3.7516407615424283,0.02263294980407767,1,-0.13800498940422945,0.932038161866718,0
5,160,359,14,5.024081905285987,0.0019390688011318253,1,0.2792231351930227,0.8416704884210577,0
5,160,360,14,4.122645593687829,0.008011138771586488,1,-1.782103534439957,0.29583700274548047,0
5,160,361,14,4.94202746964548,8.472230424257475e-4,1,-1.6943087021921859,0.3383664498461112,0
5,160,362,14,3.781942788430145,0.02972445540564173,1,0.04234918261764941,0.9791526813900964,0
5,160,363,14,5.3930858754018205,4.5729941066760874e-4,1,-0.12502947587626032,0.9367588740120039,0
5,160,364,14,5.343053809912368,4.922947779578094e-4,1,-2.581938234208315,0.09510285325650836,0
5,160,365,14,6.89771815738203,1.019464136717977e-5,1,-2.1668725014484527,0.17653206986787534,0
5,160,366,14,5.521654211544442,6.295361711323485e-4,1,-1.8651659172086983,0.2811386752221174,0
5,160,367,14,6.291791109553642,1.1691995971962258e-4,1,0.13332366864931502,0.9273068748202833,0
5,160,368,14,5.931419274694894,1.884344615040157e-4,1,-0.2506576698767179,0.8741768391591827,0
5,160,369,14,3.4275507726790244,0.017188094265027893,1,-0.3440464269760921,0.8209256773793895,0
5,160,370,14,4.993773978796994,0.0016891183441938426,1,-1.9958014155441088,0.2575858580298009,0
5,160,371,14,4.563112090581049,0.010779704625940419,1,1.1715204936682873,0.4714146081747761,0
5,160,372,14,7.630458994628871,1.6972141687112717e-6,1,-0.7326313289868008,0.6405728118973878,0
5,160,373,14,6.998995160510584,1.7514267444582175e-5,1,-0.38619594750579544,0.8236238887306732,0
5,160,374,14,5.062377606249996,0.0011114613750907135,1,-0.3453869393601063,0.8159646011790821,0
5,160,375,14,4.724157110933823,0.001384788372686594,1,0.5712919610764484,0.7315966703236324,0
5,160,376,14,5.310831396483992,0.002068551631942823,1,1.7330143343813413,0.25947938496636297,0
5,160,377,14,6.91690075272728,1.717224010478331e-5,1,2.1223844257968745,0.16584275786059202,0
5,160,378,14,5.36922037152091,8.85510305911751e-4,1,0.395812285352969,0.7996862358841117,0
5,160,379,14,5.859097822171291,2.4267800864006625e-4,1,0.16813957284064265,0.9094357767167086,0
5,160,380,14,3.7752087269462273,0.018260423125555578,1,-1.5072400841025453,0.41183351434080073,0
5,160,381,14,3.6317164835423195,0.012364701856926133,1,-1.1470603155038621,0.4901021300448295,0
5,160,382,14,5.444114350708372,7.29514186816145e-4,1,-0.9389227261399025,0.5257692083553858,0
5,160,383,14,6.622723196110883,3.751088837194302e-5,1,1.032138844138967,0.536267031281916,0
5,160,384,14,5.42647685430031,4.808901874993873e-4,1,-1.350094875967766,0.4177567419857391,0
5,160,385,14,0.7627987101560211,0.6121491236539351,0,-1.3435549401580618,0.41154538087329096,0
5,160,386,14,6.082917528665418,3.978886400960661e-5,1,3.003378855110667,0.0532009766273716,0
5,160,387,14,4.325869193036208,0.006782231692254904,1,0.29401453655127807,0.8498149421478356,0
5,160,388,14,6.254579256332738,2.198921878175008e-4,1,0.3256194324917936,0.8223583330947128,0
5,160,389,14,3.8079063838964498,0.01911816703963539,1,1.7490229987583492,0.2752497186772243,0
5,160,390,14,4.9783006888741825,0.004012645962813922,1,0.38791531527149176,0.8006834069277934,0
5,160,391,14,4.91951927470558,7.647767237126036e-4,1,-2.6169176806487298,0.11701851402088183,0
5,160,392,14,7.420595668338819,2.1361219692898603e-6,1,0.16003997627208888,0.9286564419122321,0
5,160,393,14,5.756327458263916,0.0017261827317128318,1,-1.7948677826819655,0.22523793016776572,0
5,160,394,14,4.023036269279244,0.012341330187595046,1,1.928611629957932,0.25405003446311625,0
5,160,395,14,4.951276352023998,0.0023532004154198033,1,-0.7630829258335755,0.6064474190564659,0
5,160,396,14,4.527816148863786,0.0015597530210101796,1,0.7063949061875157,0.6363671387186433,0
5,160,397,14,3.142135414574809,0.04339076836537593,1,-1.155205405245411,0.47340616592427365,0
5,160,398,14,5.563865475595286,7.656876882819254e-4,1,-1.3294645140881425,0.4121447244201597,0
5,160,399,14,6.938423924267589,1.2145340305963178e-5,1,-1.1580441288925227,0.45458505912661795,0
5,160,400,14,8.372349642156891,7.615773194225884e-7,1,1.3101483182445761,0.43348752185204353,0
5,160,401,14,3.6274125098338947,0.02874796660378815,1,2.525338833501762,0.07966591021644619,0
5,160,402,14,6.045358270316461,2.500213089665887e-4,1,1.656764014087606,0.3105463903043824,0
5,160,403,14,4.439530681466454,0.008657455142482222,1,0.705268535213571,0.6764683682382053,0
5,160,404,14,5.177199507539316,3.673720279838339e-4,1,2.291657579464733,0.10814973697471053,0
5,160,405,14,4.946327623353632,0.001788956748108236,1,-2.5485959513067566,0.15407339041739473,0
5,160,406,14,6.954539557708462,1.305095863896448e-5,1,-0.49266453915369246,0.765707445275275,0
5,160,407,14,3.333517537752616,0.022341249228951376,1,-0.7025210501362459,0.6836299845574219,0
5,160,408,14,5.233950991129048,8.979482893271456e-4,1,-2.5895661103110212,0.09485285807793142,0
5,160,409,14,6.0630736313628715,1.727623169523805e-4,1,-0.21699811671494604,0.8886094684365696,0
5,160,410,14,6.448896652177089,6.686105743397317e-5,1,-1.3756866169079591,0.3904842617523262,0
5,160,411,14,5.282261102631554,2.940778455447995e-4,1,-1.754614456270838,0.30145929317801673,0
5,160,412,14,4.213489358598353,0.005504156353005895,1,-0.06885997178298024,0.96538302356643,0
5,160,413,14,5.357113834687361,4.647187244926931e-4,1,0.5379130456215712,0.7363406744350972,0
5,160,414,14,3.757920087212717,0.022050210237283596,1,2.59954420673284,0.10991635661358383,0
5,160,415,14,7.33292620198997,7.272599344446355e-6,1,-0.44555297239294783,0.7701801100860992,0
5,160,416,14,7.394435170370527,4.539961685643395e-6,1,-2.538785660725942,0.11935068739879656,0
5,160,417,14,3.5331362659804166,0.02241772534551721,1,2.6848671392380314,0.06763654878189526,0
5,160,418,14,7.403760619178444,2.6628752481046043e-6,1,-2.081604681623717,0.15752788808713747,0
5,160,419,14,6.568936967956544,3.097050511321445e-5,1,-2.203431199710556,0.1572846232049408,0
5,160,420,14,6.142731316607457,1.4928518058663717e-4,1,2.049983404096094,0.15827359062292864,0
5,160,421,14,5.743273454210222,4.624289119235038e-4,1,-0.5849171357412238,0.7250545642478173,0
5,160,422,14,5.488944104040363,2.5842026167884226e-4,1,2.749482566033166,0.10355353233050586,0
5,160,423,14,5.201539405595581,8.145685636749394e-4,1,0.34400888055183515,0.8173001319700537,0
5,160,424,14,3.2501842226518933,0.041063007598811485,1,-0.19439633035766807,0.8963093702877776,0
5,160,425,14,4.894432575867475,0.0013302466810489254,1,-2.252076325645882,0.1807207173171296,0
5,160,426,14,2.5089609731091995,0.09969547731161532,0,0.17518097076657801,0.9101603140382278,0
5,160,427,14,3.8870650081967137,0.01033992308644022,1,0.15607295183256625,0.9189567648563765,0
5,160,428,14,3.3031519374197074,0.04708842674406837,1,-0.5958316906961221,0.7094024906066945,0
5,160,429,14,4.010979479992393,0.013020302237644188,1,2.988623334790147,0.06264262608764547,0
5,160,430,14,6.881734214531054,1.9470052746191463e-5,1,0.38276699030442635,0.8149386525049468,0
5,160,431,14,2.188472624384092,0.15494859106461883,0,1.594122122967198,0.31961386298807326,0
5,160,432,14,4.366884365244418,0.0022755787482360147,1,2.8888210377271695,0.05143645856116325,0
5,160,433,14,4.784357049008493,0.0019569328582853423,1,1.5491249354789587,0.31759521318537776,0
5,160,434,14,5.001325829545623,6.505895942128562e-4,1,-0.4610977964238437,0.7673675227731673,0
5,160,435,14,4.5376067120192385,0.003444159044485675,1,-1.628329119824322,0.3084222579215739,0
5,160,436,14,3.1809615073139335,0.026726268988328823,1,0.4946897124286963,0.7427339816586076,0
5,160,437,14,6.785581717164426,4.5586349245922296e-5,1,-0.8604215265278046,0.5805855835996003,0
5,160,438,14,7.0537020116999996,5.7021195806097e-6,1,1.0263618747495662,0.568437993942293,0
5,160,439,14,6.887547178300284,6.136467060832895e-5,1,-1.2704843586211838,0.4183704719001128,0
5,160,440,14,2.093093407390987,0.1829278343832156,0,-0.3673395307833822,0.8182617586934466,0
5,160,441,14,5.511318312256679,9.033320014724904e-4,1,-1.0375405409465555,0.5093349719300928,0
5,160,442,14,4.208256477405927,0.009452694694314555,1,-0.7693131937690373,0.6379825097724213,0
5,160,443,14,6.764266726160873,4.7079102288383134e-5,1,1.2768153170425605,0.4499531400207709,0
5,160,444,14,4.103022371148876,0.007862453049687326,1,-0.45540726529619846,0.7849759838826975,0
5,160,445,14,3.2296654427259273,0.041643936933773294,1,2.7934531660413175,0.07973375007199315,0
5,160,446,14,5.243377560173089,0.002028622415195546,1,1.136451049552222,0.4527019342544568,0
5,160,447,14,3.398269122682913,0.0294368553079779,1,-1.9883512950464381,0.18623197231749247,0
5,160,448,14,3.459717421126563,0.034161366520217964,1,-0.671259704944548,0.6557538224966422,0
5,160,449,14,5.962413664418895,5.923683922954947e-4,1,-0.45535103630769275,0.7829837082937313,0
5,160,450,14,3.2616659847007554,0.043355082415115744,1,-1.5676563833767843,0.32785660556750573,0
5,160,451,14,4.92010696456789,0.005195951739317639,1,1.4856031332076272,0.3635942360072012,0
5,160,452,14,5.9712538110466,1.5280243338025652e-4,1,0.919122885079649,0.5848941600441184,0
5,160,453,14,8.627257532952173,4.6148623365187714e-8,1,1.2185531569248746,0.43525098516416394,0
5,160,454,14,5.304462596561197,2.8998437873287397e-4,1,-0.913907074607484,0.5549713412072113,0
5,160,455,14,6.5267006065784585,2.7750733551192384e-5,1,0.02422641409680963,0.9877890702840508,0
5,160,456,14,4.951907578031155,0.0010478684446615528,1,-1.7481259425758993,0.22137454020019093,0
5,160,457,14,8.178492958653548,1.1092057244792471e-6,1,-0.732842977877083,0.6476060319815923,0
5,160,458,14,8.117291505456826,6.005042910725346e-8,1,1.881247482701402,0.23753315663799357,0
5,160,459,14,3.147434816137159,0.04234357809374914,1,-1.4028128714671686,0.395111694672431,0
5,160,460,14,6.018810107490348,9.67528774096274e-4,1,-2.8994600161765756,0.07952468285920687,0
5,160,461,14,5.102032399168898,0.0010187739763651569,1,2.2229258042839968,0.16424541166877005,0
5,160,462,14,5.462752316496129,0.0013615676891059272,1,-0.5670773684592114,0.7502590388537894,0
5,160,463,14,3.891755325175387,0.012890430293826147,1,1.596196211968553,0.27722461135309395,0
5,160,464,14,4.453036906600413,0.009304964786534529,1,-1.0332847046943732,0.48548734965784335,0
5,160,465,14,7.133456589538185,1.4493809910316085e-5,1,-0.28564858576718133,0.8518784598868113,0
5,160,466,14,6.198383520058976,9.619714148315097e-5,1,1.185692903786351,0.45586485782292274,0
5,160,467,14,6.9038806559879085,8.322294208378346e-5,1,-1.5385835892241615,0.3553843604264978,0
5,160,468,14,5.918196845620663,4.806236061068622e-4,1,-0.4260362060600003,0.7890605117112187,0
5,160,469,14,5.126480564642964,0.0020747509612531107,1,1.6939946625969453,0.2434713271432343,0
5,160,470,14,6.673684521062319,3.1407088154031552e-6,1,-0.8623229255657812,0.5577529154028393,0
5,160,471,14,3.5908725877459164,0.027630250340831164,1,-0.7362614584439108,0.656695087680035,0
5,160,472,14,6.054948458066436,5.597379038668598e-4,1,-0.6700370367764602,0.6492807247163419,0
5,160,473,14,3.1419020190754976,0.03770420067766489,1,0.5973155312210647,0.7170190061418421,0
5,160,474,14,3.577826822753651,0.019188202373392096,1,-3.26235000830045,0.02865932775187695,1
5,160,475,14,4.1745864655063025,0.008485026006563284,1,2.6588167866693446,0.11265826052954511,0
5,160,476,14,4.294606327977099,0.00947600015669457,1,1.4104535602672499,0.32210091595386003,0
5,160,477,14,3.599956100221871,0.015856223447689614,1,-2.021663938512442,0.20446501200608755,0
5,160,478,14,4.105249638542243,0.0080415225639759,1,0.8137735249483495,0.6288951761994428,0
5,160,479,14,2.1778897055417152,0.16332517842723776,0,1.6623525162482655,0.2975784119369489,0
5,160,480,14,4.289657088092045,0.00566149170358942,1,1.9978120852281414,0.21741543254624976,0
5,160,481,14,5.957591565015211,1.089840779765836e-4,1,-0.9989029118316858,0.512772596638543,0
5,160,482,14,4.853100404204441,0.0018340974696664793,1,0.3918786446856694,0.8147924215860044,0
5,160,483,14,3.9919640529742035,0.017687431934915846,1,-0.023637154986454974,0.9879350828223437,0
5,160,484,14,7.695024252024304,7.993850482762624e-7,1,-0.163145207458642,0.91841619680213,0
5,160,485,14,0.38661039932774677,0.8085358184746247,0,0.6709437798303354,0.685236845050128,0
5,160,486,14,3.3670862655626985,0.03293809872912148,1,1.3279498669430658,0.44162544491366496,0
5,160,487,14,5.478414463049681,1.900483224243673e-4,1,1.6952057530476066,0.3211524074479404,0
5,160,488,14,4.53033297836524,0.004521723709393716,1,2.3279643934926524,0.14588943864369353,0
5,160,489,14,6.258891984633894,2.194163867856186e-4,1,1.156115098569029,0.45950682732777104,0
5,160,490,14,6.882981393094546,2.370323666342807e-5,1,2.561637846958943,0.11399994748608763,0
5,160,491,14,7.105506128500435,4.267386296124472e-5,1,0.14343371524483953,0.9261049927034173,0
5,160,492,14,6.625196671821899,1.4957037179891808e-5,1,1.7637891472505516,0.25753089518168765,0
5,160,493,14,3.133993009487088,0.04903267140356574,1,0.14499245820938203,0.9180335925247081,0
5,160,494,14,6.14625698347065,2.4287770527607743e-4,1,-3.3761959071227534,0.03533678211328698,1
5,160,495,14,6.51069284955893,1.3567487575037688e-4,1,-0.8225203975931435,0.590553818644423,0
5,160,496,14,7.49866644138469,4.999496024178456e-6,1,-3.5545767711788123,0.03170910726212062,1
5,160,497,14,2.444222025674234,0.13204161386748986,0,0.7663185930652432,0.5990978272916709,0
5,160,498,14,5.069879205312007,7.301947665831197e-4,1,-1.102588688551233,0.45978457516010063,0
5,160,499,14,6.012845640546519,1.2964063041721893e-4,1,0.24404489582165623,0.8865592583938976,0
5,160,500,14,4.938137290706596,0.004098783878070014,1,-1.2122280252420943,0.4772462894597487,0
5,160,501,15,5.857602575061903,1.5100063690031524e-4,1,-0.8249368585569634,0.6308165945003131,0
5,160,502,15,4.323557301392638,0.009365180291134518,1,0.6224224680599064,0.717017213370404,0
5,160,503,15,7.596560433442705,5.874037294607625e-6,1,-1.5343129074684239,0.3362332356565938,0
5,160,504,15,5.9721474811142485,8.455888061335063e-5,1,0.926915371151074,0.5401784950542698,0
5,160,505,15,5.005367653995164,0.0011003360484027971,1,-0.6903845835224631,0.6953782839438525,0
5,160,506,15,4.658782583762804,0.003098480815423011,1,0.33886644423418494,0.8367380720263026,0
5,160,507,15,6.5680543603588974,1.8046062309069077e-4,1,-0.3756468458024549,0.7834935996851102,0
5,160,508,15,5.184396945532686,2.588546591423394e-4,1,0.9237665969643045,0.6010158452809841,0
5,160,509,15,3.8622149484941044,0.025494096750966738,1,0.7623051094079242,0.6110714555615033,0
5,160,510,15,6.029223086946247,9.572949691259889e-4,1,1.653994283024503,0.2642923474347531,0
5,160,511,15,5.341709102854618,7.941715218800556e-4,1,-2.0650049618482775,0.20052350838162494,0
5,160,512,15,4.498384829683188,0.0029720007188544094,1,-2.1857945484749397,0.14573394002030507,0
5,160,513,15,4.641422568960515,0.0032734750625147413,1,-0.9172449299710888,0.5780465284728394,0
5,160,514,15,5.212690188246442,0.0015254357021908156,1,-0.7781989257564026,0.6392214871830171,0
5,160,515,15,3.5679623748430567,0.02108832306989932,1,-0.25529249052962993,0.8715873591161404,0
5,160,516,15,2.2390617605789958,0.1797217105646006,0,-1.5657201265016791,0.3217859016490306,0
5,160,517,15,7.777445194126256,1.224727771515363e-6,1,0.4793227620379245,0.7693627191159091,0
5,160,518,15,5.527638736745892,0.0017561997121458524,1,-2.8670448486405697,0.056923215527618774,0
5,160,519,15,5.240242810678693,0.0013094811656165846,1,1.0435895093131633,0.5141209046504222,0
5,160,520,15,5.827724448437584,1.6434827114970458e-4,1,0.40233885042066947,0.802250630160896,0
5,160,521,15,5.663230752983375,3.049412910778482e-4,1,2.0262943914397944,0.20302751938420646,0
5,160,522,15,3.2253047995832502,0.03366053573364009,1,-1.6452287687946976,0.26564529013045673,0
5,160,523,15,4.301983185961894,0.004458274173170109,1,0.28988517828834454,0.8411576539311403,0
5,160,524,15,5.5753404810625335,0.0013377600001113874,1,-1.9308196663502433,0.22532499503564127,0
5,160,525,15,6.0648095392145365,1.972771002934397e-4,1,2.3784869787661225,0.11680915960304357,0
5,160,526,15,4.961469327284389,0.002351936284712369,1,0.8917044493749845,0.5856236226394926,0
5,160,527,15,4.327900144691708,0.00793394968186691,1,-1.5175574870470423,0.3308007958518374,0
5,160,528,15,4.432263063901381,0.003535320611940078,1,2.2418067156389268,0.12407371372205653,0
5,160,529,15,4.883989477692117,3.965593407195116e-4,1,0.5492007381183789,0.7332762917986244,0
5,160,530,15,3.1671240244641585,0.04632159177126653,1,0.68508517455763,0.6649846802188162,0
5,160,531,15,4.135364728396643,0.009841697130718008,1,-0.5319763446470668,0.7640566915388594,0
5,160,532,15,5.713107002210661,2.589892292386052e-4,1,2.57528946637982,0.12128818509447824,0
5,160,533,15,5.786999515684464,2.1467281233433823e-4,1,1.9546664044108089,0.1785049698061165,0
5,160,534,15,4.678671255880497,8.885831622483038e-4,1,0.4194816199191518,0.7955187316430803,0
5,160,535,15,5.467777117322929,2.776905861785445e-4,1,-1.64806797200189,0.29492265771409093,0
5,160,536,15,4.8789956611393634,0.0021168052973122714,1,0.14958260041818647,0.9250283502895414,0
5,160,537,15,5.343113609164921,0.0016432191109255665,1,0.9121902840820472,0.586686394588395,0
5,160,538,15,4.039916188342367,0.007186639859185523,1,1.2314568349880426,0.43567037370803785,0
5,160,539,15,1.9578730808028577,0.20648408127069398,0,-0.4893605720031417,0.7492350052905419,0
5,160,540,15,5.512901412358428,3.9608256348641787e-4,1,0.8152425027735352,0.6352622080405846,0
5,160,541,15,5.259773834779339,6.748414943518697e-4,1,0.7272842643613608,0.641503207550119,0
5,160,542,15,5.254236121556568,5.937593816052025e-4,1,-0.5350182590995763,0.7343227551734358,0
5,160,543,15,6.868279397031158,1.1649193347973232e-6,1,-0.18401389750410418,0.9114509280466512,0
5,160,544,15,5.791410839674113,1.686043280288707e-4,1,2.219111796185088,0.17787495879428497,0
5,160,545,15,6.218928587205879,9.00757510318824e-5,1,-1.3449925684116653,0.38473880549042205,0
5,160,546,15,3.52332536668125,0.020494436247828374,1,-3.6430031584785336,0.015418260265419237,1
5,160,547,15,6.065838001794736,2.553014642832041e-4,1,-2.051425781909929,0.18314443540657024,0
5,160,548,15,5.2450153633547245,0.0017444578964025002,1,0.7709276441893924,0.628633842033028,0
5,160,549,15,6.7758528801673785,0.00010447266039307873,1,-0.32033031212228963,0.8519044416063091,0
5,160,550,15,4.3273571170665805,0.006497579571134165,1,0.23553517774857902,0.8685100263685244,0
5,160,551,15,4.009227243280541,0.006915895030642326,1,-0.5375302498158447,0.7247057749318935,0
5,160,552,15,6.71739168679364,3.0729488957126005e-5,1,0.488755848486075,0.7725066516103589,0
5,160,553,15,4.303189528416185,0.006592291548408129,1,1.8774273388370326,0.2208753635563126,0
5,160,554,15,2.8815976795492446,0.07024562419568112,0,-1.3709733438863159,0.40888147250327667,0
5,160,555,15,2.9824535294292165,0.050246985879156054,0,0.3656847568697961,0.7973790889345905,0
5,160,556,15,7.080270445706987,8.21666763061731e-6,1,-0.1772865835185023,0.9144309098408465,0
5,160,557,15,6.259057131673754,6.5865301803758e-5,1,-1.6013730165482605,0.3193657201207129,0
5,160,558,15,4.114846199560488,0.010760911032083797,1,1.9189932528845706,0.23732263294736325,0
5,160,559,15,3.9128246507553253,0.022015172817860963,1,-0.9386317523408629,0.5250848614311663,0
5,160,560,15,5.829605336336452,4.3401915264153956e-5,1,-0.36369455961304287,0.7922251533066281,0
5,160,561,15,3.2323857808547842,0.027437856729744036,1,0.9858818967501394,0.5505528077660757,0
5,160,562,15,4.341939380918563,0.00873129734431854,1,-1.8316936410313938,0.26449539463401034,0
5,160,563,15,6.939020576196204,2.1428606138369388e-5,1,1.9281637015874948,0.22912718216585215,0
5,160,564,15,3.464283434538671,0.03370607004530183,1,-0.15156157854147922,0.9259914397036558,0
5,160,565,15,3.6131692072583728,0.023161091139659633,1,-2.641140124317223,0.09861377608885276,0
5,160,566,15,5.574880073741238,8.285518877251808e-4,1,-1.1237795886049027,0.4615892269063129,0
5,160,567,15,6.302289513837146,2.892883993762763e-4,1,-0.0031930367203584775,0.9983763983585987,0
5,160,568,15,5.241176447620609,8.271389573525359e-4,1,-1.3230427953279267,0.4265215169055663,0
5,160,569,15,4.384832911099965,0.008921725208161911,1,1.2724385444239563,0.43382453996509307,0
5,160,570,15,5.414559692077653,3.9398356405463783e-4,1,1.10518114361922,0.47531430479621917,0
5,160,571,15,2.9592862199772796,0.05328320934526631,0,-1.5621333819815097,0.34412552706707955,0
5,160,572,15,5.905138930578914,3.3921452672875735e-4,1,-1.5205632522122134,0.3283737037905754,0
5,160,573,15,3.6393441402185918,0.014150821420876602,1,-0.516377299154502,0.7607875527494827,0
5,160,574,15,5.569897863827181,4.48311807282163e-4,1,-1.6826301169156177,0.29220765603850196,0
5,160,575,15,8.276286766782931,5.882925244838849e-7,1,3.32934329306314,0.04243118851399315,1
5,160,576,15,5.893757967459925,4.603050733964856e-4,1,1.072806561220757,0.4962077757735288,0
5,160,577,15,5.727870475201406,3.148259890298961e-4,1,2.5672038696126966,0.12209924946083575,0
5,160,578,15,4.194892245299197,0.01564869632049427,1,1.0163215287330982,0.5017631957610371,0
5,160,579,15,4.433580305396954,0.003687133977163436,1,1.0728765057083745,0.5011293529212197,0
5,160,580,15,4.07700544702937,0.011260654236230535,1,-1.3584069506190284,0.3900417102342706,0
5,160,581,15,3.1722508566632133,0.05786912588816957,0,0.2203935614544768,0.898674419593085,0
5,160,582,15,3.424827706869511,0.045546595163301354,1,-0.45808857238626594,0.7801109704760361,0
5,160,583,15,6.926977889743069,5.1431877702746626e-5,1,-0.7324180129627202,0.6447026473154895,0
5,160,584,15,4.371895629708633,0.005345289102287158,1,-1.1269226023541516,0.41912960217958684,0
5,160,585,15,5.438317972536461,6.266053296327727e-4,1,-2.076371428007903,0.13174937352781868,0
5,160,586,15,5.190746961625768,0.0011360625213745147,1,-0.6150526974148127,0.6694875819123225,0
5,160,587,15,7.234197449738839,7.625230867976329e-6,1,0.07217791348411069,0.963507992529407,0
5,160,588,15,7.189467992958458,8.078357128636323e-6,1,2.9321471376149475,0.04657388412226009,1
5,160,589,15,7.106212971403301,1.8843795702336173e-5,1,0.24779429605985281,0.8847430876055782,0
5,160,590,15,4.040432053996608,0.009964523304886386,1,-0.4828718285817366,0.7864165477056075,0
5,160,591,15,4.436319953705357,0.007275715531184753,1,-1.8526774451425339,0.18452951031559023,0
5,160,592,15,4.496649058651303,0.00620022763691663,1,-1.5037461798498624,0.3280670519218253,0
5,160,593,15,6.309069536030223,1.6464302592914302e-4,1,-1.4549582799243217,0.3564353043685322,0
5,160,594,15,4.4519341190892305,0.006407205383905789,1,-2.1658078346389678,0.17170961058515738,0
5,160,595,15,4.9777693683478486,0.0019828387371704603,1,0.2942917124538711,0.8373667985915387,0
5,160,596,15,5.007066636777985,0.0015990352982404488,1,0.7494901862503359,0.6413941917500181,0
5,160,597,15,5.982551372170148,2.085237823031286e-4,1,0.32414976893555486,0.835189342365009,0
5,160,598,15,5.0138184924532965,0.002680380148265619,1,-0.8369976960401315,0.5904324673410443,0
5,160,599,15,3.654915830644745,0.02073617235369381,1,-0.5054473796582196,0.7664288525813324,0
5,160,600,15,4.208340267405156,0.00873191862481077,1,0.7771990295676726,0.6331439126751965,0
5,160,601,15,2.5802612960485094,0.08598723595614607,0,-1.419481011947825,0.4118101733085865,0
5,160,602,15,6.947631771767814,8.622001907009694e-6,1,-2.207419740987835,0.15980253446037304,0
5,160,603,15,4.732023553341376,0.004720041421232826,1,0.19747579477183277,0.8940654573011848,0
5,160,604,15,4.027675867422932,0.015933050794813167,1,1.9971924322244368,0.18208570404534366,0
5,160,605,15,3.7386071879449623,0.019743166825813823,1,-1.8433914721450553,0.2530463447990803,0
5,160,606,15,3.401804165271687,0.032734113191647735,1,0.47063598530237827,0.7602238969089032,0
5,160,607,15,8.043682334385558,1.9295605614188244e-6,1,-0.03334070605456584,0.9824406433699518,0
5,160,608,15,4.348421964345625,0.007007262991685308,1,-1.6580567002359858,0.30405583335801883,0
5,160,609,15,7.20064282739593,6.355596013114704e-6,1,-0.6347094116946422,0.699890863610259,0
5,160,610,15,4.867117987075025,0.0022814764078024465,1,-1.1363447810605514,0.4981618383253158,0
5,160,611,15,3.312387638061021,0.03453446562851929,1,0.3791595742431728,0.8059685354615906,0
5,160,612,15,8.287737300001542,3.027833450427968e-7,1,1.7882270448011954,0.22721469689763463,0
5,160,613,15,3.4605901091496194,0.02382879195906771,1,4.268715882692153,0.013324844313212124,1
5,160,614,15,2.2470939854675525,0.16292732855787787,0,0.2962013478553847,0.8409639184721184,0
5,160,615,15,4.849899635703079,8.411063353009839e-4,1,-0.8241317249012895,0.601596027448914,0
5,160,616,15,2.8060682042547995,0.07770461874014094,0,1.0678364883423983,0.5131506747987236,0
5,160,617,15,0.8677198490606829,0.5796656732508926,0,-0.986857796107242,0.5295353354859895,0
5,160,618,15,2.3851903475829173,0.11200527118999172,0,-0.6404186022753428,0.6819680610248945,0
5,160,619,15,6.1979172794835105,6.58735401959583e-4,1,1.0898042232643936,0.4851427138430936,0
5,160,620,15,2.8686723987223792,0.0788253704000086,0,-1.2588824003748,0.43568732026386003,0
5,160,621,15,7.035104678074617,1.2032691164976551e-6,1,0.7129434618797473,0.6444352922285506,0
5,160,622,15,3.979835539859243,0.03129423039726227,1,-2.756643427787145,0.08372093760621656,0
5,160,623,15,4.868936496685177,0.0018654040739667106,1,-1.6611153702201453,0.3267904506941718,0
5,160,624,15,6.6675433537309985,3.455129567784944e-5,1,-0.3010104970367943,0.834500743829985,0
5,160,625,15,5.800954287433756,2.7635811199971613e-4,1,-2.9792295888386437,0.05645632157638755,0
5,160,626,15,5.548451525707116,6.693645919331541e-4,1,4.53442383625276,0.009040648818899792,1
5,160,627,15,2.6248403429192533,0.0859646022950514,0,-1.067115120407246,0.4916325809862965,0
5,160,628,15,4.7743030904967885,0.003510537926299176,1,-1.5381746811439887,0.36928871852616874,0
5,160,629,15,7.13477956074698,3.698239763491113e-5,1,0.25009461314401904,0.87244173926024,0
5,160,630,15,4.452299538113372,0.011307213958226266,1,-1.0352576619739537,0.5224000683982826,0
5,160,631,15,7.606412648639517,5.622572685723549e-6,1,0.8625825666611686,0.5601057141369782,0
5,160,632,15,1.7764854106914252,0.2688979577680628,0,-0.7307081281049799,0.6344306723516058,0
5,160,633,15,5.202549757347261,7.335523482558051e-4,1,0.5742957205376525,0.7220674431634133,0
5,160,634,15,5.908770484109344,3.7040047447960513e-4,1,-0.49069764979093444,0.7636638698031338,0
5,160,635,15,6.283906479700038,1.1016341872892843e-4,1,-3.2414599238404143,0.047660321866213634,1
5,160,636,15,4.653654484663757,0.0052794651654702335,1,-2.1699684683173035,0.15343123982373014,0
5,160,637,15,5.539432547026921,7.95147540168766e-4,1,-0.9605075926508327,0.5882399746392011,0
5,160,638,15,6.834483401571051,6.420843610767346e-5,1,0.06640544298183626,0.9672911532325331,0
5,160,639,15,6.020478166182487,1.0167985508351287e-4,1,0.6354696027692099,0.6543229601343818,0
5,160,640,15,1.7829864187768683,0.26049933174728324,0,1.0847051909639973,0.48752584967084056,0
5,160,641,15,2.112233595559795,0.1990598112063988,0,1.6386775543686098,0.28166573529477423,0
5,160,642,15,4.813953465076781,0.00421049996983205,1,-0.48743272397190235,0.7441238921161927,0
5,160,643,15,4.317362603364569,0.0068980344339398415,1,-0.8226408282262863,0.5984943144790373,0
5,160,644,15,4.474494547076944,0.010428096705200809,1,-2.1821673520857,0.1722848788421717,0
5,160,645,15,4.863512639677259,0.0013568066142877974,1,0.821047178433649,0.6056445005417266,0
5,160,646,15,5.2496430244022925,0.0022054006291894594,1,-0.26623178141850123,0.8565220486085053,0
5,160,647,15,6.110477995813051,2.2196954590432741e-4,1,-0.9760849857438101,0.555949285065354,0
5,160,648,15,6.030504343523487,1.8614221473953053e-4,1,0.9072056007646213,0.5616777283657622,0
5,160,649,15,4.80015493380226,0.0017136560980653848,1,-0.0510347787090693,0.9741045402636772,0
5,160,650,15,5.22245912698474,0.0010288652410573658,1,2.6504705029941005,0.09635268110774362,0
5,160,651,15,8.792682190662635,1.6565296169273666e-8,1,0.22973898251894642,0.8865439817175074,0
5,160,652,15,1.1803234882563385,0.4883040709564024,0,0.41805690312806687,0.7810418107019985,0
5,160,653,15,3.536706020058835,0.025362776941884872,1,-1.6193667051621168,0.31868118667331524,0
5,160,654,15,5.148739509165917,0.0024774879197891125,1,-0.9207613127898105,0.5711411652970524,0
5,160,655,15,5.240760768166203,4.215908195104755e-4,1,1.4069381335722995,0.31316670277985126,0
5,160,656,15,3.780979854982408,0.010036492685702227,1,0.7829983679768804,0.6169413905285438,0
5,160,657,15,8.070710669619672,6.295255670134706e-7,1,2.2172232408117347,0.18176164496952535,0
5,160,658,15,8.790271099933973,3.9743737378324056e-7,1,-0.17028556011135404,0.9087844377217901,0
5,160,659,15,4.044011634616337,0.018561742802531603,1,0.5001185836780004,0.7456634443750608,0
5,160,660,15,7.52793451966651,2.6999190779691487e-5,1,0.3606915221174961,0.8131253971414842,0
5,160,661,15,4.281778210151166,0.01083622359299261,1,-2.0209601727236968,0.1605301118849247,0
5,160,662,15,2.5774723742276193,0.09591847839446953,0,-3.5228145951844474,0.029364496169713917,1
5,160,663,15,7.794135610404004,6.510550916737713e-6,1,2.2494342996591263,0.1621994126392009,0
5,160,664,15,0.032830765672234016,0.982215483394095,0,-2.6569165034033904,0.10182008475297197,0
5,160,665,15,4.285901307783007,0.010113487242979027,1,-1.6184382202966543,0.28069580749399153,0
5,160,666,15,4.2719219110082225,0.004542985192665903,1,-1.2035253879961676,0.47756201332440407,0
5,160,667,15,4.586194242633198,0.0033556104388457607,1,0.23740747086464842,0.8758868943539642,0
5,160,668,15,1.4803678339271777,0.36387602654339746,0,4.637958066028898,0.002637052879116778,1
5,160,669,15,2.4562512144473585,0.0975684405336316,0,-2.1400961806800036,0.1787765936310274,0
5,160,670,15,3.0939164638279113,0.04348431654852989,1,-0.9826385360544516,0.5811273428278274,0
5,160,671,15,5.172697845924519,8.1491341434918e-4,1,0.9332064263346879,0.5560717661474363,0
5,160,672,15,6.383746227154901,1.0954836502007679e-4,1,-1.0473180678471448,0.4933740217564233,0
5,160,673,15,6.967088734053486,2.887262470036817e-5,1,0.367563746828792,0.8110962810736213,0
5,160,674,15,3.3145011016952903,0.027345234472475662,1,0.7652982890340817,0.6252016918086012,0
5,160,675,15,5.145947608970185,4.8431458018291957e-4,1,0.7352654041999654,0.6456800176260828,0
5,160,676,15,4.709293649838239,0.0018335027073590868,1,-1.5366970532600237,0.3024474593231679,0
5,160,677,15,2.9125878719224025,0.05953439750808869,0,1.3341487381207395,0.4085514022921779,0
5,160,678,15,5.1939971035713635,0.0017288056185456875,1,1.4937116763399483,0.32555760658942134,0
5,160,679,15,4.27709369812334,0.006081847282729366,1,-1.883900837464167,0.2560772751230347,0
5,160,680,15,6.3598368830729495,4.8340943805863913e-4,1,-1.0414498462851147,0.5071790933517298,0
5,160,681,15,6.8846375367878085,5.1683629125988265e-6,1,1.6687434571559838,0.3070456894137285,0
5,160,682,15,5.083832114590222,0.00251527277631862,1,-0.6014394582735314,0.6906473065201765,0
5,160,683,15,5.377470444234456,0.0013390405798174554,1,0.5828166221898421,0.7252728159264519,0
5,160,684,15,2.344139487471394,0.1386034252270686,0,-1.3005766228504585,0.3976323929812713,0
5,160,685,15,6.136916127051072,4.141414972743463e-4,1,-2.899757065695858,0.08012809564367693,0
5,160,686,15,5.583003095696013,0.0013322778197053786,1,-1.1264879292116963,0.42042213849497867,0
5,160,687,15,5.6394300244051045,4.365797178857675e-4,1,0.02537655146093356,0.9866412316982778,0
5,160,688,15,2.737642901425937,0.0963762919559752,0,-2.313241492063397,0.14153633863949927,0
5,160,689,15,3.7742078877063205,0.011193934165574787,1,-0.7738234928098273,0.6541600628466211,0
5,160,690,15,0.8486302956566889,0.6092598913947784,0,-2.115852842671108,0.16060831691162822,0
5,160,691,15,5.909783297533464,1.064298959517715e-4,1,-0.8389512795279477,0.5585094833666437,0
5,160,692,15,3.238848333212377,0.04160234933608074,1,0.4271392523072358,0.7848162204052613,0
5,160,693,15,7.011469654887173,1.1671840497297805e-5,1,0.4718883133826393,0.7767663546340157,0
5,160,694,15,6.614127453427532,3.81537731391375e-5,1,-1.031798964866872,0.5031103006320574,0
5,160,695,15,5.625085372861157,7.561464655787533e-4,1,0.7705074107185778,0.6436724562541443,0
5,160,696,15,5.045147643804496,0.0012403640258087404,1,0.2877267617755158,0.8480869785497874,0
5,160,697,15,5.3954620889709295,9.895584373140435e-4,1,-1.8680395047645584,0.21538074142698718,0
5,160,698,15,1.9112346153224442,0.2344437406103277,0,-2.0192223365962,0.2076939335302632,0
5,160,699,15,4.696130689652343,0.005032960702151293,1,0.9566052972153871,0.5101826199908918,0
5,160,700,15,6.051472253536269,3.248723338846e-4,1,-1.4679019022700805,0.3975484616696906,0
5,160,701,15,3.263618669230833,0.02716090730058728,1,0.6131612933623096,0.6945303186414775,0
5,160,702,15,5.0194250353322305,0.0019095800696222924,1,0.7352617904885707,0.5933116082885845,0
5,160,703,15,7.302272571861462,5.632218315347501e-6,1,-1.5173195178585968,0.36496598926064405,0
5,160,704,15,5.85679830159164,3.9537430699465435e-4,1,0.011955766782255182,0.9935720135066354,0
5,160,705,15,2.9762300873304217,0.06333682172501436,0,0.34497738699339076,0.8208747334568767,0
5,160,706,15,4.175469241690923,0.010907754759635156,1,-1.8574442588974842,0.24872464496075078,0
5,160,707,15,6.352514260414598,5.347365844544708e-5,1,2.5827725389573413,0.11742385010228101,0
5,160,708,15,4.840389734531065,0.0021589420347921605,1,-3.914551845995681,0.010558353857042862,1
5,160,709,15,4.472913137260256,0.009376948234228218,1,1.238920120007352,0.40691167305510656,0
5,160,710,15,3.9373858981243925,0.01662893040427415,1,2.2649445892596307,0.1854147302776625,0
5,160,711,15,6.848431459060993,1.8435447764805992e-5,1,0.8982838292359823,0.5749119256873012,0
5,160,712,15,7.206086913974567,2.1564393894555054e-5,1,-0.09475395815112793,0.9502712995461583,0
5,160,713,15,2.8380698386813643,0.08008077000368084,0,-0.35325933660940434,0.820027938192833,0
5,160,714,15,4.417240624448315,0.005423085427753785,1,-0.41718935898190795,0.768028796944419,0
5,160,715,15,9.81202825841795,1.4193927885090802e-10,1,0.01935535195422754,0.9902315715815566,0
5,160,716,15,5.698126724261994,8.990342520429493e-4,1,0.0033866541638433102,0.9982864310499764,0
5,160,717,15,4.775347532452393,0.002250202306890683,1,0.3076817893715556,0.8560219082220296,0
5,160,718,15,5.076001540698702,0.0014528761291738115,1,0.5026279769420534,0.7459463160775357,0
5,160,719,15,5.327578371780406,0.0017638297629515457,1,-2.916033952246235,0.05709586927007363,0
5,160,720,15,6.727144726869571,2.7394055124144706e-5,1,-0.3261857592654822,0.8187086058219106,0
5,160,721,15,3.0190959092337946,0.05342551989021215,0,-1.1527437809783796,0.49745406566133354,0
5,160,722,15,3.8024617434619015,0.011717621198578292,1,-1.6765794743460494,0.328068444695386,0
5,160,723,15,2.5149662636159675,0.11386582288230583,0,-1.050600703585258,0.49794704001189405,0
5,160,724,15,4.672291253873199,0.0027396674641582326,1,2.5887977065862735,0.11505309338515572,0
5,160,725,15,5.700405558045993,8.831997332908864e-4,1,-1.0563470121036262,0.49974684502332034,0
5,160,726,15,5.998430806664601,1.8663774121619863e-4,1,-0.035623914779587006,0.9817932118097288,0
5,160,727,15,6.800812721152453,7.884308164587313e-5,1,-1.9491701130558177,0.20047129857211507,0
5,160,728,15,6.417969130023075,6.897210233769541e-5,1,-0.23536837299397165,0.8782455850396218,0
5,160,729,15,7.3228196904616,1.7616087314034596e-05,1,-0.9356767310406569,0.5844400519421376,0
5,160,730,15,6.781560773375062,8.981363354091011e-6,1,-0.8610504497605664,0.5918785984113251,0
5,160,731,15,6.8440796258360015,1.1229178529932142e-5,1,2.7827202995237426,0.06828098510000821,0
5,160,732,15,8.622891662817123,3.7749093398454173e-7,1,0.15651620485041123,0.9180482869713439,0
5,160,733,15,3.257661608086445,0.048641252378370144,1,0.9666001769491048,0.5837309133684997,0
5,160,734,15,2.067249022596458,0.1882622605859594,0,-2.630811912724937,0.092180986556855,0
5,160,735,15,5.236573886280871,5.300485321064612e-4,1,2.3496553650785077,0.1527970765621613,0
5,160,736,15,4.439695601500323,0.013056808861785027,1,0.706597678527395,0.6842194445534457,0
5,160,737,15,5.399692621003081,6.568968475397309e-4,1,-2.057327615848315,0.1936531707489421,0
5,160,738,15,3.017541477342418,0.08932017487615022,0,2.0244394053071226,0.1808440730832159,0
5,160,739,15,3.0548427760232912,0.05620694201682993,0,-1.6844238445388289,0.2737411004235484,0
5,160,740,15,4.6649623872067725,0.00399573221852554,1,-0.6924534392592224,0.6854524867938,0
5,160,741,15,3.7089979233442603,0.016393796430332702,1,-1.8886268017949712,0.1953434611722847,0
5,160,742,15,5.323306124799705,0.0013344325921386764,1,1.3964162459616818,0.38712006299100643,0
5,160,743,15,6.729104584122486,2.3373509551313075e-5,1,-1.1975523064525089,0.4233274532523893,0
5,160,744,15,8.58747690322498,3.7956205527267413e-7,1,-0.7754411579842574,0.6426607073298869,0
5,160,745,15,5.7050895746331145,9.885745135874483e-4,1,1.235104533805633,0.4146503305493454,0
5,160,746,15,5.038506695045857,0.0017322580659637002,1,-2.0570420800345532,0.22412042244101948,0
5,160,747,15,8.868072222913304,2.2064542095335042e-7,1,-0.30550377504907117,0.8412147978351302,0
5,160,748,15,5.270416815912322,0.001968788192329109,1,-0.8638129215921206,0.5869228982138147,0
5,160,749,15,5.647971373275894,8.751705155489358e-4,1,-1.6832794941771227,0.3387910721046097,0
5,160,750,15,4.633756766252587,0.0064597119655589895,1,-0.06655056039025695,0.9670408731809506,0
5,160,751,16,3.6095045782518875,0.010317498779803383,1,0.8647714519011861,0.5744920597607386,0
5,160,752,16,2.8716146358501695,0.07095896018866546,0,-3.4233078568468343,0.03181256989296313,1
5,160,753,16,3.8362164406153902,0.009285497396577467,1,0.08926494693542603,0.9536047388015966,0
5,160,754,16,4.2203681675662335,0.0133160917257346,1,1.635216195581792,0.2934733411010441,0
5,160,755,16,5.8943209365090725,5.328406509729467e-5,1,-0.39895132667811767,0.8110901503553709,0
5,160,756,16,5.76174879337344,8.374473174034577e-4,1,0.6744123538538075,0.6743008809206109,0
5,160,757,16,8.035699416860203,7.681653894134396e-8,1,-2.940924086717307,0.07674054396749903,0
5,160,758,16,7.46305666559949,4.491771649097515e-7,1,-1.012305410695974,0.53759504124889,0
5,160,759,16,5.680179312753956,8.594361231607536e-4,1,0.3618545323549353,0.8239729206656606,0
5,160,760,16,1.1227957175858956,0.5358214211128831,0,-0.3527987684454272,0.8224687168226202,0
5,160,761,16,7.343596211959447,3.114378461557776e-5,1,-0.8071287315600493,0.6163024885789754,0
5,160,762,16,6.8465964494638385,8.802343920681762e-6,1,2.9876398344096433,0.05701776669384257,0
5,160,763,16,8.900184219897103,2.2968709437039507e-7,1,0.022974169943857665,0.9885594177013837,0
5,160,764,16,6.9291094441117735,4.616101475335003e-5,1,0.32660019942918694,0.8441871836776199,0
5,160,765,16,5.4992612470064275,7.515985501564741e-4,1,1.7410206137673827,0.2940524656134239,0
5,160,766,16,6.495697674362855,3.7366846694186044e-5,1,-2.433606290376157,0.13792595726990256,0
5,160,767,16,4.901882400383589,0.0017748069130022308,1,-1.5883699588970948,0.312279708918394,0
5,160,768,16,6.633150250644673,6.442314579922086e-5,1,1.0401548205286624,0.5237780152363344,0
5,160,769,16,4.671049827634115,0.003702382282504775,1,2.826536633713241,0.07155103078031334,0
5,160,770,16,5.288702437780115,0.0021209307253580224,1,-0.3740604475917282,0.8014305039084157,0
5,160,771,16,3.7288622365528155,0.017097547178725307,1,-0.1418804917708103,0.9291798148889052,0
5,160,772,16,4.06766909433005,0.0067386693885171395,1,1.0720144449567146,0.49588161072523707,0
5,160,773,16,2.8409374328982646,0.08349791610037348,0,0.28884747887019296,0.8496761802939998,0
5,160,774,16,4.764269421190656,0.0056808287208445175,1,0.768372767618641,0.6419729657238258,0
5,160,775,16,6.9561513755953746,1.6657499093217875e-5,1,0.6706304819559503,0.63400956560128785,0
5,160,776,16,4.976425046819706,0.0033572710133394877,1,0.518596041541362,0.7459277651479878,0
5,160,777,16,2.9196697664228104,0.06414173684001057,0,-2.2070349744703863,0.16362058543753283,0
5,160,778,16,3.50209680726713,0.041971297680600254,1,-0.5755198132649568,0.7079308840302889,0
5,160,779,16,2.58700636443345,0.09785731572607424,0,0.8033535312844596,0.6124701241377404,0
5,160,780,16,2.8215000388803766,0.09746756196560634,0,-0.94994463678891,0.5575841177944245,0
5,160,781,16,1.849207550535167,0.2648977222470302,0,-1.0989679594137944,0.5042999547145767,0
5,160,782,16,5.872755173470096,3.346727621463792e-4,1,0.3483609162695031,0.7944563609522569,0
5,160,783,16,4.33303939808236,0.01713567301031995,1,-0.8640931266912284,0.570182283644654,0
5,160,784,16,4.146889518055794,0.006659167471432344,1,3.6923606489652063,0.02253947486943074,1
5,160,785,16,7.4486863003445904,6.472252496398932e-6,1,-0.0918577240122762,0.9557615818195089,0
5,160,786,16,5.19789524099485,0.002299202534180042,1,-1.0493470596381804,0.5311560117660992,0
5,160,787,16,5.820581343311359,5.276314924844759e-4,1,-0.030180763927406762,0.9847169440563457,0
5,160,788,16,5.315688719910885,1.7969411441686372e-4,1,-1.0976798868864661,0.4739606715047292,0
5,160,789,16,4.207917510663289,0.008046246330508539,1,0.8419960307357376,0.6456035171774366,0
5,160,790,16,5.546063756348671,1.336870816726764e-4,1,0.16689775447534952,0.910619102717756,0
5,160,791,16,3.523712073740517,0.013951594735457101,1,0.3342277691671746,0.8341537902884093,0
5,160,792,16,3.865346738699324,0.01793018114336346,1,0.6104793931662245,0.6827090372867748,0
5,160,793,16,6.8445609928573745,2.3190472132093696e-4,1,-2.7550621076797883,0.08090263945300116,0
5,160,794,16,2.735595374570499,0.07549964330245139,0,1.9797969320198,0.23563467177880085,0
5,160,795,16,7.800075165724895,2.2901492369683964e-6,1,2.0054276618872526,0.1617389209086898,0
5,160,796,16,4.743110833963835,0.0024953113278551836,1,-1.2009954740079671,0.44633329379535347,0
5,160,797,16,5.158090592650576,8.811428720736735e-4,1,0.346286688955123,0.8217882694106582,0
5,160,798,16,7.597684932844059,9.108789856335007e-6,1,-1.109549470138636,0.4918164404118336,0
5,160,799,16,6.791528228024863,1.4168807426955014e-5,1,0.032510541076855096,0.9853153663854104,0
5,160,800,16,1.9266996741044122,0.21658290403587044,0,-0.050396927437546854,0.9703445840742537,0
5,160,801,16,4.864191664423343,7.260582228688486e-4,1,-2.5169903256906307,0.12037048077133539,0
5,160,802,16,5.475635445691322,1.3356756552041618e-4,1,0.8431236354425743,0.6109796040489648,0
5,160,803,16,5.359870961900659,0.0015538369239650645,1,2.8906644689814334,0.0669936240648079,0
5,160,804,16,6.242192862744177,3.3273922915881836e-4,1,1.1261771638806903,0.4889370764881463,0
5,160,805,16,4.674481872637597,0.009335281787374285,1,-1.8784820156447974,0.20362065422098446,0
5,160,806,16,5.900801457914297,1.6684384428513905e-4,1,0.25923591265560253,0.8622866990043514,0
5,160,807,16,5.42893206907327,8.816120685721877e-4,1,-1.3175949238864972,0.4222448712859994,0
5,160,808,16,7.073332670807345,7.662545438894714e-6,1,1.5656412779309221,0.3244787692757434,0
5,160,809,16,2.983511225469901,0.060810310330642235,0,0.39191669980487204,0.8268497610324933,0
5,160,810,16,5.771249020111352,0.0014429740220367813,1,-2.590663565493686,0.10112808482135063,0
5,160,811,16,5.8807263162608265,2.3164331990865907e-4,1,-0.8099418261975831,0.6349776363401562,0
5,160,812,16,3.484287708375417,0.021685799296239913,1,-2.3027627867507454,0.13353278226349768,0
5,160,813,16,5.175068289220247,0.002446109018513803,1,-3.621776228628613,0.01939936513236917,1
5,160,814,16,5.652572010070642,1.8248703274297083e-4,1,-3.736223843216083,0.01857942190824832,1
5,160,815,16,5.878656423964791,4.043238400619699e-4,1,-1.6700342601518445,0.28846001741633254,0
5,160,816,16,3.175892072995258,0.05491040516009217,0,-0.31290739847000104,0.8400374578976442,0
5,160,817,16,5.333856878940022,0.001292720329811684,1,0.4798550362707868,0.7742300784837042,0
5,160,818,16,4.07161666265111,0.011202661245870557,1,0.5797035332996728,0.7396662873369082,0
5,160,819,16,7.0034102898394845,8.301461779263208e-6,1,-1.7583828546625564,0.2834974460177522,0
5,160,820,16,4.791577789923946,0.004204308746064506,1,-0.2621291255013346,0.8675420035550351,0
5,160,821,16,5.347238412096638,8.829735684837994e-4,1,0.7719539811126165,0.6193758111701311,0
5,160,822,16,3.9561586424201565,0.014358471969941465,1,0.8190548135846467,0.6210684010194963,0
5,160,823,16,6.758919127996581,1.0510412321944479e-6,1,0.3712129111861672,0.8070595871007213,0
5,160,824,16,6.111260349160848,1.8106018318312633e-4,1,-0.09437573991109197,0.948750015055861,0
5,160,825,16,5.622884881897411,8.956060745435263e-4,1,-2.310260415468834,0.13770807890874628,0
5,160,826,16,4.18221191920768,0.006730701059705446,1,1.1139433485332428,0.44062070578564827,0
5,160,827,16,6.094713353087436,1.8809641859170577e-4,1,2.3057192408795624,0.16043919128138906,0
5,160,828,16,5.503310948138677,6.855960488775961e-4,1,1.5257504019222385,0.3717312499892709,0
5,160,829,16,4.666018879282978,0.007678032554208546,1,-1.6791034354580059,0.25608869045682053,0
5,160,830,16,5.532482253701344,2.095814816307646e-4,1,-2.9465860763834737,0.08983315427233572,0
5,160,831,16,3.60623583166554,0.019664796348491623,1,2.262474755218099,0.15991283906807036,0
5,160,832,16,5.316093139632577,0.001948758322482164,1,-3.6933572944109603,0.021902849815439225,1
5,160,833,16,7.231981198894631,2.1384730001546096e-6,1,-0.2412935598854445,0.8812872772390539,0
5,160,834,16,5.576357319006786,9.536148457085925e-4,1,0.7826679100643851,0.6264076211409166,0
5,160,835,16,2.679707811176152,0.06992289740723334,0,-2.4990207001384115,0.11289600928232846,0
5,160,836,16,4.461315247698385,0.0042466334010571,1,-1.965475273114576,0.16241177210056937,0
5,160,837,16,5.566376662269034,5.470565284794039e-4,1,1.0543682892328499,0.47970412258096906,0
5,160,838,16,5.331036528162558,0.0011074140354491735,1,-1.372507598488543,0.3843476227207385,0
5,160,839,16,4.785920265352918,0.0044848960935192856,1,-0.6757272428578887,0.6490127411495435,0
5,160,840,16,2.9897460022725957,0.05367555770849738,0,0.9296340796098119,0.5842059026174093,0
5,160,841,16,3.4284562023497176,0.02761282910763992,1,0.5864684083752034,0.7284843616563796,0
5,160,842,16,5.116111711635976,0.0025524692959719678,1,0.06242945954536362,0.967248159404254,0
5,160,843,16,6.109669711263644,1.945744721555495e-5,1,-0.672816867442216,0.681512385031736,0
5,160,844,16,6.813614230114033,6.9770353113546605e-6,1,-1.6598277647694422,0.24333916934278504,0
5,160,845,16,5.43770145582509,9.991959772707704e-4,1,1.9394123725467174,0.2322907781800503,0
5,160,846,16,4.231095860881067,0.010019948439091363,1,-2.366661023274898,0.13306634730849667,0
5,160,847,16,5.216738120558975,0.0014943211912898133,1,0.6729901282164742,0.6448343262211661,0
5,160,848,16,6.09874497345887,1.0265998472987216e-4,1,0.4428490169450652,0.7843552263969362,0
5,160,849,16,8.862196033923242,1.0141704286721453e-7,1,1.9960043824680627,0.21169912505144386,0
5,160,850,16,5.649814848552356,0.0010200250387272895,1,2.646457507183763,0.08748547659264244,0
5,160,851,16,6.183230082462546,1.9555300157540196e-5,1,0.7528852600710001,0.6746784164038238,0
5,160,852,16,5.354296117305473,0.001097493290296534,1,-4.017349492634684,0.00942913846202992,1
5,160,853,16,3.4563470792712447,0.02443044501998234,1,-0.4088659095870384,0.8002479792660382,0
5,160,854,16,2.5138774075120063,0.1160527583142535,0,-0.75007364352599,0.6302503251637037,0
5,160,855,16,4.410911207784443,0.0023689164134030475,1,0.32628278591545656,0.8292288459811868,0
5,160,856,16,2.7666465792421433,0.08128237672981882,0,-0.32175660180161747,0.8287613909261792,0
5,160,857,16,6.265510150467004,3.3146225779359534e-5,1,0.7446808639488144,0.6355256811507539,0
5,160,858,16,2.1876646164210163,0.15132948698599125,0,-0.5538455447783334,0.7254424028777182,0
5,160,859,16,7.437360207665353,4.938360450869448e-7,1,0.8414092679259583,0.6072770388370264,0
5,160,860,16,3.491896846034599,0.05018523593896149,0,1.8902938298892502,0.23076917011227796,0
5,160,861,16,2.0145673986403096,0.21619809476168395,0,-1.6434179576826087,0.30954257313614736,0
5,160,862,16,2.851909462144838,0.047078896326835276,1,-3.2067441650744226,0.01935246827218463,1
5,160,863,16,4.130921564873842,0.011718801093106407,1,-1.704474769763354,0.2590747021129169,0
5,160,864,16,5.7863235941814075,2.2710463191517982e-4,1,-0.2314153040166389,0.8872576053927691,0
5,160,865,16,3.2783236585999225,0.039487728331945686,1,2.103131412718883,0.19390599331204192,0
5,160,866,16,5.08979225157783,7.066612637987817e-4,1,1.1511863801879816,0.4890938353354358,0
5,160,867,16,7.506755702460913,4.596252595837639e-6,1,-1.4505870234431086,0.34928211983327195,0
5,160,868,16,3.2853811347871744,0.04838216744559662,1,-1.9593462243840003,0.20476147932698535,0
5,160,869,16,5.005203966153938,0.0020422252944451618,1,-2.6267082154151526,0.08083554701607595,0
5,160,870,16,3.9499740094516014,0.01354337437999286,1,0.7318225060245034,0.6415021230100475,0
5,160,871,16,5.157530519199282,8.471047555879749e-4,1,0.45625836885625226,0.7703619658993549,0
5,160,872,16,5.15565745976363,0.0013470939771116858,1,-3.4594834542454898,0.02541723125165971,1
5,160,873,16,5.722275116141944,5.161416325129848e-4,1,-1.5012621076684776,0.3572337505847044,0
5,160,874,16,4.566998594744877,0.004038372242063493,1,-0.28098905683873104,0.8637342559697841,0
5,160,875,16,2.9184326137901446,0.09147483549137003,0,3.8042269005992666,0.01106795282202528,1
5,160,876,16,4.345687204509057,0.004787301122439484,1,3.2257197082336417,0.040365083607965646,1
5,160,877,16,6.164310508358469,3.6213977966230546e-4,1,4.71099349411149,0.001819998554962116,1
5,160,878,16,2.532054872382512,0.07264190647064528,0,2.4592600911115587,0.10746077500980711,0
5,160,879,16,6.99226237426163,1.992317559029541e-5,1,-0.4188644786191767,0.7693672895368033,0
5,160,880,16,4.748084342922384,0.001425795056486935,1,0.5182393637556049,0.7332671516719327,0
5,160,881,16,7.124056816962125,9.700208455248211e-7,1,0.12271005353391432,0.9389500464354225,0
5,160,882,16,4.560283860202675,0.0063462067995930715,1,-1.9676003965205293,0.18918557153498944,0
5,160,883,16,7.822598769145431,1.1365020555676586e-6,1,1.4300972482093883,0.36086388574150363,0
5,160,884,16,7.252579507927831,2.748326309550277e-6,1,-1.5453965769905922,0.30402293172832184,0
5,160,885,16,6.168871975147343,7.152047270943733e-5,1,0.4818050888216673,0.7577543399687812,0
5,160,886,16,5.593192977273963,3.168769844658504e-4,1,-0.15140132507648463,0.9276802270542203,0
5,160,887,16,3.9748522282388876,0.007174038506484107,1,0.4982553494694837,0.7515535367798192,0
5,160,888,16,6.224995410736384,1.1802711276701364e-4,1,-0.5349711429752666,0.7163856923161154,0
5,160,889,16,4.069204018562824,0.012078475206768573,1,2.1599150186764438,0.19928615442557274,0
5,160,890,16,3.2897195471476763,0.03887934448085286,1,-2.0255492580755248,0.1780976024713668,0
5,160,891,16,6.612271986977521,5.0930139411945274e-5,1,-0.6437651041891506,0.6705428209589878,0
5,160,892,16,5.105020425159807,3.9777367431799714e-4,1,-0.20553864244099204,0.9019420075756368,0
5,160,893,16,3.8360834470799463,0.009812622553458402,1,0.5633996250916284,0.7175348556011596,0
5,160,894,16,6.691743065561101,1.5542387137619596e-4,1,-0.7818452885389789,0.6414375971388224,0
5,160,895,16,2.733064061382717,0.07987799355697718,0,0.24831420901438445,0.8731651093271253,0
5,160,896,16,6.755587722268054,8.694309315487575e-5,1,-1.333389654705448,0.36656549455515053,0
5,160,897,16,4.282080990359401,0.009539621834405774,1,3.0064715560540805,0.07143792021906191,0
5,160,898,16,5.916124181378577,4.209209459621986e-4,1,-0.8105394073186617,0.6022823771609228,0
5,160,899,16,5.887201649200122,5.356886580460955e-4,1,0.4695849459519527,0.7749040091237023,0
5,160,900,16,4.046353555286014,0.010032904289064372,1,0.7862652964602359,0.6403624513901416,0
5,160,901,16,6.4805381897076275,7.530055219251513e-5,1,1.0083787124198116,0.5010158670431735,0
5,160,902,16,4.5348498468294665,0.0047237487396685485,1,3.4941876163825443,0.03814155046083899,1
5,160,903,16,5.042226301082274,0.0026829444990378623,1,0.10080894190580243,0.9474199446230384,0
5,160,904,16,2.4483086121271365,0.14110153117454247,0,-2.880387754566172,0.08690667231449171,0
5,160,905,16,3.962586771299097,0.017123663453069447,1,-1.3429716412182913,0.37919677852615896,0
5,160,906,16,5.731334667146954,7.665094124617691e-4,1,-0.27304627580238433,0.8615763024369224,0
5,160,907,16,3.5125707816136074,0.020864542661210555,1,-0.9992203395533671,0.470736303961238,0
5,160,908,16,5.773996446651087,1.4385506929610883e-4,1,-0.7133772907206093,0.670839283894944,0
5,160,909,16,2.734104096430327,0.08885244119095749,0,0.6406641429535986,0.6522498149369738,0
5,160,910,16,4.187046541071679,0.010548482230203951,1,1.2554156583322893,0.4064999105108581,0
5,160,911,16,2.2115003312873207,0.15386829106243802,0,0.3522543649311871,0.8288646538324547,0
5,160,912,16,4.988522600770582,0.0012308403651783751,1,1.073851962362031,0.5265387746835152,0
5,160,913,16,5.1643067153523985,0.0014904691292364476,1,-1.1142927011165495,0.4659301870369973,0
5,160,914,16,8.190329083439048,2.823558766557742e-6,1,-1.2171081833969906,0.4565642197461949,0
5,160,915,16,6.186781628295995,1.7973258104406184e-4,1,-0.9782823434796628,0.5052897220804893,0
5,160,916,16,5.359831796346577,0.0016870679707061947,1,0.3958078726427346,0.8009995984252213,0
5,160,917,16,6.3293847433951544,2.443542427665808e-4,1,-1.0463503257483404,0.47363474284889584,0
5,160,918,16,5.65649598756449,4.2756035937192746e-4,1,-0.1850802104347544,0.9089346110194415,0
5,160,919,16,3.681903010721141,0.021071895208931667,1,1.3438888234192423,0.37634946794892277,0
5,160,920,16,4.6903037762694675,0.0021011181981459275,1,-1.666234643499041,0.2895582968571607,0
5,160,921,16,5.2222821545740725,8.16130098809743e-4,1,1.1485572144502088,0.4717322722281031,0
5,160,922,16,6.873891967122332,4.2538434600290866e-5,1,-1.8958538909547458,0.23893389282395772,0
5,160,923,16,1.7977101136985656,0.2635886787000772,0,-0.4453013273483462,0.7703640589732897,0
5,160,924,16,4.785355706395915,9.527173283844195e-4,1,0.7814664462332095,0.6466538444236791,0
5,160,925,16,5.077369841841303,8.690344530945064e-4,1,1.307298751060476,0.42951879873902843,0
5,160,926,16,3.728109146628048,0.013822406915112367,1,-3.173575742294209,0.04033003242641036,1
5,160,927,16,5.2443974034829255,5.631754312919108e-4,1,-1.6293418574439023,0.2867358199435341,0
5,160,928,16,5.496398667557876,6.657455755664942e-4,1,-0.26892508357876566,0.8660043338424679,0
5,160,929,16,4.424887920924867,0.010983093024178596,1,-2.6776323735948973,0.09918501214242459,0
5,160,930,16,2.148013625665817,0.14475799342022125,0,0.9602118610108243,0.5790375644952137,0
5,160,931,16,7.9420800661166115,1.075929741817695e-6,1,-2.0099699932621813,0.22431214890076875,0
5,160,932,16,1.2970888820629571,0.42426135843997304,0,0.4426322199390781,0.7848740790134734,0
5,160,933,16,6.486271944948729,5.819398010273756e-5,1,0.9088444343446795,0.5728341269048186,0
5,160,934,16,3.794786645166981,0.015371090061741893,1,-0.19798689948088471,0.897586510101437,0
5,160,935,16,2.891760948985198,0.05848750735432412,0,0.23739511448156744,0.877532742314749,0
5,160,936,16,4.970898884997656,0.0028866556335783566,1,-0.6031514085162967,0.7247479705493307,0
5,160,937,16,5.828715222956713,7.799059512685055e-5,1,-2.6153045840497118,0.10366116578146853,0
5,160,938,16,4.148566694585987,0.010736980738774419,1,-0.12832471314093652,0.933233460302781,0
5,160,939,16,3.7912957866789863,0.021534155611225073,1,-1.6611724715103686,0.31619174945875456,0
5,160,940,16,4.890979464038852,0.0022514438621452043,1,-0.5936232238817553,0.7078214753153523,0
5,160,941,16,3.6881696854421553,0.030084348830157464,1,1.3745355866263058,0.4028105644616049,0
5,160,942,16,8.199855279231823,1.3679852153800598e-6,1,-1.5490087886080377,0.3341687814832198,0
5,160,943,16,3.6055457458310203,0.03360539644435487,1,0.5697291844452218,0.734643220454696,0
5,160,944,16,2.34095780828479,0.15689972616050338,0,-2.0601727116957407,0.2196190825554469,0
5,160,945,16,5.626389083469392,9.205633348275997e-4,1,0.4213791533793864,0.8140859830008242,0
5,160,946,16,6.865954285275946,1.7824591216965395e-6,1,0.2913514274126355,0.8628116388330568,0
5,160,947,16,2.9760697691855458,0.0662086955509126,0,1.4193174596525733,0.35140518029766166,0
5,160,948,16,5.756315998546882,3.077507988259569e-4,1,-1.5022811442374664,0.32103856286459326,0
5,160,949,16,5.5660711880358145,5.596786661297326e-4,1,0.014066348745062516,0.9933194067520008,0
5,160,950,16,5.6512579887669,0.001269330486698856,1,-1.498663911981987,0.2990967713809494,0
5,160,951,16,5.09374785307153,0.001015430147824387,1,-1.3269112844863065,0.42535412651459803,0
5,160,952,16,2.3841528678149166,0.1434195013778934,0,1.723757933876219,0.33127057747427824,0
5,160,953,16,4.333886235380695,0.014616527171351206,1,-0.32222941422008244,0.8335319454516933,0
5,160,954,16,2.8578139991973597,0.06604218223262108,0,0.9397862570669938,0.5377476314517227,0
5,160,955,16,6.6141167635794504,2.6591170017853796e-5,1,0.6496471440900845,0.7018988351873782,0
5,160,956,16,5.753184421501452,2.910876369220321e-4,1,-0.3537795811452902,0.8169423529776397,0
5,160,957,16,7.41529544634555,2.2427143650728267e-6,1,0.3038291208496886,0.8421293838599107,0
5,160,958,16,6.308751854444063,1.1618416026176757e-4,1,-0.45387250247929045,0.7752801635705663,0
5,160,959,16,7.41500734556384,2.021404428678411e-5,1,-2.1015606897902366,0.17783177101054606,0
5,160,960,16,3.5227646349506614,0.03370182682893898,1,0.7554298575838209,0.6144781305203625,0
5,160,961,16,5.095903342000966,0.003712595041020139,1,1.1582178857130996,0.4617534204707653,0
5,160,962,16,3.008537976483317,0.05558766605875844,0,-0.3790141031317909,0.7982469385340103,0
5,160,963,16,4.7433796349650015,0.0012203476393072576,1,-0.751187344709595,0.622732719485345,0
5,160,964,16,4.480382789186112,0.0032828837335123354,1,-1.0184784873438117,0.5029715449796368,0
5,160,965,16,2.632396070188454,0.1217843513371229,0,3.055880058928448,0.05186474646116553,0
5,160,966,16,3.809342942206372,0.011084992914853964,1,-0.3607382270986032,0.816175249827954,0
5,160,967,16,7.443264635650077,3.640143410045427e-7,1,0.29555780328096004,0.8637938385064233,0
5,160,968,16,6.5317112913488256,2.549364522845616e-5,1,1.9393835441344587,0.1999136065579441,0
5,160,969,16,5.868857107906985,5.641506181465763e-4,1,1.8629948177597417,0.23451994852771973,0
5,160,970,16,6.75505848427415,3.7220416956842486e-5,1,-1.3516373646711326,0.4122625132275246,0
5,160,971,16,4.427190185581668,0.0036614381913975622,1,0.08682424948819535,0.9539564797743743,0
5,160,972,16,5.4052899523571645,0.001509384826074682,1,1.0212314863810688,0.5345436725613384,0
5,160,973,16,3.9064436994312852,0.019634944791458785,1,0.6520109622887102,0.6684165087237522,0
5,160,974,16,6.806740716358867,8.185375078911324e-6,1,-2.0721709239692983,0.18114592346086233,0
5,160,975,16,3.7468367433345353,0.03435779674300081,1,2.0712226260131295,0.17651447143550206,0
5,160,976,16,5.987271782603742,1.6662970174933915e-4,1,-0.12314447085798079,0.9321579053632261,0
5,160,977,16,5.639631766832493,3.9058024206071806e-4,1,1.2370444126650613,0.39420538999859744,0
5,160,978,16,6.762314613552384,6.452835323755284e-5,1,0.3826028713737803,0.8160227297101184,0
5,160,979,16,4.013331284468776,0.011685458200983568,1,0.6006598880979401,0.7129700371127148,0
5,160,980,16,3.437913459601859,0.03279759479063154,1,1.8231569481088752,0.2613181776193597,0
5,160,981,16,5.836105805639351,7.061947109153372e-4,1,-1.1112397957218147,0.5053048035572403,0
5,160,982,16,4.224179774079848,0.009576983685276413,1,-0.1256003392828896,0.93295638791684,0
5,160,983,16,3.49893585904461,0.021299680837992767,1,-1.814540940219096,0.23670079765309307,0
5,160,984,16,5.372057195548797,9.289793694584926e-4,1,-0.7278474521796688,0.660174452082595,0
5,160,985,16,2.949860877423711,0.07707537768030437,0,0.21009628123680682,0.8927657368796902,0
5,160,986,16,2.8119645733500085,0.06429788665081713,0,-0.5149576269166304,0.7284224553701961,0
5,160,987,16,3.2334443677630227,0.04285089679241475,1,-0.6683682541085537,0.6652461082489401,0
5,160,988,16,5.155405466685513,0.0024684007238775217,1,3.017392237280745,0.04999165762283667,1
5,160,989,16,4.508394915086461,0.003931757188282073,1,1.1818111101674218,0.4696487531665433,0
5,160,990,16,6.500347255807114,3.429382407044405e-5,1,-0.23935254654813504,0.8791580185794937,0
5,160,991,16,4.950738296287277,0.0026922162912942846,1,0.4678644304141688,0.7618870161105656,0
5,160,992,16,5.107954254108242,0.0014615110151778908,1,1.6067434717745703,0.3239265764483761,0
5,160,993,16,4.8702307593523955,0.0034543151146885823,1,1.881397902806549,0.27430595329750485,0
5,160,994,16,3.0330269501335865,0.06386461176772738,0,-0.4756747363093203,0.740062694767668,0
5,160,995,16,3.123844348070999,0.03358797925050875,1,-1.0217500433086402,0.5261956227238955,0
5,160,996,16,1.3313972573739332,0.41843117441961475,0,1.3726903363898297,0.4234189818514045,0
5,160,997,16,4.039383584636753,0.012412277040302198,1,-1.962396456467639,0.240190868452611,0
5,160,998,16,4.728191532279079,0.005685207416752124,1,2.813311583044275,0.07290647692167262,0
5,160,999,16,7.512219443587453,4.957505583717605e-6,1,1.1018068174005788,0.5177926761235463,0
5,160,1000,16,5.856533329756369,2.1985025852790268e-4,1,-2.9531661833668474,0.06716716535287186,0
