b,n,n_sim,model_b,model_p,model_sig,null_b,null_p,null_sig
5,40,1,6.851130618541067,0.05964002641673924,0,-3.183160584823682,0.562407381447491,0
5,40,2,-7.911471661779681,0.11476437361969499,0,-6.431065751252438,0.17290631420074243,0
5,40,3,7.730745135552981,0.05370692451583436,0,-3.2560773068774913,0.4764856149796016,0
5,40,4,-0.2993600800641531,0.9607383056212735,0,0.8732939758267683,0.8178802157279033,0
5,40,5,3.448858478681159,0.4489595198973594,0,-2.1384603468557852,0.5949847297376424,0
5,40,6,15.072044673008296,0.003411453387229188,1,-2.5239289555235307,0.6588333603987504,0
5,40,7,16.051532952808362,0.0014755814191828507,1,16.010918183059413,0.0023284618977437947,1
5,40,8,2.0354175450870966,0.6196050515269869,0,-12.473391692635067,0.004654820741887159,1
5,40,9,3.571769033477173,0.48917896961959795,0,-2.069675134246653,0.6666614955785697,0
5,40,10,8.951798917437047,0.05022764544336708,0,-2.2326076469456217,0.6718717757143147,0
5,40,11,1.255469997086041,0.8336482542787704,0,12.342087852462715,0.021305159386336318,1
5,40,12,10.573297668460015,0.0665106589815748,0,1.863219001671712,0.6350076546777752,0
5,40,13,4.272458943224457,0.416715672423296,0,-2.364491781643347,0.6763490017976744,0
5,40,14,-1.8358884592319988,0.6925078187649718,0,-0.20588884719252393,0.9715831332973286,0
5,40,15,1.3191183738941024,0.7529157348808568,0,-13.619020618020317,8.945146437247596e-4,1
5,40,16,7.07673446092049,0.10274123983810735,0,2.767238322485954,0.49275162395053373,0
5,40,17,8.836665273667467,0.07495682291566612,0,6.792634384982727,0.1516034724891962,0
5,40,18,-4.7271812870837735,0.3425455906525583,0,2.8245113879744763,0.37413937258515184,0
5,40,19,4.512936461465725,0.2973574440441082,0,-11.603472660704822,0.024950020341780673,1
5,40,20,8.541669083898318,0.14449455435326328,0,10.311064347454478,0.044108988947566145,1
5,40,21,7.803568109767437,0.12054601233800921,0,2.546109437358055,0.5404828713897045,0
5,40,22,11.939933137934593,0.0035705669369916647,1,-4.107562856841825,0.45754636313645114,0
5,40,23,-4.145724022763437,0.3600564587272289,0,-0.8381025212045824,0.8814306071426332,0
5,40,24,9.009613523337208,0.06380326142283846,0,-5.457453342989908,0.32989718464535245,0
5,40,25,-1.6862417472281563,0.7023728019864182,0,-2.224473023114862,0.594718582276025,0
5,40,26,-0.8208161107662613,0.8807036314140595,0,-11.478632879090172,0.018469006253499568,1
5,40,27,0.9390129566053855,0.8735034352543491,0,5.460648280483248,0.3458552014004759,0
5,40,28,1.9522797650526527,0.7188048454566456,0,-12.932398789164282,0.01014529251901577,1
5,40,29,1.3884321842649607,0.7756259289916243,0,-2.5199194558619995,0.604734338849036,0
5,40,30,13.236915313148632,0.0014737242597665347,1,-0.1079481219608922,0.9787616061202866,0
5,40,31,9.627366133378118,0.0641303382157416,0,4.260380743440851,0.24283012604820356,0
5,40,32,8.285096686858713,0.10549875072322766,0,-4.750426123464009,0.25140121130100646,0
5,40,33,7.007202091956831,0.13784591673666222,0,0.2633589141199088,0.9492264487478985,0
5,40,34,5.294559502217689,0.2979646827791439,0,2.793637734136146,0.5112667103334083,0
5,40,35,-6.247837314297023,0.26808412919569663,0,0.8305645006732667,0.87372465613986106,0
5,40,36,2.735748688595486,0.5430241972513943,0,-6.022442120410521,0.23236699119046803,0
5,40,37,8.49210581530167,0.06628614240491604,0,-7.020359779756903,0.08942430726531868,0
5,40,38,9.881608947438126,0.03982788367036509,1,2.9355320013844963,0.4646444857101564,0
5,40,39,11.432097204801597,0.017935341075538378,1,-14.13664173361804,0.003606878197805226,1
5,40,40,3.280634843360277,0.4523907920208957,0,1.4962459260072591,0.776586321177722,0
5,40,41,-2.1289176545524646,0.6553369463938421,0,1.347987715241875,0.7081461119059467,0
5,40,42,14.316644039421641,0.0010012517354010585,1,-4.02956420717373,0.38889276803663164,0
5,40,43,8.617085305074315,0.04637468269467448,1,-3.9233700220614702,0.31061943731264113,0
5,40,44,3.447191620560076,0.4334276747875152,0,0.42154094400673997,0.9183453660423886,0
5,40,45,5.8816590288755535,0.32154009205626394,0,7.487133540839913,0.12882502309773713,0
5,40,46,10.408276045794976,0.03367361927729751,1,-3.254892448041443,0.46065831738968877,0
5,40,47,21.3442932750923,1.7170452706884103e-6,1,0.3320308226135583,0.9432855859832234,0
5,40,48,7.72147150498869,0.16355898773262448,0,-2.7358808033124915,0.5102131985669505,0
5,40,49,1.2924496968656147,0.7264621120876471,0,4.000196589289322,0.4274700323645254,0
5,40,50,-4.643811296395602,0.45362432614771786,0,-12.491996982040495,0.014350440634855046,1
5,40,51,-9.800143061565716,0.039535747309365196,1,-8.076260918610817,0.17599445863458424,0
5,40,52,11.399023504548992,0.026802435922126496,1,-2.400477730726311,0.6029442245111735,0
5,40,53,11.502722749546649,0.002902417142027012,1,-1.2278931546487162,0.8259040788274781,0
5,40,54,0.23041489411960844,0.961967331383252,0,-6.662646710972288,0.16830272417764508,0
5,40,55,-8.411126399178789,0.0482251159585077,1,-7.891655191759449,0.1048601499342078,0
5,40,56,17.04110615603243,1.9503044786657765e-4,1,9.498313308420595,0.10110579754673117,0
5,40,57,5.401104628576782,0.28419694881549806,0,-7.417034663523357,0.09276847277299857,0
5,40,58,5.24063461889683,0.22479176898058253,0,3.748198340674546,0.45152786996670613,0
5,40,59,8.209835140712986,0.05217827284914596,0,3.9485214397277906,0.4081248037675824,0
5,40,60,-0.3870041712668442,0.9381935487824451,0,-1.0959847034905559,0.8054972417646498,0
5,40,61,6.70583434565228,0.12610193011230558,0,-9.419061358932519,0.04508005901390143,1
5,40,62,8.96139362610181,0.04893831279938976,1,-4.44524724961174,0.23690360900247567,0
5,40,63,2.4451714858204587,0.6086408204680706,0,-6.481077473484323,0.10341908694715475,0
5,40,64,0.16247988348860629,0.9730631913113565,0,-5.918935184125303,0.3147386201931842,0
5,40,65,5.197139749496161,0.21587186411612608,0,5.594187079319704,0.22788760061390034,0
5,40,66,6.055876851110706,0.23386332037860322,0,0.2527487922024437,0.9625469048072173,0
5,40,67,3.117711531036659,0.449725835012448,0,-6.262083916074295,0.2111036655623847,0
5,40,68,3.0183096387972466,0.5293431800854713,0,0.08536057905926556,0.9856471520279215,0
5,40,69,15.12602911237504,7.155502406357314e-4,1,9.065939107913866,0.05987588632640089,0
5,40,70,3.793302774574423,0.3841199579161576,0,-6.796197841910142,0.17594985944871738,0
5,40,71,-2.486991825843723,0.6228647843422956,0,2.2353258243140353,0.7090436396927611,0
5,40,72,2.969501746824057,0.5417957945434901,0,3.688206550596455,0.44809271088587677,0
5,40,73,9.750725025970636,0.018423876703317025,1,-0.49840138193781564,0.909250169644636,0
5,40,74,11.853037039820684,0.03603429156930956,1,0.4399752623259882,0.9215484804596676,0
5,40,75,6.6301674569034486,0.17451033862120632,0,3.6136390809302203,0.41410228136640326,0
5,40,76,6.431889395843823,0.1990152351337571,0,1.8199899449668364,0.7222483868319984,0
5,40,77,1.614697909601798,0.7214760052289826,0,4.155948880167005,0.26118352734415873,0
5,40,78,13.222346356447549,0.006367697486087553,1,7.697051494016789,0.11379489424031639,0
5,40,79,3.6762664190566805,0.4245437037032296,0,4.803951777138074,0.2745092938676718,0
5,40,80,8.940050488500503,0.05031449135857097,0,-3.8615691619467647,0.46717720813469565,0
5,40,81,12.999395710584983,0.006150107316927575,1,-9.628584553568162,0.034318474701878765,1
5,40,82,7.440338756571848,0.10527330461891081,0,2.9808815344643453,0.4929763307340129,0
5,40,83,-4.113171348321582,0.47224979113709886,0,4.271760168256763,0.3143570441773481,0
5,40,84,-10.396073923296377,0.04689757792901655,1,0.0617693760600393,0.991321043080623,0
5,40,85,-0.7471606657970544,0.8585055464006556,0,2.810942433221882,0.5856639373842522,0
5,40,86,9.328398408800725,0.08008008572867004,0,-7.044230798225554,0.16408069635314043,0
5,40,87,8.820005682813136,0.1047193081088354,0,-7.211209161217262,0.08991477313194642,0
5,40,88,-2.113907453073334,0.5879149121441352,0,-1.545175107130748,0.7067106922380675,0
5,40,89,7.863062580940948,0.14691906781687064,0,11.591848627078335,0.01894474172661874,1
5,40,90,3.295593326633713,0.4895238749864693,0,8.429297379952159,0.021657754263407315,1
5,40,91,12.497865909913191,0.027366679773874,1,3.0880690127040995,0.5035402471464026,0
5,40,92,12.201770963691857,0.011506169897450213,1,-0.4516632671630531,0.9299169243994939,0
5,40,93,9.084102761050842,0.015961502541164657,1,5.930348709282584,0.14535264732916325,0
5,40,94,-6.183587374238678,0.1409967735919996,0,-4.7244886093130845,0.37471268739356034,0
5,40,95,11.01750786173599,0.04491856896032143,1,6.504546563081742,0.19327886110297304,0
5,40,96,-9.330738738106355,0.05276710646746674,0,-9.774101444541262,0.059258016031166316,0
5,40,97,6.094739459364501,0.26570671747005037,0,4.270679291379271,0.3156062297570436,0
5,40,98,4.253055307769211,0.27389018233959966,0,-6.119223554665756,0.19483201232083946,0
5,40,99,6.437043227794848,0.21290934554290322,0,0.24838847682260395,0.9602613413964486,0
5,40,100,15.169075001792184,0.0013229574889115374,1,-8.909971666119887,0.0743396187244404,0
5,40,101,-2.757404199141147,0.6724580679022292,0,-10.584032027063593,0.021847736243542124,1
5,40,102,11.64007282340318,0.010874394528526392,1,-8.46405907528107,0.1062847081459058,0
5,40,103,0.7721169298107945,0.8452622985002498,0,-7.498451326581945,0.18264467569842832,0
5,40,104,-2.5185825274885847,0.5743194463682522,0,1.0040302267931918,0.8261256181158021,0
5,40,105,15.375536342666772,0.002244366950197295,1,-0.7548840662917191,0.8879753427277715,0
5,40,106,-5.799295372227627,0.18055698414213614,0,11.605315564145188,0.019316281294631584,1
5,40,107,19.737665179773913,0.0010683972628673488,1,2.0239264172346396,0.6045868468939004,0
5,40,108,12.91616688814996,0.01872945736982801,1,-0.1851760891851939,0.9730546416197952,0
5,40,109,-1.7986376325491986,0.6907915999984444,0,3.0485660651605144,0.44465549099151147,0
5,40,110,17.205596112639103,1.2370822631192505e-4,1,-0.07960869832536412,0.9857006386995341,0
5,40,111,7.658670084787725,0.17062703214833747,0,1.9255817032289226,0.6559238144419537,0
5,40,112,-0.7192726457031104,0.8725705170701411,0,8.495314966609428,0.04702522810054452,1
5,40,113,4.0480917175340005,0.3697012459705997,0,7.930640809355526,0.07598616657664228,0
5,40,114,4.228324452587022,0.2950428565248448,0,-8.54736354465045,0.07457221629942325,0
5,40,115,5.239096786721613,0.27893802977663607,0,0.7125625451001697,0.8830599555235722,0
5,40,116,5.622722433128886,0.21624745145761476,0,13.918598857558985,0.003003345080431415,1
5,40,117,11.935500533401013,0.004384084913311066,1,-4.04996227224239,0.4352872900870737,0
5,40,118,16.558865689487764,1.7328266752660926e-4,1,-7.788755613952239,0.0829640377245008,0
5,40,119,4.494964843553588,0.3552801578979723,0,-3.1280558593277474,0.612675205177746,0
5,40,120,0.4522747486745181,0.9044555680759568,0,3.3560891828966755,0.5800299312359241,0
5,40,121,7.889317505663929,0.11504952835654406,0,-9.883521814222478,0.007392499581021136,1
5,40,122,12.866942858133692,0.00531213838310234,1,-8.828806810093495,0.07450631317702164,0
5,40,123,1.9208368077094478,0.6797042388977697,0,1.842977781912226,0.6606942098529183,0
5,40,124,2.6001534888132074,0.534429204611429,0,4.287223438929293,0.23844387805344455,0
5,40,125,1.7956719197829383,0.7329972152692685,0,-0.929099011220304,0.8447905686648014,0
5,40,126,3.2901316363245954,0.5840710249018749,0,-8.369448013774797,0.0547445802937398,0
5,40,127,11.24690763703292,0.04902798106396709,1,5.4087627532852345,0.2796952562734626,0
5,40,128,8.77111381467731,0.19147389981739274,0,0.2156497136687894,0.9579364282871747,0
5,40,129,-1.0742316315510891,0.8257309231469017,0,5.585174738230172,0.22727534274962083,0
5,40,130,0.789375430634726,0.8728248702878801,0,0.42768292002639285,0.948373921425863,0
5,40,131,3.6099578900446776,0.48234895907788033,0,-9.208744016720017,0.038265949991296976,1
5,40,132,11.730293512949086,0.08847894954576241,0,-12.315626289099548,0.0052001659280174134,1
5,40,133,-2.4593049031284617,0.5857172475638607,0,3.6650304631856394,0.3197958451304598,0
5,40,134,-0.878813900346256,0.830973725595769,0,-5.0891692901103305,0.29885287466359034,0
5,40,135,1.4824839580904883,0.7518674362287694,0,0.19201816556821252,0.9705911676900907,0
5,40,136,-0.8417775341771547,0.8603531117421014,0,0.9833334967283899,0.8481350297633747,0
5,40,137,15.57314897970676,0.005168970134722431,1,4.592276545406866,0.3962639867170078,0
5,40,138,-5.705764931468775,0.23097186685690982,0,-2.1151184663719027,0.6279341712250623,0
5,40,139,22.67017850235984,2.3360999993164785e-5,1,-0.34609195864923087,0.9340705025381303,0
5,40,140,-3.743622902947052,0.3924684361609727,0,-2.4235334076867643,0.5976598705369456,0
5,40,141,8.090210650303401,0.07748165993768853,0,-3.1750204575054433,0.4503518642059767,0
5,40,142,-1.0425671645875387,0.8597770820985986,0,2.9979601355091368,0.5121934097852395,0
5,40,143,7.576670524050807,0.13185597060809826,0,10.881168982841055,0.004508379996842616,1
5,40,144,7.192918462541945,0.10292976021494663,0,1.0952368405013377,0.8344494240233782,0
5,40,145,7.854744474026098,0.07166658464397192,0,3.338522713492522,0.48534819487025094,0
5,40,146,14.971658834170654,1.0587493827941213e-4,1,16.24997697088707,0.0023782776492523154,1
5,40,147,12.997255254342827,0.009119833578454794,1,7.389076320050333,0.14800759475977898,0
5,40,148,10.053663140943598,0.005927896213199117,1,6.262882031169613,0.09154579698453799,0
5,40,149,16.722248920513525,0.0035089214123757598,1,1.1851030624040493,0.7742381218312621,0
5,40,150,12.034010684226747,0.001133738640718999,1,4.0234479542438715,0.255392857881044,0
5,40,151,0.026184307035135995,0.9935744467050177,0,-8.784522074817588,0.07673683234208793,0
5,40,152,8.835614922730253,0.12839236756041936,0,2.4106729300796776,0.579129316614599,0
5,40,153,8.430756148218446,0.15468934316172359,0,4.932216979565674,0.3814958263521313,0
5,40,154,-4.857377942800498,0.31081268837481657,0,-2.7818190191392445,0.5265070374838214,0
5,40,155,-2.5967008589513823,0.5303353454317705,0,4.794863875875152,0.3449740946327615,0
5,40,156,0.979435223605961,0.793428240226001,0,-0.36048802031025223,0.9352514730936576,0
5,40,157,1.1559309263528474,0.7816293637660912,0,13.733058031590197,0.0012014226129711274,1
5,40,158,3.8165862893336517,0.4416153772350814,0,-4.831092302743605,0.24105694315299303,0
5,40,159,15.87462291313768,0.0020330757090224597,1,-2.5606295455717794,0.4927753397220197,0
5,40,160,9.460756097685952,0.03652524294744703,1,5.181832221322935,0.19088142425483323,0
5,40,161,5.605349732394387,0.1318466098615595,0,12.91710928557948,0.023676481486516,1
5,40,162,-2.4394978078398313,0.5618944774918532,0,5.589805696423313,0.2840591434261244,0
5,40,163,-3.7463696475757082,0.36118359070000294,0,3.6212159467965175,0.45910741037066183,0
5,40,164,-1.857891359885271,0.7091448848064448,0,1.420041713245104,0.7864318582203121,0
5,40,165,6.249905602744116,0.15546351380217505,0,9.000272188058272,0.025578670439631326,1
5,40,166,10.334549661081612,0.0665974912203674,0,15.686520343839254,9.45269078151587e-5,1
5,40,167,1.981482387673075,0.6656113798943618,0,-4.211717553203368,0.33299661305586337,0
5,40,168,4.553628036730672,0.3180791900900703,0,-6.980655717052888,0.09041826960995246,0
5,40,169,15.692335271989743,1.949513879160059e-4,1,-4.815114553429926,0.2829761985192432,0
5,40,170,7.522270080092179,0.0584555368082776,0,-1.3803878370750267,0.7537459122077244,0
5,40,171,8.91494543675136,0.0939327302390241,0,2.5315937397214894,0.5703011403690453,0
5,40,172,-2.348637148873615,0.6205133767974027,0,12.078367911683078,0.010307249477654651,1
5,40,173,-2.9253998063695805,0.5846858230204388,0,-11.770891160098362,0.005650525462271492,1
5,40,174,8.181466203508226,0.08870826255341228,0,-10.007569336912209,0.04157154757540874,1
5,40,175,17.58832711117201,7.060174210686636e-4,1,4.528981281000623,0.35658381174603393,0
5,40,176,5.200724759247776,0.21426709604085312,0,-2.3346307115376725,0.5605496787922271,0
5,40,177,-2.7886468623716354,0.6092756998081553,0,-5.182619504100539,0.2111297051091156,0
5,40,178,0.2962167094597274,0.9537940023749103,0,-2.0764556644061143,0.7112368568654069,0
5,40,179,12.9990930960362,0.005733129964417572,1,0.9648760192698336,0.8581167412587426,0
5,40,180,-6.44841763060786,0.11909993670966244,0,-1.5356251076279224,0.7118024522660242,0
5,40,181,9.797321053744328,0.05778005101263489,0,-18.31559960209482,3.6305163696131166e-5,1
5,40,182,8.291231798845645,0.043287319880783236,1,4.034950816939756,0.35441518650023096,0
5,40,183,7.703053182528976,0.13837059198334278,0,-4.535218900707445,0.33860347527654355,0
5,40,184,1.4114527442645062,0.8312318830452179,0,-2.62623205142327,0.6350481407075614,0
5,40,185,-1.2406096168996075,0.7631013947175118,0,0.1792666902295361,0.9681461995998204,0
5,40,186,7.318590421293059,0.20942532780953044,0,-4.850496900254489,0.31212312991373165,0
5,40,187,11.522040134136933,0.007025306298500247,1,9.717679080992733,0.09788997261471269,0
5,40,188,0.12422453393213705,0.981277352171712,0,-9.91061379409051,0.06734518852907284,0
5,40,189,7.55407037190163,0.08204852807274464,0,-1.8184987794699299,0.6343523770748152,0
5,40,190,19.774272269615054,5.975143502818869e-5,1,3.8941397098779498,0.4866322534166557,0
5,40,191,-5.789241044844699,0.36370951433244547,0,5.758501970985877,0.16087245960630758,0
5,40,192,10.547330979353287,0.04494323080779775,1,6.117675019802963,0.13846275492138152,0
5,40,193,3.38080906676353,0.4212909891673581,0,-1.9684102520519549,0.6305433276579979,0
5,40,194,8.598088411284584,0.09202818068376144,0,3.438381042585176,0.4894523454018751,0
5,40,195,-12.688690990421218,0.007484464271337318,1,-1.411613433032612,0.7918493374281532,0
5,40,196,7.34161052200826,0.1062581807282548,0,-9.256553972460585,0.04780980382505907,1
5,40,197,0.020093396224497587,0.9958467367102217,0,4.964171891147703,0.37982546602567246,0
5,40,198,8.892093337884122,0.03940276468537818,1,8.920909734721585,0.0888923471273091,0
5,40,199,4.3317788384332365,0.445210110393482,0,-12.565505813163558,0.018287670691338978,1
5,40,200,14.056850794127179,0.005459443735797258,1,2.184391779512217,0.6395404499685852,0
5,40,201,11.153265485628639,0.01843664677538379,1,-3.3105157507062737,0.49524150426516544,0
5,40,202,-10.741508654619855,0.0017260014592557766,1,5.3645662102593965,0.28810222861271767,0
5,40,203,6.951274568260743,0.15634836947183142,0,-10.962050143583648,0.010795013302941478,1
5,40,204,17.26466766991861,0.005244159326882499,1,-3.0006430703805025,0.6144742369437923,0
5,40,205,3.194711377702901,0.4052664239303737,0,-9.164877418920023,0.08434746442138571,0
5,40,206,12.705153767792723,0.003984768751307273,1,7.646204169562247,0.14633327793314393,0
5,40,207,2.399234425555743,0.6311748022054687,0,-8.70190710073172,0.08590011937615608,0
5,40,208,1.022316724921534,0.8591098958989687,0,-4.5301731954856255,0.3679579015796888,0
5,40,209,-5.358918241997957,0.23207088702355794,0,2.358911013010363,0.6426366596962639,0
5,40,210,10.167610253885512,0.13908342186214614,0,14.415365511463458,0.011083217613337346,1
5,40,211,8.91569948312931,0.06335066402204619,0,-3.8214215172538557,0.3950098566249597,0
5,40,212,7.742434341405117,0.09420856049263171,0,-1.618701454389287,0.6452611019156647,0
5,40,213,-9.144252165382891,0.06468841255088063,0,15.303865036274292,0.008221563884811307,1
5,40,214,4.910642794385506,0.3734537014686401,0,5.523737789107533,0.18678653783342947,0
5,40,215,12.06833811494329,0.012176060209535237,1,-1.2374079109986067,0.8178965969065662,0
5,40,216,10.509802791357574,0.025131443632242394,1,-3.8576967282612493,0.41888925692379364,0
5,40,217,3.8479662212612573,0.3785057312746929,0,2.5936874902300753,0.5580739050014957,0
5,40,218,-5.773114791632319,0.2698549679043831,0,-2.436331383369587,0.6107143630684784,0
5,40,219,11.380710224908515,0.023078608261165545,1,0.4884212007981868,0.9216438496685222,0
5,40,220,2.7542175417542634,0.5478491744823095,0,2.5639631515739048,0.6615252896250005,0
5,40,221,-4.927783892217896,0.2541482765182807,0,-2.5818684147759594,0.5966497329411714,0
5,40,222,0.43959143796528855,0.9472036060067698,0,-8.108205532268865,0.09190279204186239,0
5,40,223,-1.4990584848302366,0.7903943076540424,0,1.0209298222489431,0.8096664030123815,0
5,40,224,3.5050611382579913,0.5290002211760576,0,-1.222774554888628,0.8029352051378726,0
5,40,225,-2.284791301582757,0.6502791824758871,0,5.830345375385408,0.25218710567622427,0
5,40,226,1.2075604566091462,0.8229671440029509,0,3.197436969633837,0.6235838062616589,0
5,40,227,19.642812798685,7.808208642107297e-4,1,1.618847240523383,0.7212870117007885,0
5,40,228,4.123857668949079,0.2945166577849375,0,-4.723504068810493,0.34286291720500195,0
5,40,229,-2.029468613205731,0.6289807488081953,0,0.36872924254648454,0.9376327684220266,0
5,40,230,1.5228956766605293,0.7616338224660111,0,8.232748748314874,0.0613160726241441,0
5,40,231,1.8549764397987147,0.6502352824938217,0,-1.750406784666515,0.7190476458260627,0
5,40,232,3.5570169037395654,0.5197154280771761,0,3.527271945589305,0.5251062030236121,0
5,40,233,6.453093215822236,0.09977932656467342,0,-2.6604096874528236,0.6050401644155421,0
5,40,234,2.5706178478118975,0.47695470475843726,0,-7.463867386093273,0.24035559113698224,0
5,40,235,-0.9441818304281725,0.8597289535284401,0,-10.22723558151355,0.039301124234249515,1
5,40,236,4.397038440538181,0.34409521194125614,0,14.30039659844505,0.015654838343317407,1
5,40,237,14.828613550631486,0.002006655530155778,1,-6.552448687357638,0.17662660766645324,0
5,40,238,7.766988494715577,0.10897113243832639,0,-1.8714357746960397,0.7075453511239949,0
5,40,239,1.4389881473266029,0.7214550692914845,0,8.456801268525592,0.14245232799297314,0
5,40,240,22.848909135655205,1.0256163743088402e-5,1,-3.7349064125924714,0.3773188355334005,0
5,40,241,8.95559709368758,0.13507714782629102,0,0.2654223931301195,0.9513819940236117,0
5,40,242,-0.4326620855315247,0.932968035741119,0,-7.129326662626662,0.1604158855708089,0
5,40,243,11.862051868697645,0.05004406426423515,0,-2.4988414014367804,0.632718735807657,0
5,40,244,-0.661672997490813,0.8599812113393365,0,4.667170914466447,0.34476277172434144,0
5,40,245,4.306915864802963,0.2822637410492477,0,-2.356558910423329,0.5883067870221041,0
5,40,246,13.88128088840526,0.022895305418413878,1,-3.0541628914883177,0.41276722121458764,0
5,40,247,12.898102507194428,0.0070947339963684415,1,-6.3884720489503115,0.15448490428982783,0
5,40,248,-1.639088782458849,0.7279829033992888,0,3.770788921107129,0.43845606261210845,0
5,40,249,3.7775427701289455,0.4096236341138647,0,-10.96808939287341,0.020827157096035647,1
5,40,250,-5.104082677364057,0.3017722466936133,0,-2.595975612763816,0.6060203358903046,0
5,40,251,-1.318469213182719,0.7101341395185193,0,-12.18410390178244,0.005677738294929291,1
5,40,252,3.2733838229542784,0.4621972547280182,0,1.1726110380544514,0.7790674903932611,0
5,40,253,6.738754323543241,0.07630694571368678,0,-0.644344223754424,0.8595235031165523,0
5,40,254,15.599006049482055,0.0013544341828137271,1,-7.216940961837742,0.1514964683447281,0
5,40,255,17.935626317222567,9.683107494309392e-4,1,-3.535619300114081,0.4624261108293263,0
5,40,256,11.135154341794781,0.005002187134376786,1,16.04282883154237,1.0184384488827397e-4,1
5,40,257,-2.779610735852188,0.6058328671253299,0,-2.029446829392086,0.5562478810352361,0
5,40,258,10.882052981561337,0.05159948608862557,0,0.40429582776093376,0.9313377456524764,0
5,40,259,6.139058486585851,0.2115075705037749,0,-13.163308844660161,0.007695283574505365,1
5,40,260,-1.772767701211437,0.7399066948049394,0,-7.89537752850389,0.08091838007260334,0
5,40,261,9.320380612685588,0.051228890757979616,0,-5.088610802642755,0.31977412819150935,0
5,40,262,8.696357303531059,0.0469903621655003,1,-0.12428270698415286,0.9822108063521655,0
5,40,263,7.635178305713418,0.10980577492617538,0,2.0135714439433845,0.6014954660802876,0
5,40,264,-5.792173935864734,0.14993560436131725,0,-7.214089926169691,0.08521425892326058,0
5,40,265,4.943544199489634,0.36978061250629324,0,0.15257051833849103,0.9681814684495577,0
5,40,266,0.2636302000014595,0.9569238939643403,0,0.8902213486072018,0.8371823204030122,0
5,40,267,-0.3645770411372263,0.9428229776407862,0,11.10954091969663,0.02046044105273552,1
5,40,268,4.810286230341933,0.2643750376863149,0,6.523022960432753,0.1711113809262379,0
5,40,269,4.490432748326364,0.2807258716790251,0,-9.321909307042944,0.028268040380988565,1
5,40,270,7.597108458225809,0.09179212012407463,0,2.0280205325093528,0.6094898550109394,0
5,40,271,8.368864836100304,0.09030820343266696,0,3.0618250437401238,0.5732128913786938,0
5,40,272,4.211364780907068,0.2887387179179429,0,4.151296821566192,0.21313297702302264,0
5,40,273,5.633055095455225,0.06125962573312269,0,3.0178549128750123,0.49766515774337494,0
5,40,274,8.262447851591745,0.06697819527203651,0,-3.3172238041770274,0.4930850461966071,0
5,40,275,10.927127432937906,0.0056850204433016235,1,1.8590111077007803,0.7288792615585211,0
5,40,276,-0.992904702988116,0.8481661411484085,0,-5.826055680342237,0.19826886866730237,0
5,40,277,0.07695304866905793,0.9866291704717851,0,-4.214956219125658,0.35437109462568694,0
5,40,278,10.974781697910833,0.027665324072449943,1,-0.2830344561889927,0.9553007215217786,0
5,40,279,18.235657146090425,0.0017693802149008507,1,-3.735560108357276,0.4140885941760949,0
5,40,280,5.262962844061317,0.3777570937311341,0,-11.141415401433347,0.03674934930183656,1
5,40,281,5.11787063358652,0.37995611796215056,0,-3.013935866902649,0.5290254122893521,0
5,40,282,0.984217369383205,0.8208463158292405,0,-5.494209983826073,0.3054558447079785,0
5,40,283,10.86178200734486,0.02189114134902469,1,-10.009281865864507,0.06820647610647133,0
5,40,284,4.444184251669189,0.3264837525303501,0,-1.2942419939540406,0.7578743267902608,0
5,40,285,-8.11797940266815,0.10286977012554237,0,3.3856804169897217,0.5123312971885718,0
5,40,286,2.5073839159522837,0.6421159864323827,0,-0.5000171363209501,0.9060550706349477,0
5,40,287,9.53878031763018,0.04514391073149202,1,6.434398849938028,0.14853848053701488,0
5,40,288,2.7667260169420413,0.5039716435853536,0,0.4126166880227392,0.9062472928367831,0
5,40,289,10.119442002331953,0.035223318272031054,1,10.794879853133871,0.053370810855695956,0
5,40,290,9.24656615273805,0.03839182843299576,1,2.685268172874384,0.5407985290734916,0
5,40,291,5.875385677831816,0.28179379918433545,0,12.972226874091453,0.010880508383562868,1
5,40,292,9.72300999533315,0.04667622824764903,1,10.032874402901673,0.03245821977665672,1
5,40,293,18.94692277366978,2.9214839561502224e-4,1,-7.288711662734592,0.06832507251771927,0
5,40,294,0.24656396620117804,0.9642349685972049,0,2.594677399922393,0.6747194332143581,0
5,40,295,14.832277197569628,0.003176228014953797,1,-0.4016432699095995,0.9340784483458275,0
5,40,296,0.1493936868673802,0.9702750779889062,0,1.1668747278172114,0.7946673554583538,0
5,40,297,9.201952326036322,0.008522022369038972,1,5.764017619814732,0.10747600502038852,0
5,40,298,-1.4988984995058714,0.7447167581908315,0,-0.23353514181468674,0.9554971520432334,0
5,40,299,-4.928658000752035,0.3026417919490867,0,10.291521639812066,0.023977496951869265,1
5,40,300,9.638325261666486,0.03544530405954899,1,-14.59169086201366,0.0024316474258392474,1
5,40,301,7.686888927523389,0.058005590057628266,0,-4.652872928608154,0.3776183487379363,0
5,40,302,-3.1557316249173195,0.5344533036444361,0,-6.720154948879156,0.0848164200494075,0
5,40,303,4.665852973563359,0.394580244586757,0,3.3631398550362794,0.49838070076274277,0
5,40,304,-7.645532071619511,0.1025237424642611,0,-0.21527305634859684,0.9607805410818543,0
5,40,305,15.724058294396972,0.007225607408815624,1,-0.7876622568863821,0.8298685940634476,0
5,40,306,0.28781176873380476,0.94893915557556,0,-13.448007265093091,0.017775082463902647,1
5,40,307,10.575117764263178,0.020136797677206966,1,0.3513604417522463,0.9494545497077026,0
5,40,308,4.219006630290168,0.45894591108648064,0,5.726340812419613,0.23329587107248073,0
5,40,309,-5.295994780371203,0.287478886886178,0,8.007436579639553,0.12182983927494427,0
5,40,310,2.988556877900921,0.6347899310389544,0,-0.5736477658086154,0.8691900926451228,0
5,40,311,8.64513700892478,0.06334032048163893,0,-5.209930211509485,0.17173569866762925,0
5,40,312,-7.50441573886737,0.09946558770151046,0,-4.297457613803128,0.36888280657486816,0
5,40,313,2.6035561709449104,0.6200041096478891,0,-10.382634515350698,0.006248257930109357,1
5,40,314,7.479380680613822,0.18681813182127685,0,2.517817397136628,0.5847913996594774,0
5,40,315,23.530476671319477,1.694729275233642e-5,1,13.475557142619786,0.014937051342990382,1
5,40,316,-10.27447242052677,0.02134585174890202,1,8.621319552185193,0.0702645513602901,0
5,40,317,6.205724603856904,0.22847403738197564,0,3.875949655688606,0.45596190243406687,0
5,40,318,-0.9751748951110596,0.83601809583276665,0,-0.29649789475902294,0.954858225969647,0
5,40,319,3.1356913047676636,0.5421471038558006,0,2.184139186124446,0.6902774475417546,0
5,40,320,9.411502116070318,0.027872147001346263,1,2.6265546119100103,0.509685196315353,0
5,40,321,7.822235234662331,0.13997069850187815,0,-2.210631394203443,0.6089290732736674,0
5,40,322,3.3777287558097515,0.4794274206541468,0,-0.41423029813065876,0.9320556387721928,0
5,40,323,-1.8486330279206078,0.6897469897635373,0,-3.32022045809305,0.38685968363248446,0
5,40,324,-4.4620148837512374,0.356856359075834,0,-2.823671050462491,0.6026966100145918,0
5,40,325,4.391836245766604,0.4278867739144936,0,-1.5330391853862193,0.7652570306839261,0
5,40,326,7.84871901914629,0.15020656815894612,0,10.074177881580535,0.027284683459528218,1
5,40,327,-12.523865367031759,0.004009138000919886,1,2.200166056071141,0.6205461577072635,0
5,40,328,6.0765741887413185,0.12744666481889197,0,-12.48299144975892,0.007349307574359373,1
5,40,329,1.4577504201547995,0.7933927849048302,0,-2.9868996361393063,0.6008051172893647,0
5,40,330,15.318202229252105,6.43239612866751e-4,1,2.062291696287633,0.6718319586344781,0
5,40,331,7.090864160412711,0.17663667386278156,0,-5.217627153501776,0.33233082066308717,0
5,40,332,-1.9577938021965056,0.7029433253277988,0,-9.571875771573685,0.0653295101372336,0
5,40,333,15.460968448148831,0.0010843768843633835,1,-4.658908785144281,0.35003033629717206,0
5,40,334,-2.032362154050927,0.6758188477644238,0,-6.5179357086240435,0.10746541900277408,0
5,40,335,11.832003309211144,0.01237356906632522,1,-8.186955445028198,0.1127152822097141,0
5,40,336,12.671358646841243,0.010789071073817392,1,-2.610738966486127,0.5702696773605942,0
5,40,337,2.778860371797968,0.585476294679911,0,-0.8754724679184777,0.8624580459682661,0
5,40,338,5.655411087279726,0.1909146120490526,0,-6.789585398492837,0.07394809520543379,0
5,40,339,6.8528260690714795,0.21336031615625559,0,4.716891572444221,0.24298470854503268,0
5,40,340,6.105345649967252,0.22213632610547623,0,-2.8578782928780586,0.5408095219002451,0
5,40,341,7.297082428356057,0.08951699334972756,0,-2.0723674208957794,0.7000142991852099,0
5,40,342,6.860454771214508,0.09886679533978955,0,0.7660044857032051,0.8596944074897687,0
5,40,343,-0.701057900828266,0.8986002952242222,0,11.314847146313795,0.04610364977413522,1
5,40,344,13.431903703139465,0.007412832009610571,1,-4.681081459529445,0.2820517504369954,0
5,40,345,10.186688868338726,0.03071115938508085,1,3.5410732994093994,0.5293204720350861,0
5,40,346,6.144999221380187,0.12457137049812857,0,9.36632460040082,0.049506505294136215,1
5,40,347,11.856154719207998,0.006855633592428762,1,-5.790005821471566,0.29465870663872656,0
5,40,348,10.98441465985912,0.036220029548756784,1,5.110192317694841,0.2317311351620926,0
5,40,349,11.982694226737992,0.017546069537541887,1,0.7620224074375557,0.8866024978640024,0
5,40,350,-1.536163540628241,0.758740675459909,0,-4.69303090293114,0.3392395830063144,0
5,40,351,2.550228989776153,0.5479904285585413,0,3.4848799626563634,0.42819925719599383,0
5,40,352,-0.7004942683343165,0.8925406468638473,0,13.351880826179684,0.013152722933664573,1
5,40,353,4.380521698270596,0.36535310314009317,0,-4.191859007291553,0.40170142424006117,0
5,40,354,6.351741844485849,0.12824404169166306,0,2.0821483710183357,0.7148615275392616,0
5,40,355,10.24601396327943,0.04220749700556513,1,-7.54733464415786,0.10333859859020032,0
5,40,356,9.374037151332006,0.08114449385854584,0,-0.7359621323793873,0.861030909598745,0
5,40,357,-4.8664640393759635,0.43164091807594296,0,4.02533747898211,0.38453708894757466,0
5,40,358,5.0870607819731095,0.24352612351652694,0,7.6944522935641295,0.1233129700926765,0
5,40,359,13.95869908201322,5.430727457302738e-4,1,-1.6670732914048998,0.6856870303111919,0
5,40,360,1.0607920462202831,0.7930478449909574,0,7.941093484582086,0.12038919668252356,0
5,40,361,6.147891525191467,0.18799065325838613,0,-10.946436062912683,0.028887602276417058,1
5,40,362,12.639315201370039,0.019550501708283097,1,-4.7528380521780225,0.25802939648243656,0
5,40,363,9.07670137210015,0.017505758391283238,1,11.000001857345419,0.041824231533070445,1
5,40,364,3.59960451577965,0.44032883356547814,0,3.8785380415657436,0.21063404093549612,0
5,40,365,5.843662992441685,0.23225878280178214,0,4.797806216627171,0.3267592872811854,0
5,40,366,-1.4978853672970311,0.7336156806218473,0,1.8218427594692552,0.6801467896049888,0
5,40,367,8.253550370022307,0.11696024350455006,0,-2.550596310002546,0.6509735397335673,0
5,40,368,11.217833996783035,0.015205670688662798,1,-8.144169843843375,0.04857759939082743,1
5,40,369,16.341260777488902,0.0014792976703780637,1,9.223752320634619,0.05197438533839288,0
5,40,370,-1.2585809288735237,0.7811579646689897,0,-3.015528704840695,0.45733969591187973,0
5,40,371,25.149620674191404,2.264185151622664e-5,1,-3.9579767428964594,0.47361659976359394,0
5,40,372,-0.7661616742192824,0.8173763427909196,0,3.452651647330764,0.4612026760891289,0
5,40,373,0.4758019867211545,0.9120588703632531,0,4.2479348919400275,0.30214695946292813,0
5,40,374,10.576181118167776,0.010561717761665533,1,5.051722810901347,0.33261668596904337,0
5,40,375,13.392124221042703,0.007350122302221074,1,6.109049108073425,0.167110558318169,0
5,40,376,7.47176662346042,0.2175614013060451,0,4.995372831502497,0.30494531212038983,0
5,40,377,5.923484735835916,0.3034075376196933,0,-1.6242451060526941,0.7848687922610393,0
5,40,378,7.853042610162161,0.07554125855270546,0,-17.545703967974738,3.6819819776473235e-4,1
5,40,379,-0.2469599822513179,0.9634824361778508,0,-2.389902420422718,0.6234304292384127,0
5,40,380,6.043423525019707,0.16728000919710517,0,-10.196080270263279,0.049144097237900336,1
5,40,381,12.38360341046063,0.007713448605388705,1,8.62274169373443,0.04758773989936601,1
5,40,382,4.014887339730275,0.4472507276848594,0,-1.5321073186436949,0.7617135358523018,0
5,40,383,-2.4100288274594934,0.6014687650494702,0,-1.156887303188539,0.7907713450627557,0
5,40,384,11.451926231715493,0.028676871123717765,1,14.02377233480295,0.0044117101283127035,1
5,40,385,2.9716521994002187,0.4370390651693349,0,-0.714308087471683,0.8527479293119928,0
5,40,386,7.593267095591838,0.1444145014441705,0,-12.140058911776327,0.01354510520413355,1
5,40,387,0.35330948708387344,0.9421375070670179,0,14.800276633329107,0.006678616662378403,1
5,40,388,12.073604770132288,0.010098163963512723,1,9.697648019939573,0.024871533469206106,1
5,40,389,4.256422420628667,0.35615943138308426,0,-9.987509679165655,0.02492197372712192,1
5,40,390,0.35992978285979427,0.934748115352156,0,4.656439983239416,0.2972208622646938,0
5,40,391,3.076487286372196,0.5510575059146313,0,-1.3263312777223895,0.8250607364702234,0
5,40,392,12.751385875725294,0.014994639454270207,1,-7.4128639025225285,0.2374833619895085,0
5,40,393,1.8600618092431254,0.6339070364123465,0,-10.582814837312577,0.05277317099147738,0
5,40,394,5.705699243169473,0.18341459328495047,0,-6.028297520029582,0.2706851716895347,0
5,40,395,4.049990046263471,0.377697466206826,0,0.016784096746874585,0.9968168814822569,0
5,40,396,-6.779960974516822,0.08934285563479424,0,8.306880359592318,0.10229768565608963,0
5,40,397,3.8496444955375297,0.28318273262437993,0,0.32246593877024554,0.9437908436607787,0
5,40,398,15.978039814540924,0.004734063375200686,1,-1.1351007011167482,0.8427521488902401,0
5,40,399,4.725665942391925,0.3733337754428714,0,2.2642679720396433,0.6560874002984964,0
5,40,400,5.572380027344131,0.2337841586017286,0,2.434717598642375,0.53614758233236115,0
5,40,401,8.27441391210554,0.09845262953819989,0,-3.640265930591917,0.4129618090729412,0
5,40,402,-3.045481371067716,0.4995079053327862,0,1.302792037246723,0.759122671868586,0
5,40,403,4.577286682511166,0.37060788811171264,0,10.767981330367341,0.03192089705292629,1
5,40,404,8.230094599460745,0.06990663955794346,0,-7.134700278489804,0.16650687196707667,0
5,40,405,-7.538209765148054,0.061185937301009456,0,-3.5813825745580354,0.4663277389856755,0
5,40,406,10.19127169778077,0.06266554583609188,0,8.151123088810465,0.18605119505303436,0
5,40,407,10.819741916286572,0.004253862067787102,1,-6.80753220541472,0.14114341115199666,0
5,40,408,5.395600777865099,0.14100950606881807,0,4.433866355450793,0.445226615573762,0
5,40,409,4.926003169580651,0.35782830466484894,0,-7.676584719801369,0.17035678802891205,0
5,40,410,3.4798016239038896,0.4604125350346251,0,4.524625006797671,0.3935516993480629,0
5,40,411,4.504561716913773,0.37187808085541685,0,-2.2171823535795006,0.586749648540162,0
5,40,412,5.0589963489225545,0.30443684496832635,0,6.847482737571731,0.23446170700801908,0
5,40,413,2.3282178384055343,0.6676892766923292,0,-13.879981705580773,0.020258033650168702,1
5,40,414,9.371180081794924,0.07432475453461969,0,9.809076667399404,0.028854298432798114,1
5,40,415,-6.555105891606391,0.12563875026236468,0,-3.2455529878261613,0.4920734552673133,0
5,40,416,13.69599098357267,0.014606529794908138,1,7.384947045757235,0.10131005710650443,0
5,40,417,5.807699675282007,0.3288908753264923,0,1.8023070951588245,0.707959480656694,0
5,40,418,8.67031317614891,0.07366886680577306,0,0.7939049234999175,0.8501999836076946,0
5,40,419,0.23130548528818107,0.9627172760336928,0,-12.174545708439684,0.01863684945788609,1
5,40,420,14.698812001094351,9.303941828694411e-4,1,9.482496576959853,0.04151760148812432,1
5,40,421,9.465894194825832,0.04810594115980892,1,1.4121413765104331,0.7440620297964191,0
5,40,422,2.1305716846239564,0.6479103162252849,0,9.319252541055413,0.023074715294388978,1
5,40,423,7.860409038360917,0.09924860345476447,0,-1.247470347379516,0.8306450238209409,0
5,40,424,-1.0934529585508863,0.8432067427904085,0,-3.0118431357443685,0.49812429591988916,0
5,40,425,0.8524641370128798,0.8620647196077813,0,-0.2813029354008217,0.9605030999846584,0
5,40,426,17.32724770228538,0.0010468832460688708,1,7.3651153746193065,0.12985280018426018,0
5,40,427,-2.7406792197976966,0.4758054177069355,0,5.043549879176619,0.24361593288291192,0
5,40,428,-0.5665187804817652,0.8983592846125135,0,6.938036823306076,0.15793685302597393,0
5,40,429,4.424253343417681,0.3456835378455634,0,8.270450341865907,0.036250508082117085,1
5,40,430,1.2548382049641325,0.7841675900948395,0,-4.767567044404971,0.21345359828815355,0
5,40,431,2.7028122408416313,0.4982943865156636,0,3.0605883062208696,0.5900815421574297,0
5,40,432,12.909441912161268,0.024458129374705602,1,-1.3864874729241894,0.8222456142710202,0
5,40,433,-11.347305664382064,0.022647626247924987,1,3.880883822080354,0.4192009041709577,0
5,40,434,8.530130053552153,0.07396086793856009,0,5.761894026396765,0.16832149500048266,0
5,40,435,-0.15471151908159383,0.9797305268250704,0,12.17068485994187,0.01311403799895048,1
5,40,436,9.892393711884957,0.04354552566469118,1,17.443956323717956,9.714366635396188e-4,1
5,40,437,2.137349556988272,0.6411122840409353,0,-5.118633352930149,0.2989728236700419,0
5,40,438,13.08312632046065,0.026554344351366894,1,-5.142576129588919,0.3427276552964955,0
5,40,439,-4.516978085396441,0.33604854623277813,0,6.324517741190301,0.27574775735713364,0
5,40,440,9.357368593918759,0.028396927205860654,1,-5.424092212038521,0.29763276447459774,0
5,40,441,9.599161487072799,0.13004653625292376,0,-5.721872440544009,0.33207617130159006,0
5,40,442,14.914874068894663,0.00592919452501517,1,-0.4095497651184368,0.940586379271885,0
5,40,443,2.700103528513571,0.5596025811839584,0,-0.6694162166744738,0.903010357476755,0
5,40,444,15.36082855225696,0.006097776959846984,1,6.58359753472029,0.1371764707785418,0
5,40,445,1.5031670085038116,0.7686087291063641,0,8.569884791366658,0.02637809093569567,1
5,40,446,-1.7021061513569915,0.7617767444622284,0,-4.992521835483366,0.3612745766877977,0
5,40,447,4.2916081390864695,0.47304371683104507,0,5.821001293830066,0.13857718689275667,0
5,40,448,-1.4505139503597266,0.7475841904277385,0,1.1850689956214642,0.790663940458304,0
5,40,449,-3.3281620490302344,0.5831780924678579,0,4.850220158533407,0.3235758064276051,0
5,40,450,-2.9048475895276207,0.5707377279340242,0,3.4944456152011085,0.36817503834566356,0
5,40,451,-2.6059857207066472,0.5679073441416151,0,1.829640829968582,0.7303976234640576,0
5,40,452,18.755416117336576,2.972158752462639e-5,1,7.1243719296414065,0.12123300937540495,0
5,40,453,3.096384927460217,0.41420558344841774,0,-4.540767803230903,0.30301772881550565,0
5,40,454,4.673695591026014,0.37219865923425743,0,2.3421442235590124,0.6304173192338525,0
5,40,455,21.60379942549394,2.291210998604637e-5,1,-3.534624643658735,0.3979013664216554,0
5,40,456,-9.798484493831017,0.014980062973836904,1,-2.9314388533594515,0.5440000373166928,0
5,40,457,6.226976133503807,0.24015849006743675,0,0.5699561992102147,0.918790385628594,0
5,40,458,5.856746027722473,0.23017609020524113,0,3.1172799251113106,0.505060460609855,0
5,40,459,3.709576306629373,0.5487453672048987,0,4.588341432021242,0.3077554669078945,0
5,40,460,0.9969140855469674,0.8365360827924919,0,-1.5154708160425443,0.7402510104675295,0
5,40,461,10.101113539287423,0.051321150492148644,0,1.227052530436806,0.7776332142447726,0
5,40,462,3.861015508760019,0.41297860948212906,0,-4.86337827821719,0.4982184120573697,0
5,40,463,19.55446124308647,0.0012830319385614122,1,4.4739469399942235,0.3944463891698665,0
5,40,464,-9.723341974156888,0.037463946080193114,1,0.3510965822448774,0.9419303589986479,0
5,40,465,13.328085030819178,0.0019543928648035357,1,12.921501309771715,0.054840318733873385,0
5,40,466,-3.0807115441546125,0.5420879751018468,0,-4.248965408617535,0.3832222600600492,0
5,40,467,-0.4637099802271633,0.897844990776018,0,-1.0643148244656155,0.7640423815543395,0
5,40,468,-1.7418257622819235,0.7380221472303689,0,0.7109301821211736,0.8865105898498482,0
5,40,469,2.6228900145162197,0.6558891635485813,0,-14.837662203588792,0.0038866690699984638,1
5,40,470,3.022530457974058,0.45706470999550963,0,-3.50733417889981,0.4767752969082172,0
5,40,471,6.802975696591325,0.1738329909128439,0,8.237085063452605,0.11068099522780402,0
5,40,472,4.976211832918175,0.2647952349420502,0,16.16838119722542,0.002303068529950651,1
5,40,473,7.503026968193048,0.0949778506822892,0,9.08576276653817,0.06671289128141657,0
5,40,474,12.526000310681907,0.01243652204403946,1,-4.213822635936349,0.31627351116993047,0
5,40,475,-6.469960260170646,0.1494624308145081,0,-7.26802651194894,0.1520415325806777,0
5,40,476,-1.2528686386820527,0.7747078355707524,0,6.177165258416219,0.20972732778457565,0
5,40,477,6.012345312289524,0.15242086371239028,0,2.571952399965801,0.6132947574391198,0
5,40,478,-0.33052592343566184,0.9378553518080428,0,3.8665025111304883,0.3964075432951325,0
5,40,479,4.848015576925453,0.4119195368745222,0,2.8746411086071966,0.48212238824898346,0
5,40,480,5.699440191597095,0.18577160335686976,0,6.55247912621049,0.15972530691356746,0
5,40,481,15.640458718102439,0.0019099401102830272,1,8.375526764427365,0.03554905479502283,1
5,40,482,1.2149276736348904,0.8020099071344453,0,-4.056467093685691,0.38714000110450486,0
5,40,483,5.626695364351176,0.23257175900640867,0,-1.0950799028868445,0.829174792947011,0
5,40,484,5.160137333467064,0.33137754478246284,0,7.937338982938019,0.11450867596371876,0
5,40,485,13.762669285048094,0.0041600948281613325,1,-18.03876329373272,0.002389651457026656,1
5,40,486,5.881832087221951,0.30759484815377774,0,7.975989439743472,0.15702570221032408,0
5,40,487,8.135438422711923,0.044786525913392744,1,1.0093638154102267,0.8153391015235241,0
5,40,488,3.8228423923190893,0.2862675622160693,0,2.2401787873046946,0.6310476285807878,0
5,40,489,2.907090513200771,0.5509160512935627,0,-1.5839117475216542,0.6537685574081401,0
5,40,490,-2.6336133339376517,0.6593354768569473,0,-5.17131475045128,0.31235067711712766,0
5,40,491,10.02088897388431,0.03911589604181689,1,-8.12172006180344,0.1074522886387598,0
5,40,492,18.023968439916302,0.004155314497828752,1,-5.651288206644087,0.24257616973103124,0
5,40,493,17.298878316776754,0.00767801287006813,1,1.603598454230223,0.7472431674859779,0
5,40,494,0.7459921129373563,0.8847366167324152,0,3.4087772363127242,0.5115919574678427,0
5,40,495,6.136626060121129,0.23121660908143152,0,6.378870863043435,0.2476393885262564,0
5,40,496,5.693861304027101,0.2198490803982642,0,6.654428386647685,0.25387914548047186,0
5,40,497,14.826712679826333,9.696201791651731e-4,1,-8.35296850244251,0.026370248216028652,1
5,40,498,12.875257090725935,0.004258547732219038,1,6.318694682728472,0.18772485373581696,0
5,40,499,7.706429894664356,0.10614024520309642,0,5.951929804846306,0.2851876172088336,0
5,40,500,0.48093230795073777,0.929428878993691,0,3.733700840996678,0.4054857447556567,0
5,40,501,11.394900713288047,0.020943792574389726,1,-7.056348300650555,0.2178116085550467,0
5,40,502,1.5207305062463046,0.7102424078303351,0,5.842836369667704,0.11533506572212868,0
5,40,503,3.758057981653281,0.4115319747571845,0,6.390308839877274,0.14155619101969036,0
5,40,504,0.6630073389006151,0.8904006527418385,0,-4.651063369328722,0.33129411266500675,0
5,40,505,-0.0709116711492511,0.9866548264360167,0,0.49695017500557837,0.9315637597915926,0
5,40,506,-2.382377121793669,0.6071338798538496,0,5.418876358225442,0.1783878690972735,0
5,40,507,12.311137571481488,0.00814840620529929,1,-5.181770468054307,0.21666070855093622,0
5,40,508,6.546556584985466,0.21684523540610243,0,-4.832142567851464,0.33325467211130644,0
5,40,509,0.023773025847868938,0.9971068788433752,0,-10.090975245551164,0.0022340441080921937,1
5,40,510,14.581675592521615,8.899413095718955e-5,1,-3.9728489310079516,0.4822470774609324,0
5,40,511,-4.2099871351346305,0.3471171733329389,0,19.58668769122929,0.001255428464105129,1
5,40,512,3.743312213849325,0.4972782253237813,0,15.560606258825967,0.002700169734582093,1
5,40,513,8.071409959939894,0.18985456660013053,0,-1.5062988314934982,0.7564337293696705,0
5,40,514,7.83497290665475,0.055121528119516414,0,-2.2588165500256636,0.6805347709348266,0
5,40,515,2.546969039150486,0.6125100134457424,0,11.879803524928697,0.004522196229125282,1
5,40,516,0.43857383552029516,0.9277814491312517,0,-11.244893590836657,0.011650011357280877,1
5,40,517,2.454688935547023,0.5651649735937074,0,-5.242040249439806,0.16980701279213425,0
5,40,518,1.93780804808018,0.7054475204318393,0,-9.8415054629176435,0.1053283248765457,0
5,40,519,8.942500487527141,0.05923608376366075,0,-13.72711622370605,0.0071996839995445115,1
5,40,520,-4.796046299793154,0.33727837037711095,0,-0.20007365588786064,0.9742792268629762,0
5,40,521,4.87041390483826,0.356781383277319,0,1.689009906127495,0.7444776462674699,0
5,40,522,6.664444188638304,0.16663288376746865,0,-5.288407820200382,0.2853847041519562,0
5,40,523,-2.9175521387873906,0.48692167734041714,0,2.5216515925327543,0.6024245085573026,0
5,40,524,12.099023894029996,0.020215758675400885,1,2.59713130158602,0.5713815452298382,0
5,40,525,3.529245287750761,0.32286857012244363,0,-8.413022413330248,0.062193246673229625,0
5,40,526,15.536625075821368,0.0010017664506028238,1,-0.7357821042532897,0.8671994756366451,0
5,40,527,13.138665269192957,0.023338879213818605,1,3.1175107864104015,0.5515563414341751,0
5,40,528,9.08500976332919,0.05620593942180992,0,-3.5453281096360167,0.33828832467338854,0
5,40,529,5.693766623295379,0.29541019300590265,0,6.748710586245591,0.1051371017513423,0
5,40,530,6.762923736866425,0.10383257618227376,0,5.251353840087822,0.25024877739285223,0
5,40,531,11.697870788546043,0.013620718828962285,1,-0.2762664325236018,0.9443028218262142,0
5,40,532,-2.271804498382832,0.7090096904082432,0,3.3867309205120653,0.44961353799316217,0
5,40,533,6.318196062302596,0.11781549533227897,0,6.276882903751506,0.2997943929043737,0
5,40,534,1.1023205278354258,0.7880964068115324,0,4.4573944080689785,0.30152023394010474,0
5,40,535,16.771333910561236,2.956560621070039e-5,1,-9.481578411539308,0.050871500038151427,0
5,40,536,8.01756609383739,0.22943143331716412,0,4.336008658190233,0.33478384790906557,0
5,40,537,3.007676111896234,0.5535191538829703,0,7.067880931201847,0.12859799103670022,0
5,40,538,12.088639998611853,0.010610343017051969,1,2.008820732221178,0.6852130516297417,0
5,40,539,17.379818969282177,4.224228564437633e-4,1,-3.921018689605059,0.5146733941573363,0
5,40,540,0.8435631140320917,0.8466887568123058,0,-1.9226062328217184,0.7335915002472012,0
5,40,541,9.466560601755331,0.09575095865106714,0,-13.529735118567363,0.00518582833871345,1
5,40,542,1.5049670287342967,0.7589454072273327,0,-10.84370642611507,0.027478088886138483,1
5,40,543,-10.16327973047232,0.05468232153919616,0,0.10569303775051106,0.9832100707302269,0
5,40,544,2.0299761705424175,0.5876354850352941,0,7.436766934443072,0.06867794853149517,0
5,40,545,1.2069788896796954,0.8019257291274869,0,-1.7546560508867046,0.7037492154902204,0
5,40,546,6.295715534350906,0.20958203819585755,0,0.11717632063797292,0.9782812583259716,0
5,40,547,-0.8904283074877694,0.8686269038544816,0,-0.4442994660134915,0.9106616785157648,0
5,40,548,0.15981751547245174,0.96936309275691,0,-13.750118227108821,0.004131862966382433,1
5,40,549,17.085618450200034,0.002727415748122927,1,-3.2076492554171065,0.5463334321957891,0
5,40,550,2.9200605418575543,0.5338527701624194,0,-7.7819819797312455,0.1326693911588993,0
5,40,551,3.1927950427819747,0.4012170752878832,0,8.58806323047047,0.10863928861279656,0
5,40,552,2.708258863408931,0.5523320019209347,0,3.5047039293148026,0.5397096830697263,0
5,40,553,13.884461366587795,0.004381563889447511,1,3.3940131528301247,0.5386864406153323,0
5,40,554,6.350333761689772,0.109744678215273,0,-5.6592553261040806,0.24756851976240887,0
5,40,555,-2.011903130143923,0.6434461354109714,0,3.05650405937448,0.5567188637636288,0
5,40,556,-2.8064723600174637,0.47416319554810415,0,0.8764901559578303,0.8408771983533394,0
5,40,557,5.7039085853427665,0.26524257819649205,0,-9.291931491981273,0.05946188595427569,0
5,40,558,10.700697195719826,0.06266589966626449,0,-2.706669023214512,0.6405242519202159,0
5,40,559,8.019736760834233,0.14610486697488062,0,-3.739055119964504,0.4230698204681642,0
5,40,560,10.009619538745586,0.03152335586217543,1,-2.266875957182659,0.6181909372339576,0
5,40,561,17.089627404469095,1.6760794234578345e-4,1,0.3523189848763585,0.944744376918381,0
5,40,562,2.6118613348474207,0.5959670151217449,0,1.021565271166858,0.8390359658072406,0
5,40,563,5.652356034978004,0.20384719575972002,0,7.6436347771420925,0.2004555458469247,0
5,40,564,2.558004762985124,0.5896227879035636,0,-5.268602537115643,0.2374250873530562,0
5,40,565,-4.236684107187588,0.42205732070675905,0,-4.11955856474942,0.3483665664416249,0
5,40,566,1.097149030614964,0.8266598037106891,0,-3.787842800788654,0.39791369229704454,0
5,40,567,14.078643183753963,0.011713157365008378,1,5.225258838219256,0.24192419473340637,0
5,40,568,9.311261312167515,0.12243158630035052,0,-1.189169381489629,0.8026027954538735,0
5,40,569,3.5910687473912404,0.3213941742713241,0,8.744869016415581,0.056381353035421036,0
5,40,570,5.321962650442911,0.2161291786137472,0,6.499306730446582,0.10684518812677457,0
5,40,571,-6.993934012864564,0.13733751645625863,0,5.724638592182661,0.3123229882188808,0
5,40,572,4.525643122880405,0.2992115180733642,0,0.5907190899690158,0.8992418554879327,0
5,40,573,15.053716753852896,5.433376232172671e-4,1,1.450481851401997,0.7515342173869654,0
5,40,574,3.8190578211814343,0.5036467775749547,0,11.006793324317673,0.021888715156596864,1
5,40,575,-1.477444086419167,0.7419403591450464,0,-15.26116276064723,0.006541070303812969,1
5,40,576,6.203527656118978,0.237599172634328,0,-0.02642451580003682,0.9957340984764604,0
5,40,577,-2.281985055794054,0.7099580775617851,0,2.585132059545001,0.6390283339204456,0
5,40,578,12.778223403510731,0.006527368561337337,1,6.152415239245579,0.19029687893003905,0
5,40,579,6.055100615445472,0.14574471479059067,0,-3.657947088615787,0.508977862381153,0
5,40,580,2.4141944346086497,0.5981985691797169,0,-1.730709681931271,0.7333317638533041,0
5,40,581,1.1072652811419417,0.8012076038935876,0,12.930162000381012,0.018559003577765694,1
5,40,582,-5.791045963870647,0.289269196594021,0,0.5036018166178277,0.9239237522191276,0
5,40,583,8.199148217179275,0.12703597507614547,0,0.232547482592255,0.9628103077998815,0
5,40,584,-2.7114863839015784,0.6052641852869238,0,10.733168028331832,0.011197602746436339,1
5,40,585,3.189864072955948,0.4719784001756224,0,6.008111504257232,0.24529779235991864,0
5,40,586,11.348946467152508,0.022459005710554227,1,0.3235079830641363,0.9447825259939986,0
5,40,587,9.15581376082188,0.05668902658945677,0,2.105164927921511,0.6361698305138108,0
5,40,588,-0.6079407417670198,0.9227554114517822,0,-11.999753449840894,0.02560761394217639,1
5,40,589,10.21043420562159,0.06065706029368123,0,-4.352405067995158,0.36645870682300064,0
5,40,590,0.5801438420368176,0.9098325867254599,0,6.466408742134881,0.13805700022018372,0
5,40,591,1.1358444160317727,0.764992098696009,0,10.099308377078444,0.02713007870073891,1
5,40,592,0.789969862040324,0.8466994899141453,0,5.267770558099737,0.1735477910737879,0
5,40,593,4.559729714318039,0.400625651654932,0,4.030220142507884,0.39390516283455734,0
5,40,594,1.4931834070005616,0.7463338010258227,0,5.939021712101733,0.20190834956109693,0
5,40,595,4.444474440210288,0.3126556800457496,0,2.5234544823836225,0.5862217731028792,0
5,40,596,4.130710067376198,0.377240185920106,0,19.27014430180549,8.01826222468389e-5,1
5,40,597,4.186816172673362,0.33683843589108386,0,0.8072198819639479,0.8639404475194692,0
5,40,598,5.4374156219074274,0.3196014617074998,0,0.5403808034492976,0.9185477022033866,0
5,40,599,10.052955039837538,0.04765532723408088,1,-18.515276353155357,0.0014339089792808125,1
5,40,600,-2.6150692655790264,0.5804325982408309,0,4.210817073882986,0.34492976674815146,0
5,40,601,2.5019540972547665,0.653471450368694,0,-0.025207933027638962,0.99593376750466,0
5,40,602,3.3405582789406214,0.4530198514837749,0,-6.179094101467016,0.25557267237575765,0
5,40,603,-2.573695876731601,0.640423563799948,0,-9.009508477596185,0.14705431879525335,0
5,40,604,5.500280715273165,0.2845027477035688,0,8.755706915277816,0.04439908308879807,1
5,40,605,8.070438392759147,0.16459941850543053,0,0.4350433430898035,0.9273255826147946,0
5,40,606,4.173827980527978,0.33625683727974076,0,-1.7769418611983507,0.6371768608850856,0
5,40,607,15.455134616447284,1.3997995235350653e-4,1,-2.044102865894213,0.6649987142707738,0
5,40,608,6.861055714146103,0.14244365018903093,0,5.7117886428605384,0.2765582393504043,0
5,40,609,10.238715845090143,0.05525759444080763,0,7.169560017042748,0.08294921078261334,0
5,40,610,-7.767930246717299,0.14124919312699288,0,-1.9924552560855175,0.704863823869968,0
5,40,611,-6.026522252720166,0.2324261973002446,0,5.545247405127034,0.16897747008920766,0
5,40,612,-1.7754644170995793,0.6733915355435377,0,3.1233213732284035,0.6036331956709976,0
5,40,613,3.5975746269077686,0.49636249537338206,0,12.308202367466553,0.017663140232998337,1
5,40,614,7.89072873423285,0.13074550964914494,0,-1.9517974040490313,0.7150958988195366,0
5,40,615,8.426695230402482,0.0452580876125434,1,-1.4000666201393994,0.7891971681732017,0
5,40,616,9.679365600107444,0.03766872032064358,1,-5.228092088579459,0.22436930456303722,0
5,40,617,3.248049231928524,0.4660607221010151,0,1.447170187394439,0.7577562664390401,0
5,40,618,-10.927780042851493,0.008108580835714621,1,3.509201108003907,0.4409529037563853,0
5,40,619,8.869567474901483,0.02160313509463695,1,4.046958139360267,0.4287003297724352,0
5,40,620,-0.9899767040679517,0.8190724466889479,0,6.561783921390811,0.20367240308760007,0
5,40,621,8.619764637318964,0.0547684621494532,0,-1.0044932280527907,0.8439540972395337,0
5,40,622,7.118091065063084,0.13439677807187808,0,-7.7293830850533825,0.06895110253180589,0
5,40,623,1.8706936804928271,0.6975151885056401,0,1.7544326314195215,0.7885824250143142,0
5,40,624,7.339842962848864,0.11177271118670161,0,2.6037101148543127,0.6180855149896527,0
5,40,625,2.655641339309136,0.49839967022523535,0,-3.265365988246276,0.5921268197487727,0
5,40,626,9.42322172473175,0.10782232719759793,0,9.481993022803978,0.05770194617249913,0
5,40,627,17.904865051008073,1.140920240094785e-4,1,-16.78070997345136,4.12547766109945e-4,1
5,40,628,-0.49281218748701716,0.9186679246305709,0,-3.0785891528865923,0.5608100470282744,0
5,40,629,2.166003551209477,0.6895728202739804,0,-1.3008353659895415,0.7932260916127266,0
5,40,630,2.136899772497732,0.5007166671094248,0,4.929508217896826,0.3011646503754073,0
5,40,631,9.919127220684464,0.057478232953733374,0,-7.073087896449237,0.12659463474959037,0
5,40,632,13.577333804112659,0.01093921936634715,1,2.8061488957017784,0.541127474501716,0
5,40,633,20.44282645435216,8.09605279284792e-5,1,4.744191612456357,0.19754367901338066,0
5,40,634,9.800261628846405,0.056856119298028536,0,-8.487305908770546,0.110230890378075,0
5,40,635,7.738374899616806,0.10503425401869247,0,-18.292280933735373,0.001395539040855316,1
5,40,636,3.294479253707063,0.45152386751797835,0,0.09028671856350744,0.9861131322135958,0
5,40,637,-7.189265124288503,0.02265108484021815,1,-11.194774692448767,0.007683147522557797,1
5,40,638,1.9622529077742434,0.6192478623623521,0,7.365363549467739,0.15023870425797303,0
5,40,639,13.325277859469605,0.004485901373292988,1,7.336675669415546,0.13219315152454897,0
5,40,640,-12.77213559160679,0.027864761668438695,1,-0.20389923693559547,0.96513994249808,0
5,40,641,-1.4955347196082014,0.657510277610196,0,1.614477100842351,0.7251756449696658,0
5,40,642,7.854881512733064,0.11309781106930702,0,4.409324863779765,0.3474005075677101,0
5,40,643,2.6955862837403926,0.6897157264586458,0,9.56958926537236,0.13062012842370016,0
5,40,644,4.645482753584724,0.3623655497783588,0,0.5337350602908315,0.9100206921963604,0
5,40,645,5.213842957752272,0.36053670723847,0,-8.948228111398102,0.11293161292268127,0
5,40,646,6.688027629456987,0.09020066366198148,0,-8.84539888542259,0.13984107683620914,0
5,40,647,1.3323570013462156,0.7693800211312897,0,1.6319584806830159,0.7176595570600558,0
5,40,648,13.617099235484435,0.028964365577675538,1,5.546437048314292,0.2169628451450898,0
5,40,649,2.40090024152083,0.5241810470858341,0,-11.63195453222631,0.015949827487310796,1
5,40,650,10.473937564798641,0.004056384999812005,1,-0.7380037196038483,0.8760245333903562,0
5,40,651,0.026222518979391766,0.9953546495315313,0,-9.02029645036655,0.06151953428270005,0
5,40,652,11.638652272189715,0.03228391600391628,1,-4.812029666523567,0.1599361153421479,0
5,40,653,16.616483366562967,0.004583825720084456,1,1.2565464764392698,0.7986060169910882,0
5,40,654,8.749237056110928,0.04439402678273964,1,-9.973835614566104,0.10022503404017694,0
5,40,655,6.357037100135235,0.12787567863504967,0,-5.78182354478302,0.21283558384594037,0
5,40,656,11.427688091766791,0.09269769206075941,0,3.263761148546793,0.5675257227822295,0
5,40,657,1.4692209469380386,0.7786404609057952,0,9.164923535023782,0.03271085490356649,1
5,40,658,-4.185568095855509,0.2422124165648784,0,-3.577093054956542,0.5512015112865568,0
5,40,659,-5.120927805358852,0.36995356213040476,0,-7.067062881616099,0.042861125702816506,1
5,40,660,8.078710995866757,0.09317664621911362,0,11.896327328117644,0.027827899258246497,1
5,40,661,-3.455647787466026,0.3999084092826214,0,6.7891915080881375,0.20739420225552982,0
5,40,662,23.469998129790564,7.173844550119615e-6,1,-3.949356038286134,0.5049235968712219,0
5,40,663,-10.614075734768763,0.05513753449603842,0,-4.171178122681165,0.4109949897747587,0
5,40,664,-0.1505427886323075,0.9736680410520788,0,1.347757094866688,0.7320690450411503,0
5,40,665,-2.8924727175751346,0.5092015063359365,0,8.557387851574926,0.07135806217081075,0
5,40,666,-6.24148082639052,0.3105840736621754,0,-10.308801976420048,0.03655088066429896,1
5,40,667,13.62502486016823,0.003772641248103305,1,-9.14852978397948,0.04472071455743581,1
5,40,668,11.433392161146841,0.009535362735032001,1,2.155272793489331,0.6417685805554485,0
5,40,669,-0.9774655460933509,0.8374724346052282,0,-4.698314846954732,0.37828102719459744,0
5,40,670,15.364461284026026,6.48690551282389e-4,1,2.648024942166622,0.6674772701534694,0
5,40,671,3.2945983255499063,0.5641444552198556,0,-10.291238515015008,0.016116067912694668,1
5,40,672,7.527769690213068,0.15469776648549236,0,-3.190345613703709,0.5406434760199647,0
5,40,673,11.001540957252237,0.0012574902273498978,1,8.952758871420437,0.033600681183614804,1
5,40,674,8.964808178980741,0.03918330637980893,1,-4.414205826347387,0.39029866049219475,0
5,40,675,4.3545163356962515,0.38292311034535953,0,1.598904599793198,0.775514892738389,0
5,40,676,-0.8937027727816246,0.8532490930168768,0,8.810602670700042,0.03295193082322767,1
5,40,677,3.955636810638417,0.3834415231901849,0,5.231933709772469,0.37600157694087855,0
5,40,678,3.0589822157744315,0.5131996261239256,0,-8.642653718143574,0.055676127920362105,0
5,40,679,6.259388026950131,0.22101137856004113,0,-5.003210735699535,0.32720320320057206,0
5,40,680,12.5329148382676,0.009266040242075143,1,-5.505499514151783,0.24283961102952495,0
5,40,681,-3.6561483802181773,0.43104259846966997,0,3.6853440833872573,0.4300157710185477,0
5,40,682,5.189518181042083,0.29666766411405665,0,8.363640794734819,0.034338386503475156,1
5,40,683,20.493787346039305,1.6245473521929344e-5,1,-6.312277339395517,0.20773989899182488,0
5,40,684,4.541110404181652,0.32615129500991435,0,-7.128900188748234,0.13298311028275367,0
5,40,685,16.404279908352308,4.296329141213519e-4,1,-0.798289236296639,0.8921705300807417,0
5,40,686,-2.4877236955609487,0.6484230178014858,0,6.649310640388391,0.12874474056223656,0
5,40,687,0.31618718513271404,0.9577536667495374,0,-13.83981598033058,0.005559484030636266,1
5,40,688,3.9659042902339836,0.30633278115919405,0,-4.271018172675585,0.40143582296764113,0
5,40,689,1.8542180627660094,0.7290172639857374,0,3.665508252498273,0.4332141255926256,0
5,40,690,-2.127599856085521,0.6584585197978343,0,7.683698906630217,0.11482103367683218,0
5,40,691,2.776010246006488,0.5611848195426846,0,3.6601715748262276,0.528616880459652,0
5,40,692,19.698789851439763,6.951383018005884e-4,1,-7.393899972610921,0.1903810028765014,0
5,40,693,6.329376678292036,0.19840653667178632,0,-10.88566754771095,0.016032900728982235,1
5,40,694,4.756396768516957,0.3407405780262165,0,-4.252586088656496,0.3477577276730972,0
5,40,695,9.621580592540623,0.05114234951103262,0,10.311612537106022,0.0239627161072407,1
5,40,696,8.932096653944296,0.10106369787385298,0,0.9134987350732384,0.8108150485856163,0
5,40,697,8.508968233277093,0.08204497984776739,0,0.04854419763144951,0.9923717175038944,0
5,40,698,-5.453270961407725,0.3103220978073293,0,-4.108693091830546,0.4545855106150162,0
5,40,699,0.7098574996326822,0.8995727221562202,0,5.0562767610445345,0.23792689773536205,0
5,40,700,-0.48125649773786583,0.9329647502534095,0,-1.246245916427928,0.8256234492060492,0
5,40,701,3.132757523327502,0.5024248927778203,0,-15.067249607952096,0.0010014255629574743,1
5,40,702,11.049568060873067,0.013080787880449434,1,-0.6394259180240112,0.9016411488337224,0
5,40,703,-1.1677557170414654,0.8058982701831534,0,-1.2448231544609403,0.819731681181281,0
5,40,704,5.634321256241332,0.21775561916504946,0,9.445262837783575,0.04150805420065704,1
5,40,705,18.324425900941705,5.487071242804313e-4,1,-3.952623325407059,0.2605206359697606,0
5,40,706,7.34396103694289,0.1046459058184578,0,0.01217073008295755,0.9982594520596892,0
5,40,707,4.512856969691313,0.29330107263488936,0,-3.8880972455650022,0.41188474606778747,0
5,40,708,4.079146259067791,0.3659492230544198,0,12.43283548304976,0.007567465823108271,1
5,40,709,3.987482960679626,0.3338397728961675,0,9.693032671015159,0.051234000546693324,0
5,40,710,10.117432789808435,0.018062680242438917,1,-1.1978888772716725,0.8256840241213232,0
5,40,711,7.206672648658843,0.08114957319594257,0,6.971210162019274,0.10057774754578593,0
5,40,712,10.056166005487263,0.02265712637394785,1,3.004964837945763,0.5320840399948994,0
5,40,713,1.202280349534153,0.7701483955513002,0,0.8924073482018813,0.8344382857783816,0
5,40,714,23.139389889775245,1.630330882457778e-5,1,7.40610113705808,0.1977429544665853,0
5,40,715,0.7795459794634774,0.8675139901872646,0,16.596063851184347,5.915278383603212e-4,1
5,40,716,2.0967605975257566,0.6874145660645622,0,-4.70458486954102,0.2602439216299095,0
5,40,717,7.729066387654985,0.12951460501797563,0,11.17359903987454,0.04020640187552476,1
5,40,718,-2.596907415230844,0.5952532178309047,0,1.1055337409475916,0.8143697325259882,0
5,40,719,5.142641132621942,0.2457024129819747,0,-3.3233887104663187,0.479276120617421,0
5,40,720,-4.201846986578713,0.4210211693001028,0,7.062694470288137,0.13438916146833624,0
5,40,721,2.6132193624550224,0.5746027660189643,0,14.201854486578602,0.004482038522684015,1
5,40,722,0.847901568568421,0.8333803388516077,0,0.4583409912260787,0.9416499873211397,0
5,40,723,0.9599059998540198,0.8409594766250691,0,1.865578368268914,0.7026220592903767,0
5,40,724,4.006916394464752,0.5443206765639697,0,-0.6405815076294556,0.8688746769587912,0
5,40,725,3.3683976130862856,0.5008862853644354,0,-9.823665099997699,0.04488752106230158,1
5,40,726,-0.4857773022683069,0.9019964089539326,0,-2.5314188387393837,0.6330796837679264,0
5,40,727,0.7756245871070726,0.8662931747421305,0,-10.204551026608852,0.01821356384482029,1
5,40,728,2.7774322259657023,0.6043988420684275,0,4.116316903208219,0.3600767785001343,0
5,40,729,-2.8477567859636856,0.5689182829859164,0,5.311077928853989,0.2852104337121112,0
5,40,730,4.2765346524552035,0.4437092494831689,0,13.002548264516681,0.00783670519005269,1
5,40,731,7.2861511295219135,0.11782470897113519,0,5.367001030760891,0.18949821439939696,0
5,40,732,13.138615268677718,0.010290116140918739,1,9.704353822493635,0.061452775243384175,0
5,40,733,8.788506129576477,0.046893952580150874,1,-1.6351678592558958,0.7557393455708653,0
5,40,734,12.850927711947142,0.0059507554355686075,1,-9.018450971214492,0.043064345283175855,1
5,40,735,5.55739549735406,0.20442369913096922,0,-2.1905785299367397,0.6533090482452206,0
5,40,736,19.652713985755508,0.003527585246118249,1,7.884426413366597,0.20335551259280754,0
5,40,737,8.333854998287388,0.051980697345504284,0,-15.07855734178413,6.728098164298398e-4,1
5,40,738,-4.458793547601503,0.4062579594338216,0,-3.744138810405203,0.36801764575963836,0
5,40,739,4.220372651926938,0.40620092319077983,0,1.534398086529485,0.7993469237788786,0
5,40,740,8.789714496135264,0.06811133580892063,0,-3.5073934212203692,0.42659813646278566,0
5,40,741,-8.797610275693133,0.045040030333078004,1,7.306625727652307,0.11329305676529412,0
5,40,742,9.400536795861983,0.12165580348439857,0,3.964093699465448,0.5551520598191763,0
5,40,743,4.445853264874889,0.3617401284103293,0,4.4041447486798635,0.2695180094079177,0
5,40,744,13.120042444023456,0.01737238810198032,1,-1.339230663851581,0.7252137425253452,0
5,40,745,10.70420027140886,0.02668889442501292,1,3.8542800531431505,0.46225639008866726,0
5,40,746,-6.101773659436827,0.3016002995533746,0,10.83470701256388,0.005761564854463436,1
5,40,747,-7.357853453366574,0.08378314618432159,0,-12.546115150797428,0.0179913913516073,1
5,40,748,-0.20728183022565166,0.9606883882018589,0,-11.852352651378832,0.013244357859464267,1
5,40,749,3.432303679896721,0.4186206829049328,0,5.7264904793807965,0.17732317175376536,0
5,40,750,2.328897383204069,0.5704781560655615,0,-13.11971064730368,0.017208289911987192,1
5,40,751,8.174499764038996,0.08116750221937184,0,-4.2329043916405285,0.40732835795067346,0
5,40,752,1.7509963949238638,0.7564646785473954,0,-2.168722496699293,0.6285749636387881,0
5,40,753,-2.788173855521658,0.5620719815168951,0,-12.889698227011808,0.008489052561602345,1
5,40,754,15.961482418682744,0.0017218819614121686,1,-9.290922286015041,0.08540234377912127,0
5,40,755,18.234378757565377,0.00191581829918944,1,-2.805313156683832,0.5267392376297323,0
5,40,756,5.963115107984317,0.22943360094412796,0,-2.1647992785363788,0.6168519947695618,0
5,40,757,1.9191582979503545,0.6428464082675651,0,-9.390335130381866,0.0751213985451495,0
5,40,758,-6.214986123900629,0.19254460274334606,0,12.217668277510498,0.011475659263491195,1
5,40,759,2.9751459406662923,0.4925641548951569,0,-9.980095461094669,0.04877271165176131,1
5,40,760,1.4540624442390548,0.7869531627272588,0,-6.819408348265382,0.05004222731517144,0
5,40,761,1.163740930418398,0.8132281837026947,0,-2.69085707719651,0.6202023020021554,0
5,40,762,-1.2059933423851499,0.8179846942403329,0,-1.1308031919203234,0.8287824864105034,0
5,40,763,13.55948783550085,0.008249998395524753,1,9.128885980251022,0.06080410292160679,0
5,40,764,1.0805028744862182,0.8237202725831957,0,-17.714429328047434,2.6753413523872467e-4,1
5,40,765,4.437741080911101,0.3861172038184978,0,4.386652681555094,0.31623127035733106,0
5,40,766,3.3095638816537924,0.48058538041036236,0,4.930083876902897,0.32202610949652744,0
5,40,767,11.091511031614937,0.07957014355874006,0,2.298337634220372,0.5295874910948922,0
5,40,768,6.13467606767735,0.1161150142349735,0,-7.607327110435419,0.11781103058127657,0
5,40,769,16.580969982249833,0.003021066578888958,1,-13.87256738466273,0.0024775937446797442,1
5,40,770,0.05529899218108537,0.9908514525165673,0,0.6115778316834207,0.8876690462085657,0
5,40,771,-1.4711235471264728,0.7798742724399503,0,1.4168952440460993,0.7667159941701763,0
5,40,772,6.455965860650758,0.18119034217992738,0,-7.7129590041804725,0.09377757800158591,0
5,40,773,9.15144895157811,0.047719117479386515,1,-8.50615430222202,0.11726908479809395,0
5,40,774,-4.525149072306197,0.4190567641101547,0,-7.195547114222059,0.13799422700424996,0
5,40,775,9.708317700381173,0.0656235488338031,0,-7.871811454252248,0.196064326625611,0
5,40,776,-1.0856323976183773,0.7851281593500004,0,0.2777326319236926,0.9557544167428615,0
5,40,777,15.366338761031773,1.7186985200724135e-4,1,1.204335600351491,0.8349058966719377,0
5,40,778,4.688864715499857,0.33806505900987927,0,-3.545223194991814,0.564689288600478,0
5,40,779,3.653416634503754,0.43460841756542923,0,-8.07013200007058,0.089373823076294,0
5,40,780,15.594495407293417,0.010588395891032427,1,-4.203273289779082,0.383606680720731,0
5,40,781,3.5514625095277887,0.4461039417666236,0,-8.721497791140678,0.06752050902089385,0
5,40,782,9.498608283758863,0.0452964032176457,1,1.0641361277246408,0.8167713423083263,0
5,40,783,2.0266626605456017,0.5992780988147599,0,-3.4017879453533557,0.49290673029825893,0
5,40,784,-1.0736103323529647,0.8470445462452081,0,0.25357975866966403,0.9497576231972471,0
5,40,785,4.8647873563636574,0.35228200126486575,0,0.8056679072524592,0.8800741922123169,0
5,40,786,1.4684438877422248,0.7916980372914069,0,1.8510526979881528,0.7372848331746253,0
5,40,787,2.814769499046585,0.5162307285630326,0,-1.6680195195341765,0.7410222157472731,0
5,40,788,3.886507416954749,0.42070852932221414,0,-9.199217038867562,0.07345156539469218,0
5,40,789,1.0713845879488797,0.8001426007515943,0,9.715082687621623,0.12425324750800308,0
5,40,790,10.571463805923743,0.05647605384388816,0,3.8083913820179562,0.46831608636492505,0
5,40,791,-1.5549758286585107,0.7460126561294816,0,-6.008775732259213,0.1994880136558874,0
5,40,792,6.713650610232706,0.14797431030655925,0,2.902829077993479,0.4827040564713455,0
5,40,793,0.75661947458143,0.8626819798703107,0,14.31261982509617,0.0026711494998661227,1
5,40,794,2.6191437754330305,0.6291116036966938,0,11.869129273561565,0.004102603217132736,1
5,40,795,-2.275794189209011,0.6351863775835744,0,5.020122970487071,0.1320042212607958,0
5,40,796,7.249803750335245,0.08582779424553112,0,-10.821387048441427,0.023721255615350993,1
5,40,797,0.34354281318827073,0.9434693162489449,0,2.304700413907371,0.5439734882376674,0
5,40,798,8.533631366641938,0.07594072055065226,0,-0.5868427347371383,0.8786958832214996,0
5,40,799,2.456128181761677,0.6397009027415967,0,-7.909004634608233,0.12362305070009692,0
5,40,800,4.143752560870653,0.3971261089752832,0,-4.262591572115577,0.4403200578795573,0
5,40,801,1.963245090989907,0.6938008312893692,0,7.441028419432849,0.15060792018022878,0
5,40,802,13.152240836938399,0.0019113055746699877,1,-7.846677711593446,0.05835136710744265,0
5,40,803,6.231625225621113,0.16792515530083346,0,4.943451597786861,0.36240426936826897,0
5,40,804,11.987485373931442,0.008835770639854823,1,7.76299167408883,0.1019650232135106,0
5,40,805,2.9552210050608676,0.40394385728960425,0,6.0476381546075615,0.1756763962429252,0
5,40,806,8.058832534330099,0.04779933691389973,1,5.063508392592413,0.25760701168529926,0
5,40,807,12.064318579478,0.028681914967082715,1,9.586022068357853,0.07922068809123822,0
5,40,808,0.2437399481905098,0.9605537167464049,0,-4.152635717321547,0.27083334825689137,0
5,40,809,19.443215246324943,7.009105756454403e-4,1,1.9634059502733148,0.6742049668637575,0
5,40,810,4.973992496836792,0.28482410507140393,0,-0.20441194219002057,0.9664094698083654,0
5,40,811,12.910485731444043,0.00619503074809571,1,4.932014110113834,0.2553156926503346,0
5,40,812,1.938459695538479,0.6603700208872851,0,7.3867079502516875,0.16050181697087806,0
5,40,813,5.293545165940711,0.3302238306317874,0,2.209273579940718,0.5475225275216185,0
5,40,814,11.517395539385516,0.006931184563773261,1,10.808720934987859,0.03636053210172596,1
5,40,815,7.032048215343977,0.10097529459962339,0,6.556038370322862,0.09929917945511824,0
5,40,816,16.369582872577084,3.8589387453304814e-4,1,8.358287828732763,0.03927235922014331,1
5,40,817,-0.6356054561693536,0.8945924905982553,0,-12.570408185541531,0.02538581369527924,1
5,40,818,0.8550525318517321,0.8422912232675387,0,8.591629051385594,0.07133487639008206,0
5,40,819,-1.0416817656300354,0.8455448978515714,0,-5.064875121045087,0.25255721958189875,0
5,40,820,1.2735210648700377,0.8131288585942495,0,-15.973071784698995,0.006649196214183859,1
5,40,821,0.3043916117424685,0.9565391417051481,0,-3.838807295667263,0.43186602145588704,0
5,40,822,-8.112249416344865,0.04912927884394887,1,17.108944137441448,0.0010822367410705505,1
5,40,823,7.479622051320681,0.11788211404122807,0,4.422667515851679,0.41903451063879427,0
5,40,824,6.521730864009145,0.2528344102906475,0,1.0167384808451234,0.8490162183658949,0
5,40,825,2.0967532784132223,0.6414179141484797,0,-5.823426040846107,0.2942909179804112,0
5,40,826,0.6290745032833719,0.9004009106943475,0,7.867973464402349,0.10803210028018627,0
5,40,827,-9.30335838869061,0.06088403075674074,0,-3.016842140703163,0.6084101460521809,0
5,40,828,4.568282386544339,0.3615206947976034,0,1.2854805293881886,0.784173074396626,0
5,40,829,-0.7647080177083645,0.8580347831102506,0,-4.290411915803398,0.2747633110538388,0
5,40,830,10.466942322392695,0.07632400106651338,0,-4.543771294467828,0.4259124432184429,0
5,40,831,9.154804574454062,0.07246554087609228,0,6.676435640471933,0.17252533624588542,0
5,40,832,4.84022141379343,0.37856327279131985,0,2.90034870779027,0.49862835730791233,0
5,40,833,8.92721119573684,0.030863340092088017,1,-4.807064367336275,0.2348549406989782,0
5,40,834,0.14522778383778376,0.9764097061747299,0,-11.591177717571613,0.024567097509831052,1
5,40,835,-1.7153163952169344,0.745821482045477,0,5.381022786416199,0.10953265282530326,0
5,40,836,-0.4980200123881182,0.9122989641912371,0,-4.882641979754416,0.2841837017411818,0
5,40,837,12.780653386500736,0.0039244773979172165,1,-6.641522435077206,0.27945185323290944,0
5,40,838,9.592956991219145,0.01640414695310435,1,3.83683023165764,0.4074207215090241,0
5,40,839,-2.1964632686810246,0.64598151832576,0,-5.664811523443082,0.2660766281839377,0
5,40,840,1.8749707217126859,0.7184661823569879,0,2.6650265096042265,0.6369688204790689,0
5,40,841,4.406645478291026,0.37756553647663027,0,5.7581979391703895,0.2604150633939948,0
5,40,842,2.769112889604124,0.5287811739017874,0,-0.616215743473858,0.89099015603666,0
5,40,843,8.642620457698897,0.15066387741679885,0,-3.593144881638723,0.4164543300658433,0
5,40,844,-0.953594901860463,0.8408583151669322,0,7.289794535004143,0.18731517559173091,0
5,40,845,-1.7757978324773178,0.7664797406689924,0,-1.9348547844424158,0.6824451867334298,0
5,40,846,1.153861658364599,0.8420633296125708,0,-0.2207111459180581,0.9708110123851845,0
5,40,847,7.425315504929719,0.17237514705803772,0,3.562316920040993,0.4018812454377545,0
5,40,848,6.2722748319194075,0.21913594587783722,0,16.42169211454094,6.162958806183039e-4,1
5,40,849,-0.8864496435656799,0.8509586363655193,0,-6.394165500072025,0.22606717452090214,0
5,40,850,3.5749670589889067,0.49560424462768893,0,-4.307321056679922,0.3763946451241986,0
5,40,851,4.166869664620231,0.37633405710078793,0,-9.28555420442387,0.008844861431077032,1
5,40,852,-5.9162623079514605,0.11625866427910388,0,-13.073108748094342,0.014655126433397541,1
5,40,853,-3.9601221730966443,0.24639620445939361,0,7.663268820839368,0.15454703657823873,0
5,40,854,13.135188782675398,0.0024229641593189306,1,-1.90334546369204,0.7060930644015246,0
5,40,855,9.160153392103036,0.06247147799119327,0,-2.024638762744881,0.6721906339141394,0
5,40,856,1.830879701145057,0.7285368016760954,0,6.798614698770244,0.1257082959252118,0
5,40,857,-0.7329320130614223,0.8622107293680892,0,7.595865404991831,0.29428238603749174,0
5,40,858,-5.37880628956014,0.28932930796547796,0,-4.660331188185197,0.2962028747518663,0
5,40,859,4.554648595726759,0.34968785615923337,0,3.347653719962782,0.4722718600358161,0
5,40,860,3.507372713839971,0.4419080644676211,0,10.87166565759251,0.04360237675746553,1
5,40,861,-2.2231962084736305,0.5581221058925876,0,-5.093870300508332,0.3086184246258089,0
5,40,862,4.835480859461398,0.3156785026059915,0,-18.652724960511836,0.005569227334794131,1
5,40,863,-2.2937641406651665,0.6915806033480574,0,-5.086987733789233,0.25796582364817444,0
5,40,864,11.718909383688823,0.01727875833935736,1,-7.440812837456889,0.11690118488415746,0
5,40,865,-3.7835908371837186,0.41457837979723255,0,0.07645447186607031,0.9860963656870776,0
5,40,866,8.064167917521932,0.0936757906270382,0,7.555409323796282,0.16919279006486815,0
5,40,867,7.197328062618645,0.10425406405528201,0,-2.249357605893902,0.6621712035696662,0
5,40,868,9.239616339472361,0.12623154260165184,0,-3.0523815813844593,0.49487566339771405,0
5,40,869,7.5082423375586185,0.11591306219300052,0,4.43516797967097,0.36631115872475506,0
5,40,870,6.049366599376229,0.2082877184468609,0,-0.5141032123395822,0.9070861839229013,0
5,40,871,-4.64995031763263,0.3955953300533829,0,2.230427775428575,0.6655690731902241,0
5,40,872,9.384641206697015,0.046868288572528886,1,-7.582640835307791,0.15301979505793645,0
5,40,873,6.838462579919319,0.15914823360491237,0,2.266320154520224,0.6692561540436837,0
5,40,874,9.334942456768047,0.051628665290413406,0,8.193250348637394,0.04932077449323917,1
5,40,875,11.605434247253593,0.012135448183380127,1,-6.912849253038693,0.05580091316126164,0
5,40,876,0.7534876555754312,0.883362129500606,0,-8.407704996638145,0.24402370455076455,0
5,40,877,8.600664271927466,0.06218446387197425,0,-7.941575951864473,0.08866937443540235,0
5,40,878,11.986841778624983,0.028462656079204337,1,-5.314220740589969,0.3167102873348921,0
5,40,879,4.427412896780487,0.40607165605817563,0,8.16750356047409,0.07393313491438831,0
5,40,880,2.279972337712168,0.59522362136988,0,-2.1735636434362378,0.6346748540971537,0
5,40,881,7.948919630159676,0.040216605861083804,1,-13.569154344537106,4.259925018586506e-4,1
5,40,882,-2.5948527493317854,0.5542579123355288,0,6.159838933633206,0.2332490166536445,0
5,40,883,-2.420682300352566,0.5763183256835054,0,-7.2860873651386715,0.16400626582749384,0
5,40,884,4.811757901944458,0.2672198391421153,0,-8.16122985665634,0.1172413530206481,0
5,40,885,3.543574187058887,0.48614526309191486,0,0.05053107853798507,0.9917088578057762,0
5,40,886,-4.534480667033059,0.43600272139852636,0,-7.317017164940377,0.15105078107542705,0
5,40,887,11.137821837218615,0.060330787482725176,0,1.6673061894560723,0.7232610178674853,0
5,40,888,9.240425464103835,0.03075303969629225,1,-2.259801338894761,0.6185425126806442,0
5,40,889,-11.639899324145258,0.047144978638552625,1,-14.940733515706457,7.53099004496852e-4,1
5,40,890,6.123154637956237,0.18102443390983897,0,-6.771340094900372,0.22558025199412424,0
5,40,891,-16.483254375150732,2.8369436811521764e-4,1,-4.439551404598197,0.25898418778002136,0
5,40,892,22.333384088793373,3.981933340145258e-5,1,-7.502781050734966,0.20404573332856987,0
5,40,893,6.025562727279621,0.14359285263401514,0,-13.55327568171734,0.010288597314202681,1
5,40,894,6.05213602079126,0.13196070627662793,0,1.116688802653674,0.8382162642822525,0
5,40,895,7.278043654731855,0.13771441462790948,0,15.697122535055977,9.123449025600811e-4,1
5,40,896,1.6354511250575603,0.7401635154452992,0,4.050545165462045,0.3666213874204004,0
5,40,897,1.9996478007752163,0.6738323531651123,0,9.630114396576305,0.02185969564809921,1
5,40,898,-3.9199696768487504,0.38509261174972786,0,1.4096267068260515,0.7334916785878912,0
5,40,899,3.016888876654303,0.6025346520018474,0,8.535133646721476,0.01035142181543256,1
5,40,900,5.560684472444887,0.20182779840137144,0,3.4691483453214533,0.49385415852416936,0
5,40,901,-3.8889301071228393,0.3378248007627539,0,-8.40253175075885,0.09097169396622769,0
5,40,902,10.345395610147966,0.08244178569679327,0,-9.184464038531665,0.11480907379530057,0
5,40,903,5.589697986963189,0.09789424263420846,0,-11.900299802071164,0.010811942287199214,1
5,40,904,11.630450431748542,0.01288188458162131,1,1.4925268239199467,0.7483012208374367,0
5,40,905,14.067011657315875,0.001667942435896902,1,10.944614427249252,0.019876667254048564,1
5,40,906,-5.914365829574284,0.19255185105512865,0,-8.294788184596573,0.12811375163724467,0
5,40,907,5.390625546194832,0.16305517409806206,0,-4.113585634036696,0.41119566126097606,0
5,40,908,-4.040902409197031,0.3321236347569264,0,3.9768316703095583,0.5036775969432337,0
5,40,909,4.216372274209608,0.3338335828036587,0,9.095764869406052,0.011623081823639577,1
5,40,910,0.3255886521393845,0.9561319305142437,0,-1.9055470537396375,0.707723381098679,0
5,40,911,1.4033819495149595,0.7220167579185437,0,-9.20407411641927,0.11072011959371501,0
5,40,912,13.753934954315685,0.011860538158768056,1,-1.969331261446476,0.6809573185532982,0
5,40,913,2.947856110218094,0.4876889585856735,0,2.8868410323036304,0.5418734593704828,0
5,40,914,-6.0133451979030985,0.15740164826212039,0,0.3454116519028521,0.9538617610264948,0
5,40,915,21.918193682994207,4.069695004917109e-6,1,4.5772466292531675,0.32556053724681266,0
5,40,916,2.3250784214639912,0.6894232917824435,0,-2.642431049626855,0.6387941990780648,0
5,40,917,0.8470316155066769,0.8732027576668069,0,-0.07585420869750953,0.9865954337471695,0
5,40,918,9.486379714469455,0.07185426702259733,0,-6.5719581703615075,0.18610416531922183,0
5,40,919,5.619523954356709,0.2946748638252077,0,-0.05090078466918179,0.9917278853840307,0
5,40,920,11.268410308456172,0.0362539383547009,1,11.463988497768963,0.028466493360674954,1
5,40,921,2.8763871054766104,0.539108741392291,0,0.32530340220504983,0.9472968166912444,0
5,40,922,-3.345336392595033,0.5852297623288661,0,-0.7031544571491131,0.9072557629988667,0
5,40,923,9.693622644745712,0.04863767606686297,1,1.8280673498853883,0.6723325549384055,0
5,40,924,-8.990648233907493,0.07425967158402308,0,3.064202283812282,0.4998727576809807,0
5,40,925,-0.7822367090419665,0.888241469916621,0,4.266933741190398,0.4874531652603339,0
5,40,926,10.120901141411396,0.050218855843511455,0,5.636229412614726,0.311373763811096,0
5,40,927,-4.6315586438442224,0.41638755577974473,0,6.363242315965497,0.2007112506755987,0
5,40,928,7.904161616784547,0.11964080371911523,0,-1.0671051499884763,0.8509019747974179,0
5,40,929,-0.22201251432286997,0.9571374270631241,0,-12.548184801176951,0.0021247303213824025,1
5,40,930,21.257683052723834,8.28021513538232e-6,1,0.004498237004287022,0.999297572198449,0
5,40,931,0.9257341407852048,0.8572654980267603,0,2.801446265664718,0.5272007977704077,0
5,40,932,6.854815258541721,0.1621900813031876,0,6.247224607357478,0.19781003089754517,0
5,40,933,-3.7362282176869517,0.5357103898017708,0,3.6007796518383484,0.37197910121957667,0
5,40,934,0.6857088050250947,0.8910988115738604,0,1.2216285306653538,0.8142963836752766,0
5,40,935,-0.06938128093817032,0.9889892864332501,0,-7.12536653754777,0.16338219015660965,0
5,40,936,-4.6853510606642645,0.1969882461031412,0,-12.701452279296443,0.0024357753453188823,1
5,40,937,-6.550979859702331,0.15460378220080492,0,8.642064946603831,0.024199573778910504,1
5,40,938,3.925297789936763,0.4994457951935958,0,-0.5108488387135065,0.880856193619689,0
5,40,939,-3.0800914653254767,0.5200209675523519,0,5.144741901941541,0.26086801275580057,0
5,40,940,7.2322122156648865,0.11488782347748304,0,1.3005360055292836,0.8122011932070046,0
5,40,941,13.058280374417956,0.007771668926352032,1,1.2289037855842153,0.8029331590927866,0
5,40,942,11.92971358705033,0.030674888970805208,1,-1.5549081809275567,0.7176362359505812,0
5,40,943,3.913611957764676,0.3616252376840938,0,-1.0918130357221703,0.8330182687934161,0
5,40,944,-2.124602004439171,0.6703043312476712,0,-13.201398057167616,0.020251591887704406,1
5,40,945,6.860518797852055,0.11237421407526678,0,13.284261142324576,0.01850474902904701,1
5,40,946,11.587052150449033,0.029779509921725192,1,4.692011513380855,0.2965197574264213,0
5,40,947,-11.680255114100891,0.05176620683438136,0,8.796519400870158,0.010270499854007931,1
5,40,948,7.006097528666473,0.09996279288592004,0,-3.5104413360318487,0.5691638717051981,0
5,40,949,2.5536982759398295,0.5549908210776573,0,1.7487908226510556,0.64229513772205,0
5,40,950,6.987678024548766,0.17203105928828086,0,2.97770570730463,0.5551247754582008,0
5,40,951,3.4052316165059437,0.4241887137690106,0,2.3867460590063176,0.5742280102613554,0
5,40,952,6.60498075891953,0.19668188663458516,0,-1.1327365422658628,0.8053704243257173,0
5,40,953,1.683231915471271,0.7424789271501904,0,-0.6649947344217582,0.8963070684717511,0
5,40,954,21.173577633696027,1.9248435119897115e-4,1,-2.177923965864772,0.6127947344443792,0
5,40,955,2.1662801701008694,0.6285536428442657,0,-1.556022645906699,0.6964660087285865,0
5,40,956,2.6260325287056063,0.5825293317919871,0,3.123752695636925,0.6280419910145469,0
5,40,957,1.9162465897807248,0.6948767563316947,0,-0.13778548488953396,0.9808074002742948,0
5,40,958,-5.465411242684978,0.3200966997593453,0,6.112748343451985,0.2624703280175866,0
5,40,959,7.590112733425027,0.17201249228531412,0,-10.375006986285078,0.04629280201019798,1
5,40,960,2.8590234715097673,0.6135555149821552,0,9.299030794061308,0.10095303838610192,0
5,40,961,6.908329978907011,0.1312756332121661,0,2.4409468894134805,0.5920161618033475,0
5,40,962,-3.662952068103764,0.40086577566205184,0,-10.266915452454104,0.0622699114748371,0
5,40,963,2.277714902974496,0.5752253595746115,0,0.35584221240594077,0.9470879698656668,0
5,40,964,2.4354145025554264,0.591476579107278,0,3.488769164557165,0.361649443399501,0
5,40,965,2.06730043528923,0.6387491763583995,0,5.485619407195004,0.24617791481695953,0
5,40,966,2.465057575526394,0.6438859550676779,0,-1.8040115596278299,0.710143214184149,0
5,40,967,12.816980470700788,0.025940800213762095,1,-16.598046610961465,3.069575496911525e-4,1
5,40,968,21.19771571341555,0.0026761743727563665,1,-0.337080685821323,0.9412138611976333,0
5,40,969,12.448958080995244,0.044965411243442784,1,0.6002517107319276,0.902127291873303,0
5,40,970,-7.490623225297266,0.11076696579630801,0,11.55050225472272,0.016334036555609874,1
5,40,971,-8.501739762282035,0.022772036681026273,1,-9.377572753386916,0.04360762213608092,1
5,40,972,1.081623348615224,0.7533624467871133,0,-4.721876145195133,0.3817259730711111,0
5,40,973,-3.956316313785994,0.298440429868604,0,-7.290299490683853,0.21639025362639563,0
5,40,974,-3.284395535909189,0.5038857234593683,0,-5.279035629299062,0.28118390530748605,0
5,40,975,1.3785262341015774,0.8227471695684205,0,-2.198164132345587,0.7044198127858359,0
5,40,976,3.086522030060798,0.46857234565704353,0,3.879169402937787,0.34584820188610155,0
5,40,977,2.590785739046655,0.4836817755118038,0,5.1592751811803685,0.1825812483827485,0
5,40,978,3.4993840902463926,0.4566169473357028,0,10.33302128480124,0.03873464198352243,1
5,40,979,0.27277464225034714,0.9536967679359087,0,-7.716311215660554,0.09243697688943028,0
5,40,980,-2.097753247650943,0.5973704855443178,0,0.5735313661573972,0.9182234341173526,0
5,40,981,7.003446937040221,0.08375024821032533,0,12.93476765174203,0.01063646258368284,1
5,40,982,20.438271854812967,0.0017632559535887319,1,3.6112566582764267,0.4421044490634517,0
5,40,983,15.916290084338796,0.00550966242219013,1,0.0655498744475174,0.9900973792313283,0
5,40,984,6.495061932762198,0.11335648841407119,0,-4.2660438566108585,0.3242360705267444,0
5,40,985,3.0228424093908735,0.4547629514000642,0,-2.4590407715079636,0.6011603043345481,0
5,40,986,1.6048936193448584,0.7779111675978626,0,-11.06216111945683,0.018561144098778706,1
5,40,987,-10.315774372626409,0.03212260140775835,1,-14.891597253567433,0.002167050676416394,1
5,40,988,-1.6858952513618322,0.6947560873051277,0,-2.4552856150387146,0.5995191667787033,0
5,40,989,14.570232596058256,0.0010410880105643637,1,-4.783566272767451,0.3636301637351229,0
5,40,990,4.024831791987055,0.27954388235344085,0,2.1367852593944967,0.66802785714203194,0
5,40,991,14.856854261887612,0.004274000507648482,1,6.819674972386761,0.28987335280658966,0
5,40,992,-0.813678526016159,0.8227813440747225,0,-4.311208732155868,0.37558493266613313,0
5,40,993,5.538869077078605,0.23883462562819405,0,3.3571248284177737,0.5052741054763663,0
5,40,994,11.424461058147209,0.032803685125937905,1,-8.261173246293918,0.0659382710498934,0
5,40,995,3.6904504365763753,0.4962291451704961,0,-12.922444557522452,0.010798939333047028,1
5,40,996,10.448366800943436,0.03659451074872382,1,2.6307473901945024,0.4674995751168525,0
5,40,997,12.349185800652524,0.021393036537694657,1,3.2959225597198585,0.41963333635540523,0
5,40,998,11.821159897844208,0.01769354539735207,1,-1.4321173704940395,0.7482451204520832,0
5,40,999,9.720376151036328,0.1581674623953686,0,-1.8309728366979396,0.6244893671227127,0
5,40,1000,-1.765641514721266,0.6257403205421928,0,1.1122612106801075,0.8274372448581333,0
5,80,1,4.124622683479492,0.17537348502640496,0,-0.6252858168524761,0.8154824037917014,0
5,80,2,4.546102158497655,0.21872194095631392,0,3.4028666737267836,0.25948852181449855,0
5,80,3,3.8163034608046775,0.3254567354854092,0,-4.462014404192458,0.14726310586723892,0
5,80,4,-0.6501087956854738,0.8558774873563815,0,-1.4663314735985296,0.6936397644501209,0
5,80,5,7.880409196512477,0.0341460971150649,1,-2.031411337530644,0.6311366541298729,0
5,80,6,3.1203689627741142,0.3200174594267611,0,-0.6477640250585932,0.8489817613055085,0
5,80,7,4.869617811442193,0.06713823878349302,0,-2.812085670032979,0.4191715778074482,0
5,80,8,3.999016068281707,0.2250813904086323,0,3.970824896800448,0.23639476549539815,0
5,80,9,11.266669533241084,0.002126750194817389,1,2.1037809396275775,0.5510940944802681,0
5,80,10,5.160292223895192,0.16401964988142076,0,-0.933882362837481,0.7993420504926354,0
5,80,11,2.770391395683199,0.41198374395249027,0,1.886490854147504,0.5258942330696992,0
5,80,12,-2.9095336679147037,0.369899848857115,0,1.5596482124935447,0.688634830961292,0
5,80,13,7.3790398827708925,0.030959479243307057,1,4.283783384579412,0.2577663149829078,0
5,80,14,5.544554657452426,0.15248690873202386,0,2.5070703466553557,0.5030451968068628,0
5,80,15,0.9676931961257891,0.8265701421893513,0,-1.1425287837721945,0.7414054583810669,0
5,80,16,3.6203903427661275,0.24536301563208535,0,7.59933086556846,0.057555423719860194,0
5,80,17,3.4897778743700445,0.1820046026379778,0,6.369626604833436,0.06990671744691962,0
5,80,18,3.6713840315819075,0.28896383261179953,0,3.4164427438294367,0.273327856562821,0
5,80,19,5.077570116689214,0.11840294033443798,0,5.190470094836705,0.08932664433458387,0
5,80,20,2.983192616274187,0.39776645858210025,0,4.312165654918675,0.20563829703385653,0
5,80,21,6.514451191915279,0.058722956240836274,0,-11.071526360669312,0.0018115916258349958,1
5,80,22,6.948971392756569,0.06914052232350898,0,-1.655965276562321,0.600095813771201,0
5,80,23,7.513193237980335,0.021666294291113233,1,7.086756253043605,0.035922515186351506,1
5,80,24,0.42557886740426565,0.8955756988350257,0,-4.006274118744355,0.2876872316732963,0
5,80,25,1.5415785392389605,0.616866041355787,0,0.20532077990144273,0.943696779804916,0
5,80,26,-0.1935365633126078,0.9522593190294929,0,-1.3256444695236766,0.6682656797171426,0
5,80,27,1.2617303785367142,0.7167019535312797,0,4.179015712385589,0.21304529473130332,0
5,80,28,4.6889183947407815,0.15040784216721603,0,2.0967676737553815,0.5603779604516215,0
5,80,29,6.736464875817636,0.03219311300957903,1,-0.7058734810842713,0.857769850040215,0
5,80,30,6.022672653593228,0.05674432053672019,0,3.063385890592706,0.40040473249874986,0
5,80,31,3.8096416386540977,0.21241761162459544,0,9.924177450701677,0.00330490039323679,1
5,80,32,4.274014139473502,0.16581894774687414,0,-4.046099205813987,0.17999875619152012,0
5,80,33,6.980392447393678,0.028557638443256754,1,-4.785707846647454,0.18765103466628283,0
5,80,34,1.677841361623227,0.6412153343733099,0,8.030122998856728,0.018551657908112296,1
5,80,35,8.814403722794996,0.03222592298157718,1,-5.709611364592918,0.11652418896334141,0
5,80,36,7.503861478181619,0.07272443998137021,0,-9.188651677355274,0.01465239747997739,1
5,80,37,7.797298841077216,0.030246379662868045,1,5.4795538814959395,0.09527167487011794,0
5,80,38,-3.284902712512219,0.2660831847826381,0,4.364590217200285,0.17858630807374762,0
5,80,39,1.8846661725970284,0.6510531697272086,0,6.748867007568758,0.03685256024760578,1
5,80,40,6.019173529060613,0.1222239420141676,0,-1.2269411306993325,0.7477946306601302,0
5,80,41,8.324398817718906,0.02192282324180913,1,3.779330317555545,0.24142660080688064,0
5,80,42,10.708533725995121,0.0015656782421127637,1,-2.481977364425428,0.4052321971202031,0
5,80,43,-1.3969954007814946,0.7330745228603692,0,6.534796211551153,0.04688409661427083,1
5,80,44,12.430280986835685,6.451249133857977e-4,1,2.8089943491622367,0.4158510417578103,0
5,80,45,9.924099099826824,0.00381778134114707,1,3.537976547830935,0.21870244110963907,0
5,80,46,5.775314076576345,0.09066602018279572,0,-3.5112180851861456,0.25323722585546227,0
5,80,47,2.2703896604821563,0.4950057366209428,0,0.5610563869036183,0.8540256309639074,0
5,80,48,-5.353542286390844,0.14139605535323335,0,5.742341762606138,0.08516094257350137,0
5,80,49,11.915633775988258,0.0017205173063644353,1,-0.23457243577882433,0.9426524779799843,0
5,80,50,7.6339009954605155,0.0210659303710229,1,-1.106800125736214,0.7713543799847612,0
5,80,51,3.1581634680403403,0.36403477272447826,0,-4.815024211792659,0.24697142219421664,0
5,80,52,2.896724528359074,0.36906340398568815,0,-4.52064163437958,0.20631754022042811,0
5,80,53,11.536263057619793,5.813196135567042e-4,1,7.08986114673597,0.030367596600255675,1
5,80,54,6.102079755193372,0.09342435204437202,0,0.41850603365154887,0.9007553012278039,0
5,80,55,4.377620579980299,0.19776145752509067,0,-2.0779514810868647,0.5981540204002236,0
5,80,56,0.63538503165708,0.8211541219221136,0,3.332351130023502,0.4040446721935018,0
5,80,57,5.660450292371099,0.1170081123443015,0,-3.2827534869664365,0.378445009590043,0
5,80,58,15.931732335862407,1.3913476019181948e-5,1,-5.415525498811438,0.10365508338683266,0
5,80,59,3.118519440984395,0.36289562828230726,0,-2.1319321340058655,0.5833942240397582,0
5,80,60,9.524876074671768,0.0021718448925486513,1,0.5141964460544991,0.886159023354669,0
5,80,61,-9.686877238235786,0.001041542226109998,1,-4.3316143014658985,0.252714949734182,0
5,80,62,7.185197108081049,0.03923391525908444,1,-2.8709378384602577,0.4380217067571939,0
5,80,63,3.7009125240881446,0.3046949974445869,0,-5.04563381888521,0.20343968966611378,0
5,80,64,11.594086835495617,0.00107732738863345,1,5.2198069086163885,0.11068973895827944,0
5,80,65,5.393503613816937,0.15336580945443817,0,-2.0296393020678694,0.5183473187908436,0
5,80,66,10.00625637582828,0.021660971318874074,1,3.7080465008278343,0.22930501416349333,0
5,80,67,-1.990732978592004,0.5711993033205869,0,5.281896491713635,0.13000154795965477,0
5,80,68,2.7353576572080067,0.3507878214158887,0,3.4475804681441904,0.3394885625570684,0
5,80,69,4.43122639709924,0.1330307525560755,0,2.367765319776048,0.49380151974078124,0
5,80,70,0.9052439501173707,0.7975819993557436,0,-6.00312663449337,0.10268784843006643,0
5,80,71,5.000547613867479,0.14366756779989043,0,1.8812854893094426,0.6085233800482371,0
5,80,72,0.6704968082692244,0.8543048268769844,0,-1.1083121435237937,0.7260079568864821,0
5,80,73,2.9174862819303433,0.41476696114409395,0,-1.8544031186855974,0.5730282332275862,0
5,80,74,7.164026943894176,0.057308419207644644,0,7.738224013002281,0.013815122396355855,1
5,80,75,-0.69026199110593,0.8298558320001447,0,5.868498726086212,0.08608442910133698,0
5,80,76,2.705681382679323,0.44902062226095174,0,-4.635525829596926,0.09243131057426703,0
5,80,77,9.12193483797474,0.00623714760863935,1,0.12178181401544429,0.972383059822968,0
5,80,78,6.880471291312017,0.06545085826991809,0,0.5369234263803345,0.8727245651606704,0
5,80,79,6.883011894559109,0.043925847603458155,1,-5.349789600286343,0.12234877629361075,0
5,80,80,4.071714543288015,0.3102139056649726,0,8.8318324373917,0.008147000597641773,1
5,80,81,4.545354475758078,0.18278172305008694,0,-2.587027054310038,0.42152170898408603,0
5,80,82,4.540014674636167,0.22594612651312124,0,-10.044178245766274,0.0012212770685937197,1
5,80,83,4.94682099336641,0.08914096564570997,0,-0.9371179047803273,0.7797602366635514,0
5,80,84,9.913140091628968,0.00961903893585353,1,-6.800561172051272,0.036493094528273304,1
5,80,85,5.9478079597859095,0.08547679575945864,0,6.600850583502178,0.05130930260124091,0
5,80,86,-0.511279291871006,0.8906781559345938,0,-6.412519289607812,0.1083845475244446,0
5,80,87,6.41056120185089,0.052997634894144295,0,-2.6543752575453317,0.4052318513480182,0
5,80,88,4.06316797334634,0.2208753235112947,0,-5.214204667610399,0.14272479835432536,0
5,80,89,5.463892526152468,0.12668946781499602,0,2.7605806303524036,0.4773410561518311,0
5,80,90,6.143395320147959,0.03971596524365203,1,2.186966374918512,0.492577220536792,0
5,80,91,9.322239680194373,0.0017693299738311,1,-1.7118908850569525,0.6108877548528004,0
5,80,92,1.5232509291863947,0.6981695736613478,0,0.6579969596173968,0.8549052739769554,0
5,80,93,2.808776806196731,0.435882081060321,0,-2.5631680504557814,0.4282059270262393,0
5,80,94,-0.27703467656946484,0.9258454923518201,0,2.1193526029494967,0.5731304652166649,0
5,80,95,7.011682661531983,0.057700095379606145,0,-5.815713118740643,0.05375679573552224,0
5,80,96,-0.8637712453402255,0.7843486602885097,0,-0.6008995203401026,0.862838058749777,0
5,80,97,8.618009106535364,0.004380492111430688,1,-2.9865598217965257,0.3595137489020751,0
5,80,98,0.4139735959515855,0.8960667922002468,0,6.761945643315339,0.07514227941705157,0
5,80,99,12.716960471231657,1.1180462590760933e-4,1,-1.7997247563473524,0.6429667612665417,0
5,80,100,15.251508605622945,3.254809696901136e-5,1,1.3134217303294633,0.6872622469965814,0
5,80,101,8.955509193366142,0.005647872118166561,1,-1.631469111495027,0.6497968738293451,0
5,80,102,-5.874177122256699,0.1010026124746212,0,0.18113359690066952,0.9579059078806731,0
5,80,103,3.10038822128795,0.3286027576481755,0,-2.915464865697067,0.4549588325849053,0
5,80,104,10.381094489976213,0.0025070001627479493,1,-8.6093149624382,0.018275117895069713,1
5,80,105,8.109553612650386,0.015221202067391186,1,3.7823863990060946,0.23681706225931817,0
5,80,106,3.572592249902283,0.34586224476913463,0,0.2117671218283863,0.9449833217853383,0
5,80,107,2.5795476861477846,0.38168108455458993,0,1.7642511594637844,0.5815579596536709,0
5,80,108,2.1634055088982556,0.5562503952506704,0,-1.0931689378981888,0.7842403001087906,0
5,80,109,11.91626904592012,0.003950906048410394,1,-1.4828683966383014,0.664184384987337,0
5,80,110,9.987684348306317,0.00520377534491154,1,-4.039079189316956,0.221160066143585,0
5,80,111,4.300992165251143,0.1375323994608643,0,1.7937825842502315,0.6103249275271705,0
5,80,112,3.757459947657046,0.29463983064705324,0,-7.652074469365449,0.036696679693014836,1
5,80,113,1.6860029739722944,0.6362088715846571,0,1.8062227786704708,0.6336610423366549,0
5,80,114,6.139062761261393,0.09761585270233365,0,-4.913241892566694,0.14987503200825295,0
5,80,115,3.2919819821162726,0.4134970248530855,0,-2.0947770839036597,0.5899370727294344,0
5,80,116,0.7392951966999547,0.8215880635766686,0,0.4082726126543053,0.8964222751366187,0
5,80,117,-0.09349654042341347,0.9759682535844403,0,-2.5157393164801474,0.42692236019698293,0
5,80,118,3.1135993325580293,0.4429241195245939,0,0.8579236222415279,0.7851858177235811,0
5,80,119,3.678329148889545,0.31741062222688693,0,-7.273286844098571,0.04398738025286814,1
5,80,120,-1.5861206680646145,0.5808404587413132,0,5.979945207875078,0.08190876847103255,0
5,80,121,2.957570798992432,0.36627954377318006,0,3.060853656846354,0.3038814849609505,0
5,80,122,10.023992140504253,0.0026980602378107155,1,-4.335555077734026,0.21348415379934313,0
5,80,123,-1.4873651673506543,0.6871934593201185,0,4.5056106541267535,0.2784784865318882,0
5,80,124,8.430517944821409,0.032928017929756054,1,4.521868274510864,0.11163727781906638,0
5,80,125,-5.818654088878826,0.09046386926669854,0,-0.6608453009183228,0.8340841733183728,0
5,80,126,6.835122594170107,0.0419642852220965,1,-0.7858305150298125,0.837531355519365,0
5,80,127,2.2539971752760533,0.4660217803972473,0,3.346081754702009,0.27232874594402323,0
5,80,128,5.37389996485732,0.18228868168424842,0,-2.0123527197149995,0.5244542231997082,0
5,80,129,13.344905442440336,2.44323809458165e-4,1,0.22068188992257476,0.9494528952597336,0
5,80,130,10.247539653977196,0.0020009835342652683,1,-4.683527688247857,0.24181761117814146,0
5,80,131,2.491444206606909,0.5130851530274785,0,4.77278360308963,0.11761554785188454,0
5,80,132,4.388059026270434,0.15012363919550986,0,5.01602805241113,0.12314446584796168,0
5,80,133,4.681329589554069,0.19910241984204016,0,-1.1859937653849875,0.7317851113367884,0
5,80,134,-0.2817368492287189,0.9410770917156572,0,5.0038982341958125,0.14473872393895976,0
5,80,135,12.858409788853551,1.5078293331468375e-4,1,-0.78295436105748,0.7803874753983889,0
5,80,136,8.539425596995894,0.021605259024128014,1,4.687914881488957,0.1853304793125538,0
5,80,137,10.020995879262388,0.0035575825759448973,1,1.3911486373232724,0.6716728397713025,0
5,80,138,4.785016452382275,0.19870195762178783,0,0.2723804525599553,0.9441968290344243,0
5,80,139,3.971748285080941,0.3436430026232534,0,0.98298841693589,0.7712461983487494,0
5,80,140,5.634330630181303,0.08845798346504868,0,-1.0113444046159135,0.7850003949595338,0
5,80,141,4.756078943707998,0.14972620597852626,0,-1.2726829885181712,0.7491148847687301,0
5,80,142,0.9567280845268312,0.7650858397655326,0,1.083631736000419,0.7243274744642215,0
5,80,143,2.6314054760666146,0.4153143016374451,0,-1.2618492756954918,0.7465517916967135,0
5,80,144,6.249313777667905,0.04935128354515576,1,-4.923231164425044,0.14521288223801598,0
5,80,145,4.0203325279892,0.1882713902574687,0,-1.938499486200375,0.6000666948508608,0
5,80,146,9.507390540065735,0.0031859417063127655,1,0.1608276576721585,0.9645588530447557,0
5,80,147,8.29635145102152,0.03140875871775995,1,0.7066028132298671,0.847852828786746,0
5,80,148,1.165401275358369,0.6898656933580654,0,3.950516394193014,0.2906260134205544,0
5,80,149,8.746003019723554,0.019435451857998918,1,1.8638410261710832,0.6335159170042663,0
5,80,150,9.640438314127017,0.00350823249464094,1,-5.056335726840608,0.07678861410867954,0
5,80,151,6.522439343636259,0.06502088302995526,0,2.8890751492404645,0.4893404757547518,0
5,80,152,12.754404430490325,4.777306140762331e-4,1,-5.297221290494419,0.13212998330738204,0
5,80,153,0.803574092550449,0.7977514331615176,0,1.0640266883191907,0.786891516717457,0
5,80,154,-0.24653128147176626,0.9309171419959781,0,-7.686776582155474,0.024885970928414287,1
5,80,155,8.826854471888543,0.0027521426951594417,1,-10.050437620989205,0.010450193047408225,1
5,80,156,6.55635936384163,0.0628704828048348,0,-0.5146760429206859,0.8867659866452386,0
5,80,157,7.941098453283785,0.01761590337466079,1,1.3892704155795947,0.6505120667208069,0
5,80,158,7.688904112244256,0.025513242227705252,1,3.1313029539314123,0.40224946123220007,0
5,80,159,12.093914551696521,0.0010349042944176026,1,3.9542688879211667,0.25522384201017,0
5,80,160,-0.5084576259789678,0.8764677498042861,0,-6.345600353529978,0.10467939139149811,0
5,80,161,9.92878349377374,0.0027842305280976454,1,8.215531287833086,0.02497527798758422,1
5,80,162,4.656138448206591,0.12058570222842205,0,-1.5384400824151576,0.6443079359324604,0
5,80,163,8.083847871740982,0.036571394416166046,1,5.574961591350287,0.05082168040019255,0
5,80,164,5.400281107363223,0.1447802916673683,0,12.713549529759588,0.0018661736914400648,1
5,80,165,10.998355991876576,0.004918973594197436,1,-1.701035895740756,0.6242763169832265,0
5,80,166,5.961731259290034,0.061091934859970186,0,-7.235123777943242,0.06563263016427819,0
5,80,167,6.660210089927008,0.0669554524989449,0,3.5568812889449606,0.33567982787989714,0
5,80,168,-1.4015608597431473,0.648823911621265,0,3.1323367311333516,0.36682263429124706,0
5,80,169,8.463159528196892,0.008587701919679162,1,-0.20271690773742257,0.9451595436997475,0
5,80,170,6.399425577156835,0.031048721728124763,1,5.596083169576882,0.052980600397987306,0
5,80,171,10.717778845034779,4.0862626957032574e-4,1,0.6281242469936343,0.842299462022615,0
5,80,172,-0.8070121378151927,0.814414536426732,0,9.043210929932544,0.002433700988496667,1
5,80,173,5.345896907373738,0.05542741310325135,0,2.2365177500212163,0.512419148911474,0
5,80,174,1.5888124406344846,0.6184849784298783,0,-2.3041241194368056,0.43847050556303513,0
5,80,175,11.918736202334973,1.5949835168601462e-4,1,5.3439929272614295,0.09862363031983397,0
5,80,176,5.9430569897774665,0.09019210996248458,0,-11.518958468159706,0.0011375183582710254,1
5,80,177,9.178474258030077,0.005489246463867687,1,6.195298183249808,0.06274068998762561,0
5,80,178,5.038487969905612,0.09841661038449935,0,3.7373011335331916,0.2381123797347838,0
5,80,179,2.1514556126203512,0.45794833747462227,0,-2.2913177883727225,0.4304518172901767,0
5,80,180,4.87946875716801,0.1534383763574911,0,-0.8734411702204661,0.7821819108293268,0
5,80,181,12.872766609608972,6.93363056782385e-5,1,6.3068948471658715,0.07761586862538015,0
5,80,182,3.712146941148007,0.2623001224637876,0,9.131949039564468,0.02271338398652211,1
5,80,183,10.627874242315404,0.0038856286898339186,1,-2.732464329477842,0.45059333875787955,0
5,80,184,7.417138476912734,0.019922698602062087,1,6.393742905368124,0.04628729863329211,1
5,80,185,10.394749809687974,0.002946699124664477,1,-5.202842771754367,0.12776900787590897,0
5,80,186,2.2406379213548266,0.48680468452695824,0,-1.814968250802725,0.5263099897863437,0
5,80,187,2.5410703170978652,0.4747162745650292,0,-7.6033043478087725,0.024812763851541172,1
5,80,188,3.4236181938167163,0.3209677347238916,0,1.8127307029833037,0.638350319411572,0
5,80,189,-2.841119849534287,0.4447387128331419,0,3.4539302928084563,0.33206002238157084,0
5,80,190,9.31872724015777,0.009074973816246872,1,-0.9937338995203622,0.7606709669700842,0
5,80,191,1.140888527546591,0.728132811188235,0,8.459301474723507,0.017493206187856363,1
5,80,192,5.874689431355241,0.07943411198065056,0,6.011087273340955,0.09736278312888659,0
5,80,193,9.365949526567693,0.01433674040511859,1,-3.615233683058882,0.2151555941029774,0
5,80,194,-0.9736466848113312,0.7696113974137253,0,-8.089582534447542,0.02460835568599369,1
5,80,195,9.234583070394903,0.005038886547588582,1,-2.479243835982668,0.5344151257811649,0
5,80,196,0.9012636304539857,0.773287631127273,0,-1.8641217190961616,0.6437364887602965,0
5,80,197,2.2479195752408967,0.5508520939480205,0,6.057819878255116,0.05090129937076822,0
5,80,198,12.829915077169852,0.0013727550287325908,1,-5.842154479648882,0.07151287115435594,0
5,80,199,4.682455887990832,0.151652564834611,0,-6.811833810143183,0.07501311780972714,0
5,80,200,6.825212378065695,0.030902695880519724,1,-5.495677521987044,0.07836793389215775,0
5,80,201,3.1659304818038376,0.3424839348935147,0,-5.451412306510574,0.1251207948646386,0
5,80,202,-6.303141762875217,0.05104375475781794,0,-4.837365156008415,0.16079054006120785,0
5,80,203,6.944115853055193,0.042581331994699045,1,-7.316919352894614,0.022836580892791555,1
5,80,204,5.189596286209132,0.16970643030236124,0,5.42389553256341,0.07843128166598606,0
5,80,205,4.909008604533475,0.14678259654143166,0,-1.6272482450260448,0.6569541861592456,0
5,80,206,7.250474294272405,0.01508045593392224,1,-1.3471400812389787,0.7547919271002788,0
5,80,207,7.313894342805116,0.029385860788616085,1,3.903446089795122,0.26395703669413745,0
5,80,208,6.106811864883339,0.07446332567465141,0,-6.935999842145384,0.06920031568625469,0
5,80,209,6.4728322838624,0.06853465690226666,0,8.255477295172152,0.007068297386948345,1
5,80,210,-0.14312218616297462,0.9650439235970861,0,1.3431166843443538,0.676374259522714,0
5,80,211,2.2801555914688496,0.5214608418310857,0,-13.824108696102225,2.6046877111805507e-4,1
5,80,212,3.418567882605207,0.29296155465591456,0,5.415322251528435,0.07636279087719655,0
5,80,213,-1.2976178388924466,0.7401016155364633,0,-9.25256145592091,0.004973722618896604,1
5,80,214,9.13447598383571,0.006533093006807343,1,3.384503883298393,0.27246697248877005,0
5,80,215,7.4211388215099285,0.03196045891847253,1,1.1312089528457459,0.7015363688941485,0
5,80,216,6.124838662452406,0.08290927872166727,0,1.2212272882720854,0.6928737138727702,0
5,80,217,3.7082454956629185,0.30967210920512234,0,5.3331680707625315,0.14025928188092407,0
5,80,218,4.938677893515409,0.10894810367770759,0,-1.9871951052132306,0.5529077473801182,0
5,80,219,0.5940585191765881,0.8567605688876208,0,3.4284384051354815,0.35733460598915856,0
5,80,220,2.296858769768489,0.4641779757299044,0,1.2997830469960017,0.7659057610225476,0
5,80,221,6.425518146336075,0.08384012678050708,0,-6.798807904243131,0.07943292846868227,0
5,80,222,2.931526629630211,0.49916468283232074,0,-1.1724332717525516,0.7029338630165882,0
5,80,223,3.777760911298571,0.29305387740341615,0,-7.948652421294765,0.012489260913096887,1
5,80,224,19.996537842563,1.6570577697529962e-7,1,-1.2846530492102313,0.7180137492001339,0
5,80,225,1.8496877053959344,0.6174965005907016,0,-3.6644598418407415,0.3007631991329831,0
5,80,226,-2.8586199633203044,0.4035023247293945,0,-1.1139612199750886,0.7441114578041388,0
5,80,227,3.351269032704937,0.36121493945901006,0,3.990211933654881,0.23115821473698914,0
5,80,228,10.659138053604215,0.004006622759728959,1,-3.6858302764970783,0.29615611795704694,0
5,80,229,2.0887144795788273,0.5501595700465582,0,3.043622307110772,0.3067501740407822,0
5,80,230,6.730775723466398,0.041359500655852977,1,0.09748199887027091,0.9734020349376602,0
5,80,231,-2.450260447687173,0.4837237918002887,0,-3.737987895816852,0.35394504524219983,0
5,80,232,6.748890344008153,0.05674256651994933,0,-1.1916432270159372,0.7752040819471524,0
5,80,233,-0.35468321921196316,0.9207113207901312,0,-2.091499029218172,0.5692779902020915,0
5,80,234,8.020347170357832,0.01699795431640653,1,3.7559201987135395,0.29128375078474256,0
5,80,235,6.742482566003384,0.03695158570359202,1,-1.0121121489248162,0.7839779746663316,0
5,80,236,0.12060877701061601,0.9711301501752438,0,1.9576027092745307,0.5266536043399437,0
5,80,237,4.0445428132240036,0.2178658169756677,0,8.971713043344913,0.009237426070015604,1
5,80,238,2.4494460639156417,0.520301318210197,0,-2.330819535657395,0.45842236949690984,0
5,80,239,7.632061143879031,0.03851246033940101,1,-0.9721952830565054,0.7612831632841685,0
5,80,240,2.635576534054333,0.3678003913261437,0,-6.842003759343605,0.03765351891691949,1
5,80,241,5.88387762843251,0.0989878759820951,0,1.910218929165925,0.651016419086664,0
5,80,242,3.619111441697422,0.36723609628526854,0,-0.3337959820100047,0.9332218657116845,0
5,80,243,1.240591341842021,0.703488615507826,0,-0.5223556433930678,0.8852980968831975,0
5,80,244,3.612935955151845,0.24834997520875385,0,4.963873786514354,0.21719809149641636,0
5,80,245,5.912785035472517,0.059884444057053746,0,-7.890448579498866,0.060128832787097915,0
5,80,246,6.088570139446329,0.01261602614316985,1,0.6256499008805129,0.8542430661084992,0
5,80,247,4.431894083423095,0.14984369790809948,0,4.1899803962062245,0.1995209970663817,0
5,80,248,3.4805295577702497,0.3478443180773426,0,-2.905709494379899,0.4372983855168294,0
5,80,249,-1.1662035666667907,0.7429310902887163,0,-6.131954464584093,0.07794852177764791,0
5,80,250,8.044391435557484,0.005414419033646975,1,10.886489773291673,3.391470444046565e-4,1
5,80,251,16.50919071430201,2.4334296448692754e-6,1,0.002648154330974914,0.9994527426092733,0
5,80,252,6.98158322278539,0.032143451192557626,1,-6.417296506210848,0.017162688461952774,1
5,80,253,12.564649375116712,0.003371138783667511,1,0.8496202961137221,0.7964008780466416,0
5,80,254,9.37277132824373,0.006507680825318,1,6.212996157100382,0.11165605768636004,0
5,80,255,5.754700101436423,0.0681200245498413,0,2.801724511754649,0.46070607944397757,0
5,80,256,1.6722591504139543,0.5973535909242864,0,1.2379899821097282,0.726923286634293,0
5,80,257,5.842638945999451,0.08533266521108167,0,-9.124104614647026,0.006796961603139459,1
5,80,258,3.819539925979855,0.24814311727143273,0,-0.41176576664580156,0.9088751806385726,0
5,80,259,11.86239729547958,0.0010486850626043917,1,1.4743362368410933,0.6835636233017007,0
5,80,260,11.909798506095319,5.926789171139828e-4,1,3.3886182870245762,0.30644037113361094,0
5,80,261,10.308945592606147,0.007766973029534772,1,3.5250340322226794,0.2673651444284498,0
5,80,262,7.396144800835897,0.028398197115004374,1,-3.2309380800533494,0.4073875893349388,0
5,80,263,4.114345157396164,0.23667108265581968,0,-1.4520061176843009,0.6517380197594878,0
5,80,264,4.8333798267981996,0.18029930126499005,0,-8.346394475837888,0.012839132754938504,1
5,80,265,5.587485296978853,0.11648511422508451,0,3.60117838325287,0.2954839654915821,0
5,80,266,1.3736404681579744,0.7181526469315753,0,-6.955013684597425,0.024198162007988407,1
5,80,267,-4.108003531117711,0.17989474174680586,0,-2.7565213781505036,0.43240824150843515,0
5,80,268,7.061803760044759,0.006869107384073565,1,-2.164622260927975,0.48011237402103035,0
5,80,269,-0.7548493444204986,0.7954681324874676,0,-0.7560658597027908,0.8370279521482946,0
5,80,270,6.54005840660846,0.050974445200838416,0,1.5033621015927097,0.6421881348336786,0
5,80,271,-0.08777732119692368,0.979776263285079,0,8.963741826295111,0.0027274642132067506,1
5,80,272,3.519081686980225,0.34732400924983,0,-4.32413825357566,0.16625574238337454,0
5,80,273,-0.52851234062783,0.8794032969221928,0,-3.47425421436244,0.2998804539912144,0
5,80,274,5.4414285070596105,0.06959890494628046,0,3.168012894078582,0.42817594986961227,0
5,80,275,1.7079106685873398,0.6483017355811668,0,0.8481746935358672,0.7890347711678499,0
5,80,276,7.452127797226623,0.033577649874362604,1,-4.606183461724619,0.18363729638684412,0
5,80,277,5.664076912156669,0.12376958581698823,0,2.3801427863106692,0.46274176201836814,0
5,80,278,4.858956806649667,0.19387193666068828,0,-1.080759600012656,0.7579250078887771,0
5,80,279,13.309272202240056,2.3421111597330635e-4,1,4.287071930542914,0.23360030143353697,0
5,80,280,5.934099267924175,0.04857294068768149,1,2.8983951866376865,0.3543651107238175,0
5,80,281,2.0647601202354693,0.518651438257653,0,2.7921443902421323,0.43653084955976784,0
5,80,282,14.759106956833255,8.056305380320836e-5,1,-7.126942290690275,0.03642440659750161,1
5,80,283,12.152547741075125,8.738987523179586e-4,1,1.4043121684460838,0.6762498136400774,0
5,80,284,4.984422671417417,0.1457390647917712,0,-4.786475202497402,0.1940151893135669,0
5,80,285,-1.8263777026057797,0.5596302850679791,0,-4.685253281632291,0.14824194986815045,0
5,80,286,1.1644792393544496,0.7398701063904194,0,-1.8390676904918957,0.5250452991325899,0
5,80,287,7.6158380214999175,0.03205794908155338,1,4.68878100350767,0.22008962881537195,0
5,80,288,1.6431340587145051,0.6281164275097322,0,-3.917512308701124,0.1766988079526752,0
5,80,289,5.425572441690396,0.059716290714218676,0,-3.9321042127624697,0.25886067165482435,0
5,80,290,-1.8662864342907381,0.5953152542272493,0,3.657106525422399,0.2936460808696846,0
5,80,291,4.6371796261779865,0.16855884136900307,0,4.2468790385815,0.22489126278980287,0
5,80,292,10.887926267034445,0.0044045956459549665,1,-0.3701994819869851,0.9268233267776119,0
5,80,293,-1.8851332939637009,0.582751043147008,0,1.4667085534427904,0.6054501458830898,0
5,80,294,2.4542185760349677,0.5289560555387327,0,-0.22178090795994918,0.9362791294878617,0
5,80,295,5.773446788482937,0.07301975835466294,0,-1.43682526489945,0.6457730691794987,0
5,80,296,-0.9660988981783104,0.7842190060771541,0,0.2992185706175413,0.9426848285740925,0
5,80,297,3.419298210196567,0.35763875493815545,0,-3.409411524130752,0.3404505901284812,0
5,80,298,4.357617365911708,0.16959816199795516,0,-2.162667404459718,0.4690354115264138,0
5,80,299,5.4707899401009215,0.11310329130665667,0,-6.865666676840626,0.030093225706635494,1
5,80,300,2.341261957803461,0.4815017140286202,0,-2.6732958838369014,0.4223042159186118,0
5,80,301,9.835175207309,0.006675633703176539,1,-0.2563291924981052,0.9381662135792421,0
5,80,302,-5.732908844359292,0.06632889719216457,0,-2.531211193385268,0.4245380301260495,0
5,80,303,4.381109340680685,0.2142532042021754,0,-4.300295024892408,0.172368335808643,0
5,80,304,-4.343000312228134,0.22718362295352462,0,3.641658180958546,0.32354977565573073,0
5,80,305,7.780608090596412,0.012209235185692148,1,1.1325250618660314,0.7384741481871182,0
5,80,306,1.2581346804200737,0.6944165940815801,0,-8.584482949415554,0.035891214566483455,1
5,80,307,-3.892500844057543,0.21978506583550902,0,0.7443564251910658,0.8230852380510697,0
5,80,308,0.4505714642426343,0.8987949159138768,0,5.450225798039151,0.17964452065514325,0
5,80,309,12.808969624105911,1.0732767350739715e-4,1,2.4192766318777466,0.5269620827310242,0
5,80,310,1.1714829736912558,0.7062693457573557,0,-2.5514821464245223,0.43801014291405704,0
5,80,311,7.552631276183213,0.030609142776148443,1,-2.72678644866854,0.38809221021701124,0
5,80,312,12.312412615046904,0.0011562478897705138,1,-3.0926633669828854,0.3861792375072819,0
5,80,313,1.8637912750670758,0.625123550476083,0,1.0240068205404682,0.7826367611790136,0
5,80,314,0.6200709245967554,0.8386932902366518,0,-6.35827083074257,0.0782613024814242,0
5,80,315,3.5461226183238064,0.2988431072034344,0,0.056684404168168216,0.9894334213940685,0
5,80,316,1.215187897718063,0.7285420755338862,0,0.08157241397266979,0.9825663688610351,0
5,80,317,3.1709172489604205,0.41346060483823577,0,-0.49182960241298973,0.8663213147367322,0
5,80,318,6.141406352664968,0.0626757785846745,0,-2.472689015650434,0.37939313011304265,0
5,80,319,8.324224554207381,0.01018773530708611,1,0.5630357744414792,0.8477558210748325,0
5,80,320,1.584080834574517,0.6256652432957743,0,-1.8859336508356621,0.48972534035770143,0
5,80,321,10.295429466120966,0.0017531405202600772,1,4.931127618126812,0.12714743431053363,0
5,80,322,2.065908557469623,0.5326509364905142,0,-2.6409911763029195,0.4201136944955941,0
5,80,323,14.593804443893458,3.737088457625958e-5,1,-5.061643143016035,0.1342234421180463,0
5,80,324,-2.85245922188279,0.43769757505875606,0,-3.728815356227363,0.2901610259738118,0
5,80,325,6.434247498650525,0.025562197557107806,1,-6.074667229652955,0.1142028419132313,0
5,80,326,10.834751480857795,0.002249884163053295,1,6.43023659808724,0.08131407218718346,0
5,80,327,2.1533628983061357,0.5124582620241511,0,7.973379403538002,0.016931968956146907,1
5,80,328,2.0659429715568898,0.5663472732093873,0,-7.889598472098029,0.015674871989000385,1
5,80,329,1.023719286659046,0.7841799853860225,0,2.6031946038973697,0.405134560378557,0
5,80,330,6.333133342097751,0.06947803916556201,0,1.394501161583251,0.7159794019056522,0
5,80,331,-1.8497647692097139,0.5378273710469565,0,5.089755574173009,0.10418285106567073,0
5,80,332,2.854054157291001,0.4597619128841671,0,0.12420570285660829,0.9691425619055982,0
5,80,333,5.402347164238108,0.10756002864242588,0,3.873071311539915,0.2322972031078238,0
5,80,334,9.449216068291705,0.0019046846630863619,1,1.3069161034134422,0.6507164448707813,0
5,80,335,-2.127612929356909,0.47762975003317576,0,-9.296431224067577,0.010856897204300196,1
5,80,336,10.138640116326307,0.009921701533318334,1,-3.1480025246991707,0.30692561395392076,0
5,80,337,-3.6978327616701794,0.2284615539994644,0,9.82678695400468,0.0081929886743858,1
5,80,338,1.6761299088598005,0.6212282080674347,0,-3.8060417884730664,0.24844143737441876,0
5,80,339,10.403136887121088,0.0022647370549149512,1,-3.978743831643244,0.2510134611162315,0
5,80,340,4.379421234531668,0.22355168194292002,0,-1.6802298635452062,0.6352812474259357,0
5,80,341,6.472254996353015,0.058715751480697,0,-6.182135829376378,0.09247083105382979,0
5,80,342,0.4187697512562269,0.9021923028865645,0,-5.831400505578197,0.06650025182103188,0
5,80,343,2.872502321712435,0.41917766899574993,0,5.176921452476864,0.12861367512938943,0
5,80,344,9.31885254955332,9.403474335915697e-4,1,4.88253689865466,0.15404580353680766,0
5,80,345,6.579260224300101,0.05823806946454427,0,4.087017990603998,0.1902245372638265,0
5,80,346,10.20246091181861,0.003368081150094583,1,-1.7068028285518615,0.5616358344584043,0
5,80,347,6.58710545746606,0.05639513775059919,0,-3.1257012654445497,0.3819228284351396,0
5,80,348,1.5548496934361924,0.5968022752326152,0,-5.028020951664559,0.1619118775079306,0
5,80,349,8.30527876054126,0.03717909688843927,1,-5.023135032198989,0.17715636829138082,0
5,80,350,10.17455002778232,0.012156141527178952,1,3.9525367648109984,0.2131651419026675,0
5,80,351,7.711370976847894,0.06013955245849034,0,2.124038870354342,0.527956388445123,0
5,80,352,3.871781664563138,0.24271691670448492,0,-4.902849853399908,0.18518020405172383,0
5,80,353,1.5334884767412047,0.6992202974811982,0,8.66350427421124,0.009193547224842533,1
5,80,354,5.595806825268979,0.08585519939366537,0,-0.5910755126966096,0.8681415161142867,0
5,80,355,-1.779356449476739,0.5969558649613468,0,-2.785587070169677,0.4018084965943538,0
5,80,356,0.2071820543547408,0.9574015310995193,0,5.6757982350435165,0.16251944530257756,0
5,80,357,5.667875143649071,0.08894828744419409,0,-0.06858287113115748,0.9821793276269601,0
5,80,358,4.06174150186527,0.2776331540359665,0,-3.309483018922889,0.30337417639102565,0
5,80,359,1.8695497995553343,0.5247742153285192,0,-7.504333890634244,0.0411796082961089,1
5,80,360,2.7298533632944393,0.4384781794768232,0,0.8752995116187002,0.7687180351708057,0
5,80,361,3.68704943537201,0.32834243758830184,0,-1.303398416056549,0.6649913609123825,0
5,80,362,-1.7985995341588283,0.612519721024654,0,-1.8238458328817722,0.5553906641061843,0
5,80,363,4.470117134602847,0.2339269975459777,0,1.0449879557810542,0.7595929937827821,0
5,80,364,9.227852603644564,0.005328457967248481,1,-0.6969078900640844,0.839577205062159,0
5,80,365,10.717330670045564,0.0015187056058343369,1,2.8939237440759986,0.44505096346693296,0
5,80,366,4.834890880836887,0.15557747075998085,0,-7.975415147376916,0.04695243386782251,1
5,80,367,3.2478230486707256,0.3143031030391083,0,-0.031206986100502272,0.9913974431253474,0
5,80,368,11.47441372338535,7.309852337677017e-4,1,1.3886176643086574,0.6846957496806325,0
5,80,369,0.6926175509880388,0.8296614365253203,0,1.3089132791689595,0.702801175263384,0
5,80,370,6.429384868032585,0.03679539468716735,1,-8.761289737452,0.01771526649811273,1
5,80,371,-1.4014647785262688,0.6267659167289157,0,1.4868879217446287,0.6325306667677477,0
5,80,372,4.772270714544247,0.19586373154980305,0,-0.7878737462362602,0.7905103248449789,0
5,80,373,2.478125485727947,0.5284363175121866,0,4.307257659883132,0.2407973568442565,0
5,80,374,4.265435504623454,0.21162970788402508,0,2.505656993340724,0.44615294924481574,0
5,80,375,0.8408702326091666,0.842121273714693,0,-4.027988553532023,0.28012049558429547,0
5,80,376,4.159810540186748,0.2179299745839559,0,1.7988923038275135,0.544191507047965,0
5,80,377,10.449945263455485,2.2444817205424116e-4,1,6.188808909340224,0.08132911548748668,0
5,80,378,12.766630455327725,6.021969822885076e-4,1,4.950975135013698,0.12049961500492887,0
5,80,379,8.527113413373892,0.011501376398458845,1,-3.75646217244397,0.34327134533475423,0
5,80,380,4.230360462983008,0.2135826775961035,0,0.7402033680430383,0.8436002128017475,0
5,80,381,6.550218058622592,0.06528588671847352,0,-3.0178573156149477,0.19889653092423656,0
5,80,382,3.7875261819423027,0.34264742909293033,0,3.184032397632832,0.32174245054686884,0
5,80,383,4.683570344312805,0.21676285902998266,0,2.0242755334043356,0.5819944571868659,0
5,80,384,4.4198338396067,0.2028901305952453,0,0.35953475575889426,0.9032461974092424,0
5,80,385,5.527667812189571,0.06445193047536982,0,-4.673828463770104,0.18231082413262292,0
5,80,386,-1.0523337816520093,0.7206584565586767,0,4.511929119376447,0.20979577546131165,0
5,80,387,0.02295483019390542,0.993736074756502,0,-10.737964396282068,0.0037938987228095036,1
5,80,388,-1.1948227438597137,0.7136153952097732,0,-2.959958977422225,0.370761923902587,0
5,80,389,10.410668680262841,0.002168011018871835,1,-2.640170323410191,0.36625199541922293,0
5,80,390,0.7027158819679361,0.8453352257999357,0,1.1594838693751641,0.7133490445071005,0
5,80,391,4.172595889716821,0.15855887431187085,0,1.7053639018384317,0.6188207367836049,0
5,80,392,8.07144048094802,0.009694763351697106,1,-1.8240622445019585,0.5643482703313729,0
5,80,393,1.8860828880139604,0.568328083947623,0,-0.6036469478787645,0.8554028096274855,0
5,80,394,4.4065598358791425,0.19810043257090532,0,-9.970344075910239,0.002196588880689426,1
5,80,395,0.7106808808017572,0.8628880735926034,0,-1.214418384325155,0.7127298045250414,0
5,80,396,4.617665426592082,0.16404946440130777,0,-1.2745320342282576,0.7385098802230885,0
5,80,397,8.443344227213316,0.029403620032273845,1,3.0900115336394696,0.33969074548742884,0
5,80,398,-4.62516414112769,0.18176702694476615,0,-0.4440636679821152,0.8782370837220513,0
5,80,399,2.945440576124952,0.32564928945487204,0,-3.7082462604420976,0.23271066648016545,0
5,80,400,-0.8053831042267594,0.8202767880539127,0,5.6824213153551995,0.07643197655173907,0
5,80,401,3.559016266162676,0.3003956967808403,0,6.90591720319134,0.050024836569497945,0
5,80,402,6.6844532325945645,0.039735648711084766,1,4.8535198741075005,0.22849439945025762,0
5,80,403,4.68323014304058,0.2213155922114666,0,-3.922396867765965,0.2565570022286546,0
5,80,404,0.33127841648619694,0.9301725082301867,0,5.576884529431434,0.12453980706217738,0
5,80,405,3.6692180974696167,0.2747790693426215,0,0.2123134248994058,0.9618285581259836,0
5,80,406,1.8218943688752434,0.5983794469407486,0,3.8706201896690806,0.27901082557275786,0
5,80,407,5.4445114972185,0.11007379856182635,0,-2.157673670477847,0.5273649788477326,0
5,80,408,0.09088106473126704,0.9774245958788463,0,-3.2358328384240327,0.33335883794377086,0
5,80,409,-4.4003403833405965,0.1562037864871324,0,-4.434360476207505,0.24092576806334595,0
5,80,410,1.5833251108817477,0.651292496359632,0,-5.053348012739863,0.09730219002010541,0
5,80,411,-3.4183606810914235,0.27955421471016095,0,-2.229663245831636,0.5224610337945114,0
5,80,412,-3.5867461221093895,0.2420130739910867,0,2.7058262279038265,0.4749169969559083,0
5,80,413,4.920090540659003,0.10156335710608974,0,0.10150581752630065,0.974456760430576,0
5,80,414,-3.291506851728945,0.33370044615061134,0,2.6168854798944947,0.492210961347444,0
5,80,415,5.178934342631548,0.03207523189191699,1,5.529265030822115,0.07527255969594986,0
5,80,416,3.0097223775719204,0.32575271848063736,0,-1.4093813921461271,0.702940763043488,0
5,80,417,-2.5108699201010576,0.3894406587398619,0,1.1663650406863968,0.7085528258856899,0
5,80,418,10.651649421185503,3.3798447348113076e-4,1,-2.7906518213579203,0.37835201048382816,0
5,80,419,8.59583177939673,0.025383257161767436,1,0.6214606189442546,0.8464177528963212,0
5,80,420,5.71267361784422,0.09301130096364622,0,1.3765014053318592,0.6848128754551808,0
5,80,421,8.921013083371939,0.004513689555491965,1,0.8462351478831415,0.7735905548898399,0
5,80,422,10.506339243498607,0.0018126085298383846,1,7.153302518741592,0.022347887015180055,1
5,80,423,9.531402538258872,0.00788133953756785,1,4.853584769308086,0.23687311169063924,0
5,80,424,6.426496174015097,0.08653160729097475,0,1.5976853040126497,0.6438396508808628,0
5,80,425,1.7502385240937508,0.5746260191078119,0,4.413061104617355,0.11368505145098037,0
5,80,426,4.294033045685556,0.20309971076521277,0,-3.3826693091619378,0.28964064368744125,0
5,80,427,4.282443621882247,0.1990947424249665,0,-1.965986893731824,0.4998622936154278,0
5,80,428,16.04544222499265,2.9708445570433435e-5,1,0.6009008310895436,0.8644523665561682,0
5,80,429,8.040194783171037,0.004530826287200251,1,7.173368292760082,0.05184583097998921,0
5,80,430,1.063779605966967,0.7436259839235136,0,-2.5228497294764276,0.4627851556506677,0
5,80,431,8.982566870162907,0.00763274694754949,1,-1.1248496100040841,0.7377410708137115,0
5,80,432,2.8624829252429858,0.4075464396867917,0,7.023996565323762,0.03364868518334566,1
5,80,433,2.6426828885363864,0.39381146483066687,0,-5.078422891640863,0.09925768093730757,0
5,80,434,9.377173354678959,0.004139981702634694,1,3.952347892211533,0.2786352184099198,0
5,80,435,6.021473632181108,0.08108201014592505,0,2.8216879317543646,0.4619421064177809,0
5,80,436,3.63812327572688,0.2528210732175394,0,5.244165387441001,0.14532536553706377,0
5,80,437,2.1288830385687136,0.4722647247463788,0,-1.8289377012495156,0.5769552282343692,0
5,80,438,3.190166136034706,0.38623809967599076,0,-1.5032683471371813,0.6467989016439317,0
5,80,439,-0.8795752390281628,0.7573425805366867,0,7.1938841439434444,0.04248369680919175,1
5,80,440,2.8597544937227553,0.47247483305239246,0,-3.02616565258015,0.4352493163734946,0
5,80,441,0.749862958995322,0.8374415439721334,0,5.6228342930962425,0.05897498751333461,0
5,80,442,6.560317938513281,0.07120224558051591,0,5.351321181896837,0.08155273482595747,0
5,80,443,3.5647343005594516,0.3006636317937713,0,-4.561063743582959,0.18242721343287266,0
5,80,444,8.025648465799613,0.03173135541712685,1,2.689171667232471,0.426627835378238,0
5,80,445,5.065926742158921,0.17407670475607673,0,-5.804572458255144,0.0697708456162041,0
5,80,446,1.4625960824201518,0.6794421289081531,0,11.443739902351592,6.817103813692565e-4,1
5,80,447,-5.483275481639142,0.14192956645582167,0,-6.263141220245052,0.0966454339439593,0
5,80,448,-4.532050804636586,0.12583553212944806,0,-1.8965101529219868,0.5908807465657887,0
5,80,449,-3.6267978323116754,0.2694655621653166,0,1.1634896373809194,0.7089043089955545,0
5,80,450,-3.566502700902109,0.26265223955666783,0,5.218304911676768,0.18516016150701006,0
5,80,451,1.3780244894925957,0.7289986640532385,0,-1.4289161599112348,0.6834643691105381,0
5,80,452,6.808978102527935,0.07395591962807317,0,5.284113085325658,0.12866497900414398,0
5,80,453,1.5364095727105465,0.607256457145553,0,1.025978373283371,0.7671637108588475,0
5,80,454,-0.471343741084251,0.8938678249829964,0,-2.7003736535250162,0.3525692425547291,0
5,80,455,12.056772275654112,9.612954025240828e-4,1,4.43225032886257,0.1407470599066645,0
5,80,456,0.3711605351994395,0.9121994167606586,0,3.387589886264654,0.2984860717836033,0
5,80,457,13.593139501782174,1.264724775248424e-4,1,-5.7633374810820515,0.052693845961679024,0
5,80,458,16.644238510337267,1.120805045817832e-6,1,-2.3650809447232284,0.4668841323950824,0
5,80,459,3.9363737447528733,0.2979804192973069,0,0.8808048512424992,0.7998449765494341,0
5,80,460,11.416295143172366,0.0017092197513036503,1,6.145957311345058,0.022865552210691722,1
5,80,461,3.969477719099529,0.1341889615916998,0,-0.06851317524201761,0.984953435558479,0
5,80,462,6.471922292094981,0.1462611205037741,0,-1.0605610691329452,0.7790985059382836,0
5,80,463,-4.175850007133491,0.2441106665840457,0,-4.063061956598909,0.19822046870455645,0
5,80,464,2.88951238702524,0.3352356714805046,0,-1.0165296615303214,0.7317721918168758,0
5,80,465,8.236276089834137,0.03975580051563882,1,-5.094606055903603,0.13888815395090023,0
5,80,466,6.433621827910998,0.02827497508088578,1,2.835431032003873,0.4386202896861372,0
5,80,467,3.540369459509417,0.31681062591994985,0,-6.5640606007968,0.09312396412333349,0
5,80,468,7.43055385090411,0.019786573651078436,1,-5.120388562309686,0.10640477069213951,0
5,80,469,4.758417476777489,0.1710896915225036,0,-3.8962552597647484,0.22826176718060567,0
5,80,470,7.8995020884344,0.018535574719036656,1,1.4563521317722241,0.6486325013207974,0
5,80,471,12.560615930138413,6.122687603607508e-4,1,5.965734156893147,0.0786438140642254,0
5,80,472,2.0371189642845313,0.49965131272174257,0,-0.11827184234281743,0.9704647752139661,0
5,80,473,0.9773907382818212,0.7637332663576089,0,-2.8951057137734413,0.39721220313898997,0
5,80,474,13.211474514260123,7.085111124282534e-4,1,4.691459445061696,0.16384388671935765,0
5,80,475,19.589063423531602,4.387000298351488e-7,1,-0.07796804089341008,0.9817987367114009,0
5,80,476,11.584304905804041,0.0013567465236279438,1,6.423936463279416,0.044466374204422524,1
5,80,477,0.15833124268511387,0.9646513453342016,0,-5.9203610390596495,0.11719236578375239,0
5,80,478,1.2446361981743086,0.731191567362143,0,0.7009572118869801,0.8499851846059752,0
5,80,479,2.5065908860897865,0.47770957697641936,0,-2.9269457850841847,0.4165553135347787,0
5,80,480,10.569325246606882,4.371501266103701e-4,1,1.1494153696960623,0.7007844338259615,0
5,80,481,-0.08649948135872457,0.977145022229649,0,-0.8679404297531841,0.7997746205912932,0
5,80,482,2.3435748378712415,0.48750449427767717,0,0.29235987933845137,0.9282206124156681,0
5,80,483,4.248504559827874,0.23737764870538378,0,-7.2867654753041435,0.01166124424332742,1
5,80,484,2.0061413383685474,0.5283822612524159,0,1.9099326908227565,0.5971509454935116,0
5,80,485,-1.0952735481946558,0.7523912036882822,0,2.362314059253308,0.41953166886417237,0
5,80,486,6.16401296628115,0.07912899277697398,0,-8.641878897967194,0.010090141631215025,1
5,80,487,9.78139337535208,0.01433243401994127,1,3.2842583009365725,0.33709756340692587,0
5,80,488,5.694149411882395,0.12642898423167684,0,-0.46877069308537683,0.90550982230804955,0
5,80,489,6.530687963933192,0.08858331153899936,0,-4.423100749382045,0.15611921607209375,0
5,80,490,4.020880800519635,0.2095850770964072,0,-6.318625159529203,0.06314945998321815,0
5,80,491,4.793026411630186,0.10971793451272475,0,2.9487757987389966,0.3674615636708949,0
5,80,492,9.924846654345652,0.004445706631537341,1,-0.6160679953903012,0.8707112825303271,0
5,80,493,11.785907609647174,1.0806647808245965e-4,1,2.6563696206285297,0.41176075175435844,0
5,80,494,8.033818760873856,0.029224402495987137,1,2.0028169205068798,0.5150988273323664,0
5,80,495,12.62254291792118,5.1919428498053455e-5,1,1.4270220014930861,0.6457182083753501,0
5,80,496,3.1378524780423565,0.3759028486331375,0,-3.6165052213597124,0.3131466538246555,0
5,80,497,1.7618649495496232,0.6234556910429392,0,1.3221160696583936,0.7135633513719952,0
5,80,498,10.656976439257576,0.002326242294867521,1,-5.207506581295851,0.19279825041824644,0
5,80,499,11.4251425605605,9.78690952990408e-4,1,5.0992976541305035,0.12079164438829058,0
5,80,500,8.830569084788168,0.0081149991650689,1,-1.8357753920982467,0.6525551629740698,0
5,80,501,2.1386747050642536,0.5282449233457227,0,1.276152985553082,0.7156554334091247,0
5,80,502,7.018318272929422,0.01423728080163084,1,-6.2451946890323224,0.03656125947175559,1
5,80,503,6.5970335750527385,0.06276142338665497,0,2.242391606760747,0.5631187912931163,0
5,80,504,12.67786436418029,1.562656520544773e-4,1,4.831652225573399,0.09871228087020621,0
5,80,505,9.428832835222178,0.03781385381157197,1,-1.7207724831131674,0.6326060562026756,0
5,80,506,6.663572196146469,0.032747688271914474,1,-4.64616451224257,0.19489190379628032,0
5,80,507,2.3293269919384447,0.5103758231992122,0,7.987227432733313,0.010326837981271056,1
5,80,508,1.5742092908881116,0.6324765564735122,0,3.20236349616775,0.332518158594982,0
5,80,509,11.471934254349128,0.0019147026505066476,1,-5.469959597665693,0.10714100873733544,0
5,80,510,4.705490080883512,0.1823974186137452,0,2.293860444385643,0.4744659168823825,0
5,80,511,5.230791582129334,0.14114479699639432,0,3.124340113011433,0.28760661196049364,0
5,80,512,4.795421218534589,0.15130649712063718,0,10.946100255100554,1.4622699549200792e-4,1
5,80,513,4.936119383051619,0.1598910426200516,0,1.5829521447580663,0.6465606032839494,0
5,80,514,6.870971319511718,0.031894123433352344,1,4.413395973407962,0.22338098678759774,0
5,80,515,3.611887363233964,0.22703284850412905,0,0.7646942628150467,0.799733346458163,0
5,80,516,1.0221239512134839,0.7178744390873137,0,-4.404284721245945,0.18280186290602107,0
5,80,517,3.3759171942142827,0.3035467325645343,0,-7.503750746170448,0.0262344589678965,1
5,80,518,2.1156538108361684,0.5128378599060732,0,10.12072199239361,0.004575505194533975,1
5,80,519,13.688339669058825,9.153817082297536e-5,1,-8.349816241193055,0.011597783605477965,1
5,80,520,8.402185330509706,0.02055932608225991,1,8.673971734524168,0.007478741297898339,1
5,80,521,8.395326997088251,0.016356161949599074,1,-1.5470564542241239,0.6482255924486799,0
5,80,522,3.005427505989234,0.4482067759269919,0,-0.8216365241064162,0.7883788100719993,0
5,80,523,-0.7713954268848585,0.8142836438803385,0,-3.774022286115278,0.3209933628558501,0
5,80,524,8.749195610588508,0.008414061801199958,1,8.910189227543968,0.024558663874598263,1
5,80,525,4.050839395387977,0.2340036152263904,0,-3.361006000598097,0.37238690230365146,0
5,80,526,6.727695471588848,0.032424447477783155,1,-5.052444171663549,0.1622565206715316,0
5,80,527,9.291698138036315,0.001934560555688901,1,2.785901770599703,0.4791132364433255,0
5,80,528,-1.08023232659056,0.7537085600390293,0,2.3216801421472657,0.5007522679086334,0
5,80,529,7.999281920146555,0.02441291931532918,1,3.7548387076268686,0.2613420950843281,0
5,80,530,1.9022562928534201,0.5710932359465025,0,1.9871411897353326,0.5877339712682811,0
5,80,531,3.7429895291997743,0.31262528875209394,0,1.408450582507168,0.7069741887320016,0
5,80,532,3.9107428324732516,0.2779049652088426,0,-2.4103336575286938,0.34017632636763584,0
5,80,533,9.324740305530344,0.003311527336048458,1,-1.8108022712485186,0.6286049785821262,0
5,80,534,-1.002294343349311,0.78790897420549,0,2.570049286926092,0.4152493952350521,0
5,80,535,2.200919695409587,0.4671750739565599,0,1.2753780918701065,0.7170306486611794,0
5,80,536,7.472270382558352,0.030726473582755855,1,-4.887741762550075,0.11153707576727748,0
5,80,537,0.4687707765587834,0.8967161789149359,0,6.475906569581353,0.10051415701436914,0
5,80,538,1.4452492261997478,0.6865332636539279,0,-2.9138907929495304,0.3709141828209437,0
5,80,539,2.2189658834265304,0.48758509613492584,0,-4.430307321935903,0.1537351920941204,0
5,80,540,9.176684236799021,0.010285150193256832,1,0.4641673155191059,0.8930077789553161,0
5,80,541,12.075507839612902,9.111960758975865e-4,1,3.931531314173896,0.21214498112904479,0
5,80,542,0.6263076041268542,0.8188445827293733,0,3.6935124627364115,0.17069518536536402,0
5,80,543,8.405542357189766,0.018688413364838438,1,0.5001840943131002,0.8843001631529679,0
5,80,544,8.656228030719902,0.0011606921363841874,1,5.462814222763535,0.11586432568108104,0
5,80,545,11.638141775814606,5.093492196626733e-4,1,-2.134152359016635,0.5811901747139105,0
5,80,546,13.386183610742476,2.8938527978125016e-4,1,6.485796003712001,0.07240640886977809,0
5,80,547,8.074411542887576,0.028719779482848838,1,1.3660800915421394,0.6710363452376593,0
5,80,548,7.168623683317112,0.024516218102125082,1,2.0295354930330514,0.5734545926211929,0
5,80,549,13.49409905108246,5.88204718273154e-4,1,-7.904734793581957,0.0218368445650229,1
5,80,550,8.939410859187326,0.002653751711564802,1,-0.9746176149024279,0.7472046127795826,0
5,80,551,3.761883383713101,0.25170677011053216,0,-6.399237484871947,0.0918578301585719,0
5,80,552,4.0880914620188165,0.2386257242390647,0,-1.9102306936752873,0.6160189707139038,0
5,80,553,-2.68672839827329,0.39490414295789245,0,4.054095429212479,0.291520643681394,0
5,80,554,2.227318345475086,0.48106511303028,0,-3.673044705875617,0.29995662883423185,0
5,80,555,3.6570829660549258,0.3206705740884146,0,-2.7282031546234427,0.31889043467617484,0
5,80,556,7.852638859477061,0.03556289254447858,1,9.535457346790626,0.008217254723712363,1
5,80,557,9.978414814444793,0.0035070818814816893,1,4.544696854296519,0.11837137121311062,0
5,80,558,4.710199110521646,0.16631448117572006,0,0.42659493201541393,0.901026006562106,0
5,80,559,11.604495117684245,0.004214334275111538,1,2.994268230332608,0.34740624890739225,0
5,80,560,6.77712926896297,0.017157742182399405,1,6.224418811656564,0.05037178522527095,0
5,80,561,0.3437649850815585,0.9366414606911122,0,3.9701008448195783,0.24013905437494656,0
5,80,562,11.122481267417461,0.0021296731134307517,1,4.310258553458132,0.1705443227882398,0
5,80,563,-0.1359923045165605,0.9702942249766884,0,3.4949192611718214,0.34941734826144355,0
5,80,564,2.8982293716164147,0.47070331072551164,0,2.0800288223306214,0.5945124910369554,0
5,80,565,2.8685074576048266,0.3816397165583868,0,-0.6577410943086183,0.8628891979936187,0
5,80,566,0.3821773719410608,0.9026251651241899,0,7.985778441890061,0.02361109433242304,1
5,80,567,5.813782886783771,0.080218133488071,0,5.606485620452311,0.14211416252952433,0
5,80,568,3.5261320197036845,0.34981274289069675,0,5.512450049747447,0.09557845779174236,0
5,80,569,5.171471298699153,0.12215019304417968,0,5.677947346767941,0.09632389565255574,0
5,80,570,-2.034260699491553,0.4741439684071703,0,5.062288135749774,0.2006848878158997,0
5,80,571,3.268926513495223,0.405232858568921,0,-4.861692562409837,0.1318633139557136,0
5,80,572,-0.15567981096967443,0.9678392953013973,0,-13.869548722935484,4.045836222063258e-4,1
5,80,573,6.049800401118436,0.10523484839652851,0,3.2710026330374142,0.23060724649674544,0
5,80,574,7.411993064020043,0.01528412561786188,1,1.3637568142573409,0.6689148592462172,0
5,80,575,0.5746130067915464,0.8637022125100816,0,5.922660336923047,0.05346164969167153,0
5,80,576,6.061582832100345,0.022350909094151813,1,0.7640823065833502,0.8306403645903372,0
5,80,577,6.420799272055221,0.03844120800701669,1,-2.216780376515264,0.4327239763748967,0
5,80,578,2.9890664975905152,0.3893034199859099,0,3.805377510769352,0.22829244327095422,0
5,80,579,3.895859550489747,0.3469396561885233,0,0.2718100968389711,0.9347618262636577,0
5,80,580,-4.392912806816814,0.2528639258324552,0,-1.6214196771758687,0.6353248857485709,0
5,80,581,0.1475808833403302,0.966134232674314,0,-3.2971104071088053,0.3208421736794961,0
5,80,582,0.3063364153237779,0.9178714716459871,0,7.596443429714166,0.047969066190979986,1
5,80,583,1.9559170385537612,0.5880141635531275,0,2.3949384497296733,0.4520659107762848,0
5,80,584,11.552350420890352,7.281458818484879e-4,1,-4.6837480974254735,0.17614933210545694,0
5,80,585,-0.668953074174247,0.8589099502615537,0,5.217672149336518,0.11440215108727715,0
5,80,586,3.498037100299859,0.25035995930257465,0,3.9690300867432664,0.2582802310481052,0
5,80,587,8.250478475365188,0.020848283085845663,1,-6.289291824625056,0.0626331305998071,0
5,80,588,6.53258443770127,0.04052401991170561,1,7.681509813942421,0.042066923037933406,1
5,80,589,5.2346661815323055,0.11975820721876598,0,-6.999368491263417,0.052423321398724125,0
5,80,590,-0.7345638517895502,0.8330866199830267,0,-0.5527545656344904,0.8692415745249422,0
5,80,591,1.403544350528563,0.6994425047606548,0,-1.2537881242798539,0.7026264693771018,0
5,80,592,2.4267186403027696,0.452260556442858,0,4.554802294214716,0.15606700472897575,0
5,80,593,11.218162701567165,4.874176830502462e-4,1,-1.4716099122348267,0.6576759271732513,0
5,80,594,2.2429103708325404,0.5297966921007381,0,1.9188526311333314,0.5834315264702392,0
5,80,595,5.361883826001187,0.1475921080435384,0,-3.1220434207262486,0.28648782142505946,0
5,80,596,16.183627464778922,2.190917941469818e-6,1,-2.2881617297574977,0.4856735176544793,0
5,80,597,-1.144730047777376,0.7427851685046022,0,-0.21535209221697987,0.957125525214723,0
5,80,598,9.054202611193665,0.009348830406829772,1,0.2557613793570795,0.9384314236688771,0
5,80,599,3.134943023809723,0.4550726354652491,0,-6.374151285573033,0.0899383869149255,0
5,80,600,3.3343852029019327,0.3100210288322415,0,-3.133483768672756,0.3125117635400598,0
5,80,601,7.318436476887239,0.04768531163480528,1,1.4367307072662878,0.6664737041669091,0
5,80,602,9.462595569165863,0.007363923458325939,1,-6.428702065953044,0.07779733935285738,0
5,80,603,4.770569204026499,0.19642080948293594,0,-1.4857101247064108,0.6968049490901418,0
5,80,604,1.8204156208804276,0.6417602952626718,0,-3.1959045879642045,0.3717852734442372,0
5,80,605,7.8540189227875175,0.04091827344385721,1,-0.3750642626915955,0.9121374451017017,0
5,80,606,3.320663995540799,0.32184595992320564,0,1.8027093614278622,0.5917318863923048,0
5,80,607,5.931286847105349,0.11238968698215189,0,3.667445649834941,0.338600461682812,0
5,80,608,-0.8906608071018941,0.80513462513055,0,2.440578043304286,0.453377617410463,0
5,80,609,5.802049571332069,0.06350869104189996,0,-6.810598744870978,0.06682393513083906,0
5,80,610,3.813214673874192,0.283939427548336,0,-6.3841872468398915,0.055536411725019615,0
5,80,611,-1.8149438737813044,0.6029297845801683,0,-10.888458194009901,0.005117026397959104,1
5,80,612,8.235241654012757,0.011324572436917864,1,4.589937350238149,0.28483271083877343,0
5,80,613,0.719897877678037,0.8054508163465988,0,-1.1314909233742105,0.7689843352938714,0
5,80,614,10.721975081285027,9.108252412840317e-4,1,-1.3526889696315878,0.6960429358570024,0
5,80,615,8.453816030849879,0.021072577260826623,1,-1.1494512752077042,0.7478885682207043,0
5,80,616,6.5938566439301365,0.06540715321722995,0,-5.211993652994516,0.18044484693580312,0
5,80,617,8.326075347131015,0.041370940563432504,1,4.565102147875306,0.22552543746369144,0
5,80,618,13.71282112546907,6.22879174575851e-4,1,-8.254542268046345,0.011603691592280281,1
5,80,619,6.07866225534039,0.09782342675184648,0,7.247533172341882,0.03138756299983581,1
5,80,620,-3.327859053864237,0.30439458881792425,0,3.3506984153317445,0.39409303202777424,0
5,80,621,10.545826694255583,0.0019974825441594316,1,-0.10341657753848331,0.972706021674939,0
5,80,622,-1.8001652275697517,0.551224007796,0,-0.7450777766151611,0.8235959829852946,0
5,80,623,0.9754831499707243,0.7739177809279798,0,-0.5504872403993901,0.8937576225194074,0
5,80,624,-4.35923319471581,0.2719971183753855,0,-7.532548695729177,0.016467993095485127,1
5,80,625,5.661409514978491,0.09435978222167923,0,0.7450008379646638,0.8347486803854556,0
5,80,626,11.201219287582614,9.516824057433295e-4,1,0.539242543417241,0.865975437563666,0
5,80,627,5.582196867213044,0.0727796510807103,0,-4.912455853144431,0.1563676556163737,0
5,80,628,2.347412206521703,0.46513850876099416,0,-6.047349346740186,0.10101729180089945,0
5,80,629,10.568288432714336,0.0026955930828782143,1,-16.54702806789118,1.6945659480840534e-6,1
5,80,630,2.1433223104753583,0.45023559282397063,0,-3.684259226490247,0.25759298380873025,0
5,80,631,13.286546404263675,5.993326652179027e-5,1,3.6034262018553256,0.2363616480849132,0
5,80,632,4.677510647621004,0.20866469143145405,0,-0.7178941881958614,0.8286964013298768,0
5,80,633,12.448995540198922,3.9741452356284067e-4,1,-3.7491077437360762,0.3480343647656672,0
5,80,634,4.431115148524146,0.1252896934692284,0,8.382288100603004,0.03217100741144864,1
5,80,635,3.8375346514379167,0.15013999877850706,0,1.5245071707047675,0.6687441178679163,0
5,80,636,8.624699469075347,0.026660444386373387,1,-2.8666454746923282,0.3918003279714918,0
5,80,637,10.184753962302679,0.005505077120368766,1,1.7035150012336093,0.6097944558164428,0
5,80,638,5.107960612394315,0.05685131312604859,0,3.1441008266131183,0.3564680840619173,0
5,80,639,-0.8111022808961584,0.8394395091159621,0,-7.107212496508466,0.03376698773670958,1
5,80,640,4.4817325285069005,0.24853369230364752,0,-0.6774565846880863,0.8444055810975436,0
5,80,641,-1.920839003861829,0.5516711740541824,0,-7.804712386890233,0.020748446669111312,1
5,80,642,3.6086551505536466,0.26165137297915797,0,6.454698822946758,0.1292342061681181,0
5,80,643,4.743180085565508,0.2116739442639148,0,-6.908477251189896,0.07361774398176298,0
5,80,644,10.433212020314864,0.0025586652246430835,1,-0.6488928501802285,0.8349183839172017,0
5,80,645,10.917232004113176,5.577994760029581e-4,1,-4.66892899858841,0.19135792320864875,0
5,80,646,1.8528416057166899,0.542793837650867,0,-1.5385808760490673,0.6837888681896019,0
5,80,647,2.3078896080288955,0.4796939550879149,0,3.52515987991484,0.33421240318354095,0
5,80,648,-3.3119508958141846,0.2726649415579241,0,-5.179123080072637,0.1561217599691247,0
5,80,649,14.178762084079914,3.342639102472215e-5,1,-1.7009839156896853,0.6057196869256913,0
5,80,650,0.7363833631921654,0.8549373997688581,0,-4.697124985109982,0.21912789816697803,0
5,80,651,1.171844653023364,0.7686816072305827,0,1.9582100776971207,0.6147102399039488,0
5,80,652,12.894776537336483,0.0010322348532727386,1,-1.9154879794782345,0.5180015719157344,0
5,80,653,1.3453903020890274,0.7253326747547344,0,-3.7326622399611207,0.3080624312236877,0
5,80,654,0.854359451898736,0.8076766107154904,0,1.382339900457904,0.6929722109815553,0
5,80,655,4.758189228804574,0.1586354066381252,0,-0.2769267988967788,0.9398167554145291,0
5,80,656,15.90387066860783,4.079549618984867e-6,1,1.9982566773231552,0.5945744191833897,0
5,80,657,2.254414585596396,0.4830075766524581,0,-0.08918575514211008,0.9820103259195687,0
5,80,658,5.1158402237945495,0.17543932323252368,0,2.8986932934848713,0.388345155824974,0
5,80,659,4.811617664209664,0.18684027464050976,0,4.746835521819159,0.20626136772278406,0
5,80,660,3.8744696090971265,0.34887110292218515,0,4.390939440054285,0.21336923747829709,0
5,80,661,15.751715595256927,3.465759324635977e-5,1,-12.421113807410576,5.911690894358786e-5,1
5,80,662,-4.5950645957864875,0.14768577013685708,0,-7.87081437957316,0.044106155596080464,1
5,80,663,0.765768200481569,0.8166982542342563,0,1.090844740750669,0.7422106338933676,0
5,80,664,13.046588885494348,4.146707486878758e-4,1,-2.6543984385746975,0.49116875803104576,0
5,80,665,3.2686821134042985,0.3890591628994772,0,-4.952689871481895,0.1852452868891614,0
5,80,666,-3.3813458633005515,0.36102314229765675,0,0.4503653327170314,0.8769432721377772,0
5,80,667,8.251576256059463,0.031982823904793144,1,0.6671396233420364,0.8476789892252253,0
5,80,668,3.20584912345271,0.35322124366443697,0,2.0456034599405992,0.5477788570310267,0
5,80,669,6.551633597716065,0.03199393726859013,1,-2.1850840064897366,0.4807568768415702,0
5,80,670,6.0738123772906585,0.13464837346144318,0,-5.058240238662275,0.10867454131209575,0
5,80,671,6.645447791765542,0.035061639037181916,1,1.3536165370658166,0.6874345657263036,0
5,80,672,10.9448753425508,0.003604459575623575,1,1.300599149901667,0.7007588714416182,0
5,80,673,8.1763858008297845,0.030286270465932318,1,-5.326457777235363,0.11577825541464143,0
5,80,674,-2.180438636942165,0.5042120364007155,0,-2.3885770418708114,0.47609462283238346,0
5,80,675,-2.687502753216245,0.4269720258107488,0,-0.6625439401351152,0.8226644142749099,0
5,80,676,10.490280108172211,9.3099138386101e-4,1,3.6854835934596104,0.2105933664347378,0
5,80,677,-0.8013406319914987,0.7853736979759011,0,-7.299483255362135,0.053580895212490806,0
5,80,678,1.8164171533664035,0.6412416014031763,0,-3.398544285950387,0.2956720816326792,0
5,80,679,3.145789222873079,0.3840784351535178,0,-2.985247893822266,0.38551354750395894,0
5,80,680,4.081526964656022,0.17751501435481554,0,7.240296224765236,0.06960167857746268,0
5,80,681,6.072206301273776,0.08204529196658145,0,3.6498157578283705,0.29403020831981125,0
5,80,682,7.483546261807427,0.03687121854774198,1,-3.7559633467186893,0.20781404413490154,0
5,80,683,5.708891089981349,0.12479710397669684,0,-5.616972951301777,0.08556272197766597,0
5,80,684,2.8585318842142873,0.33933071283089444,0,0.9469380618299582,0.795210816666014,0
5,80,685,6.73455023157334,0.08299776833500287,0,-1.5336352433940659,0.6718158901505105,0
5,80,686,1.110547190994637,0.7597960705587845,0,0.5456088482277448,0.8687836829325503,0
5,80,687,0.5889642957120382,0.8417642194447499,0,0.5846367913625746,0.8540278759097527,0
5,80,688,16.747480722849794,2.5876844357099082e-5,1,0.4022722678151383,0.9030801238242638,0
5,80,689,-1.3664800942550868,0.6670781878634623,0,5.229046831646838,0.1603832149616515,0
5,80,690,2.847173818784674,0.31241754974750946,0,-1.4586936049250208,0.6290133961625417,0
5,80,691,7.911385076654352,0.07501096597397207,0,7.650422609576654,0.02317495526567879,1
5,80,692,-1.83220857838212,0.5491017689116364,0,-2.299458669990533,0.48130630332120816,0
5,80,693,9.120792511397816,0.013274093158912608,1,5.877499815614489,0.05254700083894045,0
5,80,694,4.324868761514044,0.18598928567485482,0,-2.3378052324002376,0.44674070274490185,0
5,80,695,-5.15360729612876,0.1164797945225532,0,2.4943804177533053,0.42704067362518017,0
5,80,696,8.102047615445576,0.020754952771631436,1,-3.86306265338586,0.2687675625015064,0
5,80,697,5.226015731878524,0.10354556570554084,0,3.0868653591946194,0.3341887076708717,0
5,80,698,8.060745845453262,0.019005697956635023,1,5.096687699184103,0.09902555746824426,0
5,80,699,-1.8663397724933748,0.5263221031987575,0,3.0992120898767164,0.33160511086661926,0
5,80,700,10.350208142193782,0.005365797443695189,1,0.33089781259272566,0.9176416238164061,0
5,80,701,4.165848355989747,0.26701652771339285,0,4.526708889712934,0.13421803449339975,0
5,80,702,8.62760202178081,0.018869904886829686,1,2.8873878083294864,0.39536250827426966,0
5,80,703,5.723543489846998,0.1258300600171858,0,0.05027070069987181,0.988977269261253,0
5,80,704,6.278766552760311,0.06494703650271538,0,1.7511271264169812,0.5731097264826754,0
5,80,705,5.367535568143598,0.09113524184827991,0,-0.32466107710338016,0.9314891777486121,0
5,80,706,3.5404787395461335,0.3006616988345709,0,5.392909711775945,0.12547603014704015,0
5,80,707,14.874569494931928,1.3974664636247885e-5,1,-3.468748450683008,0.28595971024177813,0
5,80,708,6.6247334716096,0.07552553734787419,0,3.690127593867853,0.23300299884928538,0
5,80,709,2.5963748963293303,0.4117536941753115,0,-3.815441447924897,0.30198290924112253,0
5,80,710,8.680163487493166,0.004200868255795817,1,-5.099024397609823,0.10592010846550146,0
5,80,711,5.045754605662149,0.272031182173341,0,-3.379282360578748,0.2910744577399794,0
5,80,712,4.138608308231643,0.2355279666027943,0,3.1856543137561304,0.4069364626213031,0
5,80,713,6.688560189197698,0.030425623462297643,1,2.2077817692817625,0.5248300008918838,0
5,80,714,9.907574432269508,0.0034439203680117127,1,0.2545672047280077,0.9418915806397854,0
5,80,715,4.946149726983292,0.18521644005207183,0,6.541610303863432,0.06946051676081966,0
5,80,716,4.132812925870365,0.22346301213859754,0,-3.896940402043052,0.3232775934328421,0
5,80,717,7.669620624154492,0.01705076116597565,1,4.123771733988832,0.19194239435241528,0
5,80,718,9.488589831918691,0.0017007723387885752,1,-7.855907356395013,0.02518763234216736,1
5,80,719,6.96161439262119,0.04457330470100616,1,-3.2896660841328362,0.354822534138982,0
5,80,720,7.6402899372055035,0.02439373734846802,1,-1.9466302289291804,0.465154029786775,0
5,80,721,11.028582322245406,2.5625431899110944e-4,1,-7.561397950361862,0.03544895914229222,1
5,80,722,4.783981859438184,0.12128117654261883,0,8.735473745825486,0.017279360856741165,1
5,80,723,5.385944194746814,0.12487843657586678,0,-0.26803122350475017,0.9400394196452553,0
5,80,724,-2.1574513137537243,0.4414221268158891,0,-3.528863043760774,0.37151791089176656,0
5,80,725,8.649175145378381,0.015233832973142496,1,4.595374607392012,0.20056009575644393,0
5,80,726,7.661564414955272,0.049008626583256096,1,2.1137084676803055,0.533333542252717,0
5,80,727,17.453666316647773,1.012492989869967e-6,1,8.831505446771848,0.005889972589356105,1
5,80,728,7.486537126743954,0.02111924809663697,1,-5.626551106502679,0.03152081868102887,1
5,80,729,3.324052997877691,0.2223238618252543,0,-1.4424405406472234,0.6445176308296894,0
5,80,730,-2.1972749585701514,0.5358309059400448,0,-5.940296976362036,0.13428265635360007,0
5,80,731,8.995518331211759,0.006956337387600873,1,-0.3749299857781127,0.9234493678824343,0
5,80,732,2.1734736335812714,0.42932970621766386,0,-2.913560373645602,0.39555620835882244,0
5,80,733,8.68656768869032,0.0034263585082064197,1,-5.945934252651174,0.039290103874957565,1
5,80,734,-1.299326072292447,0.7110099740638397,0,2.1146897641325952,0.514825496677327,0
5,80,735,-0.22854452949398443,0.9512601471452978,0,-8.059756352167113,0.014843766890111095,1
5,80,736,3.7924503449613254,0.23046972064110166,0,-1.920044157792824,0.5933553886353409,0
5,80,737,1.2200787743655066,0.7304288666792301,0,-5.2788953788926625,0.12863171544311608,0
5,80,738,2.7344014869509157,0.33653976803644925,0,10.347514722949057,0.003962882416352108,1
5,80,739,2.1744635694584398,0.5356503553760548,0,-9.35467872956645,0.007277147453953727,1
5,80,740,3.8709727676816175,0.2551110711800862,0,-3.9996194325065866,0.2358642790689935,0
5,80,741,8.73030018804148,0.010465626885943425,1,-1.5506128189381667,0.5877812527684199,0
5,80,742,7.6776599327590604,0.02184539859462924,1,0.22031203247066414,0.9465443255215182,0
5,80,743,6.868848778564456,0.05637038949280187,0,-2.5578352317296384,0.523619512234624,0
5,80,744,11.448104958102721,1.7003507225579292e-4,1,4.214156216181846,0.2781716736549122,0
5,80,745,8.385683862097537,0.01758242055129488,1,1.405646892898097,0.6641142200136785,0
5,80,746,0.6195254608559189,0.8393699619342687,0,-1.947639024994693,0.6121871132720254,0
5,80,747,4.491190268193897,0.17080536906472868,0,2.8683779171821464,0.40021957787745444,0
5,80,748,1.7022788215602989,0.6119038711146418,0,-0.6251855650538345,0.8337014363585673,0
5,80,749,9.23023019741632,0.002819382171654343,1,-2.7932910544612706,0.40510926854079843,0
5,80,750,-2.3298776694519603,0.46331461925832684,0,4.485218318580138,0.21431394405616938,0
5,80,751,5.155510305856101,0.14151765043324813,0,-6.432865458560992,0.03878666717122809,1
5,80,752,-1.0316141345058574,0.7772415409671466,0,6.767495574187905,0.13069094322593092,0
5,80,753,-0.20741966739411294,0.95570938204782,0,8.719300031403234,0.025021658370774552,1
5,80,754,11.794215983399969,0.0027224569242461976,1,-0.6832723444452926,0.8248186689538215,0
5,80,755,10.511150819932777,0.0015989274715797579,1,-4.642758513352371,0.09881435540923117,0
5,80,756,8.18910918231687,0.006047257455279621,1,8.893956270861672,0.012014741699666341,1
5,80,757,5.973394731681209,0.12043977814327965,0,6.314867358927064,0.07027899259861269,0
5,80,758,5.844550538743981,0.06278559769151118,0,-2.429176515484402,0.48324505138279694,0
5,80,759,7.759855068674923,0.046614155859514686,1,-1.7805758199272042,0.6738497617733262,0
5,80,760,1.1838753616889153,0.7238358304460101,0,2.5556016217738677,0.368769342133646,0
5,80,761,3.4618327093073793,0.19597097438332667,0,-6.31670816622962,0.10665405028446788,0
5,80,762,10.212218277724267,0.003975359611467822,1,3.682201566305145,0.26257404349690044,0
5,80,763,8.847215969432355,0.004926545145080707,1,-5.332614766358552,0.09288860820419984,0
5,80,764,10.94207264716674,1.6099501358443928e-4,1,-2.514933687112636,0.46023540680294084,0
5,80,765,8.819798655179774,0.004141873578955341,1,-0.01998652051280225,0.9942632807528076,0
5,80,766,6.120345670742445,0.11108964775064051,0,8.77065245865434,0.016767572657826402,1
5,80,767,5.0436016262086865,0.17877558940984858,0,-3.6103582163809937,0.3252022986732077,0
5,80,768,7.502895824783904,0.024881641042573625,1,-1.8448305093990742,0.6220956848129695,0
5,80,769,4.021296650397821,0.2508441977678098,0,-0.2467743619889491,0.9382050609216417,0
5,80,770,0.0378229387316659,0.9911772487890154,0,6.266514135850346,0.034151969740938676,1
5,80,771,5.114548849564428,0.11786375758408733,0,5.978776681156647,0.06649300067047485,0
5,80,772,3.429088060026089,0.36476703417175504,0,-0.09434580534230336,0.9809167560560399,0
5,80,773,1.2951412223005454,0.6716801314051087,0,4.469335814247536,0.24830189203529443,0
5,80,774,13.558909360896436,7.429415711264077e-4,1,2.2104880791490444,0.5199143551223728,0
5,80,775,2.502538458493944,0.42748919980944866,0,-1.9385054132074409,0.5856519093322485,0
5,80,776,14.790010300434764,2.4723995014384038e-5,1,-1.8972139832327777,0.517642833600527,0
5,80,777,-0.4304649184251916,0.9041347904776226,0,-4.146371565006273,0.233082420687188,0
5,80,778,9.699578974665755,0.005598673696228007,1,1.1568556657903832,0.7184543560852434,0
5,80,779,4.464256495191998,0.20437024616696814,0,-2.323629311202882,0.4468127662601451,0
5,80,780,2.905151198502956,0.35691198444739025,0,-3.302141210250557,0.3188453299489472,0
5,80,781,6.888171500632547,0.03199585312485721,1,3.36267520558896,0.2642769736908278,0
5,80,782,10.987556985335036,6.290144756007898e-4,1,0.8573665280329392,0.7863385195596972,0
5,80,783,0.7313705404651341,0.8262659293971307,0,4.7583896332151285,0.10809013484351787,0
5,80,784,5.518445169521093,0.12635339743857626,0,-6.010669126199292,0.09375171130818245,0
5,80,785,5.201642442361199,0.15393411306809035,0,-3.2143763693649525,0.35950131589015855,0
5,80,786,-0.7418009143040869,0.8234146408873855,0,4.610375644354984,0.21661607913566755,0
5,80,787,8.671545960391823,0.002817892609527918,1,6.943089988502776,0.03206030710539834,1
5,80,788,8.979897443025376,0.004598380649175955,1,-6.655235774450298,0.04431437208503837,1
5,80,789,3.3287818202473307,0.34650452540015586,0,-1.5308008648623994,0.6863068392702552,0
5,80,790,13.301029075347682,5.70624371097593e-4,1,1.1100471534148189,0.7806827275976073,0
5,80,791,-2.235609085311427,0.5013633832389873,0,-1.0939733489839791,0.7453066819762639,0
5,80,792,11.189859182787034,0.003734199085596219,1,4.0963628049601075,0.2536222243109151,0
5,80,793,6.235388747212332,0.11921474953762909,0,3.2523872981189093,0.3352923563025021,0
5,80,794,5.5651764605484,0.09867610653210344,0,-2.314151764425774,0.46061021593556384,0
5,80,795,2.0319807837289505,0.5512941036491434,0,-1.724822675506549,0.5683610375513533,0
5,80,796,-1.7269200172229944,0.6551315630680283,0,-0.6750652036826738,0.8574165008982794,0
5,80,797,10.854488101177129,6.430201284942662e-4,1,0.41710462796239306,0.9004166280371334,0
5,80,798,11.514410561450847,3.988523477333799e-4,1,-2.256084931599311,0.4971849364023,0
5,80,799,0.9230157673893795,0.799826005104426,0,0.14015253988372536,0.9709674433008041,0
5,80,800,0.4574021668997825,0.8893883883682496,0,-2.6171194497979884,0.411820692684185,0
5,80,801,3.7630502050253565,0.3545156427429832,0,-1.0639538981617946,0.7419147274236022,0
5,80,802,1.4089025980152183,0.6276410009313432,0,1.4178617472641133,0.6671563599989695,0
5,80,803,3.2557215909850554,0.26674044781940565,0,0.08407864223814093,0.982092964763365,0
5,80,804,3.9297728808265195,0.2133375343118871,0,-1.3179675202323022,0.6940761541513902,0
5,80,805,2.6307524560955433,0.4226429737142392,0,-1.4140026260291607,0.6403183106687265,0
5,80,806,10.532140789268304,4.418656458618853e-4,1,-3.4785093275426613,0.30746278843715685,0
5,80,807,7.626493410997664,0.020328806756151858,1,-7.474222781036549,0.06867431029448723,0
5,80,808,-3.0822359403196544,0.35736054260263306,0,0.2663838882910783,0.9291675344703367,0
5,80,809,-6.4713305807056285,0.02326840345441521,1,4.063899716067512,0.21272969148358356,0
5,80,810,6.555112507946589,0.07549672005009764,0,4.36021616471388,0.31303636388844136,0
5,80,811,7.550719270598628,0.02520266369775924,1,-3.8085435729547363,0.20631131550937823,0
5,80,812,1.5884471442261874,0.6700860476686967,0,5.082266866734739,0.11358557549035908,0
5,80,813,7.207601155191749,0.03251690094260074,1,-5.02530516213297,0.09849858187860439,0
5,80,814,8.301383655463525,0.030616672013854065,1,5.956765595794771,0.09429154964789069,0
5,80,815,2.4433678407261743,0.51426362979274165,0,2.410726492538342,0.40982662822440963,0
5,80,816,4.624682455565505,0.2507728919966554,0,-3.058721615222268,0.4351797406823169,0
5,80,817,5.901050056610681,0.06877812353330932,0,-8.033023841881837,0.02321361471067651,1
5,80,818,8.749528605027447,0.06268813531986295,0,-12.446308017367514,4.5880200931526684e-4,1
5,80,819,7.574877699106202,0.025632469154016777,1,0.2069148752289621,0.9502351464924108,0
5,80,820,2.7135143587514956,0.4511471097964628,0,-2.7869381544039773,0.5310783664537424,0
5,80,821,4.113770933236565,0.2915747901087993,0,-1.6557409921072488,0.6200173086606748,0
5,80,822,0.15620798935033722,0.9629551673523478,0,11.571392658003417,3.0701931435508527e-4,1
5,80,823,-1.6204455783046072,0.6565037948701795,0,4.6848587390904735,0.18354733136178755,0
5,80,824,-2.057642531220039,0.5054670958025951,0,-0.24300343322491658,0.9426289086685282,0
5,80,825,-0.7843447880380872,0.8023212212973322,0,-2.966683194533551,0.4178992944024046,0
5,80,826,6.22934749744956,0.10818726366381566,0,0.647748011517807,0.8452065029182436,0
5,80,827,6.6074635225378175,0.024665332003747566,1,7.333136136205664,0.0558082676422522,0
5,80,828,4.262847291441453,0.21247041947143525,0,1.0550393772354116,0.7419243409990715,0
5,80,829,-2.2571811641839443,0.4600894004252898,0,2.7439075903051333,0.4920452692271512,0
5,80,830,2.5359007123313377,0.43706089507161716,0,-3.886416700272819,0.28741112238829564,0
5,80,831,-4.4153787337470956,0.22043705019740298,0,-3.709517489830679,0.2710269697500907,0
5,80,832,0.29634932894913685,0.9331844709514339,0,-5.931245024245443,0.08515162032247273,0
5,80,833,7.8060607863943785,0.02158776010884809,1,-6.619413681163471,0.016916246495521477,1
5,80,834,14.568597806872345,5.552211733536848e-5,1,-3.7550242128065,0.2691502972025277,0
5,80,835,2.8839098318739005,0.39038794245177,0,4.292756884712452,0.21193444439001607,0
5,80,836,5.603042687016414,0.1451384031074921,0,7.675971461769111,0.06727612760756627,0
5,80,837,3.0862791495117685,0.32316029357453846,0,3.3100124598710035,0.2784042146690871,0
5,80,838,8.86449536685538,0.02471688039438744,1,10.715156631495027,0.007662092254768503,1
5,80,839,4.392568097949886,0.1385699238750376,0,8.460076015433282,0.013897631886339707,1
5,80,840,-3.2971954732496327,0.3657077387470319,0,-2.842790882043774,0.39418837530963957,0
5,80,841,4.874203293011012,0.16442057549851857,0,6.911392611204384,0.038585747696662814,1
5,80,842,-0.7371730202285968,0.8445501623178477,0,-2.783950179394817,0.35785060055707285,0
5,80,843,4.496943804645625,0.21574771609559115,0,-2.896476825094387,0.3592515076420698,0
5,80,844,13.786471517356354,5.446423425368248e-4,1,6.202420973816884,0.1022144945348283,0
5,80,845,-2.082650641968049,0.5988073732745416,0,4.9614080077169636,0.1348321315586714,0
5,80,846,2.3583883474617617,0.5045783909241117,0,-2.8357638242131347,0.3760414321646335,0
5,80,847,-4.804717941734373,0.12280871255404154,0,0.6348274656053579,0.8660950471782387,0
5,80,848,9.09018374863494,0.010467495761897476,1,8.642617291781228,0.003388009592759695,1
5,80,849,11.00751784303416,0.007086269806131996,1,4.41665562036787,0.16179322273523855,0
5,80,850,10.099498115259106,0.015907996539615804,1,2.647969546279353,0.4466889543988889,0
5,80,851,1.7140264606282658,0.6514289342535193,0,3.3421241408063143,0.2911450879122036,0
5,80,852,1.191019588033025,0.6687842672834279,0,-2.6536694021485183,0.38265876681184885,0
5,80,853,1.5827489807687387,0.5937844151090553,0,4.703194187236925,0.172447252752807,0
5,80,854,-0.8410180719361104,0.8165604906429957,0,-4.255661404127973,0.1850973146650492,0
5,80,855,0.3140620591574675,0.9366473253729487,0,-4.755543216372874,0.16751796001135966,0
5,80,856,2.006165399809299,0.5282981748312424,0,3.181566098142515,0.2697116244443687,0
5,80,857,5.287278759938002,0.08898125812573811,0,7.474982290011708,0.04749075634253064,1
5,80,858,10.048812334157214,0.003352596516650354,1,-9.34655675480585,0.0031505436616703964,1
5,80,859,10.216294492146302,0.009071188656282831,1,-0.9544447659262864,0.8012119278520278,0
5,80,860,6.451353849487641,0.03555952228652875,1,-5.343286217682367,0.14389385202918922,0
5,80,861,13.104175314066453,1.2377476172193083e-5,1,-6.444312883946674,0.08488981294487451,0
5,80,862,0.8461051681899748,0.8102417226043255,0,6.303352717075476,0.06655873252073342,0
5,80,863,9.64349158912289,0.006828412834537912,1,2.9439093775936533,0.328285318713576,0
5,80,864,1.1793976924257261,0.7413574847859945,0,1.393648295893611,0.6314188152237938,0
5,80,865,3.316415236654952,0.34991234895275314,0,-4.307883076358679,0.15446552274614483,0
5,80,866,9.309776089144579,0.0026938438505085946,1,-7.141657935494755,0.0681960416498306,0
5,80,867,-1.4590145611033078,0.6799223188743634,0,-9.954434067412732,0.0032059307117932247,1
5,80,868,0.38875988764044933,0.9066085798802765,0,3.550034204562321,0.29565529203895646,0
5,80,869,-2.5982054354876403,0.4454247087951364,0,0.657159877214971,0.8488262009989487,0
5,80,870,0.5044102951063065,0.8936355643840123,0,-2.7727880108156895,0.47091589082994023,0
5,80,871,7.238213765760062,0.01756800900327386,1,3.566730029398355,0.29895287810183635,0
5,80,872,10.658590625249152,0.0020667117802264435,1,-1.7956687813071195,0.5918045853452982,0
5,80,873,6.33311201180413,0.15928772333770017,0,-6.59304666129987,0.018320786612983482,1
5,80,874,-5.014656084992696,0.12447789604191505,0,1.111788813117031,0.7441939283578657,0
5,80,875,13.448858025472047,5.569929714831571e-5,1,-6.71776974156753,0.04293613568791051,1
5,80,876,9.110873949461592,0.007403144641750782,1,8.411959650301128,0.007490347032159941,1
5,80,877,5.583441462540254,0.10447388442603847,0,5.7443041876031575,0.06540346662861524,0
5,80,878,4.358491868476809,0.1573891091303438,0,-4.938060284364159,0.11058972759403546,0
5,80,879,-1.1343427762685885,0.721453443016832,0,0.5030232909327567,0.865228371812865,0
5,80,880,11.023000961669986,7.071073441866282e-4,1,-9.069445137972894,0.007607990685570114,1
5,80,881,2.401730285169926,0.5360192563486501,0,-2.93527145886005,0.38817427818500605,0
5,80,882,11.120346395642981,5.249938563009912e-4,1,9.78383772796505,0.004144664047208505,1
5,80,883,11.703620378185875,0.001352190897039526,1,8.465132657659069,0.019943755635335656,1
5,80,884,4.079603444520967,0.18126301662997354,0,5.669615638558258,0.06347904206226171,0
5,80,885,-0.7726654143876631,0.8200523910919109,0,4.281780919018244,0.14894013335624218,0
5,80,886,1.715649315004505,0.6524180826823427,0,-1.2649120377807397,0.6719705200608672,0
5,80,887,-0.4906691257454748,0.8819361943245556,0,-4.703234211026257,0.22777318415131645,0
5,80,888,-0.41523129120264235,0.8869522788640469,0,-6.237880885231377,0.04515762289924134,1
5,80,889,4.308235179514267,0.198800089202553,0,3.1434884327699057,0.30361478022100663,0
5,80,890,0.9993302673277472,0.7780161965069041,0,-5.035609089305905,0.15280857410082715,0
5,80,891,-3.580640852612712,0.3123444522711213,0,0.690158796252416,0.837538478263664,0
5,80,892,4.0366698798505665,0.24207315701562573,0,0.11964792407127608,0.9704720037098602,0
5,80,893,5.184698613260808,0.1966418398810895,0,-0.7152071121948771,0.8534542008078783,0
5,80,894,15.076467432343305,2.6811105002987965e-5,1,6.395039161954089,0.03617438091437991,1
5,80,895,12.398002573885014,7.802988969852807e-4,1,0.6663268853705485,0.8524630594551607,0
5,80,896,6.811140591631756,0.038736343631041024,1,-1.565099429714369,0.6507141216969594,0
5,80,897,7.274914522018604,0.03269766681353436,1,-1.5643324611108527,0.6175659393021988,0
5,80,898,3.6677505078184094,0.3198655412111209,0,-7.124313693400995,0.04623344471583895,1
5,80,899,4.389855628851963,0.16710474106114914,0,8.398930126907475,0.02527249014937014,1
5,80,900,5.768964611359,0.09271407772279669,0,-0.5586903279360415,0.8512077912791332,0
5,80,901,7.222993975881326,0.04015675400522087,1,-0.7454795449136974,0.8425770542993872,0
5,80,902,8.481582481869731,0.01746137642348872,1,0.4696836844562501,0.8627229382220298,0
5,80,903,-4.015627640108642,0.22573049467561745,0,2.8453534545608377,0.4415937009865898,0
5,80,904,0.3724624647970647,0.9053236417959454,0,1.0202959162501861,0.7560375735475677,0
5,80,905,2.6315040733523007,0.44101593611114287,0,-3.5942240704533646,0.2942684621655909,0
5,80,906,3.7658409785848934,0.25497879505839105,0,2.171638617591767,0.5081733100677587,0
5,80,907,4.112987685998198,0.25937923393790274,0,3.326396315251549,0.37308118655880584,0
5,80,908,11.899622855516675,0.004596729575522226,1,-4.664548866186792,0.13798045333336909,0
5,80,909,0.3828646556622342,0.8924859291118845,0,-4.516478646146456,0.19525320454875536,0
5,80,910,-1.945996245152975,0.5708519718344083,0,1.2552436041897685,0.6975269235058028,0
5,80,911,8.85422842526727,0.02043196083479994,1,2.8150588950300732,0.4590558604211963,0
5,80,912,5.344336548244703,0.11915912265788492,0,-3.8894488924230783,0.2930597483418339,0
5,80,913,8.718212962426213,0.015446090844160553,1,-2.3744411956820666,0.5018076963020408,0
5,80,914,12.161086765193545,1.5617320103140827e-4,1,0.8284793066845132,0.7717674447939348,0
5,80,915,7.863400377936611,0.0022439423172427317,1,-2.265906547485118,0.5555751868075952,0
5,80,916,3.7352424995245683,0.21399529248333313,0,-4.2067298999153895,0.24357283279210404,0
5,80,917,6.228506336373351,0.08666133436317247,0,2.154668344192554,0.5256882523818804,0
5,80,918,7.223547547037011,0.05827621911932548,0,4.1471819015828375,0.22929169882871836,0
5,80,919,14.734685134144437,1.2233281026417316e-5,1,4.120290597191128,0.21687661255624155,0
5,80,920,-0.6631629477984045,0.80571504479437,0,-7.472674577325584,0.027714488829545025,1
5,80,921,0.9672840923125181,0.7415515848243129,0,-0.10749515952593465,0.9742080960992816,0
5,80,922,2.7156507396077183,0.46443601333789386,0,-5.78530825342214,0.0820427954911603,0
5,80,923,3.141692577188055,0.3819174892898545,0,-2.5849514349117073,0.5032981443794257,0
5,80,924,5.911293438560406,0.05068940525543092,0,-5.373928474070469,0.14734294289338234,0
5,80,925,4.427452158754426,0.27622363111420994,0,3.642015764524111,0.24252304443997746,0
5,80,926,2.2627785704024195,0.4959117761125854,0,1.565070493301304,0.6601844902021647,0
5,80,927,5.088663449333462,0.13019283257489972,0,-1.264586075154842,0.7052973645705324,0
5,80,928,8.612228457294847,0.014811352549087362,1,1.0025268377663616,0.7736688921057147,0
5,80,929,14.801903328944132,1.2883934144344136e-6,1,0.9389678643670084,0.7997699420023219,0
5,80,930,6.043315291161424,0.06818183715753759,0,6.413477675909473,0.08742177884101812,0
5,80,931,10.971604173106192,0.0018355923433062897,1,0.3790129726540655,0.9124448632716458,0
5,80,932,5.740914377527086,0.11865778564478581,0,3.619237769683693,0.27006713020539586,0
5,80,933,4.277345518723591,0.1830786765519359,0,2.2963914294174312,0.5331858407898751,0
5,80,934,9.105244042149886,0.007300869133198862,1,-6.60653641939715,0.027044749074652565,1
5,80,935,13.197295028920788,1.7341021853455228e-4,1,-2.859220767188985,0.4132133293371051,0
5,80,936,3.30642747678528,0.29740839901070226,0,0.6149228765729176,0.8608828759758258,0
5,80,937,1.7741921842056554,0.5664577828196484,0,0.6666454893699749,0.8438085327261315,0
5,80,938,7.991868395282507,0.024450540248338794,1,6.445043033844813,0.045677593925333916,1
5,80,939,6.0363862363861704,0.04897051445370138,1,8.554999559362681,0.00564163315576503,1
5,80,940,0.7224942859652834,0.839776425904579,0,8.895313432542236,0.015220398433633533,1
5,80,941,2.8197517911801846,0.3284042305663779,0,-3.237639852536111,0.351181458476288,0
5,80,942,5.099129612809979,0.06703500129763616,0,-5.120439860223007,0.13513439559779486,0
5,80,943,0.2379139684376555,0.9373107434357164,0,4.037315887444714,0.2751704103878317,0
5,80,944,4.000096492728265,0.1554400198076833,0,-1.0318369573847548,0.7692890784739745,0
5,80,945,9.968687734128093,0.0015015452469973713,1,-4.498400040048525,0.1632219997319489,0
5,80,946,6.64033762517539,0.040024838878144765,1,-2.4525974577632077,0.5091221187777274,0
5,80,947,6.847329533527891,0.042479973421994895,1,4.330241456800037,0.18190425048051623,0
5,80,948,6.634692758746788,0.05693835518641716,0,-4.509795702999835,0.1831696407907913,0
5,80,949,9.407468006388783,0.0027743947003821237,1,-3.2659533634830273,0.36081373116798,0
5,80,950,11.36720975615515,0.0011349298690245288,1,5.075342910537631,0.08801608189029712,0
5,80,951,4.543820101716751,0.21855167660804625,0,3.5687589483670967,0.2992932244917999,0
5,80,952,7.914587620501558,0.0128971960428933,1,4.515849515496338,0.17627081871758538,0
5,80,953,7.92560518364921,0.010340569652075537,1,0.7057532969551155,0.8313589993838539,0
5,80,954,3.0729349664765593,0.4068844830545193,0,-2.386973008574832,0.49314828985830117,0
5,80,955,7.367751319386725,0.00883619038078467,1,2.9449849399933234,0.38251474788265427,0
5,80,956,1.4153121640813258,0.616104315200221,0,4.536370591929549,0.21221375941458515,0
5,80,957,6.373484543711484,0.049360993506478996,1,-3.2594014693923814,0.3367976018954727,0
5,80,958,7.260107378637083,0.048309120715081304,1,5.062401231357151,0.06902438188715507,0
5,80,959,6.1939836441724125,0.04536919596312478,1,-0.1709659814238073,0.9628001960265126,0
5,80,960,4.151123958772434,0.2116262792998509,0,-4.3414877989097524,0.17479544020220134,0
5,80,961,7.831989883244207,0.01890761295860986,1,2.0794160992571764,0.5511749867256844,0
5,80,962,-0.49599030433378594,0.8918062176971158,0,4.725774435967005,0.14021482976619146,0
5,80,963,2.611594569270522,0.4855236230287475,0,1.4781498141403324,0.6252469959249245,0
5,80,964,3.1548578785806374,0.3949749175438423,0,-0.5783327125103425,0.8461209116161366,0
5,80,965,6.458805204902161,0.09924687701965852,0,-5.465032572681069,0.13643611495294833,0
5,80,966,10.955589921663197,0.001839371299546677,1,8.818591718875247,0.00571032541862848,1
5,80,967,5.326083451825064,0.11891693559753876,0,-3.454089511666006,0.3230213526968744,0
5,80,968,11.15312690774863,4.177270673030131e-4,1,6.848333093247359,0.08931493513466707,0
5,80,969,9.519636188202394,0.010674664329766107,1,2.971503302671924,0.4474965089485087,0
5,80,970,0.5156127780533978,0.8696211139601215,0,-0.09201704973150755,0.9784069845586203,0
5,80,971,9.149425519322385,0.005175728575533048,1,-5.934584939681714,0.041306937268822355,1
5,80,972,-3.0475054522829175,0.3696171943351786,0,-1.8196673838577677,0.5594509069455413,0
5,80,973,2.776429724462865,0.4095796648824187,0,-9.1175030136938,0.024901082569612935,1
5,80,974,10.53351684865,0.0012079214242972905,1,-1.6389456290930107,0.6071261825204336,0
5,80,975,7.454158516062618,0.013105047522472131,1,0.005860095820488861,0.9985887549235672,0
5,80,976,1.91136474308112,0.5993528130677839,0,2.0363467395618633,0.5228065174555503,0
5,80,977,5.872952823039678,0.08870396127053207,0,3.034284411185199,0.3841986343572691,0
5,80,978,3.626473983311513,0.31225946858158443,0,-4.530992381930306,0.1877672108045069,0
5,80,979,0.4997076449790327,0.8769720032142831,0,-3.424847302803144,0.32086276241465195,0
5,80,980,9.60094663296238,0.004308397837388644,1,6.8927386701474225,0.027800117712151292,1
5,80,981,9.0416705438266,0.015828584890140763,1,4.906637136512897,0.08397878846705045,0
5,80,982,2.901390204127412,0.3789388096176315,0,4.541944272598785,0.3004558294591646,0
5,80,983,1.8606424980345297,0.5820727727086046,0,8.178093271427123,0.005647076417800171,1
5,80,984,8.794579594031978,0.009638790165129592,1,-3.143900088927283,0.30849937106778413,0
5,80,985,6.941761647203363,0.09555207529096348,0,-6.265833461325354,0.07758664738154589,0
5,80,986,5.131663991435754,0.16950189772385965,0,3.373129884182516,0.3349610017104341,0
5,80,987,5.486297123548639,0.09770874025779291,0,-3.771764149314046,0.21139211732653518,0
5,80,988,-9.543603956284048,0.017660507736998576,1,5.751711206592613,0.14105799266934865,0
5,80,989,9.877953362068386,0.0014246877115575434,1,-5.4035515092916455,0.08601125542614753,0
5,80,990,8.227653902948532,0.006436551327608444,1,4.606760852853923,0.21199512150358304,0
5,80,991,3.57709585698211,0.3268835016979963,0,7.902683725304011,0.010856484979339956,1
5,80,992,11.043193509517181,1.6148856035890256e-4,1,-1.732004817550301,0.629958491678096,0
5,80,993,7.237424186358769,0.016060578220890586,1,0.23655526837224997,0.9531451159496496,0
5,80,994,3.7326257547194603,0.2025811818195443,0,-3.961105849749349,0.30997116587629925,0
5,80,995,-1.54430070137701,0.674023269454545,0,3.6577379915173567,0.2644860712375261,0
5,80,996,11.391927204998833,2.882043185418662e-4,1,3.510012075584023,0.30601107270803213,0
5,80,997,0.8754774631788931,0.7840731491532886,0,9.803800164279973,0.003467848227174098,1
5,80,998,-0.05213699622174673,0.9863015889636622,0,-3.6057453605513388,0.31517296312666554,0
5,80,999,0.15933609277859442,0.9645311076915792,0,-6.989648759197684,0.06738300838857743,0
5,80,1000,7.22645347564678,0.07779983288524751,0,-5.18769776353679,0.1989324706103171,0
5,120,1,1.994773818280809,0.4943594878149429,0,-0.2831607214749341,0.918228455074437,0
5,120,2,-1.9388700612730765,0.5374215303655614,0,5.446047240075656,0.041490128908974425,1
5,120,3,2.358809926860004,0.37310573256532586,0,-4.278923306972855,0.0879021936443698,0
5,120,4,11.943792488690868,9.939099376472633e-5,1,-1.0378829375355776,0.7431845974348883,0
5,120,5,12.467519993168803,8.207503882747963e-6,1,-4.204585933823539,0.19330594860334863,0
5,120,6,1.0753351079310562,0.6922249821982033,0,-0.4513502032312931,0.8575595649638273,0
5,120,7,5.249678676492324,0.047130573059350575,1,-2.0981439838927574,0.4812652531898831,0
5,120,8,7.195326246540749,0.007889792528180306,1,0.5315886279828028,0.8391035028707243,0
5,120,9,7.575988106788832,0.007045107580168637,1,-0.3799255381425594,0.8953974869825082,0
5,120,10,5.04242981458841,0.0813087247018685,0,-0.5959987070076914,0.821327253436133,0
5,120,11,3.002976132677751,0.23343806039245352,0,-5.0913895896729855,0.05165110422535252,0
5,120,12,10.50357483280566,2.846160552323445e-4,1,-3.7926907059731985,0.08866989127487618,0
5,120,13,5.587803082233741,0.04422190909239262,1,4.99872327451592,0.04303029898457181,1
5,120,14,6.857647394787189,0.02311197435910002,1,-0.25040605222688733,0.9260212992247387,0
5,120,15,11.971421932068782,1.1101560573012946e-4,1,-0.6610648242158779,0.8015015234234824,0
5,120,16,6.433717580895661,0.023670245429024562,1,4.878188121253488,0.049349295554377975,1
5,120,17,4.224025946129719,0.14417309973796388,0,-2.364192533379285,0.3791448894873606,0
5,120,18,7.036759083282463,0.00943273216922644,1,-2.0709301275926766,0.4766831868392237,0
5,120,19,5.94702189702557,0.035253840639798945,1,0.989425990886862,0.6750670182411231,0
5,120,20,9.159162811670233,0.005015122660335113,1,-5.0436153632273335,0.10394394084632745,0
5,120,21,0.04068867651352779,0.9873681855337193,0,-3.5088006612974985,0.20708437026285131,0
5,120,22,8.186057809260005,0.004190798974577396,1,0.74022172282187515,0.7782599330053339,0
5,120,23,2.305506598769053,0.45287139858028735,0,-0.5374994569684787,0.8484316973398698,0
5,120,24,3.6095611814086257,0.18653714033248808,0,-3.3525098923194214,0.26921140495460766,0
5,120,25,5.774085091187214,0.040558730090282755,1,-2.0758547079527556,0.4738171507763568,0
5,120,26,7.7995834279164296,0.006635818990618039,1,-2.011637893552588,0.4987487957537049,0
5,120,27,10.091749468994353,3.5905086410406567e-4,1,3.360116813917922,0.1967124871453202,0
5,120,28,6.922357111622292,0.012610514414396626,1,-5.22839708860913,0.09290257002839948,0
5,120,29,7.976551520885007,0.004002007654957371,1,-1.0366424881533456,0.6926469450856161,0
5,120,30,4.651229273125473,0.05337892169464261,0,3.913734819862308,0.14724691804640141,0
5,120,31,2.8855269632328095,0.29891882365295164,0,-3.9179041046702685,0.205152338585646,0
5,120,32,1.1173335857511928,0.6659144420314316,0,-1.552403512742557,0.5881612286212434,0
5,120,33,6.407318893005773,0.017141768063888507,1,-0.9593453405339967,0.7481513298554834,0
5,120,34,3.694972335373671,0.20547743183584466,0,4.061033827761743,0.21690084887196806,0
5,120,35,5.62187523963865,0.04327388975874207,1,-0.7428449492782304,0.813176569566917,0
5,120,36,6.184297242884266,0.02045483850355873,1,-1.4378120184621233,0.582585799079171,0
5,120,37,0.7889121577939087,0.747843347638005,0,-2.317576641033006,0.357239620309186,0
5,120,38,6.011653712166832,0.025344907205635567,1,0.3394583870048873,0.9158568106642873,0
5,120,39,4.485524413120027,0.1148726520032822,0,-1.0082330275053955,0.7457431177443286,0
5,120,40,8.14667193285334,0.005462810562195814,1,-2.1043466149514356,0.4064408381039173,0
5,120,41,-0.8240000607050065,0.7782517866992498,0,7.233930346717589,0.007455726783295444,1
5,120,42,8.071601261983227,0.0032614761338206405,1,3.0067169179844995,0.24202153254391817,0
5,120,43,4.814598459373766,0.12649536285239604,0,5.6171048991997825,0.03918830709526834,1
5,120,44,3.7203519975810675,0.18805905579395685,0,-1.7269595762782879,0.5317876213224332,0
5,120,45,-5.695824435195134,0.031880142138925344,1,-5.054305668883628,0.048752288035106076,1
5,120,46,-1.1580568756484988,0.6322822516327371,0,0.5793256864918225,0.8451334611024532,0
5,120,47,8.100687764314118,0.008144210967331433,1,-2.4650872578466365,0.3787521486148506,0
5,120,48,2.0798938931671245,0.4930444535896823,0,-2.697214043176027,0.317167832699713,0
5,120,49,8.836276200736695,9.159832867659322e-4,1,-0.9903352498607314,0.6907228774713591,0
5,120,50,12.170423184596,2.1782082226791605e-5,1,3.69383199699541,0.1844270882324888,0
5,120,51,5.614627099668336,0.05381037738853778,0,-0.7649723608450276,0.7750364653482045,0
5,120,52,3.087220372661715,0.3141416228106931,0,5.242861912361074,0.07302370174739162,0
5,120,53,6.738259102171329,0.025971377295973878,1,-2.0324450639403526,0.48433677523017704,0
5,120,54,11.54946282384152,1.771638986685648e-5,1,1.8018069870688898,0.50631529132439,0
5,120,55,9.019755570712652,7.812383519406338e-4,1,-2.0968814177833828,0.4169810672355181,0
5,120,56,2.735186863817762,0.3640306344532479,0,0.5805041460025547,0.826107492498565,0
5,120,57,10.510813020687557,3.3560041111205816e-4,1,-2.6668176607013616,0.30121919783114814,0
5,120,58,6.528919202653414,0.039200496312037494,1,-0.9495266472482343,0.7231642703024166,0
5,120,59,11.595337413663042,1.343796389667645e-4,1,2.57251695818934,0.34976233360533016,0
5,120,60,0.18577178382216455,0.9471738203857443,0,0.4082642541528283,0.8818340023165524,0
5,120,61,-1.6048094080632955,0.5995332954722092,0,-8.898729512518672,0.006078462298722552,1
5,120,62,3.2968465490374568,0.2086955642935361,0,-0.31255731232604184,0.9066613195180622,0
5,120,63,4.475213648089515,0.0969146516332694,0,7.645623318335435,0.007015848288300465,1
5,120,64,8.951712986992682,8.55858175734284e-4,1,5.693715136340625,0.07355609428264555,0
5,120,65,8.006515620064153,0.004477618050470374,1,-1.4661185716465097,0.6117648832641934,0
5,120,66,9.978338187033595,2.9451392591898937e-4,1,2.363697639356023,0.42836653414195003,0
5,120,67,-0.06081548553801198,0.9819963818806035,0,-1.5800175045031704,0.569812249703431,0
5,120,68,3.365966687110556,0.2349531182993018,0,-0.20887941797456297,0.9359272066453359,0
5,120,69,6.547944097648829,0.027674044071310487,1,-4.1183066666545365,0.13270015026118276,0
5,120,70,1.0214923312223896,0.7249506506127013,0,0.4570620916857921,0.8663332408582717,0
5,120,71,-1.936960420565618,0.44529211280481973,0,-0.968409391401775,0.7079795926500001,0
5,120,72,2.357549269799157,0.40561620754652616,0,2.2056871747542823,0.4324262344807567,0
5,120,73,3.2999380945862806,0.2286504150368731,0,2.88137654794166,0.3159745103452843,0
5,120,74,11.081958896114568,1.6305968919395943e-4,1,-5.6019322723592975,0.04925544811310575,1
5,120,75,4.8194438365781735,0.09369385564101768,0,2.7073126208071456,0.3618718749879283,0
5,120,76,3.0453778009569366,0.32598077159573446,0,1.0154420994421611,0.7311180223600924,0
5,120,77,5.118542851413952,0.10075541879370015,0,-3.1184859982296067,0.1876210184894418,0
5,120,78,7.6743123920658505,0.0035940050114825345,1,1.3194836735896296,0.6066784449374618,0
5,120,79,3.6553469261189857,0.19333279822647126,0,-0.6952545634111097,0.8045073087667994,0
5,120,80,1.5173452407185197,0.5929962133415692,0,1.759875957851914,0.5262035970800313,0
5,120,81,4.909753397323117,0.0622595020069616,0,-1.183650027216968,0.6269364967996814,0
5,120,82,-0.07949181416405823,0.9781157364114507,0,5.740891201622782,0.043316857595164224,1
5,120,83,3.9867986344494186,0.11732102740787886,0,-5.231834544870232,0.06868570008816247,0
5,120,84,3.6025086707831533,0.22991047573850365,0,-7.909762499960022,0.015006686105027296,1
5,120,85,9.747994951024875,9.366233872466518e-4,1,-0.2329214932692512,0.93423917560799,0
5,120,86,10.538277097456993,2.794219809646856e-4,1,0.45501742795828476,0.87004698458832,0
5,120,87,-2.6160744954071715,0.3068338334928914,0,-0.5837766439718167,0.8221413376591744,0
5,120,88,5.775154635237878,0.02155582749836377,1,2.0891131849439963,0.49165406928113875,0
5,120,89,0.6662897597375841,0.7825581402222174,0,3.1771758942459916,0.19394456790114503,0
5,120,90,0.6807589911545937,0.8132921182538886,0,-3.5157910132019694,0.19875571074115359,0
5,120,91,-0.32989825141659246,0.8952395063169498,0,1.2815468765415283,0.5403129386116858,0
5,120,92,1.8762215401019045,0.4351965879346815,0,-2.071354540968405,0.4121395004809246,0
5,120,93,1.5129140532624352,0.5462518565806774,0,-4.758456915795126,0.0668362924818719,0
5,120,94,8.084529612033,0.00419801674847425,1,1.0146063218600296,0.7036452003169775,0
5,120,95,4.826076522018622,0.08941545014813342,0,-1.2165917600765424,0.6441304353670844,0
5,120,96,4.550937715175383,0.1268420411922576,0,0.571972881270505,0.8104289867038219,0
5,120,97,10.47129889198742,5.711106688771909e-5,1,-1.0854477152269901,0.6574352144052832,0
5,120,98,-4.785285525543673,0.0797468727933689,0,2.3171923840754824,0.4518440383719967,0
5,120,99,6.770127913966344,0.02640236652186466,1,-3.4967774376034253,0.21897645214140268,0
5,120,100,3.174060796893718,0.22306717993915337,0,4.996509924655508,0.07368293217928686,0
5,120,101,-0.05915411334956102,0.9832733443200549,0,7.7058696334270795,0.011493243109126387,1
5,120,102,-0.23561772598068037,0.9327389212614803,0,0.25010080763024506,0.9240208088590642,0
5,120,103,5.829382551367333,0.08631561725323848,0,2.4434760945823792,0.38648070781857946,0
5,120,104,9.75508869813075,9.013692573369204e-4,1,0.15245933580099558,0.9571175427148777,0
5,120,105,-3.0326310319271665,0.24450232599214178,0,-2.4159123121739676,0.3707576322592334,0
5,120,106,1.551407738011631,0.5321483480954906,0,0.5996352166768012,0.8183114598474566,0
5,120,107,2.5903172532774357,0.34775183742775795,0,0.8720841191890643,0.7595794433976698,0
5,120,108,7.770138242709289,0.009626018532383054,1,-3.864167209665471,0.16491305735809283,0
5,120,109,0.7378702445139269,0.7749704713833968,0,4.378676288551851,0.1254042241673756,0
5,120,110,7.526301997902376,0.005567359862721205,1,-1.1337803876772192,0.6645079765517078,0
5,120,111,2.681757691820461,0.34106263772969014,0,6.550233215675233,0.008086061769165504,1
5,120,112,7.114094457637316,0.0012537136935662457,1,-4.329782454182207,0.15391517211882336,0
5,120,113,3.9484145739888405,0.15467000702014563,0,-2.2350453804657504,0.4130014150086997,0
5,120,114,7.19612259904065,0.00904494322294378,1,-3.7648987812195363,0.196692416400965,0
5,120,115,8.45948673799719,0.00400261596551433,1,4.18471069529844,0.10071504367896687,0
5,120,116,3.798320133493459,0.19576904105104995,0,6.720064871204731,0.022574588304745066,1
5,120,117,2.4308251361158293,0.32973165687429395,0,4.594585597435357,0.09875931251135296,0
5,120,118,0.26082068444992373,0.9248395557056543,0,-1.2901724681716689,0.6229432583010397,0
5,120,119,4.8377104084307785,0.07409319636407297,0,2.813081833353186,0.3073670169943732,0
5,120,120,3.6361030810054964,0.1865390267957086,0,8.528183040515332,0.002751679989277961,1
5,120,121,0.256216312658074,0.9333726717108957,0,-1.3654428327077273,0.6640591077165872,0
5,120,122,3.2868515754173457,0.22809833237910213,0,-0.8682870881759593,0.7296402716299522,0
5,120,123,5.913380372766247,0.04132247177819837,1,-0.8022344198869217,0.7777129705143421,0
5,120,124,5.83158281368171,0.03614364694908242,1,-1.6223764827855394,0.496788220421133,0
5,120,125,13.581239220402596,1.3886608920312114e-5,1,-5.717345558137643,0.025502227482649107,1
5,120,126,2.746742343878276,0.34935615764239114,0,-2.106325065568832,0.4439388281045663,0
5,120,127,-0.8785573182921643,0.7759148084630735,0,5.6630883288641325,0.03860875855986021,1
5,120,128,4.830067741177525,0.06661778512633389,0,-5.894237697962342,0.06112014246011359,0
5,120,129,0.4432090929125078,0.8805738330908306,0,-5.330077757760221e-4,0.9998552107796672,0
5,120,130,0.22694472076917221,0.9352381016835264,0,4.390859943263854,0.08490844034250662,0
5,120,131,8.162141306879537,0.0032638911380582264,1,3.567676923781574,0.22424174542825276,0
5,120,132,7.790977446009112,0.023106846391424886,1,11.858445799715755,1.66538483274472e-5,1
5,120,133,1.5810241254270114,0.5783588867390277,0,-4.126126045498281,0.09740845295527392,0
5,120,134,-5.188186913735467,0.07270963460375791,0,0.1522333480314507,0.9563823475808533,0
5,120,135,8.377463094339452,0.005083924664289011,1,6.4321529785465525,0.02165921440983297,1
5,120,136,2.114491191070904,0.4710079654070314,0,-6.219369485254964,0.0200929536302389,1
5,120,137,4.4437512698462855,0.14739440881292995,0,-6.404194038734455,0.026215945045040386,1
5,120,138,8.66372387853555,0.0013245069507138005,1,2.0131387386194914,0.4924905713068872,0
5,120,139,8.823241650036925,0.003795263243195886,1,7.07986172578419,0.012009766040452237,1
5,120,140,2.507367763760905,0.4003428580158068,0,5.10475422948749,0.05257561330019093,0
5,120,141,8.0721199531405,0.007241234905240004,1,3.9846209528880587,0.11979619564475452,0
5,120,142,8.271927912358983,0.003444088779202438,1,3.695747122385143,0.20694488617185747,0
5,120,143,-0.06347156334885413,0.9817264018076575,0,2.4621676526383682,0.39476927538814677,0
5,120,144,7.965869357576125,0.0017878508880529022,1,5.354611809927973,0.03758580849954437,1
5,120,145,5.238607798019822,0.07551594722039219,0,-0.36908596846023073,0.884700600059572,0
5,120,146,-2.2815479211069114,0.401311340687286,0,-0.646560666511079,0.8289301796909162,0
5,120,147,5.104848456723762,0.08469470854326644,0,0.8344923115754926,0.7805727695160266,0
5,120,148,10.790191306758835,1.5257190666958492e-4,1,-6.431722242556806,0.017334883108959025,1
5,120,149,7.07788658050041,0.013083481643758553,1,0.6093117094118237,0.8400314446666125,0
5,120,150,3.5455071769495063,0.20752559355435246,0,-7.0837358196269795,0.016910522316224877,1
5,120,151,5.058479189804704,0.05188023035125218,0,-4.626105498760293,0.07488928267525813,0
5,120,152,7.753565618542752,0.005576877957544682,1,1.2269457100531895,0.6932864160369403,0
5,120,153,6.003741734271018,0.011735572035714882,1,-2.3089969701060182,0.46025670463664825,0
5,120,154,4.501466137126925,0.08983574928197176,0,-6.488653885734711,0.022717024785550734,1
5,120,155,8.380825103324753,0.0035267627425766214,1,2.9080624227582117,0.23667243833692717,0
5,120,156,7.1520897964087435,0.005618254926809606,1,0.8473651836339163,0.7834108925713196,0
5,120,157,2.9894756086007463,0.26286085531711184,0,1.1584413955128074,0.7014212242696588,0
5,120,158,0.2969037347171803,0.917042538585599,0,4.812684797710192,0.12802299060677416,0
5,120,159,1.6534742947446195,0.5622886924743216,0,-1.3889155995893951,0.6307590018709275,0
5,120,160,0.46357558563811674,0.8686910129184532,0,0.8520794616893148,0.7588214980822232,0
5,120,161,3.5343809879052923,0.22220460728566022,0,-6.557232290806338,0.02471222840866226,1
5,120,162,5.040669855573411,0.07676357784376864,0,0.22793809088489153,0.9357106018227832,0
5,120,163,2.518132419158897,0.3479263478526812,0,5.4741537354867695,0.05406248703064649,0
5,120,164,6.363148734280177,0.017832865133830166,1,2.7573573784935657,0.2703097546703711,0
5,120,165,9.982468023553944,4.973490102299596e-4,1,-0.44910449087897797,0.8740049942228524,0
5,120,166,4.370143420480059,0.06122027388709411,0,6.134424729577671,0.06393295130981763,0
5,120,167,3.9139013484165637,0.14086727912642877,0,-0.22403438799496841,0.9310338860500935,0
5,120,168,4.868377597080077,0.11762334155499006,0,-7.458429203633184,0.004030719378454086,1
5,120,169,5.065805687833015,0.07561756102373118,0,-2.753382670640276,0.2792317576214516,0
5,120,170,-4.636660728028093,0.15850018488856457,0,-0.8309322997569942,0.7514798325399078,0
5,120,171,5.3571344775218925,0.028614368027723713,1,-0.5709665664290379,0.8288809721348824,0
5,120,172,12.381609691654559,1.570369055663144e-5,1,-4.7316825073210715,0.1286150223881323,0
5,120,173,7.158302721980796,0.0160841885564453,1,5.385620392866025,0.025762396237624677,1
5,120,174,7.14836855351559,0.013984002585738951,1,-4.650193808840648,0.10464752122893452,0
5,120,175,-0.9435279074427937,0.7457791668404671,0,-0.2638663245026079,0.9188911024180726,0
5,120,176,8.086399813927358,0.012176316751434255,1,-0.22649511231725103,0.929782534810879,0
5,120,177,7.370692146039402,0.014415944643022822,1,-1.8348383512120994,0.5169439067035023,0
5,120,178,9.13656038226945,0.0021729150930894807,1,2.794466906823956,0.35023893054816835,0
5,120,179,0.959063318687765,0.7480734355733409,0,-0.1660424191893672,0.9506140952735049,0
5,120,180,7.249956443919373,0.019142254579968144,1,-5.481616055283169,0.05590971065872074,0
5,120,181,4.371336235108053,0.19125195325139083,0,3.2921719908884186,0.2053528287670142,0
5,120,182,2.0068972061016646,0.48229186089099607,0,4.437395955633663,0.08668682471309377,0
5,120,183,-1.2257194574598325,0.688073550507136,0,-2.4769633277540795,0.38738169820842183,0
5,120,184,6.297605969574939,0.03130770645502568,1,-5.2428894450078225,0.10323839886253466,0
5,120,185,5.0159355405553825,0.06311223992501874,0,10.821319925814052,1.608264894671123e-5,1
5,120,186,6.454418221387809,0.027186160618170106,1,1.9614074253352316,0.4190304360498337,0
5,120,187,-0.5984211939697375,0.8490085149276455,0,0.2743100005916135,0.9246072067759252,0
5,120,188,2.593131355771023,0.33140158142054965,0,-0.09822527996279361,0.9716350943756423,0
5,120,189,8.913017879299824,0.0015724223057302857,1,-2.8262955627081405,0.36388570315778335,0
5,120,190,3.3817490232773606,0.17598027536288477,0,5.31414173960299,0.07131692177790522,0
5,120,191,9.126317224811444,0.003674054845959892,1,0.4341401362302163,0.8711192893201414,0
5,120,192,6.413360072516373,0.017653339731506148,1,-1.6822278268910948,0.521146651192234,0
5,120,193,12.90719969992133,6.986742630392621e-6,1,8.917676599931758,0.001910256973036286,1
5,120,194,7.181831482020932,0.00813727768920665,1,-7.932237581455641,0.004220424728310638,1
5,120,195,11.496159362309335,4.711185439910412e-4,1,0.30514054290710085,0.9151960714944577,0
5,120,196,-1.106286182111279,0.7051399073762018,0,2.674561945268062,0.33105345520091434,0
5,120,197,12.417689320813809,6.20460650921957e-6,1,-3.9741136040057046,0.12628054378329664,0
5,120,198,-4.126613151520006,0.11428609747953349,0,-4.255963250341201,0.14276118284402026,0
5,120,199,5.842898646343731,0.04377709613997923,1,3.2627892923297006,0.21121319195240057,0
5,120,200,11.530601733156702,1.7718536079716725e-5,1,-6.741022738496988,0.033437587850066064,1
5,120,201,4.7952796234033475,0.08863407610370451,0,3.1326698707608807,0.2465580034034938,0
5,120,202,2.2917943055939674,0.3713163466927911,0,0.20414880801760518,0.9402177943051229,0
5,120,203,6.67362121027408,0.04549550280352808,1,-3.288264003236684,0.23633043953044458,0
5,120,204,1.0318528605425679,0.6708009506067317,0,-0.6554459003112594,0.776844578194328,0
5,120,205,8.628894370541468,0.005422887794140187,1,5.831205316716907,0.024823543635219908,1
5,120,206,7.593383186923727,0.004659590731003266,1,-0.6077766739752767,0.8240889864147296,0
5,120,207,-2.8337085148234196,0.23250375219563676,0,-8.712510856483899,0.003658199201927941,1
5,120,208,12.337313450348423,1.659963666078654e-6,1,9.14792317986522,0.0014060434520990876,1
5,120,209,11.612107515996309,5.369959663351919e-6,1,0.8498270511094886,0.7529673860568509,0
5,120,210,8.322419877996756,0.007440527422934217,1,3.7700541758916666,0.1692251968341496,0
5,120,211,3.3457800664868396,0.15838029112464816,0,2.980511604221667,0.3228186001436799,0
5,120,212,5.897077681076977,0.05189239771333498,0,0.9033275009309178,0.7145794857894587,0
5,120,213,6.29302378383544,0.040670764639970304,1,-2.194184201900652,0.4288642184631076,0
5,120,214,7.515011425553899,0.017893570738683147,1,-1.638375697304952,0.5325659925141901,0
5,120,215,-0.5083045765199602,0.8373174409447075,0,1.4122967370881065,0.6014311617894018,0
5,120,216,-1.9942208489809843,0.4823207211633671,0,1.0224022206770458,0.676098194728403,0
5,120,217,0.3999874860999205,0.8778614670643929,0,3.3612324461570657,0.28388389011518006,0
5,120,218,-1.7330617655814373,0.5651622988366889,0,5.407217996716003,0.03923212393360317,1
5,120,219,8.076247982871942,5.182759553081875e-4,1,1.716882028329425,0.5452939366864269,0
5,120,220,4.870501696909198,0.06304702466935092,0,-2.600459982856943,0.38468786010997125,0
5,120,221,2.18123220670044,0.4445437502199664,0,-5.677054408504227,0.034339329151271844,1
5,120,222,7.161642572819279,0.012636796605526133,1,-3.6953407858456373,0.19627786951266482,0
5,120,223,6.535461137581994,0.016566468048535767,1,0.1716916770074856,0.9530075142365443,0
5,120,224,6.162064329325311,0.027870698705613133,1,-2.954833841083342,0.37024143406246135,0
5,120,225,8.648876009530563,2.0977932283769703e-4,1,-2.351558346997945,0.3998019741809117,0
5,120,226,6.141677178028132,0.026531285057843197,1,-4.7255810275713674,0.09464430463153882,0
5,120,227,3.9274215002956168,0.16844854749457897,0,3.3153980467124384,0.18141885509662692,0
5,120,228,8.433047675128895,0.0029207800007512597,1,3.0418834789101843,0.2179649464139665,0
5,120,229,-1.5528375175274107,0.551094314121354,0,6.2993059884974505,0.008360867810446088,1
5,120,230,4.536044154367951,0.09765055847181307,0,-1.432101645249017,0.5614958927740707,0
5,120,231,7.537802574494447,0.00854905800023758,1,2.123741485747601,0.45911506562848015,0
5,120,232,0.8152410758299683,0.7825588149382731,0,-1.388107596899536,0.5897600244160917,0
5,120,233,0.6869205484544605,0.7711929584181862,0,4.85281224752931,0.09172959721951447,0
5,120,234,7.052452954344047,0.016904154241167788,1,9.71983191601827,0.003592011356273345,1
5,120,235,7.173317064817701,0.004369829213462805,1,-4.574219640132549,0.10023289719774348,0
5,120,236,6.364572856602643,0.014146579991908489,1,-3.6062089606446266,0.19805654407633022,0
5,120,237,4.533664735270157,0.0761822939832953,0,1.4560077370773288,0.6628317338876666,0
5,120,238,-0.2674454002617688,0.9234636793316242,0,-0.9146700113266183,0.7037966384057308,0
5,120,239,4.406452565538527,0.12283087318064775,0,1.531111131346715,0.5803382624725291,0
5,120,240,1.069260523808883,0.7241785972653283,0,0.6277634799829483,0.8156755196403108,0
5,120,241,8.138132243569064,0.0012523223362317405,1,7.542927803383153,0.011635707902976354,1
5,120,242,10.863765691494812,4.6182004165491715e-5,1,-0.6902853117876365,0.7923949446791926,0
5,120,243,5.5792833306186695,0.03453908896396419,1,0.7808964251501369,0.7872525176964388,0
5,120,244,7.041995487898818,0.016380511684641906,1,1.3093327935195433,0.6054052072683601,0
5,120,245,15.696144296168681,2.6798629452010442e-6,1,-2.0785385151543814,0.40631559804660033,0
5,120,246,2.935298648608773,0.2117252280697391,0,-3.173500254781317,0.30146865817589147,0
5,120,247,8.418250935715951,0.0028897096094065793,1,1.8170165631571407,0.4767172908382198,0
5,120,248,8.138108061450172,0.0016504511219304673,1,3.2154625992294306,0.23724890227154197,0
5,120,249,5.1221098616930405,0.037401585524098904,1,4.454827280230197,0.1039623485469046,0
5,120,250,-0.9391291846099147,0.7540167999765263,0,0.741225816512606,0.7966726661181833,0
5,120,251,4.751077602654254,0.08629633499604457,0,-2.263594162358266,0.37612372966016605,0
5,120,252,10.606446667482558,8.952350964263909e-5,1,0.2580127127550023,0.9182373546948829,0
5,120,253,2.406783762290966,0.3972751730927978,0,-3.62615961078359,0.2262514210690528,0
5,120,254,7.186421414083916,0.007395214526676013,1,2.1418289242310977,0.44041515440519874,0
5,120,255,3.7193174343697075,0.17388915242947722,0,-3.732908696862285,0.15580154087080408,0
5,120,256,11.847899981235692,7.009817475640965e-5,1,1.3483762567071829,0.5897963058998994,0
5,120,257,7.275476803594928,0.012735651502516345,1,0.8690931023650439,0.7323995011716531,0
5,120,258,10.660586434415764,2.7010971666971623e-4,1,-3.688329247996806,0.1547853714373774,0
5,120,259,5.0301717138416455,0.08075353573082876,0,-2.211075064807469,0.4695500226337733,0
5,120,260,1.6377904294524541,0.5363451518610545,0,-0.5938390523051837,0.8425746784992459,0
5,120,261,8.111325400989289,0.006753162205518405,1,-0.9171735583653975,0.7083591289871625,0
5,120,262,5.648299754760232,0.04337555832849907,1,3.4382136930915483,0.3022290693047597,0
5,120,263,6.297755939417063,0.019664926521688452,1,2.2873432897023505,0.38485128756640097,0
5,120,264,3.9633025886905155,0.1331835757414404,0,-3.86098497182265,0.1295210682221492,0
5,120,265,7.891724749936157,0.01660267352784476,1,-3.2549909501659187,0.2096874783138591,0
5,120,266,7.861750797472345,0.01024864002502874,1,0.8981882999929428,0.770036163282581,0
5,120,267,14.476786347599043,4.933603273709998e-7,1,-5.250590558288643,0.05819431231350389,0
5,120,268,-0.16252734354332932,0.943144758884242,0,-0.19856067194874336,0.9448879119147188,0
5,120,269,3.332499483064098,0.2930359191882696,0,0.8676961401537976,0.7447736152834962,0
5,120,270,7.553501670262431,0.0027798006129623244,1,-1.0018508096116707,0.752536012398521,0
5,120,271,7.708629826902184,0.003211473677921818,1,-0.01055989273489799,0.997062000141594,0
5,120,272,-0.4108547810698785,0.8821917077373109,0,-1.9797217152112603,0.48374605043744534,0
5,120,273,2.5187706625613138,0.35217295527347015,0,0.05271970777575756,0.9843292105191346,0
5,120,274,18.92147766025432,1.0552017915692682e-10,1,-0.5246298685401278,0.8357237356404107,0
5,120,275,7.195024545485029,0.016234377644623925,1,-12.157797127550783,2.208038880862586e-5,1
5,120,276,2.7550627813488586,0.2862149197044433,0,2.2554852356322996,0.4026596500286662,0
5,120,277,3.9025625425430985,0.16298398815906825,0,-1.2513750653035247,0.6507954225414317,0
5,120,278,2.2574003091654453,0.42439306737805194,0,-3.7761913975719823,0.10219035391269687,0
5,120,279,1.9122294822570756,0.511896776731438,0,0.14625597794555367,0.9611325541146261,0
5,120,280,7.6934389126877045,0.004838878491489924,1,1.0537659395025025,0.6439657903528659,0
5,120,281,3.3984366925977607,0.10379936336385467,0,-1.5343470574008107,0.603772034977814,0
5,120,282,-0.16483267168547516,0.9524204312833779,0,-4.338704622699914,0.07607734174022544,0
5,120,283,4.538434098680912,0.10964152134738747,0,-0.18366172390100474,0.9463950175915523,0
5,120,284,4.5632791837439575,0.11934361017042461,0,-4.268585604117847,0.15001739648662563,0
5,120,285,2.5876498209722114,0.3884381178265147,0,5.661537476603001,0.072357651549552,0
5,120,286,8.453708605095379,0.0025798683128421315,1,-1.5989640656223838,0.5869205272292866,0
5,120,287,5.775090976062293,0.03355416084169897,1,5.9608272004914875,0.044374175124882086,1
5,120,288,1.8607827639563899,0.49083098180606055,0,-0.1642948917730871,0.9516428681513813,0
5,120,289,3.940102120334754,0.10690210828743957,0,-4.744651732293108,0.05415451676180963,0
5,120,290,0.9621081534249608,0.7465200269239565,0,-1.5322867844877377,0.621732752809032,0
5,120,291,7.119938774985225,0.0037356835843188507,1,0.9264702470728097,0.7171090861935638,0
5,120,292,1.5087365857526482,0.5669451691681313,0,2.629022665035667,0.31389207763541555,0
5,120,293,6.981926161424934,0.014447457297960632,1,0.9716562403314585,0.7314425536366285,0
5,120,294,-4.407325960842873,0.13866101049353058,0,-1.5882231053623292,0.6035670212095838,0
5,120,295,1.4754926654664555,0.5949882823124126,0,5.977278562853203,0.043681543675518776,1
5,120,296,19.039738416127303,1.9903791675557195e-9,1,1.1476516664048078,0.6615610190955223,0
5,120,297,6.783822398264094,0.019352782786732782,1,2.0408423749652305,0.46022562982717574,0
5,120,298,1.9254927711254157,0.4641433484004456,0,-1.2795926609503556,0.6382950649283063,0
5,120,299,6.3180504167293225,0.022718818213045226,1,0.11251637747599122,0.9703824934779715,0
5,120,300,10.718022375233573,2.2290836888517614e-4,1,1.5873382867378092,0.5361989237629285,0
5,120,301,2.7687818663640966,0.3215040480782647,0,-1.1976648656130977,0.6610611303630765,0
5,120,302,4.5070881370936595,0.07037094012218757,0,-1.427852920550918,0.6331823836691719,0
5,120,303,10.767790401379893,3.537303942070431e-4,1,0.6581883879328181,0.7853799424411011,0
5,120,304,6.869543268395102,0.021584872488010116,1,-0.13677916931737416,0.9642449016646999,0
5,120,305,3.6877517441823153,0.20229004267726608,0,-0.20326523120969747,0.9429924421501598,0
5,120,306,11.044749988746617,4.9430854695288013e-5,1,-2.5743230937408583,0.33514577090469355,0
5,120,307,5.067675810637316,0.05604282244463074,0,-3.3495545489002407,0.27347301327439305,0
5,120,308,-1.374107064317735,0.6955288079829558,0,-4.396094921752609,0.09206672269505026,0
5,120,309,2.262455743112213,0.4072112474115398,0,0.8017542674412255,0.7371434911545545,0
5,120,310,12.527792490255969,2.928786909689686e-6,1,0.1942562788641179,0.9388734934521619,0
5,120,311,3.9698670695063583,0.22400912314626484,0,2.416433808647749,0.37424664202871427,0
5,120,312,1.7753375237371432,0.4799668202104561,0,2.9227737863035443,0.28322505918146296,0
5,120,313,-3.744857035746058,0.2228409467029127,0,3.715224360501286,0.2120915328269699,0
5,120,314,3.7952350323875272,0.16720024607125006,0,-2.6120531202104815,0.31880087072338636,0
5,120,315,4.213490167233026,0.15119780880023986,0,6.054801988985517,0.023098285874139826,1
5,120,316,0.20479836455761427,0.9363774575452495,0,2.874694413375594,0.35216229969139357,0
5,120,317,4.784787566710255,0.0821403454201262,0,3.5187812562050946,0.19713239397118498,0
5,120,318,4.2516538431702955,0.1978429180531103,0,0.7791806255907342,0.7853450868069459,0
5,120,319,6.805488615047953,0.029650602404222036,1,-1.2483142353720402,0.624113310185742,0
5,120,320,12.149782909254668,2.8936502395247953e-6,1,0.9715560063365933,0.7399418137700613,0
5,120,321,6.604383411493981,0.015284346542789927,1,7.340763665756267,0.006389588416862082,1
5,120,322,4.811554435600082,0.10273740349180274,0,1.2457060842452148,0.6380456694312202,0
5,120,323,4.327224656545669,0.09322333588199533,0,5.122388127666337,0.089371943306155,0
5,120,324,9.407403084830765,0.0013013799112854307,1,0.8351507779182433,0.767406770633215,0
5,120,325,9.281676714762819,0.0032775529780234656,1,3.42116055334996,0.28521264046145206,0
5,120,326,0.8719010583254917,0.7691496185111779,0,-10.808957337637525,1.1139522713886369e-5,1
5,120,327,9.593501264245525,0.0012908442060529275,1,2.912156151803651,0.2903769784850619,0
5,120,328,7.0342005441295905,0.0253016505280268,1,4.450492861313538,0.0551897273551216,0
5,120,329,3.51959812196999,0.14608046274877043,0,-1.9269645424720963,0.47749671639072433,0
5,120,330,0.44271462881649126,0.8627599185469256,0,0.21515605665973875,0.9398130896145255,0
5,120,331,6.311808289619963,0.0149345161204397,1,3.6729239376527225,0.19868380940211036,0
5,120,332,12.192171188192575,8.625792582119671e-5,1,-2.6960002357210713,0.30609956254711224,0
5,120,333,5.23499077193285,0.04002030795340051,1,-1.7179985481095759,0.5484810190829734,0
5,120,334,3.4296425499984795,0.22016519581395882,0,4.598732639405339,0.13991731357992174,0
5,120,335,6.661762672406833,0.013923892640804321,1,5.089608982997502,0.10261555226354821,0
5,120,336,3.7847729743824208,0.1509819493164408,0,-8.912539272577572,0.0016572076809778231,1
5,120,337,-4.676559556382006,0.06098473989156513,0,1.2085900316654694,0.6667034454775957,0
5,120,338,6.7659952268655035,0.015820119254397233,1,-1.3387606920939346,0.6153522592786203,0
5,120,339,10.55481364601894,2.7002208908461097e-4,1,0.09836961691363699,0.9703650502885748,0
5,120,340,3.84787443120465,0.1343577324846492,0,1.1242753469515925,0.6478844814185446,0
5,120,341,13.860416726995552,4.823471039248909e-7,1,6.139232513837745,0.03932322506828479,1
5,120,342,4.440958099334653,0.14034030901022673,0,7.117273924112912,0.01031675363633275,1
5,120,343,-0.8310223057736569,0.7244832679442391,0,1.3139323417738975,0.6058821557386649,0
5,120,344,-0.52096044685458065,0.866266206198869,0,3.93937217676617,0.18405732245985199,0
5,120,345,4.358701443399723,0.1589622462937254,0,1.5768872520704682,0.5869620913953575,0
5,120,346,2.5646910274073336,0.40988621009548765,0,8.626423459297714,0.0012800226381724544,1
5,120,347,5.4805042933263195,0.03525092026751744,1,5.147771629513393,0.023798361641633226,1
5,120,348,2.6821050000507354,0.3260724093113967,0,-1.3152887679322125,0.6519239190399442,0
5,120,349,3.346347573479995,0.2760967632586383,0,-2.3991253518162226,0.38588146392350964,0
5,120,350,1.5710174169037348,0.4762436863455801,0,0.4249417554826478,0.8892332115419237,0
5,120,351,3.6957152647132396,0.23454981925234805,0,2.188507649437732,0.39406092882020716,0
5,120,352,8.432215293742505,0.001196658773590412,1,5.74880832553336,0.03224121881811525,1
5,120,353,7.6998027615159295,0.005615625651993161,1,-1.5950038434654612,0.5441182774033548,0
5,120,354,8.486211244365759,6.491875574039232e-4,1,5.957999902304509,0.054626057272851,0
5,120,355,5.8807847962735105,0.03952587755959925,1,-6.954688367349998,0.013774210743433159,1
5,120,356,-3.595889720294294,0.2131343568478758,0,1.588708600533925,0.58239245331595,0
5,120,357,1.1786711567036696,0.6737542568254868,0,5.065885014230027,0.0932692992983096,0
5,120,358,5.324535910849035,0.06787110221126828,0,2.685385650026182,0.2980486849783554,0
5,120,359,8.128863062062807,4.0841905049083773e-4,1,-1.172842489291003,0.7108462982534893,0
5,120,360,3.4478626979622935,0.1525733266872206,0,-0.5273153453950016,0.8657955342981466,0
5,120,361,7.247604615504271,0.008213563428792628,1,-1.5391634285857976,0.5332205101054502,0
5,120,362,7.7105449039294065,0.010129360887960022,1,-9.635468368785483,0.0024166923956776055,1
5,120,363,4.140244948719295,0.13673500814936326,0,3.0442758211329615,0.19273134509368262,0
5,120,364,8.73808949738526,0.0013407122290396885,1,-6.669132610345567,0.004048057668459253,1
5,120,365,-1.2988292086511901,0.6189695226854057,0,-0.7157564923492221,0.8041449530470992,0
5,120,366,5.355112518512056,0.022403198000212298,1,-3.503092971194029,0.22085544173736293,0
5,120,367,13.235565499195314,9.362847966894375e-7,1,-2.807135195010137,0.26395923707497376,0
5,120,368,4.338893822421416,0.12508276278888886,0,-0.1773348376398351,0.9496275849379838,0
5,120,369,0.5851306024158112,0.8015983867010374,0,-0.5579358219186594,0.8581793886429818,0
5,120,370,3.336239216991693,0.2181434389985228,0,-4.928690498916993,0.045847265700002755,1
5,120,371,5.302797192391343,0.06152043691360449,0,2.0755562404978756,0.5097967291835446,0
5,120,372,11.137675254980358,5.678926400678224e-5,1,3.6487511082791624,0.1940778989781038,0
5,120,373,3.429863315923527,0.24240156687217787,0,-0.8713358770531443,0.7500842358071769,0
5,120,374,6.415155086217365,0.03070091792928991,1,0.018304185523550967,0.9951606657312269,0
5,120,375,6.188489936470829,0.02028978516299765,1,1.240983358772738,0.6564514957548176,0
5,120,376,5.397366046844741,0.06929535856107609,0,3.5118927355404725,0.11352340137561694,0
5,120,377,8.075562009364178,0.004493853508199809,1,3.10571241486287,0.279937300188178,0
5,120,378,6.897732424180125,0.009354557092342819,1,-7.489082507713981,0.009805270252169469,1
5,120,379,4.687592727997877,0.08774719882201977,0,1.5935839311786155,0.59283124544952015,0
5,120,380,3.2236340889186006,0.21139801120070822,0,-4.727388760913209,0.07826958302369909,0
5,120,381,10.380692539947853,2.0504736821480178e-4,1,-6.730944177862456,0.03357439740652369,1
5,120,382,4.8248522541194,0.12165731539571004,0,7.129817391512291,0.005691754651082691,1
5,120,383,0.6238544899359924,0.8085349742073792,0,3.624375175764163,0.23384118136738066,0
5,120,384,6.096685161196317,0.0382911069972179,1,2.1107883911071745,0.4369590818314494,0
5,120,385,8.356306852067233,0.00489288628043876,1,7.975915200128497,0.0029878262218583688,1
5,120,386,8.22125404086435,0.008198848757889045,1,4.1702611849829685,0.1594820079200897,0
5,120,387,12.225617669273685,1.5307116250118155e-5,1,-1.8885352376310338,0.4851752185667654,0
5,120,388,0.3764615800212989,0.8985967074660706,0,0.7835164146693234,0.7599631598987888,0
5,120,389,8.015009899316862,0.0036123522596502823,1,-6.888281326195663,0.01902323201261706,1
5,120,390,10.576506712737327,1.7063895181029364e-4,1,-1.9349311980758008,0.49933831149965835,0
5,120,391,4.950016283826689,0.05485315294888423,0,-1.7913387630101385,0.49317931960869055,0
5,120,392,3.3632783167680484,0.3164285882449464,0,6.668132185774285,0.007278652985134061,1
5,120,393,9.326366764172676,6.615311024120881e-4,1,-0.38571308081071054,0.898911723598687,0
5,120,394,10.623006895672285,2.58205883773429e-4,1,-0.12547692218371836,0.9642065913938298,0
5,120,395,4.709697920552398,0.07008077881192096,0,4.774062624776154,0.11029867652974594,0
5,120,396,-0.4135263032175814,0.8888102810036236,0,-0.08505487532682647,0.9722941914513703,0
5,120,397,5.70045849027591,0.09325970798031305,0,-12.143026563570734,9.64742782619447e-5,1
5,120,398,8.227199546313447,0.0014161682177047858,1,-4.457171591288806,0.08822382729802462,0
5,120,399,5.862450431056106,0.05005408893893669,0,-1.2285258572883162,0.6258176336257532,0
5,120,400,5.941647248170943,0.04350748150352203,1,-3.2540254059885925,0.21806153167683764,0
5,120,401,-2.895089457413151,0.29846791863839967,0,-5.751040109021199,0.05939480136694301,0
5,120,402,4.651817124638103,0.09464324052875425,0,-1.6280379524477293,0.5208244460196123,0
5,120,403,4.886458709704506,0.1359463459094217,0,0.17328811277740613,0.9439613016001684,0
5,120,404,9.598322041690786,0.002872422058748012,1,7.228090712654336,0.01607847925497356,1
5,120,405,6.037431200991479,0.05705748987000554,0,1.9021012102132822,0.4947837791991214,0
5,120,406,6.615798654108173,0.017010055642649135,1,-3.874517770852216,0.2073353346322841,0
5,120,407,5.716847863013077,0.054365448468986256,0,-8.91001129917542,0.002669770107310704,1
5,120,408,5.216856782205382,0.06329911969958339,0,-2.2206605550043323,0.4071120485550599,0
5,120,409,13.099709612361242,6.807934387052326e-6,1,2.0871697548958945,0.36817104177735005,0
5,120,410,3.19548100239175,0.17667055906671197,0,-2.0742208802429714,0.3715328594736973,0
5,120,411,4.792999152403703,0.06858690057033535,0,-5.5813795192230256,0.06462449543684255,0
5,120,412,5.8291400937482445,0.033771572649382714,1,3.679708791743215,0.258642295210242,0
5,120,413,3.4665467283098406,0.21934365939569475,0,-0.7893264754018493,0.793565603489486,0
5,120,414,10.112733389009115,9.283193150847697e-4,1,0.4534107626183478,0.8763518181352827,0
5,120,415,4.991422444644355,0.052515496947571426,0,-1.2347949989071525,0.6786869729279646,0
5,120,416,5.369246125984771,0.08199694669920433,0,2.166707267413708,0.4941110006548466,0
5,120,417,9.27480219758239,4.906948857643108e-4,1,-3.548229221266135,0.19662512760989592,0
5,120,418,5.287729083399702,0.059465862242839264,0,5.743723834690423,0.03152202894127124,1
5,120,419,3.6053225012931707,0.18315524933092667,0,-2.732382485866425,0.3755972930131888,0
5,120,420,3.0782341811024203,0.28811599954821454,0,-2.0093502185383296,0.43770992486193205,0
5,120,421,7.200976604184775,0.015826575317459405,1,-6.241814103397961,0.03469553455938048,1
5,120,422,5.781896467582327,0.031209144293741272,1,-10.494015250144225,2.2608138123848714e-4,1
5,120,423,6.296158310817954,0.034186878106481994,1,-0.43983651806375523,0.8883777211474665,0
5,120,424,2.706164471409705,0.3865394383855322,0,3.5701472978359003,0.2010148018548015,0
5,120,425,6.314215877331243,0.05293891693443304,0,2.4046130989437535,0.4408276979653136,0
5,120,426,-3.3793459105871926,0.23352355530124222,0,5.4648688250180655,0.026171146427059228,1
5,120,427,3.1855252150447737,0.25483889702938156,0,-1.8112284608684341,0.49234440780901556,0
5,120,428,2.680259749586638,0.3410654148488659,0,3.152806490098489,0.2861444284726974,0
5,120,429,3.3408099311816017,0.2771465794405602,0,6.854839533019952,0.017744856182151336,1
5,120,430,-2.3155933280843097,0.42625705418525084,0,-0.2982771098736899,0.9148415923223238,0
5,120,431,2.3218638751204757,0.4257914294538695,0,1.9779859535327828,0.4917698286613027,0
5,120,432,11.408813447370427,2.1474003994508424e-05,1,5.739134027735092,0.028840598133751328,1
5,120,433,7.570888579032808,0.004782365182781579,1,2.7285631679258904,0.35022942639025634,0
5,120,434,3.6664046125797336,0.2001476653415786,0,-3.7581954292704864,0.16323811810881497,0
5,120,435,9.52918685584092,6.801232282726389e-5,1,3.747957815135204,0.17775854591706214,0
5,120,436,3.91553473319833,0.2073720032217849,0,7.0591748965036265,0.013812759008993869,1
5,120,437,4.917810036266647,0.12573069064656273,0,-1.3586373132674905,0.5918493373829434,0
5,120,438,-1.2057119406387091,0.6689542671588726,0,0.833172971885006,0.793794858062078,0
5,120,439,-3.126452464337772,0.2305318130634419,0,-2.1485689086318716,0.40852008711781096,0
5,120,440,5.131577632103495,0.10213905831085597,0,-1.8519959220160163,0.45892012591714837,0
5,120,441,8.203327588955696,0.0015175592893216547,1,-2.0895645263768907,0.4384738049911642,0
5,120,442,0.8241868904840975,0.7664349392741078,0,0.5685464985244008,0.8578159625307848,0
5,120,443,1.677752156886081,0.5244678732260981,0,-7.769087034615259,0.010036025745417088,1
5,120,444,5.884099955975265,0.041792612024589795,1,2.425238330402359,0.38400013517747145,0
5,120,445,5.5306721035882305,0.05432336270285342,0,3.331171675075223,0.24925317921281437,0
5,120,446,12.850671495679634,9.528967422722413e-5,1,4.01822478194292,0.14755505429077623,0
5,120,447,-0.022645775024818023,0.9945521841254714,0,1.8511739343605418,0.5105325280085984,0
5,120,448,7.952019052461926,0.004736179985682617,1,3.7261679246836943,0.1836980119011501,0
5,120,449,4.664264648324177,0.10327323732277584,0,1.5173452947623651,0.6216721945072048,0
5,120,450,5.637094297856043,0.02879103452903583,1,-2.907802087104801,0.28064228117321743,0
5,120,451,6.196884563958616,0.030720997012406284,1,0.5671276140004661,0.8447217340505929,0
5,120,452,4.095136279595075,0.18207282287377527,0,-2.063113012414879,0.4697265765296772,0
5,120,453,9.901436090375759,4.447173150026716e-5,1,0.6829940789411618,0.8153461967245007,0
5,120,454,-2.0029034610365044,0.4461396145450385,0,-7.235060745324831,0.004002373323385518,1
5,120,455,4.827681611729775,0.12987951938339512,0,6.7365877401213625,0.016289805226188385,1
5,120,456,3.0271778149399644,0.25078974274618526,0,-0.4738199563961234,0.8604837806794565,0
5,120,457,6.2814424181455735,0.007993735433314858,1,-5.294019574915132,0.0951702561508063,0
5,120,458,9.923898565764516,3.3231635239643997e-4,1,-3.6799900736354907,0.17689424706876145,0
5,120,459,1.5862045889687553,0.5696623084969188,0,-1.2760437783187566,0.6071097168559914,0
5,120,460,7.132453779452688,0.011800762924372644,1,-0.9202760855185473,0.7380427086650923,0
5,120,461,6.223231157928858,0.00656476581742491,1,4.095987338202952,0.13312243798411966,0
5,120,462,3.680777596370911,0.22870072607294384,0,1.6372868819370796,0.542096739437224,0
5,120,463,4.879949667871876,0.06548335429810877,0,-1.264768113400979,0.6707120342945291,0
5,120,464,6.006600757919571,0.04201545488134864,1,6.238873554549944,0.019811951476815165,1
5,120,465,7.839273833733049,0.0029567635954454727,1,2.748950952167707,0.3592900729463403,0
5,120,466,6.186969726364001,0.010683025099109702,1,1.3373724059762082,0.6103384825588926,0
5,120,467,9.004378163421801,0.0030671773299954385,1,5.123904863424493,0.04382920821289543,1
5,120,468,2.9924413965128904,0.27318413937621344,0,1.5073751220734712,0.5798340321847258,0
5,120,469,5.409790875672074,0.07435837104289812,0,1.1111692783950227,0.7234257079600968,0
5,120,470,6.875627160359904,0.02353986980859227,1,-2.81467389134338,0.3299580863899676,0
5,120,471,15.221406564114016,6.0797980658817e-8,1,-0.04850757631980113,0.9846615317708063,0
5,120,472,5.212791595576593,0.07859757454846611,0,-1.906957856197318,0.46339713586466336,0
5,120,473,8.343496056330727,0.002426675872514232,1,-3.3354402734339037,0.22148601710682528,0
5,120,474,2.4198555525568852,0.4000076790595687,0,-1.3350338797172716,0.6402047747805547,0
5,120,475,1.7330400046239094,0.5731982953399528,0,-1.528807842144229,0.5640072853325062,0
5,120,476,9.384157333776605,8.086633913420201e-4,1,-1.1255639577448286,0.6686290320958347,0
5,120,477,1.5523743167228612,0.5617434721582987,0,1.573016306303339,0.6128012888547856,0
5,120,478,9.342959842599196,5.136452926826495e-4,1,-1.7416832329211318,0.5415338491341366,0
5,120,479,7.009903319928585,0.01789628122832767,1,-2.358174276105355,0.3752196464732094,0
5,120,480,2.985282969673061,0.25643321114444867,0,2.73316803155675,0.3249812072922057,0
5,120,481,5.511644225619106,0.04251232385564577,1,-7.839890019808928,0.006501395074210764,1
5,120,482,7.1536456791567895,0.006954444911024835,1,0.7522274653888809,0.7744441565713724,0
5,120,483,4.064234866484274,0.13806408234157472,0,-2.5666763207276766,0.32107194906617376,0
5,120,484,6.1096803717720976,0.01938588282016839,1,-0.5799368051513458,0.8392869245018104,0
5,120,485,3.496621067297782,0.23181202430724632,0,0.19578088418968212,0.9433206155341773,0
5,120,486,7.037794259758225,0.014197703346694077,1,5.207668003709105,0.10394159584515772,0
5,120,487,1.3152309435944285,0.6546987673462424,0,3.1549536188056786,0.3337046598135045,0
5,120,488,-1.6821285936758794,0.5179734705006053,0,2.6559277330893782,0.3748064520098291,0
5,120,489,7.866560635093731,0.003952315158724547,1,-5.339628048585656,0.04547467315209729,1
5,120,490,9.35015112820486,0.001333701337250452,1,6.814817652423755,0.022023932164663394,1
5,120,491,4.305292420542104,0.14448037524155669,0,-0.41465814650822563,0.8721419400237442,0
5,120,492,4.305151104894316,0.13769249637679581,0,2.6554549904505858,0.34217768199912724,0
5,120,493,9.24494886389828,5.565706803757756e-4,1,1.791600852269273,0.49485261061601316,0
5,120,494,3.7107737784226322,0.20885256084071332,0,3.4770746560712484,0.2143091686460241,0
5,120,495,1.9203855353074162,0.49528051984592714,0,2.8651941371847722,0.28171451311135076,0
5,120,496,0.5387168368664369,0.8453004286924062,0,-0.5145382835290102,0.8164173533645465,0
5,120,497,4.302475840722593,0.13288611378015538,0,1.0132992944676014,0.6927115887371649,0
5,120,498,10.254627849437613,1.2595204996300073e-4,1,0.05791839412448594,0.9841963569870225,0
5,120,499,9.111388345796273,0.0010767028087795888,1,-3.5469594093786685,0.1925068842873005,0
5,120,500,5.471031338492213,0.08208632085399482,0,2.220886020700381,0.3844746685507645,0
5,120,501,1.3480973012705664,0.5980329454107902,0,-1.026017106184495,0.7115899809252595,0
5,120,502,3.102278223220365,0.2884774139694988,0,-6.080622419852418,0.01889014017579479,1
5,120,503,5.2873924307130835,0.05848114139927973,0,0.9592249850759628,0.6932664895533567,0
5,120,504,6.416731596663153,0.014292673641506158,1,-1.8436706278419068,0.4668116816405047,0
5,120,505,6.714853347277778,0.014295817097750673,1,-2.6253290027096288,0.32421167039596177,0
5,120,506,2.406763886167388,0.3324681721947542,0,-0.3944505080454541,0.8820789187242375,0
5,120,507,7.610716953927443,0.0030075259235782144,1,-3.8127902908569835,0.11525133101340504,0
5,120,508,9.59842897701425,0.0014763406224252637,1,2.570544213712553,0.32083581975535286,0
5,120,509,7.927831981099502,0.005903755369266571,1,0.9812535784099196,0.7009121795265372,0
5,120,510,11.47632745321451,1.6357031937041945e-5,1,-2.7919787520617234,0.2882095149406547,0
5,120,511,4.528649410400316,0.10138289327160799,0,4.096638320042221,0.15334027519393603,0
5,120,512,8.541801297589688,0.0010732291173923356,1,-0.7188177829070184,0.810853516827279,0
5,120,513,3.8350751465180757,0.2106238395431622,0,1.2986050852567859,0.650128963815241,0
5,120,514,0.18032091461586827,0.9427693652828788,0,2.333099099546351,0.46180386398460627,0
5,120,515,1.9223379590370455,0.463873688335546,0,4.026715989606176,0.15347019766477218,0
5,120,516,13.65521973578274,1.7779756683404511e-6,1,6.203993124596466,0.009868332831605086,1
5,120,517,5.758214500790222,0.033250385376473915,1,1.7707978757203309,0.54240710127976,0
5,120,518,4.266808270091178,0.14158938788662925,0,-5.4172637769708585,0.04967625356101054,1
5,120,519,9.057748853450379,0.0029916508652672717,1,-2.604614695675297,0.386496290320579,0
5,120,520,2.5517451565678817,0.3672913201468908,0,5.469724690158436,0.0341351147130996,1
5,120,521,-3.718784641863648,0.20331686398749335,0,-0.6848889117075712,0.7851989634665282,0
5,120,522,4.018800598500557,0.14717291379674108,0,-1.710999500251982,0.5746787077472018,0
5,120,523,5.081037996747203,0.07072785807768557,0,-3.283737766945177,0.20378923245996966,0
5,120,524,9.09942188642723,0.001502285889856104,1,-8.905383335907468,9.189390723591557e-4,1
5,120,525,5.6098800424706186,0.05428331376723707,0,-1.370405789883506,0.6585882226563156,0
5,120,526,5.264980230584073,0.0522830599786016,0,-4.157909877662301,0.1299481237758071,0
5,120,527,7.53216423592108,0.009622593685248194,1,5.709164077305567,0.06156355104997665,0
5,120,528,8.328277493574598,0.004718497810117456,1,-3.112868093514087,0.1543748885833792,0
5,120,529,-7.754386944876861,0.004382538359809864,1,1.0283968996870128,0.7047961062071056,0
5,120,530,7.769477166513067,0.005666997968323736,1,-4.714984443215335,0.10656853556519219,0
5,120,531,9.015586074656143,0.001686121740939053,1,-7.462479610747605,0.005682397036028512,1
5,120,532,3.981191168632668,0.15459022767376512,0,6.225146365769143,0.02975678269580309,1
5,120,533,5.76181480513579,0.038015329402105134,1,1.5563870332518523,0.5563960648393806,0
5,120,534,5.632640324496105,0.04935946026964154,1,-2.7007575459041453,0.3843778306626702,0
5,120,535,8.9462319221719,0.005750958347458965,1,3.346809750234274,0.2311733734843543,0
5,120,536,1.4268864734247473,0.6543921408547817,0,4.620895588322943,0.1359669160265503,0
5,120,537,6.319521016337256,0.02809454359175997,1,-0.4368736556879431,0.8604344145569154,0
5,120,538,10.581901552443716,6.008887174571732e-5,1,-3.3783004148018283,0.21106465386050066,0
5,120,539,2.784740008229116,0.28315236553262463,0,-2.809092664790743,0.3907558054052984,0
5,120,540,7.0039076487437075,0.010500655796056869,1,-4.080478867119695,0.09720709060108869,0
5,120,541,6.051553742616875,0.020418409968837592,1,-1.3250083477332217,0.6313312979410912,0
5,120,542,-5.56956108424034,0.02607516356851796,1,0.3203564718525023,0.9008224544629422,0
5,120,543,12.31488782528287,2.0500727339583554e-5,1,4.808782807244656,0.06141358310189025,0
5,120,544,-1.4073283220340143,0.6226244591976291,0,-2.1804922368699167,0.456313031103337,0
5,120,545,1.2962411866533825,0.5753477971147778,0,5.673886898917959,0.033042729210297474,1
5,120,546,10.24132467461916,1.394825462974027e-4,1,-2.4808038929743903,0.38706551808190937,0
5,120,547,10.598442246794402,2.0304479082695784e-4,1,-0.5799873811503363,0.8304038118386954,0
5,120,548,7.7570812806203495,0.006438540243907056,1,2.6613402211308,0.3163041680539188,0
5,120,549,1.3696285004414297,0.6339778621176977,0,-2.52849443378201,0.3257304803993505,0
5,120,550,4.359617989281199,0.139419076096679,0,-0.7431693320917798,0.7684703129681104,0
5,120,551,5.338051468023384,0.07667062021808302,0,-1.2340486906658725,0.671654921613933,0
5,120,552,4.200274172765441,0.0999508349490404,0,4.2137046754496525,0.1608877434133365,0
5,120,553,11.248653102809765,3.9185257246993515e-5,1,-1.219050093060059,0.6665016768821411,0
5,120,554,2.5086840887435646,0.4024568860544433,0,8.972391141288854,0.0030949211408727332,1
5,120,555,9.001227603993264,0.001403897148113531,1,3.9615107704462695,0.20992831595724903,0
5,120,556,3.6272543242789883,0.21600901893166966,0,-2.0573140904548173,0.4459538530976024,0
5,120,557,5.568084636885841,0.0801055645631523,0,-3.417148903446168,0.16371850358579004,0
5,120,558,-0.21876018026161365,0.9429829471886351,0,-0.4348180939616675,0.8672163427728157,0
5,120,559,6.9350548693349525,0.010316949633356522,1,-4.077444760070856,0.23670675778669623,0
5,120,560,-2.6091285170075276,0.2929448874257251,0,-0.27300583268000095,0.9252134915804486,0
5,120,561,2.5732295711210855,0.43865092416447427,0,4.043364362670517,0.1340479794430696,0
5,120,562,10.104438472550779,0.002137656312115434,1,-1.1553567747622093,0.6539143144618318,0
5,120,563,5.834837141504488,0.038439049639986886,1,-2.4187206332823057,0.3644292947614438,0
5,120,564,13.395564533217666,2.1824983785069137e-7,1,4.566160460943368,0.09842399356891084,0
5,120,565,7.152770437669993,0.004599340703231148,1,-2.1693249488894693,0.4345225290165259,0
5,120,566,-0.16490215941090455,0.9487642232995273,0,-3.7870978226929237,0.18859842609664718,0
5,120,567,-0.8464603468390077,0.7684233571428815,0,3.6605641642352618,0.14289712356318876,0
5,120,568,7.808864425381487,0.003630097392668128,1,1.7708336619991816,0.5927352022385272,0
5,120,569,8.669416113284287,0.001677806629941282,1,-3.8101587022893195,0.19708372235988444,0
5,120,570,-2.0027885465608812,0.4850976688595914,0,2.9951818745594214,0.28385137737938,0
5,120,571,-0.7206793530492228,0.7571166799353674,0,1.1266278302879158,0.6593837214772119,0
5,120,572,5.635145957421632,0.05256400020102705,0,-4.349073004040077,0.05971780304028921,0
5,120,573,4.410839225925875,0.0703061660727332,0,-7.091921959057399,0.009177742034468367,1
5,120,574,12.523144400880348,5.092185603173727e-6,1,-2.8149069070875914,0.31781865185816666,0
5,120,575,2.013954737512031,0.4673730448946293,0,-0.7615055375793675,0.7741546679131681,0
5,120,576,2.766498510857685,0.3086822471595319,0,-4.469045813549385,0.1117781904851257,0
5,120,577,5.004887923082688,0.057435241906025905,0,3.014131403210476,0.289051708130822,0
5,120,578,6.414475638953675,0.02733873587586012,1,-2.6454873309044165,0.3567141667856949,0
5,120,579,12.097686921648975,2.221699805350637e-5,1,-5.643373828866264,0.04291493507255156,1
5,120,580,3.2884545489986103,0.22889534567827205,0,0.4059536379382502,0.88851052495214,0
5,120,581,6.8760250456764025,0.01074959928039244,1,8.622832757305154,0.007624507930936284,1
5,120,582,-2.2753559116142084,0.3979958852265436,0,1.5362436102428523,0.6216822549307226,0
5,120,583,4.374506709886655,0.13031655210281837,0,-1.758494848053769,0.5298361880424727,0
5,120,584,7.836723941360503,0.015554289600955963,1,-3.489210358598835,0.27386887155984435,0
5,120,585,3.830953495295683,0.20623315590015662,0,4.228376913948199,0.13648558198145377,0
5,120,586,6.678479202456303,0.0413003977847599,1,-3.825498427134376,0.1614740474908018,0
5,120,587,2.753070354201711,0.3416094004472823,0,-3.291609708958666,0.2459207075382265,0
5,120,588,4.918823410514176,0.09928524521493069,0,-4.310421725610953,0.125025753487869,0
5,120,589,7.197301252868094,0.007845478802584488,1,0.7719162763729074,0.791915766346337,0
5,120,590,2.087696827696485,0.4673772055471759,0,-2.8317688026228125,0.32047703917552584,0
5,120,591,4.788926633594675,0.07257447069001942,0,1.419001092293782,0.5768422035970754,0
5,120,592,10.102883620512108,1.2213993880142864e-4,1,-1.4729508792036747,0.6063958576688877,0
5,120,593,0.2087023775923227,0.9392193984601995,0,2.046672544287041,0.47993197671558674,0
5,120,594,1.0537071068305945,0.7196401011780977,0,-0.9406830901087779,0.7377809933929277,0
5,120,595,6.195117589760076,0.020844611908605027,1,-0.22902445224944026,0.9264941601864386,0
5,120,596,3.6840901896247096,0.15376382424179497,0,0.13196741208196078,0.9617845642691254,0
5,120,597,3.6171454348227132,0.19783611757097608,0,0.31301226433757595,0.900339979851771,0
5,120,598,8.827597172823493,0.0015008390245350909,1,-0.07104327553904408,0.980412807319195,0
5,120,599,10.847474076541177,4.196844558777069e-6,1,-7.373409779885332,0.005935626351450882,1
5,120,600,3.035906268593396,0.26342245685520876,0,-5.394371489047761,0.0777268352924703,0
5,120,601,8.78246599361187,7.209080412890652e-4,1,1.0311342895189919,0.7030398630264849,0
5,120,602,0.7274149004103475,0.7889202131630495,0,-1.598942968802731,0.5890776014307179,0
5,120,603,-0.5861321828908153,0.8216388110567576,0,-4.548861110326083,0.08348819115662989,0
5,120,604,3.7562836856876634,0.21106895602666975,0,-6.082829846265294,0.03992981971414071,1
5,120,605,11.118349438821864,4.169575221551275e-4,1,-2.2611177815301353,0.4422522956395869,0
5,120,606,6.709890559496008,0.009891084266279982,1,8.188341538834662,0.005541242356069003,1
5,120,607,9.040077512298794,7.18990834141939e-4,1,2.622138803496044,0.3313092755859124,0
5,120,608,2.611407746808413,0.33886800139337714,0,-1.4370281081936505,0.6299205206159371,0
5,120,609,11.906846569569183,2.230183775347528e-5,1,-1.9192422049000648,0.4880595943545142,0
5,120,610,2.580489820157468,0.28096397451765515,0,0.5749370775954891,0.839997820755032,0
5,120,611,6.328992702763929,0.003230294264045155,1,-0.2277149535780376,0.9335411277252423,0
5,120,612,7.958034809277592,0.0032534521916749155,1,5.345236611878591,0.08897229161570339,0
5,120,613,12.604504407720514,4.627597472147956e-5,1,4.557188840662024,0.054473656027419375,0
5,120,614,5.315051299181506,0.07905430290958491,0,-3.1990583625483,0.20826856327982704,0
5,120,615,1.6294351143059123,0.532738706387827,0,0.9682987801735298,0.7485266503392031,0
5,120,616,3.710643262013316,0.25359492799922095,0,-2.4443808455477374,0.420845480428789,0
5,120,617,7.275934824616812,0.007882859130953188,1,7.858140573132541,0.0030179432774701644,1
5,120,618,1.419292306696015,0.6433679689047882,0,5.940777975692242,0.04090289529304016,1
5,120,619,3.546046505909139,0.1705785224568319,0,3.4883440072653715,0.2610910878197353,0
5,120,620,5.597164355244041,0.08070184589687059,0,-5.462787601792626,0.0606794674858528,0
5,120,621,7.523346728094552,0.018835684582718486,1,-0.23888109868537818,0.9362797453782985,0
5,120,622,-2.3438597314321976,0.3427318362279117,0,4.913718562934211,0.13051033573461326,0
5,120,623,5.435124175986454,0.06957764052710558,0,0.4088259987204095,0.8816938889938769,0
5,120,624,6.244394203126977,0.021168260455001038,1,-1.3108601333585201,0.6821420298586984,0
5,120,625,0.011166619107958105,0.9969915084578116,0,-3.236048814194429,0.2237955172306407,0
5,120,626,6.909054920347193,0.01008480288052886,1,0.18791701345668707,0.9480985041806876,0
5,120,627,2.225212383869785,0.4554306289839717,0,5.682654439983963,0.016121067059029312,1
5,120,628,1.5405091558969437,0.5675356324790162,0,-1.0562019256206157,0.6596854483157718,0
5,120,629,4.925300661613639,0.07260353165622996,0,3.4057765002643023,0.2189791143836724,0
5,120,630,5.24047007084281,0.0871927908947314,0,3.0162497342639143,0.24484420531110954,0
5,120,631,8.142834469680068,0.0018513914706916202,1,2.2140410043531022,0.3632153558591824,0
5,120,632,2.602275233983042,0.4027298704200396,0,-3.9324638763602877,0.14889651298949466,0
5,120,633,11.540243124791576,2.6482433742842327e-5,1,-1.3692571313738344,0.6137298293989356,0
5,120,634,7.852883583846952,0.003469827146269556,1,-4.187756728383976,0.1367519325927886,0
5,120,635,5.839886440537334,0.038867847229358564,1,1.5677625136950146,0.5314298719539596,0
5,120,636,6.770116172337764,0.023997086547721345,1,-0.5803959203389784,0.8289546176333229,0
5,120,637,4.2206651280436125,0.11753805668753114,0,-0.48371061147732447,0.8634902343337898,0
5,120,638,10.752600186625166,1.6301410906845385e-4,1,0.6222138093735577,0.8410126588205487,0
5,120,639,4.083887061262398,0.1677825129702755,0,-1.8435419957113393,0.5241606152489917,0
5,120,640,6.366263418497552,0.03347596543071167,1,-4.427174570323819,0.09288574783624684,0
5,120,641,-3.025250336276047,0.27964997869323294,0,13.874538391401106,3.8606761365355356e-7,1
5,120,642,4.299853827963591,0.08380354187896834,0,-7.221362998472593,0.004978596677221143,1
5,120,643,1.7555610176256784,0.5108161832661129,0,5.821229462870319,0.02870907923364387,1
5,120,644,-0.4100127009207835,0.8931133298786856,0,-1.3402833180422398,0.6663372757395091,0
5,120,645,3.299398229846014,0.29050207649559767,0,3.137225043810213,0.2671482933074482,0
5,120,646,4.3119165012564356,0.14351000801974076,0,-3.3603520494910377,0.16720896306389474,0
5,120,647,4.440368968347631,0.14979155533611113,0,4.560933911958269,0.09797929607697445,0
5,120,648,8.812992089664721,0.0019185386538436856,1,0.8173893215395684,0.7938528726828336,0
5,120,649,5.899129629340878,0.023158608051241227,1,-6.242464688855375,0.03860663226721784,1
5,120,650,12.585326223005891,4.156562931409026e-6,1,-3.5862046276734834,0.14736907027250648,0
5,120,651,3.8981500795502377,0.17275819771279796,0,-7.124834371399047,0.00925037965472325,1
5,120,652,0.09144117210796338,0.9751862120443315,0,1.1262812391865493,0.7179341251659214,0
5,120,653,0.1547848042836468,0.9603296206031107,0,-0.6756093259918192,0.8079503916334314,0
5,120,654,10.573418891549519,1.356261275057116e-5,1,3.0040338361194645,0.30024112875529363,0
5,120,655,5.6239543471344255,0.05966318884717902,0,1.8062380246329655,0.5406684262264796,0
5,120,656,6.128186537916148,0.01891714299809815,1,-3.782356153728086,0.1784627046225209,0
5,120,657,-3.2050506613714598,0.29759520157843666,0,-0.733796379975136,0.8082948747432034,0
5,120,658,4.040095303182097,0.1544952154824729,0,-6.404650162537639,0.01139363875240322,1
5,120,659,10.038153919433077,0.0017388335484069847,1,-4.925179103462113,0.04532199659111524,1
5,120,660,7.0837653040148885,0.010089576782321577,1,2.951163057371616,0.28741308607085675,0
5,120,661,7.740255640646066,0.002753353353308939,1,-2.278304297417887,0.4547776990147593,0
5,120,662,3.9891920548488007,0.2086495636078401,0,4.779095620817579,0.09352043138451613,0
5,120,663,-0.6384757251690564,0.8088980786850672,0,0.35627926679068855,0.9117745642028614,0
5,120,664,2.096822408631851,0.5079380832639336,0,-1.827994361059941,0.531338442490912,0
5,120,665,6.61626341937758,0.020820825887675334,1,0.7024269142417032,0.8048010335233434,0
5,120,666,-4.322354410107411,0.1201355045250267,0,-4.4837739827573575,0.11348266670303164,0
5,120,667,6.615340375205388,0.00867199991949707,1,5.984984115258127,0.04248655063307363,1
5,120,668,5.232826117946755,0.051183540110216016,0,-0.9841595300742251,0.6985934488861546,0
5,120,669,5.832749609729704,0.059642118041729635,0,3.809938858465399,0.22041054071722346,0
5,120,670,3.4819863443240258,0.14290772060234583,0,-1.0186107857505002,0.702421189551546,0
5,120,671,11.817964962439328,2.7260506777132835e-5,1,-0.030197981945936803,0.9903411516963838,0
5,120,672,2.106720789015374,0.44815678475208465,0,3.4794881472808514,0.20979361563782414,0
5,120,673,7.432861474683382,0.006091017240283951,1,6.448024312382969,0.03347099661563611,1
5,120,674,4.089711522155923,0.11280412486812709,0,6.746611842884104,0.01153778295094668,1
5,120,675,0.1884295410310331,0.9367999603164872,0,-1.8630383064076128,0.4919447169516721,0
5,120,676,5.561781166818668,0.03395305394951183,1,-1.502597837053486,0.6021040815616643,0
5,120,677,6.102039969769733,0.021737077078461065,1,-1.4425014733179613,0.5989383586155458,0
5,120,678,14.689194703296964,2.768570203691684e-6,1,4.411089997134685,0.09712059533950057,0
5,120,679,10.328041500929663,1.384974259965403e-4,1,-1.271644557647948,0.6923842255174147,0
5,120,680,-0.5257828855712152,0.8614571306778931,0,-2.080547292229906,0.46385786478581403,0
5,120,681,-3.5834567371654975,0.1942580740348193,0,0.7144415120290997,0.8150617572951333,0
5,120,682,1.4263606351497724,0.5850025329228052,0,3.225121031132911,0.2259554388536765,0
5,120,683,-0.6774232865890706,0.8160536520088247,0,0.3337713747843118,0.9011931291215114,0
5,120,684,-0.3160398334306225,0.9084625243075979,0,1.9378709739080575,0.5093858487518507,0
5,120,685,0.9092916067472485,0.7262639874984684,0,-1.9381830758633602,0.5033834832633682,0
5,120,686,1.1783964716877466,0.6567938917569146,0,-2.008595932516752,0.44873056895854735,0
5,120,687,2.679089333409017,0.3338123606750727,0,-3.5356233565694097,0.21173851537935473,0
5,120,688,-0.6023852068665053,0.8311113049292279,0,-3.2374956859786823,0.234270901635824,0
5,120,689,7.433707804649715,0.006043467813779441,1,4.887789291563601,0.09619879265704831,0
5,120,690,10.518720844621626,5.412926118598583e-4,1,-2.5603234510027977,0.3893827971783699,0
5,120,691,7.310821522135361,0.005900312000963886,1,2.534034159480881,0.4415524610344531,0
5,120,692,6.013915032568149,0.04887535552332181,1,-1.1510688379617198,0.7137927898833504,0
5,120,693,0.05111068683155579,0.984421638652353,0,-8.20598343258827,0.0034278750663704334,1
5,120,694,10.065902600450785,7.973165464447554e-4,1,0.0173047325118771,0.9946357473264212,0
5,120,695,5.099301833602144,0.03466558367740035,1,-2.951123320660729,0.34640632779120806,0
5,120,696,3.1703741794363705,0.2802902923122177,0,3.849916616305811,0.14613367936314053,0
5,120,697,1.9431552057680004,0.5352116889786569,0,2.7749107982430883,0.30828046098132794,0
5,120,698,7.482341837735266,0.006213339504809337,1,0.5758736619154078,0.8386851442995006,0
5,120,699,5.768164923798897,0.031689510491599904,1,1.438146418610741,0.5827671704133932,0
5,120,700,0.5927212470735722,0.8367514184069006,0,2.454646829517384,0.3976624826735422,0
5,120,701,14.541098316029439,2.679841814698498e-7,1,0.5797906104938497,0.8488170189342655,0
5,120,702,9.631244390087387,7.058513810413632e-4,1,-4.6311478225803215,0.09267869473411477,0
5,120,703,12.189807261701866,2.8724825986832837e-5,1,3.154038658503409,0.31431451000508603,0
5,120,704,4.349678935212907,0.1168986119346272,0,0.3863294573426079,0.8711603030616162,0
5,120,705,10.899162689075531,3.8736470792366866e-5,1,1.2424376380902142,0.6357797662354576,0
5,120,706,2.9727816749527194,0.2520773496859829,0,1.7212497081606257,0.5265036543830515,0
5,120,707,-0.9344388829419908,0.7338613819518176,0,-0.15547505679982454,0.9557929985667266,0
5,120,708,3.1746930998767238,0.2653628595139937,0,-4.659624130154995,0.13803212127256795,0
5,120,709,4.825156281950433,0.0669929900733647,0,1.5901501592952996,0.5809750291937604,0
5,120,710,3.8667368123387442,0.16892230827680946,0,-6.430632543871204,0.021378487234946512,1
5,120,711,4.126742991243731,0.154401876969348,0,1.3742686677283689,0.6272281422584214,0
5,120,712,8.31412238288965,0.0010202910460779609,1,-1.4552387494527246,0.6014767867428068,0
5,120,713,9.010363862453863,0.0014387073320665628,1,5.5745870452523265,0.04913090633057129,1
5,120,714,-3.868648076653878,0.21003798403550264,0,-3.985831437277439,0.14062302071152857,0
5,120,715,3.1131524336088394,0.29085491010843173,0,9.746053787893514,0.0013230427685111466,1
5,120,716,6.761982032086603,0.032916025422971236,1,-4.8991281401879725,0.1152360964202058,0
5,120,717,8.105260482017961,0.0018908123134183624,1,0.3655898570421824,0.9012683324928443,0
5,120,718,2.74004534645275,0.34831594319851455,0,-6.360485492457268,0.030006008353639948,1
5,120,719,10.592328487585316,1.4941574941412965e-5,1,-0.9029408994931041,0.7672007886623908,0
5,120,720,0.1550025929768908,0.9586222753631783,0,3.450073098727648,0.21345428808570718,0
5,120,721,10.432506692187212,7.829081271415097e-5,1,7.563407716069634,0.004892662694054444,1
5,120,722,3.1743573755418186,0.21772052236605013,0,-8.60623273423367,0.00228230120050505,1
5,120,723,3.3453954603495384,0.20060605176678115,0,3.032465745641471,0.2892210985005246,0
5,120,724,3.2822933862234507,0.23957979851265562,0,-1.851443216139242,0.5181556794415986,0
5,120,725,8.749385221260765,9.830089576270736e-4,1,4.60569287162756,0.09099436044361467,0
5,120,726,6.502134207506499,0.022630639182489372,1,5.645012616847199,0.0466689444973578,1
5,120,727,9.173928917384039,0.0010111282123917325,1,-7.070395280048034,0.01808102724385918,1
5,120,728,-1.8904036363347316,0.4987550745173036,0,-4.956567619821863,0.07037363549677922,0
5,120,729,3.2882576397377283,0.2450595330937917,0,0.9843684670055332,0.7374442746357629,0
5,120,730,8.581416377532868,0.004813930822223855,1,-2.009206187232741,0.4549105251707579,0
5,120,731,3.9967499913792777,0.1914084435449193,0,-2.1306577659606956,0.4066277122191324,0
5,120,732,6.228203537602411,0.021360321484223645,1,-0.004058871024521655,0.9988723476109301,0
5,120,733,6.977736889374171,0.015052466116372563,1,-4.875297398400037,0.08230781096916001,0
5,120,734,2.0821686024248547,0.43334954399426495,0,-0.028698661469060825,0.9913787723731207,0
5,120,735,7.607240047073843,0.009146220686847357,1,6.615050789167674,0.00948203532440505,1
5,120,736,8.937736817921001,0.0018513125082561545,1,1.1237371783251024,0.7028480064199496,0
5,120,737,5.073970809857907,0.08964552526014809,0,0.14772800876853426,0.9560670321747584,0
5,120,738,4.817093669268805,0.06894122452754707,0,4.496576446361318,0.14046355795801402,0
5,120,739,4.49211085143949,0.07594607731112893,0,3.3527841282464705,0.22998437857859202,0
5,120,740,12.29689411203089,3.0064360410982714e-5,1,0.24221033739399336,0.9336050882974996,0
5,120,741,11.820339762659557,1.2813823438310876e-4,1,0.3472765465126679,0.8715122176876446,0
5,120,742,7.748265708008068,0.006294939787697137,1,2.1020572503528823,0.43297604660282407,0
5,120,743,0.5372222247053265,0.822005268430999,0,-1.4389228461444887,0.6546652801326382,0
5,120,744,3.3896846764162656,0.2635300396634785,0,0.9964792896048809,0.6538065401923656,0
5,120,745,4.361986666352371,0.1371170012712053,0,0.2998285682593349,0.9173000655384822,0
5,120,746,12.816525787049939,2.9671765219300134e-6,1,5.470674230761367,0.04426057662592903,1
5,120,747,3.1282134559289183,0.2846850813026848,0,0.477868562857578,0.8490239302142787,0
5,120,748,-1.3155899698163673,0.6383455691204156,0,-4.015499005359369,0.13827411708539036,0
5,120,749,0.2609126696375215,0.9233814669829545,0,1.1391539104632535,0.6863534230746301,0
5,120,750,8.616190459439737,0.002320785430530139,1,-3.0195096588042767,0.21019589361449068,0
5,120,751,9.96363778294058,6.361503207839799e-4,1,-0.92250978654582,0.7541159841258149,0
5,120,752,1.2641071609997616,0.6724972631567561,0,3.0461389838791675,0.31075860612359973,0
5,120,753,14.346075699578664,2.24851994835819e-8,1,1.7489026524208244,0.45534070831896933,0
5,120,754,1.5965556071200322,0.6142859945331846,0,-3.9180861282524044,0.12755430076420018,0
5,120,755,5.73063101461786,0.025518790457891904,1,-1.3974329112476098,0.6505726653763335,0
5,120,756,0.35552466558890977,0.895015674369592,0,-4.8448392803051705,0.08575323846112827,0
5,120,757,3.6497897966012736,0.2175598128993882,0,-5.233420409314328,0.059227536200276265,0
5,120,758,9.623641119113689,5.505308746181173e-4,1,1.8421352506279165,0.5456139879253696,0
5,120,759,3.7178029382149815,0.20986609711703408,0,-1.0705379645361344,0.6950564781711487,0
5,120,760,6.718032340297131,0.009190934141436001,1,-8.302269096747272,0.0013279604296311826,1
5,120,761,4.652580731082474,0.13359371061786268,0,1.359366616195015,0.5807079708124363,0
5,120,762,0.17761630432160203,0.9507295401034721,0,-2.6832321033265423,0.32816237427177364,0
5,120,763,1.568096626138039,0.5960011217785393,0,6.563555362611199,0.016811981463389795,1
5,120,764,12.280769127729169,7.317577419035964e-5,1,-1.980045554978526,0.4271543488985329,0
5,120,765,3.489767983483624,0.2097685620561957,0,-1.8715320666671682,0.4848989293578373,0
5,120,766,6.742487796713968,0.007638886844784943,1,-0.6064602928173405,0.8109401135428018,0
5,120,767,6.7648104011277095,0.013339595410684484,1,-3.9481393192290883,0.15979576110569324,0
5,120,768,2.5872866997507904,0.34779735939233913,0,5.702097233787006,0.0401763080178485,1
5,120,769,7.938702226987679,0.004344521785045939,1,-5.911625516225169,0.019374773953495485,1
5,120,770,13.868212130552216,8.473626138096173e-6,1,0.5265835102870486,0.8236400487226346,0
5,120,771,6.754203646788498,0.0232874332226689,1,-4.826579001140608,0.09049581385486972,0
5,120,772,2.736631889987807,0.27829379287424144,0,2.923136841050084,0.3494621044890416,0
5,120,773,4.4271810957776765,0.09059928362866877,0,7.231966015878046,0.01368746531047625,1
5,120,774,0.666801273563836,0.8292081607931538,0,1.704362733323811,0.5208259978797007,0
5,120,775,5.472033531875801,0.04349350062672205,1,-0.057458419522491526,0.9817318131586819,0
5,120,776,8.51493358406323,0.010607165763733497,1,3.8142596831006577,0.15484588518104334,0
5,120,777,3.3249523597374835,0.24363287272882692,0,-4.492764310922876,0.10699077208683645,0
5,120,778,9.294664984827252,3.033361619818597e-4,1,1.020863759324894,0.7471977349953107,0
5,120,779,4.759714376095168,0.07983458086279487,0,-4.110087065641215,0.08302450791147548,0
5,120,780,-1.8492751552434803,0.5281352697056572,0,-4.8940840141171025,0.08362656192038172,0
5,120,781,4.641618362498178,0.10636453296558292,0,4.310776967306137,0.14698534164800361,0
5,120,782,3.148626147978729,0.23154236778986567,0,-5.619735359214115,0.05249628814932922,0
5,120,783,0.8276852191379104,0.7648152788153494,0,-2.019961723200843,0.4217995271342815,0
5,120,784,5.200264477903861,0.05653106681040962,0,3.5207989103053157,0.22237243751649594,0
5,120,785,10.309936879873062,4.01966526102697e-4,1,-5.172442201320621,0.0759807401650315,0
5,120,786,10.044531038976626,4.971480129608107e-4,1,-0.9620471840587235,0.7671350975357555,0
5,120,787,7.066206364264684,0.019210019577244893,1,-1.8218937588849686,0.5063099712923838,0
5,120,788,8.582124164864176,0.003388734071349867,1,-0.8985125590083015,0.75940314260127,0
5,120,789,11.471535509340088,2.355172778566753e-5,1,-4.142521139110414,0.1613045365476002,0
5,120,790,10.807758486706609,3.889740091187031e-5,1,0.4070230558816371,0.8830411212597924,0
5,120,791,3.5783635642784257,0.2564218796138697,0,0.23212872948088717,0.936622069711996,0
5,120,792,5.654530181688552,0.05078759711542369,0,-0.8667737096541472,0.7672521170670692,0
5,120,793,5.7278428265296855,0.026576560212557807,1,10.199583807570933,7.235225398545186e-4,1
5,120,794,-0.1850590907634378,0.9443413684326145,0,-6.651974029778723,0.010669220080859932,1
5,120,795,6.639145489866165,0.02972330703818869,1,-0.4618296117405645,0.8564352307612618,0
5,120,796,3.4775379715170667,0.1603673074462335,0,1.0589016191200438,0.6974623941968641,0
5,120,797,4.187262522919406,0.1420139909914403,0,-2.435236269664253,0.4272051593840267,0
5,120,798,8.33189823155001,0.0016037650031880486,1,3.874385302671667,0.1653147902654671,0
5,120,799,6.776422100858981,0.015927713347121848,1,8.055338844226293,0.010035933802823702,1
5,120,800,6.291314052357712,0.024105346483761846,1,-2.3884763943398584,0.3947581046204265,0
5,120,801,-0.9434790742985453,0.7405840213988615,0,-0.5394567848712103,0.8446833887269213,0
5,120,802,5.665625361945485,0.05107817237347168,0,-8.20660951514349,0.0019541513333246343,1
5,120,803,3.841199413405346,0.10686384420503074,0,-2.048999390502143,0.3677183915570743,0
5,120,804,0.8061523843899066,0.7574929197148809,0,-2.8849233528510343,0.30023914299339743,0
5,120,805,6.905459917684145,0.02775676325852149,1,-6.360885244297166,0.009361497990734447,1
5,120,806,3.3601049176461797,0.26908839504316573,0,2.561722981058704,0.34973119844610134,0
5,120,807,4.64588093150344,0.09437967932898901,0,-5.356265136501699,0.05641602253468612,0
5,120,808,6.294077587915095,0.016076217941184707,1,2.3570851029602395,0.43497440185089,0
5,120,809,8.293023433859375,0.0034075875695252548,1,0.6305312862737353,0.8058613895431791,0
5,120,810,5.23795377672747,0.06525265410911987,0,-3.669584780627924,0.1610284991604235,0
5,120,811,8.958099218645735,0.0021512591178965497,1,-3.71731113626206,0.17660540598239127,0
5,120,812,6.634007281249171,0.027305774780183804,1,-1.116538288596272,0.641709870956148,0
5,120,813,10.104389571078274,3.047516373033423e-4,1,1.958824227742375,0.44796346565722456,0
5,120,814,3.7810454367917616,0.11633081115399083,0,0.5058698407536834,0.8630485184481818,0
5,120,815,5.002331105715522,0.08396495876919197,0,-4.625094209030031,0.11993490918123367,0
5,120,816,8.266776714092519,0.004770525052585051,1,-1.7945635747357773,0.5736020593551703,0
5,120,817,7.019153174328018,0.009196348865895487,1,6.454593159197372,0.009771243890895925,1
5,120,818,1.3110247094184073,0.6591154518872466,0,2.064481219503045,0.478072843792659,0
5,120,819,6.6294673144558125,0.011334955403252418,1,4.603157088057922,0.11660036967823706,0
5,120,820,6.611960001092848,0.011122659991489816,1,5.312035782125105,0.04347360504072953,1
5,120,821,8.552237693173385,0.0022423807216310648,1,-2.4847566586667384,0.3976962520345183,0
5,120,822,0.5030821615787149,0.851770366016861,0,1.5011806356790838,0.6239923493782166,0
5,120,823,0.9033247605213128,0.7146876007884969,0,-1.7109434448821725,0.4901681231261005,0
5,120,824,1.2886905989594961,0.654030352802116,0,0.997706677969616,0.7059417714210945,0
5,120,825,5.192674926493582,0.08761099189130837,0,0.5955795501316025,0.8181943729296837,0
5,120,826,5.906365709500375,0.02386865086221813,1,3.2268614273362757,0.25232463818007755,0
5,120,827,-1.2619050233110563,0.7035932705825526,0,-1.4218739110812557,0.558039654380428,0
5,120,828,4.029500194373463,0.1380430716784379,0,-0.341037337111919,0.9051085989229273,0
5,120,829,-1.1858568069661393,0.6598000800331993,0,-1.9917313085546002,0.526332089257243,0
5,120,830,3.844863229934287,0.1431863762516671,0,4.834889068989926,0.06634530846252001,0
5,120,831,3.0496754969195763,0.2564942122719262,0,-5.423180570898272,0.0630211760362749,0
5,120,832,3.835827986116721,0.15689109188909817,0,-1.0384440026788364,0.7013741399235679,0
5,120,833,-3.56600437335719,0.23211238724254257,0,0.20557001543731587,0.9398784112760232,0
5,120,834,8.398179267576957,0.006731167656190456,1,-0.6519794236776663,0.7924478168670592,0
5,120,835,5.249851235273827,0.04967849529268534,1,0.06762573197546762,0.9816580614659876,0
5,120,836,10.149526596089858,0.0021140119488120036,1,1.86566620102771,0.5552340458939744,0
5,120,837,7.040963340384849,0.0016829668407077915,1,-5.224859477259681,0.058742665456989133,0
5,120,838,7.431985352546574,0.007734611790874084,1,1.387788142666093,0.5652669603659491,0
5,120,839,7.645707660775504,0.004866701229925832,1,-4.130323735249142,0.22841637248214883,0
5,120,840,2.7442798807807454,0.30312507723275106,0,3.055245978788545,0.27440310954740554,0
5,120,841,7.3937188584657205,0.01002137239552534,1,-7.959225234213031,0.0017982124882459207,1
5,120,842,10.106648458847722,4.5111909729409725e-4,1,-1.5058136903980437,0.5747134449665048,0
5,120,843,10.198488613506512,7.862779418390162e-4,1,1.6178594387968521,0.5914268097578742,0
5,120,844,5.788455826320966,0.048515242659054,1,2.4669207988730038,0.3540339134333673,0
5,120,845,-2.2903764831522184,0.38170710184797696,0,1.7404192937038057,0.5357204855516898,0
5,120,846,6.2582450747003735,0.021680799440210882,1,3.9765310217697003,0.1657078603033046,0
5,120,847,0.6504552003609259,0.8182469317631421,0,6.449201834247863,0.014803343254547522,1
5,120,848,1.4437144233864632,0.6265505631165627,0,-8.073988254287192,0.004210226829441727,1
5,120,849,7.759258129059907,0.011953282990130093,1,-4.435068851200183,0.09542616687595015,0
5,120,850,4.348119656092026,0.09292784598006582,0,-1.729906616466895,0.5241768182070207,0
5,120,851,2.215562837518817,0.38768860444136455,0,-3.566129408890767,0.1552212382177323,0
5,120,852,7.7701366268785605,0.004904020811812038,1,-5.345909987197814,0.057095356028117134,0
5,120,853,5.721723616515279,0.04328459327244189,1,2.8950258034808645,0.2551866360804968,0
5,120,854,7.32572830202838,0.00294992781824063,1,1.4572226268081987,0.5773731140986816,0
5,120,855,3.6087725943413225,0.15034641589093511,0,-4.668691256485951,0.08167018710535408,0
5,120,856,2.501060663755135,0.411442148500916,0,9.780067566911168,2.3208399454373977e-4,1
5,120,857,3.5832345300724784,0.1905933808704233,0,7.494652751279169,0.01142395564759218,1
5,120,858,-1.3882771885462184,0.5886903294728633,0,3.7831418419016463,0.15041765415721148,0
5,120,859,10.616574944228983,4.056912445439739e-5,1,-6.872110161136749,0.045838571974170426,1
5,120,860,2.4167147072646142,0.3446921290376268,0,-5.794869025657722,0.049936616841248,1
5,120,861,16.22786811693323,2.3405290494806244e-6,1,3.1551295488799935,0.27083433368993254,0
5,120,862,1.9260823741937978,0.528699323977564,0,-3.2146071763800896,0.19578278542667285,0
5,120,863,6.067739595447838,0.034250295621069037,1,4.066637050108773,0.12499567435748521,0
5,120,864,7.812741949744762,0.007911985214571794,1,-4.73010942856099,0.10099292081239046,0
5,120,865,8.492413991953145,0.0012515568431503761,1,-4.910090421127552,0.0695834722597032,0
5,120,866,0.3432750257722247,0.9055104207058271,0,-0.16535099354226981,0.9579142982244706,0
5,120,867,2.1141972437461583,0.3793374749714281,0,-0.05585269551927327,0.9802446851221462,0
5,120,868,9.410127614962466,0.0015354033904001066,1,3.956235183993341,0.18298795123455439,0
5,120,869,3.109215263641369,0.24257469327331785,0,8.805458070917007,0.008523260776365229,1
5,120,870,5.0905248577177575,0.0831135950956517,0,-5.585919320285068,0.059372236208156966,0
5,120,871,11.073798833615562,6.4770596714326e-5,1,-0.7598179160038429,0.7958005294758127,0
5,120,872,7.005883019242412,0.009463595247802544,1,-1.7099488841480952,0.5110720510314987,0
5,120,873,6.4243349789513875,0.015982445577053382,1,6.086393598384923,0.03487804092938983,1
5,120,874,1.609446395195402,0.5581690250790646,0,1.11964803381066,0.7163584405609829,0
5,120,875,8.171166061941245,0.001330021540614714,1,7.160414187024489,0.004839959999711921,1
5,120,876,3.8257397534377007,0.16401900237984857,0,1.5788758277135966,0.6104950299895006,0
5,120,877,9.967121309676997,3.227918154278853e-4,1,-1.6393279173907194,0.5108625711304027,0
5,120,878,3.3903260458291364,0.2642004878137837,0,4.299561181352946,0.1455872580087444,0
5,120,879,3.4574613464175257,0.16165093733677918,0,-3.1010731447061612,0.3255237648481082,0
5,120,880,3.672043612292448,0.18306708921806197,0,-2.430256371010786,0.3921590911781797,0
5,120,881,8.442029465445785,0.0027766874992340837,1,-4.219799319389681,0.14539030853748966,0
5,120,882,3.9557615502941545,0.200321577197148,0,5.0192000989307965,0.08192245365444784,0
5,120,883,8.238302606181913,0.0013974323806456822,1,1.2749720044521247,0.6744183371201097,0
5,120,884,3.9755892368127133,0.1632781435606748,0,-5.921881560187417,0.023424119705329424,1
5,120,885,6.708387635076789,0.0064572936443848435,1,0.24350669498840366,0.9159397775227534,0
5,120,886,4.857405002973957,0.10197331544530594,0,1.0999392781831023,0.7137514779928387,0
5,120,887,1.040108647398854,0.7360738180411699,0,4.689818499378148,0.09515707057677801,0
5,120,888,2.617564562369366,0.33130471120935734,0,-6.550548559399085,0.022895924503325112,1
5,120,889,-0.020174072326090593,0.9942266224147164,0,-1.1556145736245502,0.6492881006427437,0
5,120,890,4.4616902201682755,0.13906921973409567,0,-0.0054728165963741846,0.9985116714945594,0
5,120,891,5.7903567411566605,0.0568007249688599,0,-1.3683831021898492,0.6399352122649696,0
5,120,892,5.065246107900448,0.03637994526183135,1,1.0695958837608357,0.6798038558486612,0
5,120,893,-0.4380814978998518,0.8701360547150467,0,2.24206908337714,0.4086324274944989,0
5,120,894,7.400301465477405,0.001362136933639597,1,2.0495864368219783,0.4648857069830824,0
5,120,895,0.41570978582395685,0.8860491736250196,0,-1.9263205499723626,0.5166942487241825,0
5,120,896,8.728618864326315,3.24946228845688e-4,1,2.7772066373263384,0.3161018177351848,0
5,120,897,9.218726890788012,0.0018054183685588952,1,3.0882344237443196,0.33199868809519595,0
5,120,898,6.452628483079359,0.022706735796565614,1,0.01741785173324603,0.9946012913735938,0
5,120,899,8.606410743007528,0.0018057853586010471,1,1.1473856085603258,0.6650590654020636,0
5,120,900,5.245817625568307,0.08474312425936621,0,-1.4765990535307993,0.5846634471742567,0
5,120,901,6.701537531245363,0.006894313020912739,1,-2.8706610352430593,0.3659123818475486,0
5,120,902,9.653200674877862,8.117493006836239e-4,1,-4.124286131781437,0.13487862353949154,0
5,120,903,7.722462025498853,0.0048811523046651565,1,-3.251410705399517,0.3102325892244816,0
5,120,904,0.6958789240491471,0.7912759447489943,0,-3.476175052310519,0.2069000975029009,0
5,120,905,4.975278938246629,0.04827437491982102,1,-1.9140660426175913,0.5033805804509106,0
5,120,906,0.8816021484723873,0.7784718242239017,0,-4.987804802577583,0.06533215033538173,0
5,120,907,6.01692353079147,0.04106397387756659,1,4.644466229416063,0.14214950051980707,0
5,120,908,7.094880827534913,0.01227732020939343,1,-1.9581962023625215,0.4878920159925949,0
5,120,909,5.746913843547637,0.025180652787817087,1,4.19443485146407,0.15416101707637636,0
5,120,910,2.4951019349817947,0.3347087609084707,0,-4.1913580950849445,0.09238888244095118,0
5,120,911,0.9954747403728104,0.7266197905867329,0,3.104958021987728,0.30260597010980583,0
5,120,912,2.1659927079461156,0.3845465704029304,0,-2.103134071289917,0.4754384762766045,0
5,120,913,7.7012791680955,0.003176275422377205,1,5.855816124675045,0.05654641615343516,0
5,120,914,9.948050548712724,2.4237377823168162e-4,1,-7.425187187484617,0.019968076204366574,1
5,120,915,0.8066669157287895,0.73665568445009,0,4.922024638213525,0.09562059206420243,0
5,120,916,9.874663523421011,8.848830165432253e-4,1,-2.743984656104089,0.3228315183994235,0
5,120,917,0.6619679070572333,0.7994570865066,0,-9.923832439322101,0.0014657018220843568,1
5,120,918,6.2609759133470835,0.013493918239864868,1,1.696276640630604,0.5488631618836308,0
5,120,919,11.129092688298872,1.3916076551748517e-4,1,-0.5034503058385581,0.8627731808908814,0
5,120,920,0.2128256069818686,0.9298356363698183,0,-0.05617638823353055,0.9856575908831904,0
5,120,921,-5.9164807186923785,0.053716063727198164,0,-2.967851531190447,0.25171709156091304,0
5,120,922,4.005640943873803,0.1691655842169158,0,4.401031937545819,0.09611630922801936,0
5,120,923,13.584489839277857,1.9207108705626814e-5,1,-5.642746509769738,0.04425787880164603,1
5,120,924,3.973917164323005,0.1377261656107748,0,3.392065514904073,0.250987616454234,0
5,120,925,9.015713654680301,0.001228346295181196,1,2.4113069560453186,0.45713061918045983,0
5,120,926,3.690859252853422,0.1374181657149956,0,1.7638565597248164,0.5543029939404553,0
5,120,927,6.103598991480734,0.02025524706513531,1,0.9672655058930295,0.6975971056576921,0
5,120,928,10.386607453677724,6.995474243774307e-4,1,-5.777796392420238,0.03920253376064357,1
5,120,929,7.734601102376348,0.004367139109132249,1,-5.311486545560423,0.0336247136946147,1
5,120,930,4.857785129036717,0.04526483009376871,1,-2.0838199133397506,0.4496358899440248,0
5,120,931,1.6256422922563762,0.5597659451676058,0,-0.8497496800421405,0.7544629372021707,0
5,120,932,0.14407129819098077,0.9632925841855139,0,-5.362481082421386,0.035288410172129255,1
5,120,933,4.73454855646731,0.09947708974038061,0,3.063265500888501,0.22593041598654004,0
5,120,934,2.0572133268750665,0.49976770553878536,0,1.221213114653556,0.6615341082956823,0
5,120,935,1.7028463275111145,0.548659330336265,0,-2.898506425579628,0.3212386638589883,0
5,120,936,6.796424298377663,0.03941067381104158,1,-0.5772454696767405,0.8206256493940247,0
5,120,937,8.853587014478915,6.109131443861501e-4,1,4.304329165973414,0.1400321358239952,0
5,120,938,2.122552671640388,0.45310947582007566,0,0.344192244762055,0.9003542931138111,0
5,120,939,10.133530488692752,3.2542826331242616e-5,1,-1.4156453271917044,0.643505963188753,0
5,120,940,6.123475686528245,0.011256653692263864,1,5.322031487494634,0.04446938175184539,1
5,120,941,7.973553627451684,0.0024169894939384236,1,0.38089742719863334,0.897246427150239,0
5,120,942,1.7771799720290666,0.5266060654319507,0,-6.735378553035318,0.015128707383790236,1
5,120,943,3.164040490145965,0.2362650238729345,0,-0.2056572703588202,0.9428285443632656,0
5,120,944,11.57936488531894,1.4592956664092528e-5,1,-0.32256159525539313,0.9220045600192592,0
5,120,945,13.03467621935164,2.4668835187619783e-6,1,-1.6256688200719875,0.5013247635072515,0
5,120,946,-0.34058031983449377,0.902288327146868,0,1.6103716156909575,0.5835226776019999,0
5,120,947,0.5038272651861094,0.8527306520270511,0,-7.499460961837966,0.007969137562519785,1
5,120,948,1.7697997968511747,0.5255245622821583,0,6.8409029588956125,0.01053943198483415,1
5,120,949,0.029096108234639966,0.9919218448780336,0,0.9893711099381934,0.707501056449425,0
5,120,950,4.695822510715822,0.0847552138692628,0,-1.636409071753407,0.5940163026889743,0
5,120,951,1.7360969773617323,0.5256588545653524,0,-1.3365612121401906,0.6307359385612674,0
5,120,952,8.471083922045858,0.002793932642001686,1,0.3490618084535074,0.9069920874337698,0
5,120,953,6.150401986165965,0.02373170980688929,1,-1.5058328480933185,0.6005987597175314,0
5,120,954,7.306676006911863,0.004035733154173799,1,-2.9993815621701954,0.3542596494838991,0
5,120,955,-0.27246613992534563,0.9143175564734334,0,-2.0374408026643107,0.3830461226609839,0
5,120,956,8.397291047843485,0.002750935792555784,1,0.8952921369235626,0.7569510441760531,0
5,120,957,2.7639658309307897,0.2991614436492441,0,2.9129194394869278,0.2586930086523285,0
5,120,958,9.465364311972046,3.1079676430888936e-4,1,0.857408869755538,0.7546343244562521,0
5,120,959,1.4091807085045696,0.6147873846189469,0,-2.600166440184457,0.3570983298244088,0
5,120,960,6.276829190860535,0.02480954899306839,1,-1.5543713625659696,0.6380457165604394,0
5,120,961,2.6962259589558704,0.436453938126781,0,1.254558056236034,0.6343410664636102,0
5,120,962,3.323816279990803,0.17388823740525355,0,1.98347187627705,0.448863399311622,0
5,120,963,3.906482358200381,0.10147487750317342,0,8.53410848864201,7.249133858355148e-4,1
5,120,964,3.811927947264579,0.09841498592059056,0,4.121750068237266,0.15270548181015337,0
5,120,965,5.800390337050431,0.04902757195430588,1,-2.160475805715125,0.4489632958555332,0
5,120,966,-0.8361867126502309,0.78373455806166,0,-7.226900499029881,0.035288703305526005,1
5,120,967,7.24818026730872,0.010749459573241792,1,5.01862559487046,0.06371794269470893,0
5,120,968,6.773472630904127,0.023714293603417525,1,-3.9896454103394845,0.11711744534931699,0
5,120,969,11.14423697964086,3.9597313092711724e-5,1,2.6502016686477905,0.29109983176396376,0
5,120,970,4.280737923502539,0.16188699255754907,0,3.941890686793031,0.20459739367627913,0
5,120,971,1.8163894927764899,0.5148569213942971,0,-6.116364912899034,0.030274431118017333,1
5,120,972,7.788852734857654,0.004773812094387021,1,2.7785134841931645,0.3521201394580571,0
5,120,973,6.81725350590806,0.009643471146681484,1,4.028754215432737,0.1984175686871215,0
5,120,974,6.320835982448628,0.042476641479405726,1,-2.157079485416754,0.4750608771807989,0
5,120,975,5.083684317152352,0.074805584510014,0,7.813019430157434,0.008251794170728815,1
5,120,976,5.336740403504161,0.07609606651966896,0,-2.7611717149701978,0.29026496252336814,0
5,120,977,1.0308349257424425,0.6942174158277271,0,3.03520143180027,0.31175179892979865,0
5,120,978,9.30210683806484,4.8775569537414903e-4,1,-5.607617942390612,0.04363402924508631,1
5,120,979,3.514251603724267,0.21362770797018873,0,0.6807722651622958,0.8010122271869644,0
5,120,980,10.421441892272638,5.005387038156869e-4,1,-1.2327995526105733,0.6318872053993216,0
5,120,981,-0.5211939829658027,0.8412557478642908,0,0.5360963460553627,0.853379149898323,0
5,120,982,0.702789445888104,0.7825002070536586,0,4.136238183540893,0.14568385338698564,0
5,120,983,3.1984577226737625,0.2367321827204492,0,6.964034477663147,0.016037002286091565,1
5,120,984,0.454612612913487,0.8768669418242101,0,1.7022733119056124,0.515830591759979,0
5,120,985,6.074419139368914,0.02503070430134305,1,-2.8194789359459165,0.3457993129698329,0
5,120,986,7.4721537083146234,0.007464114498547568,1,1.8352066568477832,0.5118054520308284,0
5,120,987,2.2185801942995735,0.4235333549404733,0,-0.05149689476286177,0.9854440532718554,0
5,120,988,4.851077066025171,0.053975163262257764,0,0.05172922825695836,0.9838404971362154,0
5,120,989,5.04457165258481,0.09045786060503608,0,-8.103734547077588,0.003403052526084163,1
5,120,990,1.9554273934259034,0.5067804975666934,0,-2.6025873492218246,0.3302605157574805,0
5,120,991,9.028317463321558,0.0017310613698610492,1,2.9608182298529417,0.35189042673969206,0
5,120,992,0.169556796757046,0.9529252240674801,0,1.2820973443874297,0.6004770388609676,0
5,120,993,4.1786061134892885,0.15227444328898507,0,-2.9859890968008758,0.32859489000646513,0
5,120,994,11.019899001997521,2.2615983282581062e-4,1,1.273046787229065,0.6471012138181176,0
5,120,995,6.763292001955718,0.02717572085696427,1,-5.2097013262823095,0.05684741040348219,0
5,120,996,6.912829078925572,0.016911553252948432,1,0.40765892600132786,0.8853607590081802,0
5,120,997,7.644798701429717,0.005057195074398587,1,-0.6012065604388561,0.8553633358854911,0
5,120,998,1.7553836521345971,0.5628910883172553,0,-0.8485213540396895,0.7167211558558835,0
5,120,999,-0.3605345749975043,0.897274112062926,0,1.468800316513244,0.5685268136801438,0
5,120,1000,8.342734841928996,0.0020889539533881095,1,0.8695754223236963,0.7541669284216328,0
5,160,1,6.732611942953062,0.0029289987611951156,1,-3.8075988145948054,0.08323731676066844,0
5,160,2,0.2210200453595132,0.9280142022373787,0,-0.5327641351912191,0.8273021636815757,0
5,160,3,6.027243312562353,0.012499754835541632,1,-6.86890628150431,0.005453122510407795,1
5,160,4,4.8140527580916395,0.03201199004311992,1,6.396416863090444,0.01977561877039089,1
5,160,5,9.147071729964813,7.38813950256381e-4,1,1.4953819616523407,0.5749293121561604,0
5,160,6,10.973113110164778,2.525128154568307e-4,1,-4.311612808028372,0.07269489062788441,0
5,160,7,6.208256322839132,0.012395431194658092,1,0.8554042964921952,0.6983336679193257,0
5,160,8,0.01969406279342441,0.9933932252015805,0,-5.33047129421617,0.03404986653480319,1
5,160,9,6.628979755406664,0.00939657458798602,1,7.3414460919373585,0.004619294982591831,1
5,160,10,-0.2771817639633858,0.9113310921348725,0,0.4983956293146006,0.8446813112999083,0
5,160,11,7.582375859648473,9.613177147011938e-4,1,2.6261389915770756,0.2589809242405493,0
5,160,12,7.92987839008089,0.0011348335747794719,1,0.6349958827247429,0.8158560628128769,0
5,160,13,1.0323422297294313,0.6709090575112793,0,1.7539677462168455,0.47282369035972005,0
5,160,14,4.063346374240191,0.1030633575235529,0,3.806591491393871,0.11798842386978646,0
5,160,15,5.6757070367552345,0.024266618137175535,1,-3.4879360310975267,0.17633519619939733,0
5,160,16,4.017422263633094,0.045081019971939834,1,0.6524954054666549,0.7745102482918205,0
5,160,17,5.969719831125257,0.005088777463281728,1,0.6674414521834917,0.8056836626310734,0
5,160,18,7.195694030385123,0.0038249618388417114,1,2.1011994035558827,0.3862700701202144,0
5,160,19,-1.7643051864314456,0.4341377872170473,0,-1.0734366711315901,0.6403594253637471,0
5,160,20,6.304225507479916,0.013453405706499767,1,5.574502070063479,0.01695336020809425,1
5,160,21,3.8798935252216102,0.08336197348198551,0,-3.1953282147895656,0.23455948179777372,0
5,160,22,5.805182860102463,0.010361370249901634,1,-0.08741293882920503,0.9734273022752973,0
5,160,23,1.0860560830214472,0.6427179288872602,0,-2.036184152554879,0.4124414074864018,0
5,160,24,5.498984052396862,0.021867255155144465,1,0.3498133233501711,0.8714718889666402,0
5,160,25,4.065929207693321,0.03528056665789126,1,-2.1581300881559766,0.3589497757700978,0
5,160,26,3.40610998328298,0.144509365460567,0,0.14191607474579354,0.9517263006529189,0
5,160,27,5.754082588543934,0.015916537878289845,1,3.7526174962266534,0.15386447415909507,0
5,160,28,6.213617582197752,0.006338911557735303,1,-4.163570177848054,0.09189171359880158,0
5,160,29,4.227813391084383,0.07713947272596326,0,-0.9399580202861926,0.6992980116413664,0
5,160,30,4.78007254532362,0.04233209430401788,1,4.102439785671024,0.06424066987692023,0
5,160,31,7.739064501120607,3.34084427673026e-4,1,1.8735042642060422,0.46111356048848207,0
5,160,32,3.109202728831095,0.23080382334484248,0,-0.07467179860423993,0.9768388700367863,0
5,160,33,12.673603965923075,1.539079832304609e-6,1,2.885500691350078,0.28184232701612816,0
5,160,34,9.039228022051894,2.6802212058296e-4,1,0.45597169361228573,0.8599556503039584,0
5,160,35,6.848364398029465,0.006893421124096143,1,-2.4692024178531695,0.34418912908775334,0
5,160,36,1.6654451944115285,0.5354044691011107,0,-6.452269888885102,0.0047403250579044235,1
5,160,37,7.405199445487438,0.0035720139914352344,1,2.1347678520035656,0.344996591485457,0
5,160,38,1.905108407133508,0.4334614119497203,0,1.2123635808442836,0.6209344156967751,0
5,160,39,7.847113754614637,5.439402680553373e-4,1,0.92737190743413,0.6941471094708155,0
5,160,40,1.3046488465943784,0.5840068619540864,0,-2.5687558842144003,0.28215967859124125,0
5,160,41,4.722865047382399,0.059947179683677104,0,0.7657469084790833,0.771594819216598,0
5,160,42,6.308492101666028,0.018576418717834477,1,0.6123368151482633,0.7871656296475105,0
5,160,43,5.224280844890565,0.021738871499456337,1,-1.8863524424883593,0.39600837257958976,0
5,160,44,-1.6572964205991152,0.5179780505547098,0,-3.1135440721091494,0.1631388707316841,0
5,160,45,4.829396087875144,0.04487470385163222,1,2.534157710869293,0.28398144805029607,0
5,160,46,5.451438568508135,0.013707463547889145,1,-2.170730114293945,0.3690172520988759,0
5,160,47,8.450249103492698,2.9007891443146293e-4,1,-2.848371502257556,0.17081483331115804,0
5,160,48,6.612864319807556,0.004500190933687466,1,3.319298852810233,0.14439086279747745,0
5,160,49,7.320593951305436,0.0037012173041923767,1,-1.9399984057038826,0.4294101227039586,0
5,160,50,5.939875439030074,0.019608741062854335,1,-1.9245965580293662,0.4394918648791366,0
5,160,51,9.20530870690714,6.439849397490485e-5,1,-4.711734303701802,0.03758811609443261,1
5,160,52,1.832680503809817,0.4929218935925451,0,0.4583215504078361,0.8527313420556246,0
5,160,53,11.19504754920457,6.779817162540756e-6,1,-1.6290664335894947,0.4577842411054126,0
5,160,54,5.864061799598071,0.010443290610552634,1,2.548208146408286,0.3216111335897349,0
5,160,55,3.517704802676829,0.11012366767902482,0,-2.381777302235123,0.33924269194353296,0
5,160,56,-1.5289363679828594,0.5447050141252952,0,-5.053058583753221,0.04437374451244963,1
5,160,57,8.563134995176863,4.87864960906515e-4,1,1.0979729174959383,0.633437311082773,0
5,160,58,1.1244787729519987,0.6542040932342387,0,-5.189092792230368,0.027625950876218414,1
5,160,59,6.5690831395971765,0.007944815774242024,1,-6.089641896206228,0.005979442946012982,1
5,160,60,2.7270525851141176,0.22813927885709961,0,0.2771234306065898,0.9126839278957664,0
5,160,61,7.804860710335629,0.0014096156764434875,1,8.056943217488515,7.58943392659142e-4,1
5,160,62,-0.04290362214635383,0.9845291660798539,0,1.2504189435426418,0.5690820913643095,0
5,160,63,5.18454509491195,0.04631558892343605,1,-8.638767797050939,1.1668001665948793e-4,1
5,160,64,2.9753654159401957,0.22020593690542742,0,-0.4545077830139781,0.8644166616100051,0
5,160,65,3.038503374565991,0.24559412023422478,0,1.9646006911481386,0.3832403159632658,0
5,160,66,3.41584237912455,0.13492231635801435,0,-3.497747078843892,0.15807977443033575,0
5,160,67,6.477456591708227,0.004160172377546006,1,-3.135335020631441,0.15486757682573699,0
5,160,68,5.810592989077246,0.017220308174226574,1,1.9876646291232345,0.4937397073502121,0
5,160,69,4.128075617055581,0.04844313146664726,1,0.06051989750011715,0.9805748500003648,0
5,160,70,7.03791472236717,0.0020340080890105076,1,0.8140469920963836,0.7375146350767909,0
5,160,71,13.48946207109939,7.595387438027379e-7,1,0.3280712727515842,0.8886336137665396,0
5,160,72,2.312555899796643,0.26417277497425506,0,-1.7253745734154298,0.4239974877809539,0
5,160,73,-4.738750202972381,0.04516919507103313,1,-1.3074668005999643,0.5859889438475256,0
5,160,74,10.213257109315272,8.95654010746046e-6,1,3.0889878496482184,0.24514207527335077,0
5,160,75,2.0343494611013635,0.3672363552119382,0,2.733937424088733,0.24497200535394453,0
5,160,76,5.876324182976501,0.02309014811345188,1,2.854557401363107,0.21060888429598598,0
5,160,77,6.062538823746063,0.02017526131369085,1,4.689602938210969,0.057745869632934724,0
5,160,78,7.371041772392256,9.315960623424453e-4,1,2.9321820219116086,0.2729502174601754,0
5,160,79,5.042355763594118,0.036120558211661206,1,-0.8208549054592086,0.6829205537230201,0
5,160,80,4.537510128712498,0.05006304821477526,0,3.212264306980857,0.19167668431232576,0
5,160,81,10.189521400407344,2.6589183750107817e-5,1,-0.771824792457603,0.7326932404115536,0
5,160,82,4.009468322753694,0.07514523140535434,0,2.7366552473303867,0.23224410805443313,0
5,160,83,5.52300265337751,0.02048785028916149,1,-1.7753831917253526,0.4313142847836462,0
5,160,84,7.409314772103389,2.1031402839375964e-4,1,-1.8171252546441439,0.39750461655683944,0
5,160,85,5.3473640521581265,0.011289783545992896,1,0.05836044491649695,0.9811634484003606,0
5,160,86,5.6447016533777505,0.02168506442313688,1,2.5508572384994714,0.31411361773122565,0
5,160,87,0.3696033988894988,0.8729225807991641,0,-0.34311691636654584,0.8845670971726959,0
5,160,88,2.7986397149378375,0.1712981342482409,0,-2.1681119524727617,0.40014098277087073,0
5,160,89,-0.4806955711373128,0.8657371044869178,0,-2.614014793239594,0.2500432576292638,0
5,160,90,5.183408053491009,0.042829131428724326,1,4.629082629210013,0.03081474374523549,1
5,160,91,5.616526354719318,0.02626035068383267,1,4.096608170507726,0.10325567202300905,0
5,160,92,6.159738098037171,0.025144754323557346,1,-4.21153947357059,0.076134953955248455,0
5,160,93,10.38815956873718,6.6334530955171025e-6,1,3.020408522643846,0.1675085610403369,0
5,160,94,1.2401966302633174,0.5648320942706714,0,-3.339092531811038,0.15521174736867152,0
5,160,95,1.7226693231783896,0.47329643063632276,0,3.5681571071611367,0.13875556962376145,0
5,160,96,8.69765703090008,0.0031232499515559025,1,-2.89297308593345,0.2547146603784214,0
5,160,97,5.844592476676591,0.03526739016546994,1,-4.746398603330488,0.05536787443482194,0
5,160,98,2.3926622871826755,0.32687587334580115,0,1.445511528289226,0.5584740801177034,0
5,160,99,2.508139550048153,0.273692876847894,0,-2.4614481534605215,0.29438434622759085,0
5,160,100,4.147439922861226,0.07476658821944078,0,6.440441567485521,0.00921858282247472,1
5,160,101,2.430817159047233,0.2781598469127745,0,-5.234769914998858,0.035288226574269846,1
5,160,102,-1.2622887013407584,0.5739295301760903,0,-0.1256855379519064,0.954797269678599,0
5,160,103,8.002411604746115,0.001008648524440173,1,-2.8986603045883372,0.2423776911588793,0
5,160,104,10.231812300346004,2.9273398429866057e-5,1,-5.676837592521411,0.02288206395897169,1
5,160,105,-1.8598892647912808,0.4461291614165088,0,-2.062398282386913,0.40429472962326196,0
5,160,106,4.61584418641113,0.06443969964372595,0,-0.5396621278105111,0.8231580241056426,0
5,160,107,9.735279388577878,5.608999386930865e-4,1,-1.6867643001728247,0.5161727646248082,0
5,160,108,6.401255436482783,0.01543874874299623,1,-3.7135822637733877,0.09377410383692313,0
5,160,109,5.677700030647765,0.008136080253714484,1,-2.1324988305444226,0.43927024592140307,0
5,160,110,7.121206907740396,0.01514898690242675,1,0.2927403762228094,0.8959988025390786,0
5,160,111,2.886863548442517,0.21720639874987258,0,-0.4456329815649498,0.8521564830674015,0
5,160,112,7.29601697284079,0.0017366525593042466,1,-6.13323718385448,0.0061240589283508805,1
5,160,113,4.200236853125223,0.11495180840332234,0,-1.3500310885268993,0.543664473629144,0
5,160,114,3.4092307837071067,0.20173927145809548,0,2.184303723832683,0.38343175284083153,0
5,160,115,5.60523866012853,0.023522014216032977,1,2.4319701248917074,0.3506078818927185,0
5,160,116,4.246698304459894,0.06754832891950245,0,0.011195784711672709,0.996514098290447,0
5,160,117,1.8775907036221855,0.5041823899070957,0,10.384251822351185,1.3930933802292603e-4,1
5,160,118,9.561772492378319,4.133022270913173e-6,1,2.4184846144416734,0.2922956919810104,0
5,160,119,4.675642479277893,0.041321538854661125,1,1.327187032525423,0.6119368286822832,0
5,160,120,6.055474887321531,0.03329344317865193,1,-2.826157311130126,0.21339041083726654,0
5,160,121,9.269971025372053,3.185511847091586e-5,1,5.284184619782822,0.022301588870161104,1
5,160,122,3.716780499887408,0.0922995256452949,0,4.238760928496628,0.11145078484746386,0
5,160,123,7.987278404038606,9.043555965286021e-4,1,-3.8781533697902,0.0964867223710338,0
5,160,124,2.130351635708183,0.3290920722292734,0,-0.5287318634270983,0.8299641942690444,0
5,160,125,4.830140708105071,0.04715107671517309,1,0.24603258265329309,0.9178373545470283,0
5,160,126,0.4030448444162947,0.8789719390226565,0,1.4081533985042936,0.5705762670388812,0
5,160,127,-0.3134957107519084,0.9029376983840514,0,4.257652237051039,0.05961998106604573,0
5,160,128,0.4492300410074434,0.8643719080270515,0,2.178482711858582,0.3846271549487814,0
5,160,129,0.6306333714482971,0.799871757405267,0,2.9255421963918846,0.21810815193251737,0
5,160,130,11.186099800430151,4.220145340915009e-6,1,3.5750963202317574,0.1667756538464426,0
5,160,131,3.6268131236171604,0.10143356671624584,0,-3.1378051387185266,0.19616270108801187,0
5,160,132,8.818142801171971,1.1251331286013098e-4,1,1.8693880950335062,0.4329982532757539,0
5,160,133,8.056321541259663,4.2650531150924167e-4,1,-3.165497592798992,0.14202163500418932,0
5,160,134,1.4688691406512888,0.48541421334085977,0,-2.1229197019550896,0.40605196133907195,0
5,160,135,7.964351311746948,0.0016496860913271416,1,2.477498335314017,0.29407604206687343,0
5,160,136,5.602410573085397,0.03946512160340456,1,1.9468087429803458,0.4434810865803014,0
5,160,137,7.685440798397749,0.0013105960352540167,1,1.231893167533259,0.616588554925937,0
5,160,138,5.346226343301088,0.027472869879905167,1,0.8880684519461294,0.7148450582061194,0
5,160,139,4.346053516048416,0.0710992658504224,0,-2.872142960636746,0.24256874014503466,0
5,160,140,5.6250726482490965,0.008661766677972405,1,4.203741305135751,0.08663249321613126,0
5,160,141,3.2927986184859432,0.21110833413493285,0,0.2213188214960056,0.9339377277347798,0
5,160,142,9.014463128096159,1.2689820553475042e-4,1,-2.5043912537854567,0.23258548555801503,0
5,160,143,-0.8819140154243499,0.7229938981888864,0,-2.657644776480001,0.2318593064495091,0
5,160,144,1.902835951310841,0.4591685702830247,0,0.5686766614527357,0.8001652295999198,0
5,160,145,6.293930880366916,0.012988701664101213,1,3.5354782304052024,0.15488152105996827,0
5,160,146,4.442811823087906,0.1060614443583212,0,-2.2989357592689403,0.35094364127580535,0
5,160,147,6.636865614412612,0.006063779948373872,1,3.656166710276628,0.15087932056538084,0
5,160,148,6.376699604071763,0.003422553255897205,1,12.044013545402368,1.9077567125940503e-6,1
5,160,149,-4.249093289428354,0.07136373974440757,0,0.2799308508976161,0.8961868695529029,0
5,160,150,9.13909840662913,1.1130951739789394e-4,1,3.2005215418498456,0.18787944008054105,0
5,160,151,1.3707543693117312,0.5518644739754655,0,1.903513756862115,0.4447519643837272,0
5,160,152,5.350989403571516,0.030142503947620008,1,3.017852274095614,0.1930939277666523,0
5,160,153,3.647405523342693,0.11626955249397,0,2.043704144953032,0.34144011751777226,0
5,160,154,3.559971466189109,0.15490076870424324,0,0.3127209486791557,0.8963785942612119,0
5,160,155,6.191616501528439,0.021140978271006985,1,-0.6466380286502281,0.8009673396555614,0
5,160,156,-0.21355110507841651,0.9272758897593454,0,-2.141894111315255,0.4017429939443835,0
5,160,157,5.204359853867759,0.06124857873516906,0,2.344977683353206,0.2983693868164275,0
5,160,158,1.71360564293212,0.49329044750067164,0,-3.0257291626167695,0.1393192235002769,0
5,160,159,2.2819713851190087,0.3633299544664953,0,2.7674299941625264,0.2914661076773242,0
5,160,160,1.9769833737331877,0.43058096194285245,0,-3.7391622232339214,0.16737631491256408,0
5,160,161,8.65510087428492,5.959734909984354e-5,1,-0.43080507790324,0.8692147170625573,0
5,160,162,10.111026732423472,8.274342156642159e-5,1,-6.198151100004145,0.00997266069715444,1
5,160,163,3.2531254741828235,0.15042838790935928,0,-0.7367309568909971,0.7713758058856885,0
5,160,164,4.85925682526388,0.030698938000400834,1,-0.9662140606550982,0.7119261283976203,0
5,160,165,3.0558961470286947,0.19465941183834837,0,8.158494367668004,8.426005979964672e-4,1
5,160,166,5.016522080402097,0.03160141744918992,1,1.9310962304361925,0.41034225680850445,0
5,160,167,7.231413210724162,0.00364145303483325,1,1.933524999394733,0.4492639592954448,0
5,160,168,7.733331521241692,0.0027697352526144655,1,1.7281387653288995,0.47667876977850243,0
5,160,169,6.059460655635338,0.022888149594238537,1,-2.5431989354990847,0.3729007479339117,0
5,160,170,8.447066449797221,4.650527824617007e-4,1,-0.16856588289908347,0.9475171013134758,0
5,160,171,7.017891256113125,0.006062970169440466,1,-1.0410167693052297,0.6675236304644445,0
5,160,172,1.8773553032845383,0.4331580277217929,0,0.48371799658693926,0.8220506900896917,0
5,160,173,3.2130823194439238,0.17393940981869682,0,0.3179722883668462,0.888230076030478,0
5,160,174,4.684158581397998,0.06518869794116884,0,-6.115306020549968,0.009290036210309572,1
5,160,175,9.230388982528781,5.071504141964144e-4,1,0.9668026962391671,0.661878531190211,0
5,160,176,6.084225997983463,0.022717126366604744,1,-5.037823109795859,0.04085956170857833,1
5,160,177,10.822424748394095,3.64897118554846e-6,1,3.2057209620017084,0.2089266662251769,0
5,160,178,4.342863221192797,0.055470187717360564,0,-2.2195667820818223,0.3879547299664179,0
5,160,179,3.3854644145377155,0.17440202211073713,0,1.5255272030576594,0.5012044062341505,0
5,160,180,2.1445475722350653,0.38854599007147383,0,-0.554642181912331,0.8102077955050853,0
5,160,181,1.0589340298742804,0.6708844818584421,0,-5.10359598415085,0.03831167555528027,1
5,160,182,5.6044463259447275,0.01890827303190363,1,0.6255972614217462,0.8138838975795926,0
5,160,183,9.730856860167181,5.710842015120738e-5,1,-3.8174458103633033,0.11234739722422227,0
5,160,184,5.346707698435355,0.03069506161713805,1,-2.015688398267289,0.41330604659508496,0
5,160,185,4.1042055565575986,0.06147196283166406,0,1.1113752833991433,0.6437153078538518,0
5,160,186,5.790742250303907,0.015722613955059982,1,-3.5480131658058873,0.2009133870734658,0
5,160,187,1.2141225419758976,0.6082551697644318,0,1.9799628973319292,0.44272247549082033,0
5,160,188,5.09258022326419,0.04071616006101973,1,-1.2774393167088356,0.5182153208550907,0
5,160,189,9.763838491021053,6.891851596020035e-5,1,4.551429494789428,0.054643241241284404,0
5,160,190,5.6984814386535225,0.017689622290467017,1,-1.0228028288589073,0.6795676611588954,0
5,160,191,2.8969923346590756,0.24897075311975644,0,0.6535242673823306,0.8038593208163122,0
5,160,192,3.405984227559855,0.14439119471057585,0,-2.594099252086348,0.3104615983696511,0
5,160,193,4.1338398385666295,0.10534499271220348,0,-5.566775997532301,0.030308488964191905,1
5,160,194,3.8312524593243107,0.11388442179756118,0,0.14273397431485718,0.9517214804537695,0
5,160,195,6.498158819891333,0.005329911054445095,1,-1.4645717372871925,0.5794556871370979,0
5,160,196,7.8677902564791236,0.0014252330271935902,1,-2.7309594071624237,0.31750170127769917,0
5,160,197,4.999150162412656,0.03482951278171038,1,-0.08872778165919792,0.9696978057453058,0
5,160,198,-2.0161650238124564,0.4131772825081599,0,0.5594014066507543,0.8219583193018906,0
5,160,199,5.719058807351432,0.011788070454428924,1,2.581864761058728,0.2899516527014289,0
5,160,200,8.41876259149414,4.3296429835116467e-4,1,-2.182065287866106,0.36913846231810477,0
5,160,201,4.947411567689246,0.035822045005071405,1,2.3063648222325552,0.35483754349909347,0
5,160,202,4.847599680749578,0.044652557468625086,1,2.2433838282245033,0.3614333839273446,0
5,160,203,-0.6739309439857708,0.809503652218526,0,0.4086125028311732,0.8636166963478661,0
5,160,204,5.792909354171629,0.017362961223704617,1,1.565453771570921,0.515726423602404,0
5,160,205,9.500645683612037,1.5233735504546016e-4,1,-4.02080853996773,0.0900112618209284,0
5,160,206,8.549003978294731,7.859682358961702e-4,1,0.42747208235643314,0.8722217220954224,0
5,160,207,3.447884156883166,0.13404825752673571,0,-1.7128425550211568,0.42301530836091505,0
5,160,208,12.28881882749059,9.358588128463683e-8,1,-0.9987825486062358,0.6834958954632646,0
5,160,209,8.758014055535435,2.0201553785131776e-4,1,-2.425487803025807,0.2896286340887838,0
5,160,210,1.7653214684705587,0.4934609395700186,0,-0.93772609447885,0.6960404021984645,0
5,160,211,-1.5572658354610172,0.5594338986943023,0,-0.20791702021883118,0.9249013881687005,0
5,160,212,6.739460877329819,0.008213706643347897,1,0.03214894469868976,0.9879819630943103,0
5,160,213,5.341886189213731,0.015117357274551694,1,-0.9345785781896354,0.7231751107572131,0
5,160,214,6.008767389524998,0.013525770916616596,1,-4.071282162362846,0.09199743303800811,0
5,160,215,6.780611000026798,0.0022821267202693413,1,-2.023454396954062,0.38826667678105187,0
5,160,216,4.973234003289534,0.03722971142728305,1,3.4688678378057287,0.14370149373841531,0
5,160,217,0.8274910665106844,0.6922820515394803,0,-5.304268713817439,0.021182214389477202,1
5,160,218,4.402035688032544,0.08219554049150075,0,5.386341812528259,0.020560130966035543,1
5,160,219,8.59644756542201,0.001143671494576013,1,-7.5859734018992455,0.0011451480594220703,1
5,160,220,2.707797953522961,0.227920077739338,0,1.069418179594872,0.6432134516639503,0
5,160,221,-1.2434998893702045,0.6320187695179823,0,2.453047878522455,0.36124676282796064,0
5,160,222,10.589168835184283,2.2183618349107576e-4,1,-5.787076332873827,0.018532528821111203,1
5,160,223,9.043764707320017,2.3604429440319074e-4,1,4.251314798078222,0.06774486157064126,0
5,160,224,8.04851650842962,0.0018794773154715296,1,2.395943545412747,0.3102143533071199,0
5,160,225,-3.482175645196036,0.1423093836223297,0,2.488469677455746,0.29339272357274654,0
5,160,226,9.69879344967535,3.83272843139588e-5,1,-2.979892729435517,0.1857299693700301,0
5,160,227,-0.07156292162607834,0.9744801301195647,0,1.264966710623482,0.6165749185781215,0
5,160,228,6.488043456068772,0.007898691831041658,1,-2.5581055159982253,0.3099103046847988,0
5,160,229,4.547948484500979,0.07517845407415373,0,-4.549996684415743,0.07513135303934013,0
5,160,230,3.3404110721053812,0.17651023772811666,0,3.10548183728402,0.19393607827896925,0
5,160,231,3.4610160571578734,0.18278090077808445,0,4.123304121817929,0.07604837998458897,0
5,160,232,4.962123703435513,0.026545305375514416,1,-3.8516238600925603,0.14729505529240808,0
5,160,233,3.292689309667893,0.19224566804088247,0,-0.9437264147781659,0.6908819652402591,0
5,160,234,0.7182590195325841,0.7656733064040744,0,1.2112621603078506,0.6066909799085904,0
5,160,235,4.03474805292829,0.08782110466014448,0,2.659210493267403,0.25343893109690085,0
5,160,236,4.613058168000139,0.06448583615118837,0,0.9647458137695022,0.6892720496198087,0
5,160,237,0.8947134854736533,0.7295031710752456,0,-0.11935716009907037,0.9633278016296354,0
5,160,238,7.573983345866043,0.0010681989179808983,1,4.785198830953742,0.03186973111517665,1
5,160,239,3.8456949517924106,0.09358303642915487,0,1.6155118197868288,0.539637842656606,0
5,160,240,5.198642919530455,0.016533457424943127,1,1.0979269003590233,0.6529358297827054,0
5,160,241,1.758560384878268,0.44786087668892305,0,2.216577602754259,0.3064402012611024,0
5,160,242,4.39744368647952,0.09157080448398601,0,3.406023717702836,0.21576149108058088,0
5,160,243,7.994407520949569,3.0395753913629685e-4,1,6.639274578954773,0.01481332666056246,1
5,160,244,4.023511408363337,0.06903246493907614,0,3.359225239066008,0.12276748591472694,0
5,160,245,2.112782821155293,0.3642219192731597,0,-2.0935460093163663,0.3953493517308283,0
5,160,246,3.770426448831063,0.08748561180972762,0,9.782067417716013,2.3374808921219014e-4,1
5,160,247,6.581508095155362,0.001661682446828442,1,-1.9145661261414044,0.3945510335490193,0
5,160,248,10.935178746183697,3.354566992588975e-5,1,2.846452762345848,0.2087942179293985,0
5,160,249,-2.708901171924916,0.2308328672902843,0,-2.271444023187648,0.30157118208333555,0
5,160,250,8.006826522542987,0.0021584953362912755,1,-3.363700650820807,0.2052290295716836,0
5,160,251,-2.3101620061161428,0.36422720931529484,0,1.9405861962847077,0.42600913941438223,0
5,160,252,6.489632145133108,0.005578952258245656,1,5.250637244329269,0.034402380956768515,1
5,160,253,-0.20623595436066372,0.934314491432177,0,0.45383103625096527,0.8610911215840333,0
5,160,254,5.373239440521775,0.032613577400692664,1,-3.427262555578591,0.14926209311396066,0
5,160,255,5.951840758804965,0.009438787753537074,1,6.472422237095465,0.019534559750264305,1
5,160,256,4.683052860676568,0.05023392876151892,0,-9.843837349694942,8.070916034810825e-5,1
5,160,257,1.011923904999404,0.6970167665950662,0,1.8432145450490973,0.48404578179883107,0
5,160,258,2.2820873758872833,0.27242983080537475,0,3.7745040678074364,0.14044803777060838,0
5,160,259,5.515452054384977,0.02865984405194368,1,-4.525981175149681,0.0622009958696053,0
5,160,260,6.925969401217319,0.003904071295038006,1,2.1629189180543262,0.4280504892800121,0
5,160,261,4.247461844209171,0.06462465579123403,0,-1.0091746628389913,0.6469012499987649,0
5,160,262,1.7745153932523885,0.48978828440552025,0,6.1145628953868645,0.007022620615496672,1
5,160,263,6.406506348582087,0.00740212133620271,1,-2.516071946629978,0.29491838956047184,0
5,160,264,8.184419008952169,0.0011115142441127982,1,1.9765230954947863,0.40226415205941213,0
5,160,265,9.643402344932863,1.2195458487798365e-5,1,-3.1327387163322973,0.21208976689005216,0
5,160,266,5.726013410134832,0.011039981576816293,1,4.4467032999665115,0.052021218388033065,0
5,160,267,0.8285102006886267,0.7350877490326931,0,1.9441459475365404,0.47179538771375773,0
5,160,268,3.7854380364446416,0.10568594105835909,0,-1.8486522752176269,0.4446061010229152,0
5,160,269,2.6940781552089956,0.29107657562566236,0,-0.13929591857741172,0.9539698850619722,0
5,160,270,2.9329604630214776,0.20404542855081273,0,-2.634252681128682,0.2367931025320977,0
5,160,271,6.730421445106482,0.010142535969489814,1,3.227605714497266,0.13736154775099635,0
5,160,272,4.911861802017036,0.04875289214172137,1,-1.4281722566896782,0.489641243505877,0
5,160,273,10.175957979268691,1.2624916527702158e-4,1,1.5806371878576189,0.489745875154996,0
5,160,274,11.375494859229502,8.83153713771765e-8,1,-1.8769736772856866,0.41114426998224773,0
5,160,275,5.795972350416045,0.020615009857096408,1,1.4269873509658824,0.5480420860039315,0
5,160,276,5.734656646878878,0.017747217993088166,1,1.983175322716817,0.4517775281367771,0
5,160,277,5.908115306469433,0.006957158577712381,1,1.0669394430157912,0.680224312584976,0
5,160,278,3.6744468930013583,0.10917817333936125,0,-2.985536214450413,0.21254340735454075,0
5,160,279,1.564244024005628,0.5143015302100664,0,-5.356650928683426,0.028977019401431034,1
5,160,280,5.313574949178374,0.024171748696781726,1,1.5746107942878247,0.4792870219766705,0
5,160,281,6.913869877994975,0.008524965461004206,1,-2.136263897600607,0.3701741367873481,0
5,160,282,-0.1444339078880061,0.9544539796959342,0,4.656983534894033,0.05248640807265584,0
5,160,283,7.783856661875845,0.002237909327078202,1,0.7548641534986532,0.7827519786862027,0
5,160,284,-0.8800206423896391,0.7102608427249584,0,2.895199256795748,0.20474732755230002,0
5,160,285,6.876571263709785,0.0027509906815693513,1,-2.2577080856610934,0.3962690260384517,0
5,160,286,5.7933149442703815,0.02668272885236912,1,1.4790253892240697,0.5654601781297987,0
5,160,287,6.111062323620713,0.012731595562293791,1,0.019138084022185465,0.9938872643446406,0
5,160,288,4.62655417012012,0.09319374456096094,0,-1.1224884265158817,0.633857735467899,0
5,160,289,0.1042890398419549,0.96587347411266955,0,-6.783071074093906,0.009756134017731405,1
5,160,290,8.410284013263974,0.00101442678116365,1,-0.6741419506679405,0.7864389705756134,0
5,160,291,4.300552828634544,0.0718474021953012,0,6.858458197811681,0.0010766214304701606,1
5,160,292,6.532699229896865,0.007128141956070179,1,-2.2050917915418835,0.31430873756832056,0
5,160,293,14.73580338541028,7.819826486261813e-9,1,-1.6082392082434864,0.533657830833856,0
5,160,294,6.570952728093234,0.005210632434866103,1,7.63538787422979,0.0020237315179127005,1
5,160,295,1.811813116217967,0.4772879190014929,0,-5.053345891953355,0.0451773954208571,1
5,160,296,4.487295616647874,0.05698488380486379,0,2.2793247780131125,0.34167751767477195,0
5,160,297,5.949657313484425,0.010856657731238324,1,-2.209177038172974,0.3599511755486644,0
5,160,298,0.4236705701245855,0.857606902458492,0,-0.07488410883514182,0.9749692014678666,0
5,160,299,2.7178691929630654,0.24634460846268877,0,-8.2562497003624,4.8725949214666747e-4,1
5,160,300,3.2472380838169546,0.18178985531639055,0,-1.96124978102254,0.4138458773139353,0
5,160,301,8.623046991260228,0.0011394436802218638,1,0.41893473377492135,0.8607257957703816,0
5,160,302,2.55722394405962,0.2963694065805107,0,0.8948832133879352,0.7428851010872006,0
5,160,303,6.688558112416995,0.0029923361812024644,1,1.8207095784162823,0.46855013334200135,0
5,160,304,3.169732280280675,0.19590212518350075,0,2.7164494116644264,0.28163173148662246,0
5,160,305,1.3041135390348708,0.6062509215415239,0,6.4525500524049235,0.0033462185375700633,1
5,160,306,10.436774648172491,7.026641880108273e-5,1,4.269350303094553,0.1014203199805837,0
5,160,307,7.474737424447328,0.003759226434654607,1,2.799919113191923,0.301634939549196,0
5,160,308,2.988411576901921,0.24835147799286988,0,-4.650737755518044,0.048449042222737125,1
5,160,309,5.0464021430502335,0.017940898410516697,1,3.7289098394228057,0.14210878071444485,0
5,160,310,5.979530586076504,0.013611710482884043,1,1.2554602771010095,0.6365674595466273,0
5,160,311,5.607483571472202,0.029841491370143188,1,-0.11360162141430126,0.9614967239522554,0
5,160,312,8.246878487666072,4.0315731920661423e-4,1,5.861277102931469,0.010115973220119966,1
5,160,313,4.0262036958160845,0.11695519741439234,0,-4.186257544277183,0.06945355048104733,0
5,160,314,-0.8374453095298617,0.7306575440540144,0,-3.5136633547486804,0.15030261597575686,0
5,160,315,7.168828295279055,0.002027402095761953,1,-1.9468432370190922,0.41545881409502294,0
5,160,316,10.513502665376887,1.1371659075858686e-4,1,5.8568045963696,0.022346496081865633,1
5,160,317,-1.3110220555012921,0.5947171814219603,0,-2.238169510280387,0.33998093301369514,0
5,160,318,7.669528925511508,0.003441157292032999,1,3.715488179813733,0.1595279234538927,0
5,160,319,-0.6705313652764306,0.777427040397066,0,0.1173542965383547,0.9555796470608613,0
5,160,320,6.631074080135434,0.0061227416426381,1,-2.0192243250650015,0.3904495783160169,0
5,160,321,-0.43719012570697663,0.857756569339001,0,7.965832678341437,0.002058237126358345,1
5,160,322,6.9197129692809565,0.0070661993552118265,1,0.22910175237036695,0.9157198597137293,0
5,160,323,1.6671965870177936,0.48763123108331685,0,-2.8100124411562146,0.18400832892487343,0
5,160,324,3.3237866316210654,0.1534793766297779,0,-3.858965144363131,0.07139577925533401,0
5,160,325,7.144605650253619,0.0019732153192551596,1,4.602535018067352,0.05087657006439263,0
5,160,326,1.565108239830077,0.457677646626233,0,1.0058104937754209,0.6930635838544432,0
5,160,327,8.876104717676101,2.169153440096737e-4,1,2.3036718196322257,0.34784057226324483,0
5,160,328,5.962718284053219,0.006090933063078447,1,-1.621928530046533,0.5796952254313704,0
5,160,329,10.973447958563465,7.758016942408477e-6,1,-4.0823890834034176,0.07995768651691804,0
5,160,330,6.608681809451718,0.01110530900564863,1,-3.170487193501597,0.22039818492859037,0
5,160,331,7.281891705698163,0.0043622505519389995,1,-4.3427526232502744,0.07381308249653028,0
5,160,332,5.332822922431646,0.02261398418714189,1,-4.772609736299042,0.036170351819137636,1
5,160,333,9.327094537284829,8.818022957342838e-5,1,0.49503846742749835,0.8449320042020625,0
5,160,334,8.816697742018578,3.0049477526841213e-4,1,0.2889182871582502,0.8946047782812279,0
5,160,335,8.640142966807355,1.889077972399387e-4,1,-2.715432673299485,0.2758554216581727,0
5,160,336,-1.803166009758913,0.4485127902301098,0,-5.753218110942859,0.010978342504126049,1
5,160,337,6.989491877998317,0.00568976873945879,1,-1.0080647043237583,0.6916710726165682,0
5,160,338,3.9799512455975035,0.09118661290759257,0,-1.832428097459421,0.47765492279815713,0
5,160,339,6.671145297132187,0.002797042355197961,1,-1.8343491396477039,0.4257073812877914,0
5,160,340,0.6434764808518819,0.7904615881555548,0,-0.2971397103870298,0.8950202455573522,0
5,160,341,6.435662118668469,0.007510374649667257,1,-2.1859715701618945,0.36009303302068474,0
5,160,342,0.5698075960893219,0.8365034561570168,0,-1.5009168464094742,0.5225837163577876,0
5,160,343,5.737257937895687,0.0323750265371329,1,4.47561899661233,0.10149952818884675,0
5,160,344,3.7565509415215885,0.1146243827757283,0,-1.8927711441085011,0.46814258448664436,0
5,160,345,9.887465382373204,1.3664758700417538e-4,1,-0.7547321464831441,0.7413561884592297,0
5,160,346,6.3685243778416245,0.00811394674901497,1,-6.846868858529742,0.008629174473832548,1
5,160,347,4.169491652292527,0.1125458942688352,0,6.029917061745466,0.006200178533692495,1
5,160,348,3.6777355535953866,0.1736241638953491,0,-6.35928256448064,0.004736927661388632,1
5,160,349,7.176033391596797,0.006131835095541452,1,-3.4776522746556724,0.18198148478646636,0
5,160,350,1.984453647101358,0.46683727680185805,0,2.018889893451336,0.3964516237599792,0
5,160,351,6.111208940485199,0.015573121353015678,1,-4.289918482930706,0.09996008370620746,0
5,160,352,4.167494087356652,0.10063100615714951,0,1.2424726935906294,0.5956365226525933,0
5,160,353,2.340168519628309,0.2944421593941132,0,0.4864125286827067,0.8423938980557968,0
5,160,354,6.597801935119543,0.004787368354847747,1,-3.350248671056204,0.12037791320505964,0
5,160,355,10.713601797904907,1.4932486818543148e-5,1,-1.8899294730620864,0.46137957199942614,0
5,160,356,3.783112437563058,0.1535058115727986,0,2.1536670298567446,0.30786658490111296,0
5,160,357,1.8127038450721475,0.5090054957686937,0,2.9596910040448114,0.2335780144417562,0
5,160,358,6.802703094871803,0.004041068517385308,1,-3.8438299698754568,0.08896740657901438,0
5,160,359,0.5558264329805158,0.8160582414063723,0,-1.6261037541022214,0.5190920181832512,0
5,160,360,3.630596340997443,0.1331509028205228,0,4.735111428534122,0.08171502544515666,0
5,160,361,2.14137586828228,0.3844938984152535,0,7.8254180330487815,4.388354694253733e-4,1
5,160,362,3.8841009859836713,0.11021735334438772,0,4.821993326498086,0.036848918526804726,1
5,160,363,4.130049971640139,0.08162147471238224,0,2.259541716183484,0.3003738981110705,0
5,160,364,4.425545201315983,0.10983265155283528,0,-0.11870804673065467,0.9634083089260861,0
5,160,365,11.2227422415805,4.112688368474734e-5,1,-2.0412302287893986,0.37647663130968534,0
5,160,366,0.22954039448855545,0.9296478338539423,0,-2.1494725228971094,0.3530838852362135,0
5,160,367,3.4789707296265804,0.1580388347356581,0,2.32808097288378,0.30934920747602335,0
5,160,368,4.7797400087703394,0.05957702141111836,0,-4.080202749277362,0.09465793418730618,0
5,160,369,10.952633036549777,1.2734073552681226e-5,1,-5.141546819766598,0.017362998879149914,1
5,160,370,5.270043382111706,0.026214669605341693,1,-1.7313502451280545,0.45272989403454755,0
5,160,371,6.138063269130215,0.027186279970103356,1,-0.39905089250766995,0.8505581494730464,0
5,160,372,12.862264958450186,3.5063803416042014e-7,1,2.574646266975287,0.26386918716953983,0
5,160,373,2.433286521139255,0.3339719939302618,0,-0.9181876041315993,0.726259196184764,0
5,160,374,5.198741078957285,0.05002878858236827,0,3.3035015974160715,0.13356687008831178,0
5,160,375,6.219009803979075,0.008172537870672927,1,0.8124795067425343,0.7104408044173289,0
5,160,376,4.465112264693521,0.06284185028809658,0,6.011795283833773,0.023375627760271057,1
5,160,377,3.0187668902978446,0.2144603240395964,0,-1.8396344886533857,0.4320563011377483,0
5,160,378,1.2461513591410245,0.5708059132889611,0,0.47484506745291666,0.8498113681015276,0
5,160,379,3.791705521355969,0.09619770285540145,0,-0.34078799883480915,0.9007609363799872,0
5,160,380,5.4805881943652315,0.035731740586874845,1,2.4897080814591948,0.27156003270207196,0
5,160,381,4.108926054662706,0.09583651232214627,0,-2.1606398003807588,0.3780874994235941,0
5,160,382,6.506457807204639,0.010044498698445902,1,-4.263814767164477,0.0580226025807301,0
5,160,383,4.37558415909378,0.08513235986767705,0,-7.215535372080304,0.0036255185431027,1
5,160,384,5.502680487020721,0.031160821117952917,1,-7.069523677444955,0.00290605788626834,1
5,160,385,4.3622717867212755,0.07795172719744967,0,-5.558886843911573,0.005977392567875718,1
5,160,386,1.771681741209789,0.43078178942853873,0,5.038292371366169,0.03901224834230884,1
5,160,387,-1.0090223045942488,0.6685216111038623,0,-0.9585231814114752,0.6984519373947498,0
5,160,388,1.6471794052530138,0.4954597045308191,0,-3.8327085234253344,0.11475398174785996,0
5,160,389,5.925239079134767,0.016421438907662296,1,-1.2991650673534734,0.598465111869527,0
5,160,390,1.9403140912300234,0.4886752200298694,0,3.2091876777456756,0.179767939228198,0
5,160,391,10.560573756216986,7.556668736036711e-5,1,3.5342071666591086,0.1614925899670317,0
5,160,392,1.135584545019826,0.6379203691105423,0,-1.6261142944879072,0.5117534217437376,0
5,160,393,4.535079097355355,0.03966173339794651,1,1.776283449491523,0.4150866603372665,0
5,160,394,0.10499999696316811,0.9636220835736009,0,1.1362992649347703,0.6552927579729022,0
5,160,395,9.304356829213955,2.594423825238722e-4,1,5.598753881497463,0.030035540292301186,1
5,160,396,5.586986138622689,0.03288746774645725,1,3.5030633992172215,0.1331110510097195,0
5,160,397,11.924722588458168,9.176271316425517e-6,1,-0.026738779963679748,0.9898413201277927,0
5,160,398,3.0308406715880136,0.26616970948797536,0,-1.3915844385901044,0.5746800121782034,0
5,160,399,6.145212740913958,0.010343709539479903,1,-4.322886777398639,0.09301627416523066,0
5,160,400,8.574735632968514,4.4087859806105095e-4,1,-3.4819588776735557,0.13746576709842945,0
5,160,401,1.8934163745213404,0.4226971395581103,0,0.7138312551084448,0.7549810166951995,0
5,160,402,4.039371297713471,0.06350728708473365,0,-3.3851575858442677,0.15237431477939628,0
5,160,403,-2.686871712965323,0.315930239108212,0,-2.855993505397256,0.2195971292993308,0
5,160,404,7.027103181542566,0.0012693160362854245,1,0.10634668916402011,0.9628940890486115,0
5,160,405,10.004554587171011,7.557015391321913e-5,1,-3.437814955551241,0.1883840692263263,0
5,160,406,3.5190188705319154,0.17805544293111328,0,-6.1392740810077875,0.012113833504804033,1
5,160,407,10.933909988539707,1.557691694799195e-6,1,3.0250249687800643,0.21195552715437876,0
5,160,408,8.262037499897419,1.7890631347632823e-4,1,2.817122612579734,0.22663473705443907,0
5,160,409,2.334129467560487,0.3255744894780841,0,1.455002119537845,0.5643746675685251,0
5,160,410,6.941151951640789,0.003104720531840656,1,-3.8476010982508773,0.07565320323647134,0
5,160,411,1.9041393308056584,0.41543063997539376,0,2.0772899342680433,0.3515733603384237,0
5,160,412,7.147069340984235,0.003927882058593364,1,0.5714728595007685,0.8091265334722368,0
5,160,413,5.3877851924200595,0.03298050711502621,1,-1.0775263092696374,0.692738014599835,0
5,160,414,3.7215833376489784,0.20075107730148614,0,3.911026557595192,0.0937598111259282,0
5,160,415,7.582868474958035,0.003262209897927512,1,3.9295826431201797,0.12727593568257314,0
5,160,416,3.26559655480929,0.19992411310386546,0,6.984014156032592,0.012148870071918371,1
5,160,417,11.48719534797405,7.041741925366125e-8,1,3.4598328477439884,0.1505973764435318,0
5,160,418,0.28761653189885344,0.9009227015623464,0,-0.06979740082597169,0.9777919169208775,0
5,160,419,3.1860629516176138,0.19228267216026804,0,-1.5911709386230832,0.5404174309791294,0
5,160,420,4.611462469450035,0.06046179129280856,0,-3.9757241994568804,0.11742061798809632,0
5,160,421,1.6176841578915762,0.46101876251554463,0,-1.714632074513414,0.5305262754953379,0
5,160,422,7.935963994813035,8.294659953131529e-4,1,-2.139914149875028,0.39058472599907,0
5,160,423,4.774224295537707,0.06407326519650673,0,1.2196182163546387,0.6755962123046799,0
5,160,424,3.002245182099735,0.1952997208193347,0,-4.439482157748379,0.10344387922980473,0
5,160,425,7.050046051601143,0.0017273188496324996,1,0.972687576869233,0.6971325406459297,0
5,160,426,6.5598841513680375,0.0010794833736329946,1,-4.615426196364151,0.08362610382475373,0
5,160,427,1.2634720111815154,0.5966787637338954,0,1.2545070729719776,0.5747726417845542,0
5,160,428,5.833569049441486,0.013987177300395073,1,-0.46815403183805376,0.8486138219590627,0
5,160,429,12.51346037628253,7.045874816261605e-7,1,-1.1124599898439675,0.6691312168025545,0
5,160,430,2.585042047939422,0.2426596391104316,0,1.491209387810174,0.5587097999763224,0
5,160,431,3.2003065803322337,0.1514920249716858,0,-4.116716959512796,0.08165567998745564,0
5,160,432,6.4688664264640465,0.004606666355958682,1,-2.823702860009485,0.3367026745390992,0
5,160,433,8.20546627235324,8.647290273645775e-4,1,0.24904595873320737,0.9132426045981632,0
5,160,434,6.323982646334927,0.006961173666283105,1,0.5746185154086125,0.8058017831814532,0
5,160,435,6.671671489369219,0.0021955275890709718,1,-8.442716273440379,0.0012335002194299757,1
5,160,436,-0.2970047302742428,0.8946294229996179,0,-0.2564194505692587,0.9153467540836624,0
5,160,437,0.8422722292282553,0.7263012023498652,0,-0.5931583388285063,0.8101222725166756,0
5,160,438,13.799870847078834,3.0826675471568065e-8,1,1.208693517930444,0.64737094336374,0
5,160,439,6.565893593362546,0.008055400918176893,1,4.811220910934509,0.056673612737873295,0
5,160,440,5.590830751339401,0.04158928455001285,1,4.958441552592143,0.03301330062090617,1
5,160,441,3.1514783090731857,0.20064405942516553,0,-0.002627471510548796,0.9989783819224678,0
5,160,442,7.648715976983873,0.0016705953314698607,1,-3.784869597793502,0.09959126586699311,0
5,160,443,8.63631383663126,0.001322808350959395,1,-0.5107196108636284,0.8332650254402528,0
5,160,444,9.829258352872435,1.221369686588143e-4,1,-2.9352263732579704,0.26315061667402706,0
5,160,445,3.1960278701912013,0.21546506328161513,0,5.053996062261733,0.046098314415277106,1
5,160,446,12.270632318527433,3.4455148387117085e-6,1,-3.82089461833119,0.1553097374405962,0
5,160,447,-0.13466292558838983,0.9530637730261133,0,-0.2632356198112197,0.9226469221159388,0
5,160,448,8.249474751283804,2.374105444532365e-4,1,4.220710886104385,0.05567441041102615,0
5,160,449,0.5901438583633488,0.801650183717243,0,-1.3113768593767663,0.6077604896573545,0
5,160,450,4.575049927765683,0.09041255477502047,0,-1.456731089637888,0.568686631417115,0
5,160,451,6.147789236728185,0.015311494493101142,1,2.5510048135479813,0.32922736925239626,0
5,160,452,7.527734851798735,0.0020461703502731477,1,-5.802569586200362,0.017849333033519287,1
5,160,453,7.793546360056308,0.001925351189664289,1,-8.208979857870835,0.002696407930724604,1
5,160,454,7.167622813310619,0.0017669262181858178,1,3.7420687381149254,0.126959056825168,0
5,160,455,4.1185986466456335,0.04970016877095714,1,2.8612692879778527,0.28041828274400443,0
5,160,456,7.946216414473225,0.0010076292634304967,1,1.9746416490871035,0.4633953035961327,0
5,160,457,5.366419974167108,0.026472818470021198,1,-0.24160249745265044,0.9170434875587973,0
5,160,458,7.078039498204582,0.009522865963427838,1,-5.572633826632847,0.016056114724583702,1
5,160,459,7.724520989240291,0.0013980961192913996,1,3.8152915487943213,0.15098757669808954,0
5,160,460,3.117558343369755,0.18997399477142454,0,-3.1540349695832712,0.21323190044889417,0
5,160,461,6.500041966286293,0.010546812096993454,1,-5.691549192822014,0.021211103235615435,1
5,160,462,4.842581815436678,0.05003515677651874,0,-1.7057496025459702,0.5030972662257536,0
5,160,463,8.172055376448812,3.722154770419336e-4,1,-6.853038962182068,0.007520246969190498,1
5,160,464,5.8025855789676335,0.00991372579955078,1,-2.0999268565728695,0.3895680533437922,0
5,160,465,5.146336105056376,0.0325002371247763,1,0.6323029592942362,0.7634739376252416,0
5,160,466,-0.9184797742102977,0.6891653825311199,0,-0.17490636049056732,0.9447877818774324,0
5,160,467,2.154850680901233,0.36522846785600316,0,1.6275410132027974,0.49685263960363735,0
5,160,468,3.833656318272481,0.1189840860817184,0,2.729514866446574,0.2257371716552694,0
5,160,469,4.241174892770639,0.10890583662141601,0,-4.090651750486666,0.08851586721879211,0
5,160,470,8.20241782423268,4.56276370405818e-4,1,0.011731187220105693,0.9959955180127577,0
5,160,471,-1.4445841686095664,0.5426858986142012,0,-4.346705529049609,0.06576030331248446,0
5,160,472,5.941431861447872,0.01888401718560468,1,0.043559105818141416,0.9836843820198954,0
5,160,473,7.78523479907321,0.0022628291917177975,1,-3.0319780484681105,0.2519540861060961,0
5,160,474,7.30647659389,0.001080825310138485,1,-0.817813204501632,0.7453128188719873,0
5,160,475,6.119026856327449,0.009291773691664472,1,3.498630170047988,0.17517467058820074,0
5,160,476,3.681880174591767,0.10271461781734768,0,-2.397865646668726,0.30403612301506105,0
5,160,477,4.340742415396932,0.09155796641218264,0,-7.854952634979791,0.0013846116406731734,1
5,160,478,4.8475054475778725,0.03381839692444946,1,-2.9976059522357823,0.2212498087154718,0
5,160,479,6.169229237831344,0.006169354178811708,1,-5.082507225950618,0.04170343177398093,1
5,160,480,4.724595884802276,0.062499185971008675,0,1.2262941115044406,0.6030693704772088,0
5,160,481,4.632468639045787,0.04580061582043847,1,3.9979364207360257,0.14028287727265318,0
5,160,482,2.5705326132833783,0.26918017641888403,0,2.0265360706074405,0.41623028045720767,0
5,160,483,7.754831561563113,0.00224923667769554,1,0.5191903811955917,0.8294848181322727,0
5,160,484,11.022751275772148,9.740382925555353e-6,1,-2.0647144839837797,0.3411069151669527,0
5,160,485,7.017705304251935,0.004625852324161186,1,-2.3099932698810464,0.37021821487673323,0
5,160,486,6.148560476148286,0.009433926607166439,1,-1.615967819942499,0.5223047003301815,0
5,160,487,2.517565281338013,0.31663480315968445,0,-3.0244696904716784,0.18564541722830277,0
5,160,488,1.6583878539344525,0.4526231708245997,0,-1.8354050436816314,0.44545350665750916,0
5,160,489,3.6279150652879157,0.09047779001471659,0,3.0095557955592307,0.2338637996293571,0
5,160,490,5.929373216026493,0.025403797519947882,1,0.6044579767468505,0.81031067187263806,0
5,160,491,-0.9570815487270306,0.7149918855500688,0,3.6651355758061377,0.09786279667713409,0
5,160,492,4.746790239858263,0.06216441572687461,0,-1.3458688812917752,0.5811712151873942,0
5,160,493,4.617048371493301,0.0662770695415419,0,-1.1083669744888136,0.6223611928659678,0
5,160,494,4.698464107161824,0.0593040436223448,0,-1.8804671533033452,0.412988736596304,0
5,160,495,6.890876790070008,0.0015154013509640302,1,-3.325109470174049,0.16767136774548036,0
5,160,496,2.5485477364565834,0.28712114483759427,0,1.9207203819179717,0.41770190537909746,0
5,160,497,4.605420752021805,0.032216052812940085,1,-4.51483655607383,0.06416762759549846,0
5,160,498,4.670062430953717,0.06381070632794343,0,-2.887673194463326,0.2283916439516715,0
5,160,499,6.415063987785849,0.007702535533018698,1,-0.23055888539246921,0.9233359247899064,0
5,160,500,5.27422009637936,0.037573379447825454,1,0.520761294990416,0.8378985065152663,0
5,160,501,1.656766206651175,0.5090589554527828,0,-3.5261656153393397,0.12177164962757446,0
5,160,502,3.5833907158111606,0.11807773098057552,0,-2.0841474074702186,0.4131990336104302,0
5,160,503,7.056050273797021,0.0032352350300289155,1,0.0853355233270708,0.9683546078473695,0
5,160,504,15.312672937906315,6.6758197096221e-9,1,3.8775289942493956,0.0941609997002716,0
5,160,505,4.941688240309846,0.028386581005505323,1,-3.231092818365071,0.2152619355068565,0
5,160,506,2.7711669527287377,0.24471930144249313,0,1.835419313813132,0.44577277477655197,0
5,160,507,5.759553340089782,0.018579111200808348,1,0.8075548608197004,0.7553935633193948,0
5,160,508,0.7266539908290075,0.7746382517278319,0,6.934608882919836,0.004891876916069967,1
5,160,509,6.1540954260711,0.014857567660985822,1,-3.057124139262657,0.1820469430165591,0
5,160,510,5.958896025399534,0.021033741402741925,1,-2.886693638519888,0.23540912166203812,0
5,160,511,11.02996878373076,2.893973888820438e-6,1,4.672799488055956,0.04146469357239574,1
5,160,512,3.4322777383167176,0.12572768100625084,0,-8.244959793156012,0.002894009325360883,1
5,160,513,-0.4737467818492775,0.8557789638203551,0,-5.9327295301484,0.003416758583566928,1
5,160,514,2.9489541541966444,0.24230978021814958,0,-4.80191859496952,0.03685711285821201,1
5,160,515,4.602554993592277,0.05396631195322148,0,1.9899925148763207,0.4682328425724529,0
5,160,516,4.4352395153818955,0.07950578688287435,0,-0.2679641900904088,0.9132355944892645,0
5,160,517,2.078221579193805,0.414259490191345,0,1.3934070904656266,0.6044034190627938,0
5,160,518,4.485447831247721,0.054002172252164596,0,-5.385633411010652,0.027508597786369257,1
5,160,519,9.679218353485878,2.1788999287463248e-5,1,3.7599849339939833,0.11649161894642017,0
5,160,520,6.80341487720994,0.0032636955661242027,1,-1.3997284458892294,0.5430280804200889,0
5,160,521,10.152452013419703,4.576894036574938e-5,1,-2.0973160331479437,0.3858900747014228,0
5,160,522,2.757933780100294,0.35131298502713515,0,3.9626957205637003,0.13102067042764884,0
5,160,523,0.8890859392356769,0.6932923666071156,0,-1.5612165922708088,0.5091005333765881,0
5,160,524,-0.5308205479024152,0.8163379012852673,0,-1.691862193245512,0.5096876506355996,0
5,160,525,3.348831068804181,0.18365450619834164,0,1.9321650568945072,0.39154312355634113,0
5,160,526,6.153543521554398,0.00814986839323442,1,2.414214781372593,0.34942479487414546,0
5,160,527,1.7787474098059528,0.4259632402845187,0,-2.509908236352717,0.29979563327719305,0
5,160,528,3.366400392986683,0.14233414887959736,0,-0.6936155621147595,0.7811745068782864,0
5,160,529,4.751211816675821,0.019889714123009997,1,3.4848504880479885,0.14456447524213403,0
5,160,530,5.888364062310992,0.0348280127529427,1,-3.403620170604966,0.17405362583804687,0
5,160,531,1.4888245673582345,0.5368073850087718,0,5.7056567330495565,0.017902720768808368,1
5,160,532,0.860412755169255,0.7045319475906243,0,2.816179453298722,0.24839395123721755,0
5,160,533,3.9435297918689587,0.07281804920609827,0,-4.8828229485942245,0.048236105587042416,1
5,160,534,11.529195604798574,2.038559431009686e-5,1,1.4558247778383084,0.5748865692994374,0
5,160,535,9.374304358209029,4.57367439124411e-4,1,-5.543807513274496,0.029191942900045013,1
5,160,536,1.2386645294981349,0.6424124453725827,0,-4.669651256025333,0.06978919742054338,0
5,160,537,4.94874975564227,0.030973315390923854,1,-1.9421115167753067,0.40775186157025123,0
5,160,538,8.385602487089121,9.280472779595517e-4,1,1.2748729128031278,0.5848512258278551,0
5,160,539,1.6962285870426939,0.4612824867853895,0,3.0142810857336837,0.1870663584384923,0
5,160,540,2.6348397567876316,0.19093188371630507,0,1.6384693762615972,0.5459074993315399,0
5,160,541,4.910156394221263,0.03483821981306224,1,-2.604557786564491,0.28224390005876077,0
5,160,542,4.570873801306708,0.10287009125081355,0,0.0187475325823774,0.9925102323375519,0
5,160,543,7.269517984662088,0.005452473213228446,1,-5.042675800250746,0.04136174229245886,1
5,160,544,2.4812119264989,0.288899723832248,0,-5.3229714732077005,0.024861776810387138,1
5,160,545,4.119405569606244,0.10284848901433581,0,-1.2451186211579284,0.6106272014028535,0
5,160,546,0.8841782544480946,0.7020144398074196,0,-0.09768053867066812,0.9717037980606679,0
5,160,547,7.371174390553793,0.0028530375646046587,1,-0.6225340592345743,0.8036152615229888,0
5,160,548,5.530014792283285,0.018798720135112336,1,-8.036048206221823,2.548166142272934e-4,1
5,160,549,8.878604110667897,4.174118462480146e-4,1,-4.553582978297327,0.044501269123161775,1
5,160,550,-0.3707648844743153,0.8722377269336471,0,-0.626503920786983,0.7940901630759267,0
5,160,551,7.319628990717352,0.00540762646109546,1,2.9733084265489165,0.22251228329366526,0
5,160,552,6.4816223244444995,0.007971510603181603,1,2.909340462912554,0.2844607761661247,0
5,160,553,10.088805012571797,3.432034479306574e-5,1,0.5639097189538197,0.8198134746958883,0
5,160,554,0.8343195853657915,0.7209991770027497,0,-2.784736102215315,0.17472680714835476,0
5,160,555,4.393648996918796,0.08662515040022027,0,4.579303190191728,0.0796637874931158,0
5,160,556,5.3720230927663835,0.02677669914986733,1,1.526116091902788,0.507627499197724,0
5,160,557,1.1282337865242131,0.6559931462223944,0,5.217688575548687,0.030234256532384894,1
5,160,558,6.730706192082452,0.0026491682375089495,1,-1.4344004386358051,0.5609479372630548,0
5,160,559,4.064737437942834,0.09530062437580167,0,-1.9340212252179565,0.41367408329590105,0
5,160,560,7.824964125257632,0.007738432752890751,1,-1.5958665479402656,0.5297500493678753,0
5,160,561,7.6723911104184195,0.001129294080117247,1,-2.7396415612397953,0.2335524272307827,0
5,160,562,4.9928263251563845,0.02652384904569036,1,1.0177935443910513,0.635643819631794,0
5,160,563,3.7126244788354175,0.12854307247667557,0,0.8542825954944061,0.7343677195607081,0
5,160,564,10.364301529169627,4.78304342705263e-5,1,-2.6122294096426164,0.2757837006587124,0
5,160,565,-2.902364233911739,0.2945223591194505,0,-1.308113933779106,0.5968134847267537,0
5,160,566,2.4820905357156415,0.3397714974466918,0,5.29968125217346,0.01903303153612294,1
5,160,567,1.7121960575537356,0.4601105562268134,0,-5.954239866022337,0.006708248182736517,1
5,160,568,-0.9590083476894383,0.7048543758256287,0,-1.7105436171182806,0.43349785473926916,0
5,160,569,2.8333323848965613,0.21773897469657785,0,-1.9585287375161466,0.3842710388103162,0
5,160,570,5.8017471600037736,0.009468861026419778,1,4.485819693610679,0.053634602081502815,0
5,160,571,2.22578839292323,0.2661415600292833,0,2.4698326992094835,0.29608132843058643,0
5,160,572,6.202116244549749,0.009672945883270005,1,-2.099025803993063,0.40530590693272417,0
5,160,573,9.610338769281919,4.49764469453507e-5,1,-0.2868601885259127,0.8967479860236878,0
5,160,574,-1.9507783907330374,0.44207356904928885,0,-4.028837491160605,0.0872873988056643,0
5,160,575,9.96728755172017,1.8411812960571268e-5,1,-0.3986698074781401,0.8742109142776322,0
5,160,576,7.154152871387932,0.0019907689546338793,1,-4.634268589597746,0.03812106389355491,1
5,160,577,3.2456136278261085,0.22039425494939077,0,-4.345531951560356,0.08215737619827801,0
5,160,578,1.2056558171107143,0.6200452265870333,0,-10.372818071759689,1.1576827590754042e-4,1
5,160,579,7.318376505232249,0.008405107519774047,1,-1.4193701767479787,0.5866160183195119,0
5,160,580,2.1767610314955794,0.34196269708583416,0,1.4486106714726006,0.5595003468506827,0
5,160,581,9.194211951788013,7.576048571108895e-4,1,0.8135594948214914,0.7667507611637658,0
5,160,582,4.645457652079525,0.03452744275739721,1,1.9749582525671927,0.40523464026672074,0
5,160,583,9.40021134866475,6.060516583180329e-4,1,6.59494144942827,0.011655338252681327,1
5,160,584,1.7303549884894043,0.418473812907299,0,-2.461924261423585,0.35808174232023315,0
5,160,585,5.630936031606556,0.021824390274681176,1,2.3211834471483215,0.3741482315619563,0
5,160,586,5.254548592303017,0.04301306860288438,1,2.9805571056564393,0.22609137745674918,0
5,160,587,7.867382783737986,5.129585075069786e-4,1,2.1265265636395316,0.35458766197357605,0
5,160,588,8.961527788812603,1.980641773971648e-4,1,-4.8469971197517046,0.04066780497679078,1
5,160,589,10.219064839704961,3.575178246700837e-5,1,0.7449729521473681,0.7648184104667917,0
5,160,590,3.7447366079549127,0.15319764604951722,0,-1.8225454001485355,0.4649614911714749,0
5,160,591,7.19246305528829,0.004825188578159385,1,-5.787568649032185,0.012321285446823578,1
5,160,592,3.1585962574738553,0.1283623858705648,0,-0.4269247984159399,0.8563490610973771,0
5,160,593,7.666174130682682,6.987450436717683e-4,1,-5.438899929982519,0.01737682549450175,1
5,160,594,6.713164623062206,0.004737204061508483,1,0.6958889365122991,0.7842846702691643,0
5,160,595,4.339476425909035,0.08731998099308651,0,1.897353479047658,0.3907150921880441,0
5,160,596,3.446917149662087,0.18557139152290772,0,-0.2727619757208139,0.9168336982463945,0
5,160,597,12.662051048882644,1.74938153107028e-10,1,1.4235117336196272,0.5361841413238498,0
5,160,598,3.7054059365049703,0.11440227108907916,0,1.0516431563848734,0.6510786092177077,0
5,160,599,6.218206581944067,0.013166983489281352,1,6.8400779077838845,0.00784430261103133,1
5,160,600,-3.6035623276165873,0.11509293061918845,0,1.8868216704600143,0.43409449334202,0
5,160,601,-0.03250609579638773,0.9868252246322895,0,-5.162529508020248,0.04151041219981056,1
5,160,602,6.404176717274466,0.015008666599225843,1,2.326353689994976,0.39969342622240434,0
5,160,603,9.079684547381126,2.108367990802001e-5,1,0.9635682435496221,0.706330865918193,0
5,160,604,8.757274523862643,1.0893972313005605e-4,1,0.7544283096517821,0.7590621262828091,0
5,160,605,9.75640492084857,1.9095098047773913e-5,1,-3.3950171253343577,0.16849186418015424,0
5,160,606,1.8559309222143352,0.4754383574239609,0,-1.5307404129228288,0.4993730490345861,0
5,160,607,0.4463724125549736,0.8680297376595048,0,5.135842316173322,0.026892580492699422,1
5,160,608,3.160506614083944,0.16094781972887778,0,-0.8449848633153587,0.7201050955097495,0
5,160,609,-0.9067215901781178,0.7217158185149881,0,-2.340678441268563,0.3584626430115354,0
5,160,610,-1.4978158505303687,0.5254817920746594,0,-1.7180563135550688,0.5146029579788256,0
5,160,611,2.8831741693370274,0.17742407078238281,0,2.4553727434893173,0.3340176937128977,0
5,160,612,9.718579120257056,1.8883882883750445e-4,1,-1.3206265846048013,0.6209343407842908,0
5,160,613,5.685313528288815,0.017135790235227256,1,2.287611723000369,0.3460437971448037,0
5,160,614,6.849979833286529,0.005062930659423205,1,0.6547357628643095,0.8004198810638677,0
5,160,615,8.360573287501285,2.449675684038959e-4,1,-0.9321620543508452,0.6918633325583352,0
5,160,616,7.8934545964755385,0.0012662615203215394,1,1.067752287706635,0.641374834491263,0
5,160,617,8.083311531262613,4.5862506485102195e-4,1,-1.2661718840681404,0.6044896144212506,0
5,160,618,5.279546459867491,0.0498989733105685,1,3.3037834686572634,0.15289235293986744,0
5,160,619,8.57080487570602,3.4775575438076103e-4,1,0.045700415327436274,0.9850789744893824,0
5,160,620,10.382208453398961,9.490286861580765e-6,1,1.7578898391409834,0.5104276561438634,0
5,160,621,2.3776994377364784,0.3372848633239659,0,4.474810628430542,0.08335233242612547,0
5,160,622,2.7052576170138463,0.2539496887316561,0,-3.435885674195155,0.11795778900220366,0
5,160,623,8.717303268519867,1.5071450931224497e-4,1,0.48286518792862193,0.8502628029542909,0
5,160,624,2.133083660164892,0.4128517704234377,0,-2.9706221297043363,0.24682839987768954,0
5,160,625,5.995176087216434,0.024412457883193874,1,0.6331650161383486,0.8045518639421828,0
5,160,626,5.106114403321359,0.024254537613207006,1,-3.6958597963895157,0.15827184874967082,0
5,160,627,4.037443719800513,0.11136306556538467,0,8.528781366419526,0.00240678358188443,1
5,160,628,2.677611835486792,0.29323071154145025,0,1.037949264777291,0.6795759982111731,0
5,160,629,4.956606123973757,0.028704858861055272,1,-1.9425105071643167,0.4523048853802413,0
5,160,630,3.539008683172241,0.1071455504916832,0,-0.7303362900589493,0.7521734799554008,0
5,160,631,6.507421439411975,0.010390654554056489,1,3.072602868731064,0.1967803742876157,0
5,160,632,2.3792359203477726,0.31495304289067333,0,0.17739771341381233,0.9447187681113114,0
5,160,633,6.192612269460706,0.018792375305793366,1,-1.0316919820144965,0.6648349462730873,0
5,160,634,8.550366533258405,6.948422253560834e-5,1,-0.9318013947752207,0.7017569760362754,0
5,160,635,3.042916592445676,0.27222541488727103,0,3.502411283151423,0.15173537083181507,0
5,160,636,14.086348573193744,4.8394150971765826e-8,1,-3.045818982211886,0.1456404140136583,0
5,160,637,7.900169001633391,9.212806999248757e-4,1,-4.860207439198278,0.06403043455634758,0
5,160,638,5.384415459224744,0.030997521331037742,1,1.577252333772073,0.5036224213010378,0
5,160,639,3.294312478507622,0.21615838003294793,0,-1.9438939027062845,0.43449178213107753,0
5,160,640,3.238090573749731,0.17514558680535502,0,1.4719686790248083,0.5481370322207066,0
5,160,641,3.7570460886916077,0.10879905413755449,0,5.397118771970073,0.03747150041960937,1
5,160,642,10.232483863765793,2.3035764840691735e-5,1,0.5715056036667764,0.822486341999174,0
5,160,643,7.208355098222853,0.006910378282579591,1,1.9495534922366804,0.3973006198992304,0
5,160,644,9.94327378381396,7.118601304289159e-5,1,2.546041376940593,0.3031556280609368,0
5,160,645,4.600183205809359,0.04661252211844618,1,-0.8330566536288079,0.7133912330030461,0
5,160,646,7.752974323239145,9.309373101267645e-4,1,-0.2129981597728301,0.9268795112108279,0
5,160,647,3.3309986423274758,0.21128722609086312,0,0.2748698004743269,0.9114179781384998,0
5,160,648,7.848323622024058,5.918063118057286e-4,1,5.965466529162781,0.02259281972111804,1
5,160,649,5.2827058336119075,0.03327342324903377,1,0.8875108696715455,0.716827808616892,0
5,160,650,5.54938036279481,0.049434927040938964,1,-6.473684245862713,0.0119209479282328,1
5,160,651,6.26355705945048,0.004864488792597196,1,0.28274036288402826,0.9068841715515066,0
5,160,652,0.16348332946086816,0.9414707115929397,0,6.304239878321404,0.003094544367933971,1
5,160,653,10.16216127917012,3.446741888030926e-5,1,-1.575385170401256,0.5083612581878674,0
5,160,654,1.968327700981825,0.4412959028617802,0,-1.3287331451119908,0.5592967621291612,0
5,160,655,-0.5406154665229952,0.8074837418880847,0,2.325242474005895,0.38527893673147695,0
5,160,656,6.98159528538159,0.006751748969766683,1,-0.8389831334405523,0.7034759235743551,0
5,160,657,3.6992572018577636,0.1063491350245425,0,1.8211083586247647,0.49138094363748575,0
5,160,658,2.8506607929771577,0.1964585329322143,0,3.1647102986415483,0.1643906639435702,0
5,160,659,1.7621236648314906,0.44581036925458783,0,-4.817408115861415,0.041420998698740955,1
5,160,660,5.821331653985116,0.011609497244885544,1,0.5293622062680092,0.8306034028841605,0
5,160,661,13.142396502412488,2.544115343254643e-7,1,-4.938004200096961,0.0568062970630113,0
5,160,662,7.782054067548256,0.002569458854715857,1,-0.39056262931740754,0.8626526329911006,0
5,160,663,3.0286484900081807,0.19243111733789914,0,-1.0923742215210368,0.6539319209957328,0
5,160,664,3.492406528804725,0.15485626742896486,0,3.248945972901561,0.16780771583290122,0
5,160,665,2.851575358236813,0.22779772860857733,0,-0.3611348150422592,0.8931264167648925,0
5,160,666,1.237417655716529,0.611895659197538,0,-3.072690159822308,0.18961930785711026,0
5,160,667,9.036798665477676,8.178553861654662e-5,1,1.5264048604468707,0.5284945975823395,0
5,160,668,2.521357722413382,0.3031081133350057,0,1.915916711833017,0.4416266289301466,0
5,160,669,5.964757927827983,0.021889846430808706,1,0.3541190091226538,0.8628481926564842,0
5,160,670,13.128271791887597,1.7427867496835827e-7,1,0.4872516558510732,0.8453934547982503,0
5,160,671,11.94355274617393,5.819316116224253e-8,1,5.6398671882588385,0.025052088542069324,1
5,160,672,6.254401436445262,0.018306904505702017,1,-0.13493745798006324,0.9519867527366073,0
5,160,673,4.529574477804409,0.0663355813732849,0,-0.34939707994335933,0.890899207614962,0
5,160,674,11.353060511202393,6.78566569598109e-5,1,0.18459260668931046,0.9454512348149655,0
5,160,675,-0.5204644551900794,0.8189217480233676,0,2.1296890854529087,0.4031421093449248,0
5,160,676,9.315795120140983,2.7763241858652974e-4,1,-3.9216213731600558,0.09051771417936065,0
5,160,677,8.958400220606196,8.41657290662683e-5,1,-8.101234275958117,0.0013558138539563368,1
5,160,678,4.00617804832791,0.11434705566855959,0,-5.0152569988804006,0.039686982804420595,1
5,160,679,1.6599005023295523,0.48161217972544257,0,-0.5952274939541891,0.8117705818515704,0
5,160,680,8.674329825083847,1.861084829958615e-4,1,7.0245336369688625,0.0011066922028345368,1
5,160,681,11.659032398187968,3.970927781373802e-6,1,0.4046459535887993,0.8721356303505183,0
5,160,682,4.746401560208931,0.0692519734503223,0,-2.031257892649715,0.4119469877925206,0
5,160,683,7.187579343820279,0.005683759797252665,1,-0.5668703569747707,0.8192437800215105,0
5,160,684,4.961724083746443,0.023093845632868475,1,-1.0161936360558896,0.6567496628164102,0
5,160,685,10.23612739423651,4.4748617695949836e-5,1,-1.5309502029759745,0.5553413196765888,0
5,160,686,1.2819372080508482,0.5676865422137938,0,3.0815896100989546,0.19100264019605748,0
5,160,687,-1.2936143320100255,0.5719562954329298,0,0.0033325192686323585,0.999063177134455,0
5,160,688,5.88852341742351,0.015294122258156144,1,-2.791705911356227,0.24199537832065116,0
5,160,689,3.5927064892326483,0.09982856237096602,0,1.3355451187624383,0.5812536935495974,0
5,160,690,5.602402090213984,0.025186430190444732,1,4.71357527796462,0.041095610006441886,1
5,160,691,7.9797416493850655,6.330027841268599e-4,1,0.8924663437823421,0.6552374775588103,0
5,160,692,-2.6725159868943034,0.26417625514902476,0,-0.8471653677892296,0.6969811927050094,0
5,160,693,7.302876827524167,9.971972520294483e-4,1,-2.4026150577451704,0.26799587176805856,0
5,160,694,9.049912873552282,0.0014837223746738386,1,-7.18843731780672,0.005482269202932342,1
5,160,695,3.628097991387062,0.11313911272225144,0,3.465472874956352,0.22366525950837188,0
5,160,696,5.965971333250047,0.009149745426984034,1,-0.9598629840952002,0.6924593650270012,0
5,160,697,9.797960950127045,4.065387824926113e-5,1,1.0424314620042698,0.6736839509639831,0
5,160,698,5.504532158718504,0.021952007166509732,1,-1.9468522532603003,0.4377686017941873,0
5,160,699,9.238816749969269,1.9097825181192763e-4,1,-5.257014260580752,0.04456176251074625,1
5,160,700,4.235903771633914,0.08168823694210185,0,2.9693790109887335,0.17766297793480987,0
5,160,701,3.01791273427492,0.18975058698443334,0,1.408082563299562,0.538357580587943,0
5,160,702,5.376873852524146,0.013049753557168744,1,3.051234246919201,0.19160826271437145,0
5,160,703,4.331666031695601,0.046344432357502324,1,4.726495865005336,0.04217819353154968,1
5,160,704,2.7979064932085382,0.30165641227761636,0,-2.0871861578975137,0.4064613394940546,0
5,160,705,12.591556966402178,2.6503943087420464e-6,1,-3.426286053855709,0.18987049714857723,0
5,160,706,4.857476379987723,0.03667709138062371,1,3.5781162623591407,0.11027061890813367,0
5,160,707,9.795314346850889,2.3770081039939944e-5,1,-0.9341370519515422,0.696299904839226,0
5,160,708,7.08213232606308,0.001681430955346978,1,-2.323098187978923,0.30919285344322406,0
5,160,709,6.117922715870875,0.004447210268114228,1,3.929494957251051,0.10803579458851616,0
5,160,710,12.91749489003255,1.0187332053439728e-6,1,-2.450376708841089,0.3272392652213969,0
5,160,711,11.03731815627476,7.825322074467371e-7,1,-2.754903973099033,0.27100651424472605,0
5,160,712,5.257822176959546,0.023870647766532884,1,-4.5655919215436,0.07163680530723045,0
5,160,713,2.140026062031257,0.3453423014488777,0,5.411459245385464,0.023204135574596576,1
5,160,714,9.158568983342636,1.5233475908954454e-4,1,-1.4819883205673305,0.5626088824562767,0
5,160,715,3.556739440731611,0.14039148864452766,0,-2.4873288079097726,0.2618083215102983,0
5,160,716,4.941040854513564,0.04220069747405368,1,3.139151620775801,0.22869337712691132,0
5,160,717,1.8210448284775507,0.4748247636354982,0,-2.8561458478199224,0.2283114087841141,0
5,160,718,1.107097913563899,0.6790981287983568,0,-1.5824071963845818,0.4852992853217327,0
5,160,719,6.772287799784714,0.006528588158392048,1,1.1242627225894972,0.6702597615825501,0
5,160,720,7.202195141365002,0.0018699990969402792,1,-4.470840422195841,0.08427822387413723,0
5,160,721,11.600455249029707,4.349891452209947e-7,1,-3.2739935180368627,0.19177326252163446,0
5,160,722,3.6714712808096173,0.09394535469009342,0,-0.7872249222216801,0.7201963807423526,0
5,160,723,9.299498017695727,9.327818770383285e-5,1,3.8229218605281536,0.11387623116318359,0
5,160,724,11.690720587264837,1.5756661038097154e-5,1,2.2072501069478356,0.3845049066773749,0
5,160,725,4.354580354165798,0.06255386757869935,0,-1.7944767108622182,0.43343682209421197,0
5,160,726,2.7132842380775997,0.2883773884601676,0,-3.890826066549273,0.06249364951115357,0
5,160,727,3.360905167812977,0.13320718846433108,0,-3.4505320807607016,0.12015233699055786,0
5,160,728,10.515810905428296,2.5867206336727538e-5,1,0.4408976785357529,0.8460481393401417,0
5,160,729,5.480543883417562,0.00963441368153653,1,-2.0382974956191457,0.37163147446720723,0
5,160,730,8.645326745504033,3.6806716603670947e-4,1,-2.4817389006304382,0.2688046348161784,0
5,160,731,11.159530510232983,5.334894535424766e-8,1,-8.639050951529802,5.370561460482654e-5,1
5,160,732,6.105527157313803,0.012318810248230061,1,3.6958843747202947,0.07733555590164973,0
5,160,733,1.548281702975891,0.5135888660187361,0,-1.4659550837881723,0.5875299556780915,0
5,160,734,4.164359430609365,0.08315802159322445,0,-4.174758150956427,0.09877204130701726,0
5,160,735,6.775186763121845,0.005918150483040287,1,2.980789198657976,0.23741809544156733,0
5,160,736,7.631235409156953,0.0015913843268188597,1,1.947565722195957,0.38258905823066713,0
5,160,737,5.555100757735541,0.022982258712801417,1,1.393151055245798,0.5943972255894998,0
5,160,738,5.6401415567537025,0.03229281001859507,1,-2.1373782028407544,0.3561140575006546,0
5,160,739,4.398300279089182,0.06910046300273508,0,-0.591886397835831,0.807356511167157,0
5,160,740,3.316614131755803,0.2098308548661888,0,-1.741673427480895,0.482727614361135,0
5,160,741,2.3527683038416782,0.3151993784455288,0,1.5850145963598792,0.4667073069269345,0
5,160,742,9.368557062702234,1.8797948906315026e-4,1,-2.3838327018592667,0.3283097831774845,0
5,160,743,4.701950852473224,0.03441788990445382,1,-5.212038257934204,0.02711898643255843,1
5,160,744,0.9621994391052108,0.7025271244547758,0,-4.654461963861017,0.0474534683837942,1
5,160,745,7.741587503913441,0.003837569855674604,1,-2.9534153988794296,0.20976508872174682,0
5,160,746,-2.58209750309487,0.3117614926275246,0,4.049096851087133,0.11773581506156573,0
5,160,747,7.371932746082664,0.0027875618221482345,1,1.736315252670704,0.39697790634496866,0
5,160,748,12.800352200063054,1.4251227530870462e-7,1,2.224240922334397,0.3641998877491748,0
5,160,749,6.406699867039721,0.008498116383263317,1,-5.4312449800987475,0.01726108253219588,1
5,160,750,-0.5374929962523222,0.8023706215667386,0,-2.572118837558799,0.2676344368375138,0
5,160,751,8.623966219004576,3.3499831131098955e-4,1,3.9911292760120824,0.07122026644004303,0
5,160,752,6.716552349606424,0.0049177952183958665,1,6.1627029186485265,0.015071089961962991,1
5,160,753,3.525458520369444,0.15948934965204492,0,7.9019023678091,0.001459932686672675,1
5,160,754,1.9358152685274608,0.4313344871007866,0,1.7297611394822612,0.47077284650091944,0
5,160,755,5.256009863516793,0.05436175052027691,0,0.7848754393035022,0.7551071368840154,0
5,160,756,4.672123604385119,0.0467875161370295,1,-7.475562048309936,0.0011252438780268359,1
5,160,757,3.6387672619090203,0.16519429236925717,0,-2.484803874330151,0.3202528788683649,0
5,160,758,9.216934718732453,4.5182260753430737e-4,1,2.923109618978835,0.2604229126414333,0
5,160,759,11.05911669894891,2.3936301205823137e-5,1,-1.7104827966815248,0.4650398656299435,0
5,160,760,6.72102111331034,0.004154608279495049,1,1.8789645742927277,0.4080841217435216,0
5,160,761,9.139068321203732,6.583803605989921e-5,1,-3.118072173576084,0.2558496712269376,0
5,160,762,8.154668779204492,9.948495254419492e-4,1,-0.9186425767472528,0.696442462260048,0
5,160,763,7.693496994565309,0.0010977719914727873,1,3.726573824590131,0.18224308587814483,0
5,160,764,6.580028112147084,0.009392551718210922,1,-1.8569290421971678,0.47369704679309843,0
5,160,765,1.2095197105567843,0.6148072692904089,0,-2.40852216971612,0.3745745854005732,0
5,160,766,2.34753216757298,0.3994451908222735,0,4.762881291428627,0.06626624366673835,0
5,160,767,5.350361237720311,0.0188630735431237,1,-1.6956963362026256,0.5038108415077186,0
5,160,768,11.11612173729553,1.3292829318917298e-5,1,3.435441093710718,0.13271578602117223,0
5,160,769,5.668539689257795,0.019240383805609725,1,3.7303033701982247,0.11036514440224435,0
5,160,770,9.300878019577187,3.558609104189361e-5,1,0.6283011251446143,0.7955313103695327,0
5,160,771,5.155793964963755,0.02713908168683964,1,-3.1480110259572016,0.15917995938154256,0
5,160,772,5.75511055304614,0.017558324775808293,1,2.047376434790424,0.4500464176172304,0
5,160,773,0.7957551941971205,0.7384422913560419,0,-0.1584724058293188,0.9457633498329265,0
5,160,774,5.7704469623165515,0.017713267369463877,1,-3.179630093457498,0.18513057194827603,0
5,160,775,1.4715442004936454,0.5238709955433225,0,-2.1162100409878066,0.3919283789554584,0
5,160,776,5.883433281452761,0.027608094100087896,1,-0.21982893636104728,0.9207159900208011,0
5,160,777,1.405291140044241,0.5599509080798848,0,-1.1128611457637758,0.6573919839223221,0
5,160,778,-0.7782906518813413,0.7362970315008137,0,1.1829076632700628,0.6258018585696612,0
5,160,779,0.4161162287734785,0.8761184224065439,0,-6.792842646118357,0.005154760298071122,1
5,160,780,-1.0285981838449516,0.6705543012766961,0,0.9661083556153589,0.6836018248159139,0
5,160,781,6.3430127724815994,0.011879858503357007,1,-8.094526130710342,6.625999457818024e-4,1
5,160,782,4.399730417182608,0.09274080101744664,0,7.601928160916137,0.005491406563213108,1
5,160,783,2.6293910713921695,0.24367620717882438,0,4.376190949100695,0.05442217803563416,0
5,160,784,10.526558451134385,8.43652512797444e-5,1,1.3305245057362016,0.578035922547341,0
5,160,785,1.385966253392098,0.5420226776582122,0,2.4803633517050936,0.3152167267295151,0
5,160,786,6.869797212458572,0.008065039710360093,1,7.35972487884228,0.002783386051031666,1
5,160,787,-0.6992882765099713,0.7721169348673632,0,-8.667011299227648,3.510751059385635e-4,1
5,160,788,5.2414951242627446,0.036129688570163125,1,-6.254937510033767,0.009442467540855017,1
5,160,789,5.038542193589595,0.042963797672150375,1,3.564595626738307,0.08191609756159442,0
5,160,790,4.332691971639539,0.0872803823356289,0,-1.2935604283167426,0.574169338888295,0
5,160,791,0.19122627130602707,0.942034608132853,0,0.9702742388717044,0.705040622427368,0
5,160,792,7.255310188582217,0.003105313400841461,1,-1.8516594440059657,0.3942047086022863,0
5,160,793,3.143961375885115,0.17198531498568062,0,-0.19616565563540495,0.9366456109111119,0
5,160,794,8.135579243581999,0.0020931602812852184,1,-2.1173671555526252,0.4213020479685645,0
5,160,795,4.699692104144864,0.05551369246284282,0,2.0603646670614575,0.35975798822235927,0
5,160,796,4.015904104274116,0.07885709751504,0,-5.579420010818227,0.027736540412844186,1
5,160,797,8.416764747295838,0.002914602428712938,1,-5.7237724367832845,0.024062455436137054,1
5,160,798,4.684853166231219,0.07546119696393452,0,5.015404278111921,0.029029202390497184,1
5,160,799,1.971535567724243,0.3354409583207324,0,-2.7997517979987734,0.24436818983916742,0
5,160,800,6.228548956995014,0.008595526309594627,1,1.5913244159656996,0.5337808635821367,0
5,160,801,4.91605232715564,0.03029772904321796,1,5.835333465061075,0.017688684523589765,1
5,160,802,9.599863373073951,1.05211420928742e-4,1,-2.496790829825534,0.3381282119792509,0
5,160,803,2.027788202753805,0.40453808788506684,0,-5.207797502248878,0.032390187779751105,1
5,160,804,0.8091271060721602,0.7548176899030739,0,2.061225671248539,0.31145290455915,0
5,160,805,14.878768296547294,6.686450465685804e-10,1,-1.136774110293823,0.6423296695595138,0
5,160,806,5.530390241384424,0.012669178304017214,1,1.0459729252011714,0.6781816101419047,0
5,160,807,0.5478262251187832,0.8222468953236474,0,-4.326908182249698,0.07596442744346568,0
5,160,808,3.821809122082657,0.13300220932846693,0,4.636305842821377,0.07131071688549358,0
5,160,809,0.8925797463398537,0.744924571465789,0,-5.204996102182178,0.05318961015152406,0
5,160,810,5.0888182636237485,0.027071579128136344,1,-1.396239317711421,0.5961486597885884,0
5,160,811,5.182183056204986,0.030402313479027884,1,-3.60772999162056,0.14989993460129378,0
5,160,812,-2.091222202216011,0.4107751091715047,0,-0.4865355004236672,0.8520058737524785,0
5,160,813,1.741273130695788,0.472988138324392,0,2.367154861919547,0.32824807471027184,0
5,160,814,2.4569475853197598,0.3725527234971986,0,0.44501897657434436,0.8555386266296992,0
5,160,815,2.8614608676133693,0.29625981426850306,0,-0.4232601187652993,0.8565107420646675,0
5,160,816,10.231457538285463,1.6664251201519657e-5,1,0.773878988974503,0.7397135913172707,0
5,160,817,6.762095445008307,0.007258308702581464,1,3.9809073978107135,0.06910439192097505,0
5,160,818,4.42476094344008,0.07755867522380716,0,2.43533600412665,0.24143320249730413,0
5,160,819,8.364631879323158,0.0014597286740811715,1,5.825436510541524,0.04002684356909296,1
5,160,820,-0.1270908393173494,0.9579470410052963,0,-5.179555056500241,0.013232168507300725,1
5,160,821,7.501805841134936,0.005150361176893489,1,1.260973110826121,0.5440096098180068,0
5,160,822,-2.805472126454547,0.21841182957278032,0,4.138889371908929,0.05496953100326046,0
5,160,823,6.878518080585365,0.00684422627090689,1,3.6118395115153246,0.10828158797223489,0
5,160,824,7.697713864066838,0.003593519816705529,1,-1.4416780428963802,0.5278259474273108,0
5,160,825,3.384609309477261,0.1727346307545819,0,-1.3151161228462749,0.6078142670332156,0
5,160,826,3.8447295793484706,0.11477876153182406,0,-0.5834236739512281,0.8125618315041601,0
5,160,827,-0.26609087860171965,0.9188167091208151,0,1.7365332312988713,0.47586158493296105,0
5,160,828,-0.5535562920776762,0.8178416332573748,0,-1.4834717932796817,0.6214122015885264,0
5,160,829,2.0116005934369277,0.35613643631244263,0,6.055337910677349,0.008596413488582824,1
5,160,830,6.615429901082584,0.008363334056228631,1,4.53191740145752,0.053422586180309505,0
5,160,831,6.487968542913861,0.0020529808480564053,1,3.0432774840070445,0.19089552835758306,0
5,160,832,4.092393389899885,0.0865224542135965,0,8.056935502745835,9.154558348517983e-4,1
5,160,833,-2.3130730902676486,0.3262749279389189,0,4.6460978012549194,0.04756579568179138,1
5,160,834,0.8352615232164724,0.738883204984722,0,2.509621503309176,0.20855160400320463,0
5,160,835,1.3262744450429929,0.5492678958267319,0,-0.43013572311281045,0.8565824316012673,0
5,160,836,3.634629073619733,0.1457997441649889,0,3.9517745376650275,0.07478231592124016,0
5,160,837,6.119439109954938,0.007199250577786468,1,3.1998473234217975,0.1594663754925998,0
5,160,838,-2.364256931953375,0.3763961811564318,0,0.34255946821790506,0.8734450262162431,0
5,160,839,17.048027845811358,4.717161777160205e-10,1,-1.0958084031897524,0.6545799503625117,0
5,160,840,8.997613593428184,1.543655946958487e-4,1,2.4860136574655116,0.29795416000108355,0
5,160,841,9.616847876676317,4.0741171963124776e-4,1,4.156014253065339,0.08565278387356863,0
5,160,842,3.0983807856311936,0.18403214747036195,0,-2.6875847966118434,0.29597825482039997,0
5,160,843,4.951078245994033,0.044339529241758616,1,-1.8609902088823933,0.4286183280905377,0
5,160,844,1.3685105386979421,0.5984832516563464,0,0.22525666654846432,0.9058778648784619,0
5,160,845,1.666992755137224,0.4654172120550075,0,2.196641829589138,0.3302036478692352,0
5,160,846,6.451159521857713,0.009660817405440622,1,-3.25832059107935,0.21442591652558454,0
5,160,847,1.295582388555503,0.5869705724334537,0,0.7283836120174371,0.7621507698780051,0
5,160,848,2.0254479694114877,0.4125434915010662,0,-5.545701695056813,0.030942499257545955,1
5,160,849,2.044306520407939,0.3829975836713929,0,-1.6234640389112338,0.463407901757662,0
5,160,850,3.0057672104512467,0.25241794201523976,0,-2.1369155329137506,0.45483346372480593,0
5,160,851,10.159017483572772,4.462383704883726e-5,1,0.8305005770374355,0.7414809744439947,0
5,160,852,0.034216485243615556,0.9889893771588573,0,-1.871565007423688,0.429978513352237,0
5,160,853,6.470703874646836,0.004848607743608977,1,5.54770563415387,0.029837934058031163,1
5,160,854,2.11242768500311,0.42344701850719935,0,-1.467710948693521,0.5112286253767457,0
5,160,855,0.6686680876951359,0.7823912034328859,0,-3.71684776603043,0.10875032880933803,0
5,160,856,5.854208381913135,0.009098187514568208,1,3.330277857199047,0.1486274494702284,0
5,160,857,2.7899865381960836,0.26060912154744637,0,-5.44985786890547,0.011872858158418972,1
5,160,858,12.7435116517758,7.712720984352587e-7,1,-1.1009697392890467,0.660808874314452,0
5,160,859,6.144759139896144,0.009771415812602765,1,0.18675093618661542,0.9323174835801838,0
5,160,860,6.7029911755379885,0.006173787457044374,1,1.6578527069140034,0.4368615078324677,0
5,160,861,5.955197790619381,0.011149439265508345,1,-2.1760611270366033,0.34213230786331283,0
5,160,862,7.61393434134976,0.0023195521435350006,1,-3.380001636838471,0.1594808422338828,0
5,160,863,5.414596741177988,0.043523445816890716,1,3.1089279275996144,0.19744326134694176,0
5,160,864,7.759289490601452,7.56635841219741e-4,1,-3.114330477526759,0.17504523900337762,0
5,160,865,1.5085432223630335,0.5251823869707755,0,0.26675808655545025,0.9078751146794628,0
5,160,866,3.0637427750107245,0.19980233763079563,0,0.6203575495390656,0.7905751607347788,0
5,160,867,2.1222494817529305,0.3684140631126973,0,2.3309725137156763,0.37782978662761413,0
5,160,868,4.5113613385044005,0.07090135722861296,0,1.4891818108123742,0.5046219741291168,0
5,160,869,5.905003908838819,0.02961018023091151,1,2.896081634400941,0.22779462636861422,0
5,160,870,5.344967204084371,0.020975747431214765,1,2.23389212216048,0.2903553577316117,0
5,160,871,-0.5118761249384166,0.8202224578351152,0,5.597571313262799,0.021626877248101334,1
5,160,872,6.63838297231197,0.011939621459663775,1,3.189647433424503,0.22153284309150842,0
5,160,873,3.5341935739410504,0.12671056011199133,0,0.49858744562688145,0.8314253232280606,0
5,160,874,0.16198407771295284,0.9466454663545216,0,-1.9083026469855586,0.4231844974227357,0
5,160,875,8.901193641990416,9.591616404715494e-5,1,0.40272166967804945,0.8613785248833885,0
5,160,876,3.6315688095099836,0.1269265455236702,0,2.633388816827968,0.2612727437723121,0
5,160,877,5.984123903273616,0.014795843521600072,1,1.2350790025316418,0.6043563567152201,0
5,160,878,5.923048160488072,0.014712679911510304,1,8.772295868533984,6.755111513696123e-4,1
5,160,879,6.042406927630542,0.010112075925286495,1,5.319273448801803,0.06024731616785022,0
5,160,880,1.6350630077780277,0.5458805003459293,0,-4.037545616669957,0.07890237509647403,0
5,160,881,2.611971165878555,0.25163088568291475,0,3.1012776072141777,0.212021288214097,0
5,160,882,4.9074300461473195,0.056050406785101814,0,1.6341397034709055,0.49865996265654167,0
5,160,883,1.6530159066205279,0.4825474347498473,0,2.6631550898745706,0.25790614919359184,0
5,160,884,11.191911722523727,1.3561793613157693e-5,1,-4.891673170937038,0.06738597936282782,0
5,160,885,1.5148610839104157,0.5495631401906106,0,0.3210980232057029,0.8792288419500096,0
5,160,886,1.107811497522426,0.6465897487772294,0,1.1277446339778279,0.6603518503978586,0
5,160,887,4.187596772153836,0.06543914956507224,0,-1.9249564018587477,0.43861260478311215,0
5,160,888,5.427288340054088,0.04413548404556621,1,-5.956842943803985,0.009962312576486701,1
5,160,889,2.345335113384965,0.3328869768974748,0,1.3633852823725519,0.5596896675803449,0
5,160,890,7.963146085504417,0.001004339716316739,1,-2.1636823709031217,0.3299392437114739,0
5,160,891,2.7802315162051996,0.2602458333650294,0,-2.8276475820423217,0.20344046556159812,0
5,160,892,6.67758851981466,0.013518149649789145,1,-1.0753630707617448,0.6839387464413293,0
5,160,893,4.262914788551288,0.038163971787072655,1,-2.4080826861568623,0.34278569827523975,0
5,160,894,-1.670485754758019,0.5273696518266,0,-0.605944547604552,0.8017972424138587,0
5,160,895,6.235998689366621,0.00861622549748089,1,-3.250313973563048,0.22329379213018635,0
5,160,896,2.0920248768617804,0.332724105590389,0,-7.527844091370937,0.00417581852395674,1
5,160,897,5.357982813576018,0.019081314548325394,1,2.441601475146481,0.2451013704894004,0
5,160,898,1.6044796032284177,0.5390180479323872,0,2.6889770174568914,0.25365009698149754,0
5,160,899,5.067438737700454,0.041337318746383606,1,1.0917534405375884,0.6289501446700247,0
5,160,900,4.224636802970445,0.11304825233849979,0,2.304044618546756,0.3267361741153244,0
5,160,901,6.646995686145237,0.007323691842590315,1,-0.40069592880012167,0.873860280142252,0
5,160,902,2.322034420403232,0.3221122258284868,0,-4.8770711314667725,0.048993873774520635,1
5,160,903,3.311258452264694,0.13002627433840466,0,1.3741701907247315,0.6056286411597446,0
5,160,904,6.89294499551747,0.0035833754303016808,1,-4.9622536506687345,0.03723970396841129,1
5,160,905,-3.501684256219024,0.158707094299599,0,2.677302390756795,0.2801204176289319,0
5,160,906,8.421970161397475,0.0023175806374756682,1,-2.280840133856215,0.36600665699203516,0
5,160,907,5.210390661475692,0.030950113850178686,1,-0.06472639344382519,0.9812746856691082,0
5,160,908,3.182868999637606,0.15833771519715129,0,-1.7767445108294035,0.4967838710082293,0
5,160,909,2.7699582988388736,0.23377609809493083,0,4.2144886122212,0.1155210451489462,0
5,160,910,-0.670013456281649,0.7880758908290434,0,6.23263585299416,0.02041107868664431,1
5,160,911,12.774845780378,6.202642050708042e-9,1,3.2272286946043196,0.14167817261420226,0
5,160,912,6.146206500892873,0.004220134610947671,1,0.019953182612229097,0.9924216473748309,0
5,160,913,7.628697834146296,0.0026285477296471996,1,2.9306996182288105,0.1903435956771418,0
5,160,914,7.917535794173554,4.8439825138264255e-4,1,-0.8728899936817707,0.718351102771618,0
5,160,915,-0.04918948135486128,0.9819119872434691,0,-3.8831908375386988,0.14251191653990056,0
5,160,916,-1.2946657354871236,0.6280812344764974,0,3.192658810037023,0.1660980199811299,0
5,160,917,-2.1331935551911756,0.39318455127953134,0,1.406391371300034,0.586851582084065,0
5,160,918,-2.0283939841133436,0.31729113380807106,0,1.726812156727108,0.4814443352224237,0
5,160,919,6.498874452711494,0.003781059128254114,1,3.3384455338671364,0.13853086743734916,0
5,160,920,9.402545138406516,9.028511501671514e-4,1,0.5819385453258171,0.7987408857423293,0
5,160,921,6.391608352579816,0.010837565496127355,1,0.7835063051663956,0.7586450228751405,0
5,160,922,3.5118876046078937,0.1360447985966294,0,4.646608709890296,0.048262152721962645,1
5,160,923,2.941551976856891,0.21050829917627598,0,1.6662960915508032,0.4519213650368028,0
5,160,924,4.516591052978421,0.07157240832181885,0,-0.42072704687352136,0.8524007364624033,0
5,160,925,3.421512202020937,0.1230954446675857,0,2.029427004626941,0.35692454833659515,0
5,160,926,5.364881322053421,0.022887040739579752,1,3.995277447961945,0.04029963563235405,1
5,160,927,3.720062420814622,0.12294526707579498,0,1.4694712273622144,0.5327792147435153,0
5,160,928,-0.9425635877649463,0.7003307656992112,0,-0.4557518206219016,0.8536199374431008,0
5,160,929,3.490882543569059,0.11877623302073911,0,-3.354762172037598,0.17226144094728935,0
5,160,930,1.4108609268302308,0.5754708616617917,0,-3.063919358972917,0.23522504024926885,0
5,160,931,-1.1766009054674618,0.6522548197785982,0,-5.588013908395964,0.023928742114137275,1
5,160,932,9.539957910162853,6.432783443796519e-5,1,1.2158314129934713,0.5988512227517914,0
5,160,933,7.336998305812065,0.00561358980212743,1,-2.785263927652357,0.28729198074227347,0
5,160,934,8.96835296310345,3.641876797318042e-4,1,0.5870240659975443,0.7985579204618409,0
5,160,935,0.9069184925977777,0.7055732345274022,0,-3.178337824988361,0.25022066007991367,0
5,160,936,4.7323038516402844,0.05889517009692449,0,-0.3156269711042253,0.8945377063223373,0
5,160,937,6.814754740260796,0.003891552954053414,1,5.793813660908155,0.021421938841358498,1
5,160,938,4.289253851159662,0.0776167600602604,0,0.4305928781796251,0.8709963355191481,0
5,160,939,7.86557970929182,0.0012793017648716801,1,-4.179978398399368,0.08155117169808616,0
5,160,940,3.3865772331701085,0.10766395860584774,0,-0.7723838014121817,0.768250797292386,0
5,160,941,4.3372949493875455,0.10685863963419077,0,-0.9740995941993468,0.7003451820899582,0
5,160,942,3.2778479176017954,0.13641898629255478,0,2.779295889294011,0.22117300822585267,0
5,160,943,10.427505394892036,2.152909978080826e-5,1,2.5452989889322897,0.2960087234032884,0
5,160,944,1.9413800314909477,0.41564170292420144,0,2.2867987713590363,0.3782690708422797,0
5,160,945,2.8394745846221676,0.22213091021624937,0,-3.2269196936639353,0.21026633171932504,0
5,160,946,7.083070607297254,0.0036428184203096997,1,0.4276332018863288,0.8548034108679112,0
5,160,947,8.506460450443678,2.0064565174945773e-4,1,-3.0710233116566767,0.21980582041775756,0
5,160,948,4.149822685625462,0.06636854233061555,0,0.5105981184377285,0.8433012947818228,0
5,160,949,5.798890005107065,0.009962663024114133,1,1.047534088780143,0.6844081809795052,0
5,160,950,5.025823866720044,0.04420516568667017,1,1.1355095064116667,0.6032973430960413,0
5,160,951,5.842082957837574,0.016297557317632636,1,-0.03538358456588203,0.9884784670783326,0
5,160,952,0.08901749102649183,0.972167976774595,0,0.11970562686463271,0.9570615462508385,0
5,160,953,-1.6090726087316656,0.5785582242499455,0,3.704362306225789,0.15101117963188562,0
5,160,954,5.587319362400378,0.00841961222916134,1,0.580311054808937,0.8014041393250982,0
5,160,955,4.033298050826455,0.10586406294381567,0,-1.296741197012999,0.6084076097503255,0
5,160,956,5.202509885084645,0.032171311873971195,1,2.320545906263493,0.30621260408992934,0
5,160,957,6.788514906509417,0.009875746440662745,1,0.9466000291151108,0.6855072651757431,0
5,160,958,6.739222028694534,0.007366002923007642,1,-1.4149667494160678,0.5240115190051734,0
5,160,959,4.628771640241727,0.07374189352691432,0,1.477633979225304,0.537141928231222,0
5,160,960,5.664997903810928,0.01784115154276889,1,-8.317189645972938,0.002369020116413755,1
5,160,961,3.4774801474525914,0.14430141031047744,0,0.03120187474074791,0.9886982129860262,0
5,160,962,12.734065678087289,9.308560998106585e-8,1,0.4659696847524796,0.8511381087120216,0
5,160,963,-0.2903427785983196,0.8947622024886263,0,-0.2713683657174739,0.9184044353938764,0
5,160,964,-0.21726432253205955,0.917553671183494,0,-1.3362908147235149,0.5781168043183769,0
5,160,965,8.860196447270521,1.5733880215159155e-4,1,1.259019368570159,0.5862380090842065,0
5,160,966,-0.2847820516153974,0.9054692683138118,0,-2.100470600587111,0.3610736875965803,0
5,160,967,7.422594650888131,0.0025929491611230648,1,-1.3381545766369358,0.6172425050307839,0
5,160,968,4.77953971792383,0.050945475579848236,0,-1.1253348297608214,0.6418626038919922,0
5,160,969,6.490422240252891,0.010522892608175901,1,1.3381452206263795,0.5637116710987085,0
5,160,970,7.956818347321887,2.9019472564187094e-4,1,0.2631422932106797,0.9117452033401939,0
5,160,971,8.986429024050958,5.084356888275722e-4,1,-1.9420698688645868,0.4016214885428979,0
5,160,972,10.93079251803425,1.402346874946837e-4,1,-2.389024626896002,0.26987103188025713,0
5,160,973,5.759880487738963,0.023402441646158793,1,1.8190396985951023,0.5029812316971142,0
5,160,974,3.594547921591998,0.11287453545044877,0,4.9375065877930675,0.06077648939338484,0
5,160,975,3.857638334720315,0.09518267238262507,0,2.456185679417718,0.29767913080317987,0
5,160,976,5.9629615915016725,0.021704163362539556,1,0.5269943077023759,0.8310735795423716,0
5,160,977,3.419026364023482,0.19338551340100332,0,0.8702624649546561,0.7099317503094511,0
5,160,978,4.6039294622408855,0.05357563622750491,0,0.407325468100801,0.8651504893574306,0
5,160,979,8.066044626485168,7.936942877716568e-4,1,-0.6992299704687674,0.748082014569968,0
5,160,980,9.000507355904668,3.493401640376584e-4,1,-3.174001203730461,0.21397266106374963,0
5,160,981,2.9400161578001143,0.16328077501666838,0,-3.0582812882482893,0.20411239158293987,0
5,160,982,10.23980843415562,1.7745485342721715e-5,1,-2.2880127323253983,0.32742911935156926,0
5,160,983,7.451030984073221,0.001111427183286207,1,3.8633148905879486,0.10765422539137369,0
5,160,984,2.780120532966224,0.2778677925349489,0,-0.41772575729294176,0.8729088585144958,0
5,160,985,14.146038492229,1.3172877997248043e-7,1,5.557538280883097,0.01710548749103028,1
5,160,986,1.4975593429007303,0.5639408014356768,0,-2.575656186234014,0.3064537241673009,0
5,160,987,7.613016049410895,0.0014021648852775336,1,2.938695740042002,0.19106532409912338,0
5,160,988,1.114607158918043,0.6547229599347806,0,1.7201799976147814,0.4940217253649245,0
5,160,989,1.4614037579608767,0.48801631747372276,0,3.117852558620175,0.22252150719782052,0
5,160,990,0.8847535540605009,0.714574437855815,0,0.6831026110801145,0.7941081935966616,0
5,160,991,2.550144453586189,0.2952049368115193,0,2.9625164592114652,0.23407304877582683,0
5,160,992,8.65922593693982,0.0012166292765514856,1,1.6320641302548609,0.5279732084092247,0
5,160,993,6.078914210013172,0.012276560496272864,1,2.3285668925860086,0.3209853286804684,0
5,160,994,5.038028597167677,0.04077555218350607,1,2.8297649594046046,0.2832422754937186,0
5,160,995,2.6280963744901853,0.25405378830661945,0,2.4258386794327516,0.2874575641623071,0
5,160,996,7.106848502123104,0.0037619728471576385,1,-3.4493904490206146,0.16546047026862407,0
5,160,997,5.705491109631501,0.017616310238034356,1,-1.1765105385748216,0.6048849794113857,0
5,160,998,8.48413933678874,0.001274142623858809,1,-1.6191240549391148,0.5152195594630599,0
5,160,999,10.765365466634016,1.3062172214606365e-5,1,0.043054711410761,0.9850091553701281,0
5,160,1000,1.3896224044405998,0.5360615904980501,0,0.35816611502064083,0.8885765103793226,0
