model,median,lower,upper
male,0.9425380282250312,0.9342010426618031,0.9501874951448852
female,0.9317276912337455,0.9217529881123224,0.941012999139894
white/non-hispanic,0.945203279535528,0.9345547139297796,0.9543361006311636
other,0.9204762619961891,0.9057317945622776,0.9333100647508156
above poverty,0.931400227942258,0.920436141436951,0.9409855289169096
below poverty,0.9390994120500912,0.9296132870561964,0.9475348855665374
